ticker,entry_date,exit_date,why,r,mfe,mae,held,adv,stop_pct,equity_pnl,ret
LAXMIMACH,2016-06-03,2016-06-15,stop,-1.0,0.5912854875296013,-1.0150404863148745,8,18340697.746252444,0.04649585799557599,-5137.961835058699,-0.051379618350586985
FCONSUMER,2016-06-20,2016-06-24,stop,-1.0830391055892354,0.20306926744920611,-1.6245580128423953,4,50789484.275,0.0639534475501792,-7351.933719999804,-0.07409092442250868
MANPASAND,2016-06-28,2016-07-14,target,2.0,2.276494263267196,-0.10963907690693048,11,33961028.00528259,0.09192752337231583,17586.06735619887,0.1783954091277702
FCONSUMER,2016-06-28,2016-07-18,stop,-1.0,1.1031507904722355,-1.0279352248084017,13,60902668.82395191,0.08559177721647529,-8909.366260710096,-0.09037779777343394
RUPA,2016-06-03,2016-08-12,stop,-1.0050698405107554,0.37306248601248204,-1.0050698405107554,49,2261178.476266479,0.0751961203564277,-8038.840931192808,-0.08038840931192807
RELCAPITAL,2016-07-25,2016-08-16,target,2.0,2.3053888414047568,0.0,15,1207410194.0468109,0.0569255237132207,10774.728285078154,0.10856641980787538
SUVEN,2016-08-10,2016-08-31,stop,-1.0,0.4696931292723927,-1.0151363369221162,14,38237853.83114466,0.06439107974898182,-6891.753964974489,-0.06923010204960917
THYROCARE,2016-08-31,2016-09-02,target,2.0,2.0298388878128764,0.0,2,35992206.33776551,0.057340759943826126,10944.415177695504,0.10939481608793332
EROSMEDIA,2016-09-06,2016-09-12,stop,-1.0,0.8603563990375718,-1.1829900486766611,4,56505382.378833,0.0411436819998008,-4633.022142290067,-0.046040822794801255
EROSMEDIA,2016-09-12,2016-09-16,stop,-1.0,0.0,-2.1037657862566537,3,63796710.92010497,0.03521823743239477,-4044.1402585666765,-0.04013019183881361
DCAL,2016-08-02,2016-09-20,target,2.0,2.6628652220930387,-0.8209999867848261,32,287273070.02633053,0.09650255741544984,18749.501461159216,0.18752260204382254
RUPA,2016-09-21,2016-09-29,stop,-1.0,0.0,-2.1498506073763752,6,1637608.2245391847,0.0593624011389851,-6505.183964172297,-0.06421399513613764
SUVEN,2016-10-03,2016-11-04,stop,-1.0,0.6137737953470552,-1.625525643986274,21,66619129.216405265,0.08831880158103728,-9370.709912882667,-0.09309800457708461
MANPASAND,2016-10-17,2016-11-09,stop,-1.0,0.49743561515970414,-3.302983231986339,16,48162021.887866214,0.06903517490573324,-7411.193760183277,-0.0738625869684689
GVKPIL,2016-10-18,2016-11-09,stop,-1.0,0.2995679496422553,-1.5477664700846392,15,43174887.25173595,0.14104829508242167,-14566.966127099973,-0.14569567434471561
HCC,2016-11-08,2016-11-09,stop,-1.4133285554768276,0.0,-1.6412847897353713,1,299209778.2594032,0.12118255743537232,-17336.473871712267,-0.1758425919269995
DCAL,2016-11-08,2016-11-09,stop,-1.4494563615052374,0.13176829305056242,-1.558385385508623,1,514072578.015715,0.11796457097397439,-17308.320722603894,-0.17555703658588703
THYROCARE,2016-11-08,2016-11-09,stop,-1.9237367908789846,1.387110748128302e-06,-2.1477947988200947,1,35210252.49670029,0.06958240316197084,-13657.160405255923,-0.13852358338805623
HCC,2016-11-11,2016-11-21,stop,-1.0,0.0,-1.3646122562422927,5,314152084.6429825,0.10829167668069191,-10475.817639094157,-0.11302094748899015
DCAL,2016-11-21,2016-12-23,stop,-1.0,0.323300347324744,-1.1225731801281165,24,393341284.571347,0.116476273226238,-11120.150638688827,-0.12118508254317237
HCC,2016-12-02,2016-12-26,stop,-1.0,0.5906155739507356,-1.1930421736079988,16,312605694.2401285,0.10324086737312942,-9905.05050419266,-0.10798276520469641
DCAL,2017-01-10,2017-01-20,stop,-1.0,0.3228226244428775,-1.1654425260989019,8,179300721.7251892,0.07272712449714551,-7016.387128953086,-0.07754530668590254
DCAL,2017-01-24,2017-02-14,stop,-1.0,0.4776699418192158,-1.3704616906441658,14,220654337.55551606,0.07560328159322437,-7224.301031296591,-0.08041427338924124
RELCAPITAL,2017-01-18,2017-02-17,target,2.0,2.1806634670427876,-0.8878551133209306,21,828775283.0736572,0.056333573844655774,9673.047940497998,0.10738547982008838
MANPASAND,2017-01-27,2017-02-28,target,2.0,2.001116842517779,-0.45823890119861105,21,65992381.02133179,0.07435679129837619,12878.173119950812,0.14334179864026067
DCAL,2017-03-07,2017-03-28,target,2.0,2.441348551387064,-0.6075749005215502,14,255277851.64673615,0.07720575954631091,13617.16390685231,0.14902549029489043
SADBHIN,2017-03-24,2017-03-31,stop,-1.0,0.42665509510751837,-1.2970236246914304,5,3007819.954221344,0.057222295243386706,-5681.323475168707,-0.06207923950527811
QUESS,2017-02-15,2017-04-11,target,2.0,2.889810260173929,-0.6784588555344613,36,88937942.35138856,0.06261336637198825,10820.3617743059,0.11991366591211658
GET&D,2017-03-28,2017-04-12,target,2.0,2.116531322836385,-0.43568062552904807,10,29584214.31,0.06086596873709781,10572.02833214941,0.11642760763051019
LAXMIMACH,2017-03-23,2017-04-17,target,2.0,3.073477782882021,-0.05387744384958001,15,21290699.931713868,0.05506470835559715,9505.165824349528,0.10485409316941642
IFCI,2017-03-24,2017-04-18,stop,-1.0,0.2444426016243074,-1.0864143256692045,15,253646449.64999998,0.06095755765101995,-6022.309948039344,-0.06580516375689234
HINDZINC,2017-04-11,2017-04-18,stop,-1.0,0.016852286029460838,-1.0988050608613624,4,652800675.8603165,0.05170550762078132,-5439.434360030911,-0.05657624385172918
VINATIORGA,2017-04-17,2017-04-19,target,2.0,2.5452995250354826,0.0,2,16996150.31072998,0.048384645798632865,8756.900912859683,0.09152736836827281
VINATIORGA,2017-04-19,2017-04-20,target,2.5187159255684417,2.6963355689941344,0.0,1,15953565.616012571,0.04638426722217927,10649.030213549839,0.11153672056695445
HCC,2016-12-28,2017-04-24,target,2.0,2.0071258518599526,-0.1283627575231552,78,435758735.57038665,0.11395566218278433,19908.254491718028,0.22234154605465473
INDIACEM,2017-04-20,2017-04-24,target,2.0,2.219497455302007,0.0,2,655661300.4090576,0.07282694446826578,13713.65043694566,0.14028975421419043
BANKBARODA,2017-04-12,2017-05-02,target,2.0,2.0138241913193604,-0.3058219501060613,12,1635044734.111473,0.04975670781015664,9146.22380409056,0.09426463208126269
DBCORP,2017-04-24,2017-05-05,stop,-1.0,0.7816441180136676,-1.4055950449933348,8,35266441.23466797,0.05684524736202774,-6121.377277819423,-0.06170313424362249
JSWSTEEL,2017-03-24,2017-05-17,target,2.0,2.013510435769412,-0.8214756475044858,35,625021430.9489564,0.05992160222298789,10482.718998197406,0.11454359643486088
IFCI,2017-05-02,2017-05-19,stop,-1.0,0.5073321426978972,-1.258183094588853,13,357389961.30147934,0.07675605100206241,-8278.720274597956,-0.08156416087455713
MMTC,2017-04-24,2017-05-22,stop,-1.0,0.0,-1.0978582912961092,19,84482531.35935879,0.10294463832128771,-10683.32195662761,-0.10768727672548445
GPPL,2017-05-17,2017-05-22,stop,-1.0,0.0,-1.1874443589568748,3,48302028.039495856,0.05131811770907298,-5664.461703495856,-0.05618982241480017
WELSPUNLIV,2017-04-11,2017-05-23,stop,-1.0,1.5666329931882397,-1.1700189324540795,28,98957143.06109925,0.08610117414972931,-8738.084557045295,-0.09088592121435476
HFCL,2017-04-18,2017-05-23,stop,-1.0,0.9564844388184703,-1.4501513958587926,24,51219484.40018864,0.10522861324944653,-10582.551195447944,-0.10996554171632279
SYMPHONY,2017-05-05,2017-05-23,stop,-1.0,1.1947158550725916,-1.4187228124603486,12,33017838.580834962,0.046501089124483086,-5180.076216569072,-0.051384836401671664
RNAVAL,2017-03-17,2017-05-24,stop,-1.0,1.639902172050682,-1.746389326079947,45,148897320.0,0.07453019107193724,-7339.450188590042,-0.07934386559425739
MPHASIS,2017-05-23,2017-06-05,target,2.0,2.3378615019400892,-0.6366874008957539,9,51327381.99149475,0.05122930783321025,9331.763467686531,0.09720246912725454
LUXIND,2017-06-05,2017-06-14,target,2.0,4.234903488349133,-0.21851240549473214,7,10012067.481637573,0.07185225706940346,13094.548701967147,0.13834525285345994
TCS,2017-05-19,2017-06-15,stop,-1.0,1.7500581277560592,-1.0567387523270153,19,2533192546.5883975,0.03892083695878365,-4298.757397237174,-0.043823534866386675
BASF,2017-05-26,2017-06-15,target,2.0,2.186793235891935,-0.5890388369455893,14,28951863.120117184,0.06987817217778756,12654.873741597505,0.1344069534946863
HSIL,2017-05-23,2017-06-20,target,2.0,2.049323405495895,-0.8130360869066315,20,31166833.32,0.0720017763857952,13310.245814911854,0.1386435438896616
OBEROIRLTY,2017-06-05,2017-06-21,stop,-1.0,0.0,-1.0535736770846638,12,88718958.18945922,0.07756920611217655,-7796.922077934954,-0.08237528309689598
IFBIND,2017-06-14,2017-06-22,target,2.0,4.212174825903812,0.0,6,12774276.180197144,0.04193878614424658,7704.774261023159,0.07866787835777202
HEG,2017-06-22,2017-07-03,target,2.0,2.0251111261375634,-0.7961990133696016,6,41116829.28506851,0.09717429838576284,18591.28797747587,0.1888627252795969
RELIANCE,2017-06-20,2017-07-12,target,2.0,2.1800543907046324,-0.7141564812890727,15,5210622915.642315,0.03776415607998956,6906.241785005643,0.07033949137957937
CHOLAFIN,2017-03-28,2017-07-13,target,2.0,2.140468283272657,-0.9974975446151719,73,517254781.7414093,0.07097394326681511,12403.117036889067,0.13659301681729624
JSWENERGY,2017-04-19,2017-07-31,target,2.0,2.422324202418175,-0.9705800522924696,71,412615734.9917339,0.07238723772114557,13310.489452386253,0.13941253925368552
PRSMJOHNSN,2017-06-15,2017-08-10,stop,-1.0,1.5800113785590937,-1.0710658375134674,39,29004548.288978197,0.05508142604175072,-5916.453250736042,-0.05994372247664629
CERA,2017-05-24,2017-08-11,stop,-1.0,1.3220707226433364,-1.17107759413107,56,20109824.335742187,0.07035343967907659,-7079.985120717126,-0.07517755607987879
CONCOR,2017-06-21,2017-08-11,stop,-1.0,0.20024428830654326,-1.3003436503551058,36,298046579.52785647,0.06658497264002769,-7017.460711100523,-0.07141851020842757
UBL,2017-07-31,2017-08-11,stop,-1.0,1.3093008561978294,-1.0801743797562553,9,176670366.46128538,0.041233938518371115,-4756.934021557256,-0.046130853672075006
VIPIND,2017-08-14,2017-08-28,target,2.0,2.246100026766613,0.0,8,56395583.42017059,0.0854111477899782,16412.028700235376,0.16539523984100674
BOMDYEING,2017-08-28,2017-08-30,target,2.0,2.3591369034564758,0.0,2,116953654.50021516,0.10535412734737576,21183.04283579814,0.20518148405801467
M&M,2017-07-12,2017-09-05,stop,-1.0,0.8746961612134476,-1.154108350186331,37,1410443908.8619995,0.04287555039908807,-4914.417683298006,-0.04776836152309021
MOIL,2017-08-14,2017-09-08,target,2.0,2.138507698798607,0.0,17,62245630.86997376,0.0780505484985915,14954.908640190679,0.1507108442546903
MANPASAND,2017-08-11,2017-09-12,target,2.0,2.1722107034834943,-0.02737344838853636,20,67305130.29504395,0.07240964520040304,14106.897867505872,0.13945724217480415
SHRIRAMFIN,2017-09-05,2017-09-22,stop,-1.0,0.6035012802169477,-1.3002520673758653,13,636934430.8563957,0.062375428994831,-7133.254641064284,-0.06721949042234382
TORNTPHARM,2017-09-22,2017-09-25,stop,-1.0209874832482972,0.0,-1.5256770641634856,1,215132086.02628782,0.06384560046025092,-7607.832200548991,-0.07002259503306184
MAHINDCIE,2017-07-13,2017-09-27,stop,-1.0,1.5958318382808674,-1.42222655284772,52,19856339.262034606,0.06175880197992695,-6848.598143828764,-0.06660440497497701
UBL,2017-09-26,2017-09-29,stop,-1.0,0.26009507092320905,-1.0096056535761473,3,211197156.64108887,0.038221139759913876,-4543.87294231723,-0.0431255869105139
PRESTIGE,2017-07-03,2017-10-09,target,2.0,2.2447359666686557,-0.5507024776065346,67,76275496.22592545,0.0918655107999688,17798.579167971813,0.17827169404593785
IFBIND,2017-08-31,2017-10-11,target,2.0,2.4950493495461843,-0.44732975246246925,28,17974762.622131348,0.05104423897204561,10317.134985085908,0.09683325674923102
UFLEX,2017-09-12,2017-10-17,target,2.0,2.0502479615960927,-0.4812483233894562,24,70974113.22290039,0.07012896231576683,14571.123904312668,0.13490727981995498
AXISBANK,2017-05-22,2017-10-18,stop,-1.0,1.6741350103290418,-1.3210970223585015,103,5045409644.90435,0.057929967957834644,-6066.692889874746,-0.0627851430379399
GVKPIL,2017-10-09,2017-10-25,target,2.511997197589106,2.511997197589106,-0.7412447141633122,11,23141088.848094746,0.09791721309254293,25778.224627068117,0.24035284547199287
BIRLACORPN,2017-10-11,2017-10-31,target,2.0,2.668191790002074,-0.16954811090902788,13,64811338.700976565,0.07560794994123055,15688.460943587124,0.145837860132755
ASHOKA,2017-10-25,2017-11-02,target,2.0,2.1844661051669876,0.0,6,35646906.20205765,0.09132369901632406,19937.03799038876,0.17719077953756665
GREENPLY,2017-01-30,2017-11-07,target,2.0,2.1969861278493816,-0.8203968916768144,191,15268664.561602784,0.07381282155929644,12840.109994314034,0.14225657901079652
TEAMLEASE,2017-11-07,2017-11-08,target,2.0,2.926684689304072,0.0,1,4904006.998321533,0.06833670901786057,15546.323138038255,0.13133173449063193
OFSS,2017-11-08,2017-11-10,target,2.0,2.27976670068637,-0.6492443859967215,2,45857659.200732425,0.02534855794333395,5321.217886532926,0.04557037309695139
SPARC,2017-10-31,2017-11-16,stop,-1.0,0.2838732336448152,-1.0417372205552302,12,362529490.9199798,0.08929627738977541,-10861.607487617239,-0.09407303669630096
BLISSGVS,2017-10-17,2017-12-01,target,2.0,2.7340842834968964,-0.3726540680782125,32,24571097.200849917,0.07513621697045642,15919.277385470126,0.14489675285606068
HUDCO,2017-09-27,2017-12-05,stop,-1.0,0.5808626585233239,-1.0787460296221454,47,443810592.99466854,0.08446980977882013,-9473.609698681183,-0.089258635254373
HONAUT,2017-11-16,2017-12-12,target,2.0,4.484263021885348,-0.8921974978941827,18,21138873.999316406,0.059535867936272496,13199.444319842407,0.1137740565328637
DREDGECORP,2017-11-02,2017-12-29,target,2.0,2.5558127817896823,-0.993630260000958,40,172038945.94528198,0.10773151195060199,24546.788884229023,0.20992436634145104
SUPREMEIND,2017-12-01,2017-12-29,target,2.0,2.0549429618999855,-0.975723349196474,19,66629766.26623535,0.05801183546867856,12794.28154634566,0.11073361176001388
JPPOWER,2017-09-08,2018-01-01,target,2.115386301484165,2.3744133803938228,-0.8634230474159356,78,54108719.06820991,0.155460514700983,34711.68828876331,0.32303689561208687
JPPOWER,2018-01-01,2018-01-02,stop,-1.0,0.0,-1.103455700195964,1,85669360.72088528,0.14646361427690877,-19189.80184666701,-0.15109745524121643
VTL,2017-11-10,2018-01-03,target,2.0,2.8586346183931393,-0.6179229014080033,37,21304744.646720886,0.07093716594749483,16106.153431787607,0.13651964606525244
RNAVAL,2018-01-02,2018-01-03,stop,-1.0,0.0,-1.0643719479270897,1,651516030.0,0.17716685312749886,-23023.562649941567,-0.18172393599468012
COFORGE,2017-12-12,2018-01-11,target,1.9999999999999982,2.074749121317606,-0.953228612631801,21,194348012.43293762,0.06725386165129575,15127.426156429932,0.12917145399433502
BPCL,2017-10-18,2018-01-16,stop,-1.0,1.2209363282452736,-1.2370822181411232,62,1355657649.459906,0.06026242905471914,-7233.985165765194,-0.06511177298208216
BAJAJHLDNG,2018-01-11,2018-01-16,stop,-1.0,0.0,-1.1191800923772492,3,54277429.20186768,0.03661278920436073,-5267.945179599154,-0.04152125723134974
EMAMILTD,2018-01-16,2018-01-17,stop,-1.0,0.0,-1.0178301909972853,1,198194337.36668092,0.053603878546472215,-7468.148012978771,-0.05846986885010592
GMDCLTD,2017-12-29,2018-01-18,stop,-1.0,0.48532222424264027,-1.2654322643420892,14,40782325.77886353,0.08315879478480358,-10812.54317369544,-0.08795089779784149
KOTAKBANK,2017-09-29,2018-01-29,target,2.0,2.0506983018410097,-0.61132287125285,82,1921504196.7731934,0.050735586374652704,10077.433786304737,0.09621749481743236
SOUTHBANK,2018-01-18,2018-01-30,stop,-1.0,0.0,-1.009235346717644,7,430927379.17607945,0.09908501541515867,-12872.927688918342,-0.10383730287662069
INDIANB,2018-01-16,2018-01-31,stop,-1.0,0.9995212841038016,-1.210785997679589,10,263283467.11243895,0.057318966759625965,-7941.476705683925,-0.0621756693427268
GSFC,2017-12-29,2018-02-01,stop,-1.0,1.311928515938713,-1.45666791275997,23,292576020.3113346,0.07029465389981228,-9234.999942316446,-0.07511891726506266
OIL,2017-12-05,2018-02-02,stop,-1.0,1.55315801317861,-1.1502784801398742,41,102723443.88953096,0.04984937233588582,-6276.680351256777,-0.05472474890504603
TATACHEM,2018-01-03,2018-02-02,stop,-1.0,0.7526135851014799,-1.3559547702444186,21,333697731.8193115,0.06467986602583446,-8553.522295078015,-0.06951816636076964
SCI,2017-06-15,2018-02-05,stop,-1.0,1.1541623301137593,-1.3544273740898387,160,73454420.65554504,0.2073748740555508,-20166.626387118973,-0.21185643687041186
GET&D,2018-02-01,2018-02-05,stop,-1.0,0.0,-1.3628475195686958,2,51982378.760000005,0.08153809175232243,-10184.095591890318,-0.08633424652294153
APOLLOHOSP,2018-02-02,2018-02-05,stop,-1.1356126593659248,0.0,-1.459205501594696,1,360681378.84490967,0.047633557310960556,-7003.358269748452,-0.058958037516226705
UNOMINDA,2018-02-02,2018-02-05,stop,-1.0,0.0,-1.524499758951518,1,113336238.73863907,0.07132183907775251,-9044.74562509012,-0.07614353448005799
SHREECEM,2017-08-14,2018-02-06,stop,-1.1352918520351065,1.4585164538096533,-1.5086542329281285,120,261603502.23427734,0.07917391891505686,-9393.109648691197,-0.09466079127535733
PRESTIGE,2018-01-03,2018-02-06,stop,-1.1390209702326117,1.1288611723206983,-1.4318145198777077,23,131084772.19362181,0.09133706637794922,-13383.65597480593,-0.10877474687910205
JMFINANCIL,2018-01-29,2018-02-06,stop,-1.0,0.6368219092996906,-1.108898826749788,6,187041171.9419159,0.09033264949289904,-11430.636792926734,-0.09510681786916658
NAUKRI,2018-02-05,2018-02-06,stop,-1.595803223839981,0.0,-3.4172945338103946,1,171140399.69204712,0.03348483922766335,-6605.362447674971,-0.05830162635329527
INDIGO,2018-02-06,2018-02-07,target,2.0,2.1219749280627287,0.0,1,736723930.071753,0.027337122051397583,5541.362923684542,0.049537558492538325
UBL,2018-01-18,2018-02-09,stop,-1.1777903189779806,1.145489623416611,-1.1777903189779806,15,432940357.12377316,0.08471381208589415,-12958.266000072004,-0.10452566998908963
IOC,2018-01-31,2018-02-09,stop,-1.0,0.012342009376063126,-1.1285539478841013,7,1116702647.4378788,0.057615080091936714,-7349.336896705911,-0.0624710423917069
KNRCON,2018-02-09,2018-02-12,target,2.0,2.1814668263455856,0.0,1,49816703.72579956,0.0604695007380859,12802.918870405987,0.11563665397248166
HFCL,2018-02-12,2018-03-08,stop,-1.0,0.050696002823922705,-1.1355816018306757,16,287119620.1797492,0.15831115086216452,-18085.759676044694,-0.162915372985009
VRLLOG,2018-02-09,2018-03-12,stop,-1.0,0.875708801425437,-1.2688858711839508,19,66255404.81973724,0.05334099420496511,-6444.563111875878,-0.0582076417194526
VIPIND,2018-02-07,2018-03-14,stop,-1.0,0.1512034514746137,-1.0025171098849106,23,211846223.17091218,0.11055201658492914,-12648.422233553525,-0.11527563654346677
NAVINFLUOR,2018-02-06,2018-03-26,stop,-1.0,1.8393108408364562,-1.0150759184403544,32,25316307.127532963,0.05466249101718855,-6658.66998581283,-0.059525834789645404
GSKCONS,2018-03-08,2018-03-28,stop,-1.0,0.6365573719344931,-1.716134766477293,14,95011964.52,0.06267088997813378,-7224.625190448147,-0.06751421275318835
GEPIL,2018-03-28,2018-04-06,stop,-1.0,0.4676935895545581,-1.0027667640449427,5,19737396.354999997,0.080564749355113,-8909.905245688604,-0.08536333748172513
LUXIND,2018-03-27,2018-04-24,target,2.0,2.158549705401061,0.0,18,119600258.15612793,0.09476204281218681,19032.035652900795,0.18405027541031277
TV18BRDCST,2018-03-12,2018-05-14,stop,-1.0,1.1397226620066565,-1.17205521979408,42,455195974.93999994,0.09703082949970483,-10670.591766455296,-0.10178825242595543
FDC,2018-02-08,2018-05-16,stop,-1.0,1.0449298580129773,-1.0226977326798958,64,17366525.942207336,0.15529755064461717,-17730.532214165378,-0.15990930676800563
HEG,2018-03-14,2018-05-16,target,2.0,2.144115383018579,-0.8918911179614449,42,1410952393.624672,0.11721785166966449,23851.23038608736,0.2288496140809808
INTELLECT,2018-04-24,2018-05-18,target,2.0,2.105665736865952,-0.3900622214308251,17,57531516.39105377,0.07837228435975166,15446.549794516744,0.15135270729770467
SADBHAV,2018-02-07,2018-05-21,stop,-1.0,0.24845579350090347,-1.1067572993984645,68,120775857.68105774,0.10958783147768945,-12542.89315419584,-0.11431386189899513
3MINDIA,2018-04-06,2018-05-21,stop,-1.0,0.37630763258677047,-1.1941061211580828,30,30816447.77783203,0.059634275421034465,-6703.7964659111885,-0.06448518973248182
INOXLEISUR,2018-01-30,2018-05-23,stop,-1.0,1.7140468602438277,-1.0446995426513077,76,45510916.27249999,0.09657595607518366,-12049.951550472062,-0.1013345161849956
CROMPTON,2018-05-18,2018-05-28,stop,-1.0,0.07883951711426984,-1.1825835957016775,6,241787735.99715042,0.07749946585637538,-8789.918334197651,-0.0823057171917344
HFCL,2018-05-14,2018-06-01,stop,-1.0,0.32830526422176204,-1.2037821906827053,14,113309116.3130806,0.06768781705126473,-7597.920362612411,-0.07251859750863651
FCONSUMER,2018-05-23,2018-06-05,stop,-1.0,0.7122206672735426,-1.0473828641730276,9,211759105.6,0.08585977783103609,-9426.552592529291,-0.0906451283864583
GRINDWELL,2018-05-28,2018-06-11,target,2.0,2.4310458465515348,-0.8176578737910102,10,6165934.167800903,0.06244218750242623,12463.527940946895,0.11957216406734057
SANOFI,2018-06-01,2018-06-12,target,2.0,2.12031891572264,0.0,7,53098631.10117188,0.032956410911295926,6328.050125699668,0.06074803976803544
GUJGASLTD,2018-02-05,2018-06-19,stop,-1.0,1.9293479008841665,-1.2124024526149013,91,32036534.085624695,0.05155063294248119,-6392.380007285518,-0.05642175636012485
FINCABLES,2018-05-23,2018-06-19,stop,-1.0,1.4316962320480768,-1.2758079078035962,19,34491038.0776123,0.036651149722197296,-4321.942341449066,-0.04155952184789165
GRINDWELL,2018-06-12,2018-06-19,stop,-1.0,0.0,-1.0558628166331547,5,16008540.028076172,0.07236892048416917,-7899.29470206893,-0.07718799818295857
GSPL,2018-06-11,2018-06-20,stop,-1.004685030934972,0.18507355833012878,-1.004685030934972,7,103279240.28,0.06045199629711259,-6664.428258448125,-0.0655833777304206
MINDTREE,2018-06-21,2018-06-26,stop,-1.0,0.0,-1.381559929866898,3,1023804951.0500001,0.05907324372151459,-6413.139349623913,-0.06392556061221065
GODREJCP,2018-05-16,2018-06-27,target,2.0,2.2576072432332097,-0.2749324460001993,30,615331981.1012695,0.05476723785232291,11023.520993416181,0.10426063951538421
LTTS,2018-05-22,2018-06-28,stop,-1.0,0.6330426583033282,-1.319581899812668,27,203621490.8484497,0.08600965032021927,-9477.472079382542,-0.09079462619441861
LALPATHLAB,2018-05-16,2018-06-29,target,2.0,2.021691989924441,-0.9495343033579676,32,77566564.11306153,0.055757624561739744,11232.425424882736,0.10623646100067091
OFSS,2018-06-19,2018-07-05,stop,-1.0,0.6946751592484994,-1.2310141566367023,12,77075629.15333252,0.04913669261290855,-5451.64406692424,-0.054013850881376155
ZYDUSWELL,2018-07-02,2018-07-09,target,2.0,2.1814198387709003,-0.08939373588958613,5,21411246.240074158,0.06757816878673073,13018.99691748424,0.12981844672952797
HONAUT,2018-06-19,2018-07-11,target,2.0,4.045001224877105,-0.1232512149428485,16,14531940.959765624,0.028896698939018476,5313.880366691526,0.052648914383341974
YESBANK,2018-06-05,2018-07-12,target,2.0,2.019855211268339,-0.7223966015389646,27,3319371627.645715,0.06143389069103787,12022.234154846581,0.11756061192862068
LTI,2018-07-09,2018-07-12,target,2.0,2.096937009128003,0.0,3,114165923.45750001,0.05311425427857631,10204.824497264652,0.10096293728575981
PVR,2018-06-29,2018-07-13,stop,-1.0,0.25472021268200123,-2.136449070456321,10,482892877.0688476,0.06725319959982151,-7150.221948988974,-0.07208506660082188
3MINDIA,2018-07-16,2018-07-19,target,2.0,2.65362173113674,-0.36934271929817647,3,22577472.265625,0.04088796374951071,7937.775281817173,0.07657148768027408
KANSAINER,2018-07-11,2018-07-20,stop,-1.0,0.10925356706815603,-1.2591850766574224,7,102710199.6404541,0.054214473793317786,-6101.179848389796,-0.05907893760883438
BATAINDIA,2018-06-19,2018-07-23,target,2.0,2.096360901205105,-0.0489081461149152,24,702668036.3440216,0.05523023921181456,10616.30496820061,0.10518432722757015
MINDTREE,2018-07-02,2018-07-30,stop,-1.0,1.521134641160815,-1.156859179853827,20,1119876731.765,0.07077189100303655,-7581.130360263318,-0.07559496127552885
GREAVESCOT,2018-07-05,2018-07-30,target,2.0,2.0544250827304738,0.0,17,105611790.07704774,0.06359959470658104,12113.393053025979,0.1218811914396294
PRSMJOHNSN,2018-07-30,2018-08-01,stop,-1.0,0.0,-1.136222104552476,2,51143516.40564422,0.10564293689714752,-11600.9172633097,-0.11037882955490452
SIS,2018-02-07,2018-08-07,stop,-1.0,1.2019473211248783,-1.0601927906884865,124,26053472.015441895,0.13727708863885038,-15573.454188975382,-0.1419338959172531
MERCK,2018-07-23,2018-08-07,target,2.0,3.8399996667332723,-0.22150303253734,11,56658455.80301514,0.08207315303062318,16304.911113397637,0.15873594029609342
MERCK,2018-08-07,2018-08-08,target,2.109056615482718,3.0484186352300227,0.0,1,73806584.10551758,0.07688966078677481,16589.05790650448,0.15675923612520823
APOLLOTYRE,2018-07-20,2018-08-13,stop,-1.0642999878642774,1.5701110804781273,-1.2012901590192882,16,562625150.6324753,0.05136095313384666,-6137.906316859716,-0.05952680314255789
PARAGMILK,2018-08-08,2018-08-16,stop,-1.0,0.0,-1.2700936872977016,5,211544293.04377443,0.08285277714238665,-9451.266890772793,-0.08764564519953061
ELGIEQUIP,2018-07-12,2018-08-20,target,2.0,2.0441422766309825,-0.4181491320836662,26,14864637.166047668,0.059363216053816746,11835.72492430844,0.11342961602736451
GSKCONS,2018-07-12,2018-08-21,target,2.0,2.6602229003547793,-0.7733206105682497,27,132032677.32499999,0.0456396960907638,8978.944774075479,0.0860511937010738
CUB,2018-08-08,2018-08-28,target,2.000000000000002,2.1656017871201896,-0.12113556700437567,12,99033422.34166679,0.052007270973362746,10649.19069156412,0.09875450559185892
KARURVYSYA,2018-08-16,2018-08-28,stop,-1.0,0.07907450792353812,-1.107034640211022,7,170835386.9862671,0.06323203139193398,-7292.265483283031,-0.06807395131345399
INDIANB,2018-08-21,2018-09-04,stop,-1.0,0.0,-1.2393106648325498,9,569624931.269455,0.07720302222087663,-8764.530294700511,-0.08201001466532445
ZFCVINDIA,2018-08-28,2018-09-05,stop,-1.0,0.11740248719650102,-1.147018707233129,6,34534258.2074707,0.05808218635729935,-6754.093439463128,-0.062936980891406
OFSS,2018-08-07,2018-09-17,target,2.0,3.2534015208351925,-0.28656226133410256,26,73848474.06774902,0.057382116931123196,11585.445937300132,0.10947732327759088
SOLARINDS,2018-07-30,2018-09-18,stop,-1.0,1.8349010020104044,-1.3464523895829232,33,29364538.840393066,0.06682938761551502,-7531.775619137638,-0.07166231414647622
FLFL,2018-08-28,2018-09-21,stop,-1.0,0.45690431839496454,-1.100600376845646,16,27698708.5306015,0.08573034335023462,-9713.742719291668,-0.09051601749185888
JAICORPLTD,2018-09-17,2018-09-21,stop,-1.0,0.09608186883084104,-2.7018421075884618,3,321636213.5334594,0.08573077945668012,-9610.362963502095,-0.09051645250803832
SAIL,2018-09-17,2018-09-21,stop,-1.0,0.741610350971829,-1.3308417925143434,3,707680251.824762,0.06387675299093229,-7295.865897735639,-0.06871706110845481
LEMONTREE,2018-07-02,2018-09-25,stop,-1.0,1.4379256773545293,-1.261069418272486,57,107276876.38748665,0.0845568415688442,-8960.114378802607,-0.08934544946492204
HEG,2018-09-24,2018-09-25,stop,-1.0,0.0,-1.4906521925329852,1,567400132.8198242,0.08114072435279987,-8760.033109557375,-0.08593787254191777
GRINDWELL,2018-07-12,2018-09-26,stop,-1.0,1.4453348713489396,-1.043615832768243,50,9827690.816345215,0.06816260261849706,-7616.313843412886,-0.07299219611195068
GRINDWELL,2018-09-26,2018-09-27,stop,-1.0,0.0,-1.0504071595256044,1,11096166.605459593,0.06283876168563769,-6754.213743516674,-0.06768166478142353
KPRMILL,2018-08-21,2018-09-28,stop,-1.0,0.775295619733304,-1.5664138163325505,25,35846322.741241455,0.07499462280063647,-8529.10545370723,-0.07980713624363484
SAIL,2018-09-21,2018-09-28,stop,-1.0,0.0,-1.5692906031658374,5,699019116.3262733,0.08333010778810136,-9223.282416257745,-0.08812178251863104
GILLETTE,2018-09-04,2018-10-01,stop,-1.0,0.4780294137560527,-1.8869685283754465,17,35971526.07861328,0.039728990879686635,-4802.973847533471,-0.04462966840248736
INDHOTEL,2018-10-01,2018-10-03,stop,-1.0,0.0,-1.3564243797863273,1,124773368.13755798,0.08285288961828287,-8576.458667947052,-0.087645757394237
SCHAEFFLER,2018-07-19,2018-10-04,stop,-1.0,1.985337616552769,-1.0351982595812745,50,21760278.207183838,0.042452146530449125,-4917.337254702218,-0.047346016164122914
LUPIN,2018-08-20,2018-10-08,stop,-1.0,1.7946677667822077,-1.1024902877390077,31,3207083075.397009,0.06576545031264194,-7484.076765033289,-0.07060103668686037
HINDZINC,2018-10-04,2018-10-08,stop,-1.0,0.0,-1.336891608042027,2,186485380.46700898,0.07126288330426546,-7339.488567129986,-0.07608472609600472
GILLETTE,2018-10-04,2018-10-09,stop,-1.0,0.015668387140400926,-1.0788879745450564,3,35684596.30966797,0.04646981257465987,-4953.812133373222,-0.05135363804322296
LTI,2018-10-11,2018-10-23,stop,-1.0,1.3457358557269572,-1.0020407271060436,7,463264156.6325,0.05970474849675887,-6068.976348306718,-0.06455548662551681
BAYERCROP,2018-10-03,2018-10-24,stop,-1.0,0.15079460233001557,-1.827048185753583,14,35207815.59399414,0.0706694425916931,-7287.011873748152,-0.07549276898521373
NTPC,2018-10-11,2018-10-26,stop,-1.0,0.8630757158462943,-1.0532408785709026,10,631721284.9441624,0.04219775561975503,-4427.227406019806,-0.04709226123070549
ADANIPOWER,2018-10-16,2018-11-01,target,2.0,2.6815182251801373,-0.48461162535827634,11,1050672689.4005402,0.17536893138270387,32845.797565572946,0.34486101810849445
GUJFLUORO,2018-10-04,2018-11-13,target,2.0,2.1136536265183503,-0.5978989616298088,26,122985683.6325,0.07749951852532101,14432.22890724821,0.1496115394580155
TECHM,2018-11-01,2018-11-21,stop,-1.0,0.0,-1.020142978127664,13,2145946266.5852966,0.08234391030457375,-8219.358355703025,-0.08713805052881227
INTELLECT,2018-10-30,2018-11-28,stop,-1.0,0.7243746783171683,-1.1348552486921044,19,232531108.71693113,0.12894326983965787,-12532.903729026908,-0.1336209116650587
AEGISLOG,2018-10-23,2018-11-30,stop,-1.0,0.0021039663589825955,-1.1841725289715919,26,27077812.453635406,0.10130786908151637,-9788.631064655347,-0.1060545994088125
NLCINDIA,2018-10-11,2018-12-07,stop,-1.0,0.8512790819833878,-1.2575736003579865,38,36674842.10784473,0.06381097094977373,-6454.04455598772,-0.06865144352239913
ITI,2018-11-21,2018-12-07,stop,-1.0,0.6107584238688051,-1.0742805682832843,11,150339733.11347276,0.09550964040619074,-9636.496804855931,-0.10027086630517508
RADICO,2018-11-13,2018-12-10,stop,-1.0,1.30594905687375,-1.1670218509744403,18,198567887.19234467,0.08842533033862278,-8954.521780562318,-0.09320426701277607
TRIDENT,2018-10-16,2018-12-11,stop,-1.0,0.2325945891117017,-1.012854850909374,37,61459035.66860151,0.1267286435756155,-12516.132225424886,-0.1314118219666763
NAVINFLUOR,2018-11-28,2018-12-11,stop,-1.0,0.044722369419213114,-1.205798793839046,9,39216643.230249025,0.07736567474334202,-7761.977533052204,-0.0821722605564835
UBL,2018-12-07,2018-12-19,target,2.0,2.2383318204230465,-0.5537362628648462,8,660061950.9046326,0.06606989253184353,11599.939976972222,0.12680943560102795
DABUR,2018-12-10,2018-12-19,target,2.0,2.3419981106270202,-0.5418785796607929,7,1172920565.706949,0.05339929002301208,9223.076056726757,0.10153158359590927
TCS,2018-12-12,2018-12-21,stop,-1.0,0.29183814707410033,-1.1688699447028523,7,4602101893.190247,0.04897321626638703,-4766.864631800885,-0.05385078322572099
HEG,2018-10-12,2018-12-24,stop,-1.0,0.9834883269352512,-1.0079505731746097,48,899106669.1204071,0.15080988695713746,-14575.522798370106,-0.15543286223974456
LEMONTREE,2018-12-31,2019-01-04,stop,-1.0131253597494285,0.015831065035399838,-1.0843615291866415,4,47193034.84542389,0.08372538376527272,-8118.371918541698,-0.08961224877348249
EXIDEIND,2018-12-13,2019-01-21,stop,-1.0,0.7031430796351557,-1.138139322793069,26,387422617.76679385,0.06405257140460013,-6198.147306168275,-0.06889243997608856
JYOTHYLAB,2018-12-20,2019-01-24,stop,-1.0,1.4957837997291883,-1.5541595931129815,24,42040192.058294676,0.0685258638402577,-6758.680327183254,-0.07335454918065691
AIAENG,2018-12-28,2019-01-28,stop,-1.0,0.45598934351436377,-1.1791303154721124,21,53755832.49829101,0.06008293215537691,-5852.453267259882,-0.06493272482498835
BALRAMCHIN,2019-01-04,2019-01-28,stop,-1.0,0.8410097050640999,-1.215478258351564,16,223693672.10693553,0.07541628858028017,-7141.267823266119,-0.08022774785882933
CARBORUNIV,2019-01-24,2019-02-05,stop,-1.0,0.17027243418738944,-1.16715963636463,8,59979058.62503052,0.04470694083670741,-4453.658884375527,-0.04959517348461545
CCL,2019-01-21,2019-02-18,stop,-1.0,1.640357525275937,-1.3823181152075996,19,11357739.964607239,0.03987982256334568,-4029.0020475267747,-0.044780123006937185
PIDILITIND,2019-01-30,2019-02-18,stop,-1.0,1.267223194816267,-1.0040730689799575,12,691661171.956604,0.048710751145740167,-4652.701386707576,-0.053588974267875664
TORNTPOWER,2018-11-01,2019-02-22,stop,-1.0,0.6448841031331695,-1.013900267014575,77,321608831.2436371,0.10778918263634549,-10613.501338680626,-0.11251970967975455
ICICIGI,2019-01-30,2019-02-25,target,2.0,2.0343399442495365,0.0,17,174432893.82821655,0.06514648363758442,10849.904012076471,0.12496723485698104
KOTAKBANK,2019-02-05,2019-02-27,stop,-1.0,0.6187129746226596,-1.029603692958986,15,3638586653.0064926,0.049399667493973703,-4785.845597394583,-0.0542761683252386
KPIL,2019-02-26,2019-02-28,target,2.0,2.0588397955275797,0.0,2,18609255.126130674,0.058391422479732606,9574.788209609902,0.11149088784706664
MERCK,2018-12-19,2019-03-06,target,2.0,2.012769810779585,-0.8859431525780741,52,40006960.10594483,0.07893768225394461,13909.052841337518,0.1524806760966198
KPIL,2019-02-28,2019-03-14,target,2.0,2.059362709961145,-0.030042947757240025,9,23269340.079986572,0.07702972896212863,12966.559235595327,0.14867430927944678
KNRCON,2019-03-06,2019-03-19,target,2.0,2.075364386357644,0.0,9,19653134.424266815,0.08943627759127018,15405.91931221851,0.17342537379458406
SBIN,2019-03-14,2019-03-28,target,2.0,3.2109602736759286,-0.16356892237846254,9,5248298738.406645,0.047746035881220054,8256.703706948118,0.09025334158303419
SKFINDIA,2018-10-26,2019-04-01,target,2.3571767591420474,2.5012260605298726,-0.17159586017726347,104,30310952.02923584,0.06189247333989694,12780.850865004291,0.14052677097331734
SBILIFE,2019-03-28,2019-04-01,stop,-1.0,0.0,-1.0207143271410446,1,592829040.6395966,0.057834417297660506,-5749.745481672596,-0.06268983125441623
SONATSOFTW,2018-12-07,2019-04-03,target,2.0,2.0925033936289976,-0.6961747240541297,78,36812113.22626038,0.08069782620468242,14269.44077410706,0.15599216327834148
CORPBANK,2019-02-22,2019-04-12,stop,-1.0,0.7370874392024385,-1.013495228903353,33,20026860.0625,0.08925599621585965,-8077.422558285101,-0.0940328562253198
DMART,2019-04-09,2019-04-16,stop,-1.0,0.628383606261931,-1.2291459551057553,5,649516923.8639526,0.04879245265623672,-4932.82167213505,-0.05367047152459598
ZFCVINDIA,2019-04-02,2019-04-22,stop,-1.0,0.0,-1.0019268727833917,12,26062402.60107422,0.06556636382787026,-6559.848420747384,-0.0704024479183004
COFFEEDAY,2019-02-18,2019-04-30,stop,-1.0,1.790447478961244,-1.1343509109130072,45,90142774.5,0.07410455884853914,-6908.337213116722,-0.07891929745141756
APOLLOHOSP,2019-04-02,2019-05-02,stop,-1.0,0.3134796050619343,-1.3943286936837003,18,1005632074.1421326,0.06510663914197445,-6517.12000670692,-0.06994387254411934
COFORGE,2019-04-30,2019-05-03,stop,-1.0,0.0,-1.4097820470463813,2,587892119.6660309,0.03592501061993938,-3707.8462746016653,-0.040835198093389376
HINDUNILVR,2019-05-02,2019-05-03,stop,-1.0,0.0,-1.6652998875200198,1,2082442245.0354433,0.025469138024898048,-2730.0683892336697,-0.030405465179835632
SUPREMEIND,2019-02-27,2019-05-07,stop,-1.0,0.9433463680027863,-1.0548819534134233,42,86628434.75275268,0.08117563735149068,-7356.469557010062,-0.0859726982581118
LALPATHLAB,2019-04-16,2019-05-08,stop,-1.0,0.5473741959203733,-1.00907173695545,12,54151758.139233395,0.05915364946843312,-5898.091900012138,-0.06400576534476198
TEXRAIL,2019-05-03,2019-05-09,stop,-1.0,0.0837892889264444,-1.0174587034175213,4,10802268.11170807,0.06229795404327577,-5977.693262397529,-0.06714220915816756
SIS,2019-05-07,2019-05-09,stop,-1.0,0.06212855647842875,-1.4782197340421803,2,8949753.02565918,0.050681615904693715,-4875.711753507199,-0.05555491186493185
LT,2019-05-08,2019-05-13,stop,-1.0,0.10734230431768721,-1.1370039472349478,3,2652727585.326746,0.03346755512315154,-3367.6094035840515,-0.0383838862353436
TRIDENT,2019-03-19,2019-05-15,stop,-1.0,0.7294010417203785,-1.359746860996053,35,44742892.501190186,0.08064638659808165,-7750.509242289679,-0.08544477063158634
DCMSHRIRAM,2019-05-03,2019-05-16,target,2.0,2.4904239035766627,-0.6021856973652732,9,57929782.188797,0.07784129769945469,13380.670513183071,0.15029338891041227
UNOMINDA,2019-05-13,2019-05-16,stop,-1.0,0.0,-1.2007875940821848,3,45082281.1028595,0.08708574306857121,-8028.160886068069,-0.09186802871089966
ATUL,2018-10-15,2019-05-17,target,2.0,2.0561686478641055,-0.658953689520954,142,84833442.69174804,0.09294977582707893,17034.724215523565,0.18043480277502255
CUB,2019-05-16,2019-05-23,target,2.0,2.2521426357962833,0.0,5,139072915.1772461,0.04594112495047411,7417.001404974248,0.08665254427619579
AARTIIND,2019-03-28,2019-05-24,target,2.0,2.2107283536753037,-0.5221801075900635,36,253758465.84107208,0.06282414681238742,11036.732003014375,0.12033417289071305
DBL,2019-05-27,2019-06-04,stop,-1.0,0.0,-1.1134451264763923,6,230849318.56228638,0.10224121203226162,-9640.063574982725,-0.10698560900218092
GSPL,2019-06-13,2019-06-14,stop,-1.0,0.0,-1.327979008863874,1,72391704.66000001,0.0676853794557332,-6545.625186787261,-0.07251616600709386
TTKPRESTIG,2019-05-16,2019-06-17,stop,-1.0,0.8497800138457352,-1.0303963603444117,21,23754241.341497805,0.0468295707600349,-4426.317367480357,-0.05171249683313464
TRENT,2019-05-15,2019-06-25,target,2.0,2.4065853364634218,-0.5152255085020598,28,57506141.46112061,0.07990464649062529,13301.654980026842,0.15440976974879753
ADANIPOWER,2019-06-25,2019-07-01,target,2.0,2.05460780070877,0.0,4,719813948.7913842,0.10595393734576489,18386.335661497793,0.20637810500480097
INDIANB,2019-05-27,2019-07-08,stop,-1.0,1.0642084438120072,-1.1741520808185575,29,434193491.2542282,0.09025450936341664,-8562.687884759976,-0.09502887309000801
SUPREMEIND,2019-07-01,2019-07-08,stop,-1.0,0.3286146996199862,-1.0086868182209217,5,64851078.629608154,0.05618047663115043,-5509.313994716198,-0.061040025439572425
SUVEN,2019-05-10,2019-07-11,stop,-1.0,1.6552640280026216,-1.6552640280026216,43,88056404.47108403,0.05896267606135491,-5534.951241048718,-0.06381526937120138
COLPAL,2019-07-08,2019-07-11,stop,-1.0,0.0,-1.0646464645657483,3,347562671.5666809,0.03583478862980384,-3719.1557187121216,-0.040745201658229126
TIINDIA,2019-07-11,2019-07-17,target,2.0,2.175890623033363,0.0,4,11268040.458068848,0.04633780387112116,7816.392011338407,0.08744391872288676
MUTHOOTFIN,2019-07-17,2019-07-19,stop,-1.0,0.09033510883463489,-1.043632767584915,2,425750097.45283204,0.05870211929605781,-5712.866864246856,-0.0635553639978175
TEAMLEASE,2019-07-02,2019-07-22,stop,-1.0,0.411603717784772,-1.1897314122208302,14,67697250.6140747,0.07020202018698331,-6922.707012092807,-0.07502651513651568
ELGIEQUIP,2019-06-17,2019-07-29,stop,-1.0,0.7218645073138913,-1.12213641178456,30,7214148.7734375,0.04660688817673595,-4564.957076480388,-0.051490370956293934
TATAINVEST,2019-07-19,2019-07-30,stop,-1.157010308735435,0.29657959746233054,-1.157010308735435,7,9999411.689781189,0.03188008326465963,-3752.004226243718,-0.04179337101810363
SONATSOFTW,2019-04-16,2019-07-31,stop,-1.0,0.9904872665436407,-1.2362245759016792,71,32011211.021514893,0.062175225068431574,-6175.832141839442,-0.06701978700576039
BALRAMCHIN,2019-07-11,2019-07-31,stop,-1.0,0.8041191880711167,-1.1726739992204145,14,165957738.12404937,0.08690297681214387,-8195.55590491623,-0.09168571937011338
DIVISLAB,2019-07-29,2019-07-31,stop,-1.0,0.037578759419885706,-1.3128160764324583,2,707209739.1489258,0.0478014761231555,-4600.122849571329,-0.05268197243284745
BALRAMCHIN,2019-08-02,2019-08-05,stop,-1.0,0.0,-1.4346588340894975,1,189572459.03236923,0.08099292714222904,-7240.4581291768645,-0.08579044482437338
PGHH,2019-08-01,2019-08-06,stop,-1.0,0.0,-1.010160005098874,3,36664253.51953125,0.0682703300241466,-6252.5580595043475,-0.07309965419908608
MASFIN,2019-08-02,2019-08-07,target,2.0,2.9681274523830465,-0.3378920594170092,3,5238403.763795472,0.062341073030184914,10074.509806826109,0.11937044069521908
PIDILITIND,2019-08-05,2019-08-13,target,2.0,2.127189966627626,0.0,5,556207992.7992554,0.04591882299031425,7326.9096956873345,0.08660805186567704
AIAENG,2019-02-18,2019-08-22,stop,-1.0,1.7099978177587274,-1.136216363380352,123,39026746.71990967,0.05675969011352242,-5393.81990881644,-0.06161779088823851
JKCEMENT,2019-07-22,2019-08-27,target,2.0,2.623452922650369,-0.9401324471376598,24,49981271.44160767,0.04484152274993124,7439.982234709211,0.08445883788611303
NAM-INDIA,2019-05-17,2019-08-28,target,2.0,2.525786455566614,-0.2676444498051343,70,111089428.74818039,0.13452104280308316,22471.86867130971,0.2633694803921511
APOLLOHOSP,2019-08-07,2019-08-28,target,2.0,2.2472770488528924,-0.3918359445211522,13,742284325.0158447,0.06475489374232059,10406.003688109033,0.12418601301592977
GUJGASLTD,2019-08-06,2019-09-04,stop,-1.0,0.6021465616679156,-1.0663042316385134,18,100173275.1055664,0.0875985008869446,-7692.84501000219,-0.09237950463472713
TCS,2019-08-23,2019-09-12,stop,-1.0,0.8670619947327376,-1.009521244309202,12,4093578514.467651,0.042306525753204455,-4084.6299206023346,-0.047200759438821294
JBCHEPHARM,2019-08-13,2019-09-13,target,2.0,2.591710898249787,0.0,20,15115678.648986816,0.04616444538261902,7497.165891075662,0.08709806853832515
ASTRAL,2019-09-04,2019-09-16,target,2.600400487187858,3.591906255610873,-0.20803401062074844,7,63077823.23497009,0.05731368420406173,12567.192117395276,0.14366593599595626
REDINGTON,2019-08-27,2019-09-17,stop,-1.0,0.1404254217204198,-1.0723389381005854,13,28668250.544175338,0.103661432416606,-9528.694905584407,-0.10840227883556444
CROMPTON,2019-05-09,2019-09-20,target,2.0,2.431400682828603,-0.9144093936912383,91,106569491.87514114,0.07680318327517509,12872.955146079366,0.1482223506339744
FINPIPE,2019-08-28,2019-09-20,target,2.0,3.2705578850054198,-0.6211337576014606,15,20437353.390420914,0.05385312979225853,8973.025500505357,0.10243699393555589
HEXAWARE,2019-08-28,2019-09-23,stop,-1.0,0.059927442731625785,-1.322270026723604,16,446128928.25,0.06564622104604138,-6173.919261235781,-0.07048210549342614
IPCALAB,2019-09-13,2019-10-01,stop,-1.0,1.1256131193864556,-1.0462711451934017,12,177613124.44351503,0.05759043237740023,-5449.042369695221,-0.06244645629645664
MERCK,2019-09-23,2019-10-07,stop,-1.0,0.0693249711946891,-1.1377919982906897,9,81179818.10917969,0.09578232089843061,-9308.276597827831,-0.10054286509618442
ATUL,2019-09-13,2019-10-17,target,1.9999999999999978,2.0037628404562504,-0.5920219627297042,22,61141748.86340333,0.058091711360455295,9676.457177372396,0.11089296416410824
ICICIGI,2019-07-30,2019-10-23,target,2.0,2.1771206208491978,-0.9063110674511862,54,468071845.86780393,0.06507070290502578,10836.929656827251,0.12481605229552661
ADANIENSOL,2019-10-07,2019-10-23,target,2.0,2.1623425171444675,-0.44592077537285096,10,31560726.235140994,0.08764551522225526,15366.341602710687,0.16985280286839938
HEXAWARE,2019-10-17,2019-10-24,stop,-1.0,0.23541773728833323,-1.522514712182486,4,340473225.675,0.06044032012264406,-5868.358796038586,-0.06528921932233739
MFSL,2019-10-23,2019-10-25,stop,-1.0,0.0,-1.0452787183579557,2,306320389.842015,0.06698992997594802,-6686.513916570098,-0.07182245515100799
TIMKEN,2019-05-23,2019-10-31,target,2.0,2.629982879989256,-0.9734235376455378,107,47565451.78255921,0.10829726939575997,18636.235091914903,0.2110530524445412
GUJGASLTD,2019-10-23,2019-10-31,target,2.0,2.0816759584301727,-0.48264626171548947,6,109170692.45788193,0.06538685382051662,11678.820978434042,0.12544677337193075
VBL,2019-09-16,2019-11-06,target,2.0,3.0965825042192208,-0.7440488583070023,34,73783768.20315456,0.08082428801729637,13751.127059472312,0.1562444545945064
JSWENERGY,2019-10-31,2019-11-07,target,2.0,2.503036117200497,0.0,5,32926793.471557617,0.06815248878687871,12292.746906935394,0.13096421512982312
IDFCFIRSTB,2019-11-01,2019-11-14,stop,-1.0940022429030076,0.16949296744383824,-1.12481872696658,8,868644989.3928589,0.07283876369598835,-8024.621825953639,-0.08448655642655917
SUNDARMFIN,2019-11-07,2019-11-15,target,2.0,2.3176332050277377,-0.4789009923020934,5,20189153.983520508,0.03592926483539078,6362.77146514822,0.06667888334660467
GREAVESCOT,2019-09-20,2019-12-09,stop,-1.0,1.2963406426420012,-1.0617612390184552,52,40317543.8194603,0.08759629138532143,-8269.702194717041,-0.09237730065685805
POLYMED,2019-11-15,2019-12-09,stop,-1.0,0.13737225782815052,-1.2656213416792785,16,16126662.17394867,0.10014677587087502,-9897.713549080217,-0.10489640893119768
APOLLOHOSP,2019-10-31,2019-12-10,stop,-1.0,0.40528755765351826,-1.0703726235486215,27,843397677.3949584,0.06541688725969762,-6594.218039678065,-0.07025334504154836
INDHOTEL,2019-11-14,2019-12-10,stop,-1.0,0.10246925006960618,-1.0526579652354138,18,168183087.64669263,0.0684615438512848,-6935.103032795315,-0.07329038999165662
AIAENG,2019-11-06,2019-12-20,stop,-1.0,0.0,-1.013330686273375,31,35734409.64937133,0.08119192571080078,-8248.0119506362,-0.08598894589652367
PHOENIXLTD,2019-08-28,2019-12-26,target,2.0,2.111032715187361,-0.903680529347853,79,90399442.00253907,0.08307343100963553,14079.364756235924,0.16073149486422297
BALRAMCHIN,2019-09-17,2019-12-27,target,2.0,2.4475682039304294,-0.5080998543076929,68,283552237.01596755,0.10355069146356043,18116.573194350716,0.20158362946980318
BEML,2019-12-10,2020-01-06,stop,-1.0,0.0,-1.0118270387065489,18,768214188.4208374,0.07826132683792783,-7940.144058442706,-0.08306567352083294
BALMLAWRIE,2019-12-26,2020-01-06,stop,-1.0,0.40157164340740514,-1.177346291924773,7,17569059.40599403,0.04298495514636924,-4573.281108529734,-0.04787749275850311
ITI,2019-12-20,2020-01-07,target,2.0,2.0725102295579143,-0.39827545050297986,11,105012081.0861763,0.07262153436579659,13259.501443616633,0.1398799610597642
SHREECEM,2019-10-23,2020-01-08,target,2.0,2.0913586090584793,-0.17878691009171938,53,625540054.9042969,0.07458288288037915,13386.800821681658,0.14379285134635644
METROPOLIS,2019-12-27,2020-01-08,target,2.0,2.3688898274557424,-0.32055477897792956,8,48538314.18774414,0.050502852572124404,9138.411699845145,0.09575319088138837
SUDARSCHEM,2019-12-10,2020-01-09,target,2.0,2.0210376254167826,-0.5718649745043443,21,42364105.48806763,0.07294232728572295,13432.125963661214,0.14051994293501732
PFC,2020-01-08,2020-01-10,target,2.0,2.077929718498792,0.0,2,295323567.3668175,0.036694636538814274,6644.466015592925,0.06820579989493453
POLYMED,2019-12-27,2020-01-13,target,2.0,3.1550038072966746,-0.1643952824834066,11,4191619.975698853,0.0688571362678127,12633.014372084817,0.13236998685428655
LUXIND,2020-01-08,2020-01-14,target,2.0,2.1874187141317973,0.0,4,128659689.39678955,0.06620687834005072,12380.132345270342,0.12708272228840123
TORNTPHARM,2019-10-25,2020-01-17,target,2.0,2.2204811155562303,-0.6710505815547899,58,662736412.0201173,0.06630139103094253,11773.556113760116,0.12727127510673042
BERGEPAINT,2019-12-09,2020-01-20,target,2.0,2.0089731292025594,-0.5935240312714666,29,1645867275.1778321,0.06628630115408359,12285.609469253533,0.12724117080239675
CANFINHOME,2019-09-23,2020-01-22,target,2.0,2.682975028767611,-0.689205523049369,82,103809504.7649231,0.10259226351363646,18485.62959260469,0.1996715657097049
RECLTD,2020-01-08,2020-01-22,stop,-1.0,0.9690450169174508,-1.6412749254959065,10,241380959.61644173,0.041173784704195304,-4488.125631791947,-0.04607085024243466
GRANULES,2020-01-09,2020-01-23,target,2.0,2.627373804563406,-0.5420119717830703,10,98115653.51796417,0.0821538625973366,15627.785505713739,0.15889695588168679
AFFLE,2020-01-08,2020-01-29,target,2.0,2.2525456658583862,-0.3304029676190185,15,208971400.89344788,0.06090126380678958,11348.992967868036,0.1164980212945452
ADVENZYMES,2020-01-17,2020-01-29,stop,-1.0244397399929916,0.0,-1.0244397399929916,8,16172161.00408554,0.07512826714167926,-8627.972563666272,-0.08177197150060408
INDIGO,2020-01-23,2020-01-31,stop,-1.0,0.584466330940166,-1.1898066570587023,6,1868422949.3070984,0.06452115902836311,-7308.045884514656,-0.06935985613079208
UNITDSPR,2020-01-29,2020-01-31,stop,-1.0,0.0,-1.1483150735070558,2,1538281545.787793,0.04668085665385883,-5511.987124621045,-0.05156415451222407
NAM-INDIA,2020-01-06,2020-02-03,stop,-1.0,1.0797216187632517,-1.0225193704153561,20,470005164.0039795,0.06056543616620347,-6371.254614646152,-0.06541402257578774
TATAMTRDVR,2020-01-10,2020-02-03,stop,-1.7731708885276716,0.665874299911236,-1.982659432319971,16,551415022.3225,0.08379865846780794,-15485.39477344165,-0.15321786833855772
NIACL,2020-01-14,2020-02-03,stop,-1.2199715255037262,0.9602596409589345,-1.4899383638724404,14,77951082.90608673,0.09263357558087199,-12090.900525475077,-0.11772779870297533
ZYDUSWELL,2020-02-03,2020-02-04,target,2.5667555870479086,2.7177408090132347,0.0,1,14893891.660003662,0.022838502694378655,5674.710417484805,0.05347430225462873
3MINDIA,2020-02-03,2020-02-04,target,2.0,3.2761899624544233,0.0,1,67567330.28750001,0.0195024990142382,3598.2734374149745,0.03390748553340528
TITAN,2020-02-03,2020-02-04,target,2.0,4.254418330119268,0.0,1,2173494925.298462,0.023665717643985066,4479.668667817624,0.04221310669975013
BAJAJ-AUTO,2020-02-04,2020-02-06,stop,-1.0,0.0,-1.0599590783873096,2,1291141019.055542,0.03710271684517856,-4345.220686819822,-0.0420099600530655
PGHL,2020-02-03,2020-02-12,stop,-1.0,1.61002491897538,-1.3643121940742402,7,39354166.67519531,0.021997557006130968,-2859.1535958066997,-0.026942563113615557
CGCL,2020-02-04,2020-02-14,target,2.0,2.0592412841058345,0.0,8,73563458.70493698,0.0786258966398186,15707.213398146267,0.15185866379643825
CREDITACC,2020-01-13,2020-02-18,target,2.0,2.1365499909689283,-0.6003520927346001,26,72588024.62750244,0.07260689126351558,14194.357312719234,0.13985074807071368
PGHH,2020-02-04,2020-02-20,stop,-1.0,0.345111022100862,-1.0114071716977706,12,68773871.38017578,0.04681502839916786,-5347.28380912118,-0.051697990828169775
HATHWAY,2020-02-19,2020-02-25,stop,-1.0,0.13204444883144192,-1.0270106385846929,3,9963273.869531916,0.1405339842497788,-15746.687026253694,-0.14518264928915428
TATASTLBSL,2020-02-12,2020-02-26,stop,-1.0,0.06661062941093145,-1.2656019588076786,9,31102183.5625,0.07929200170533698,-9094.84560810032,-0.08409377170107349
LEMONTREE,2020-02-25,2020-02-26,stop,-1.0630681523253989,0.0,-2.0910906307130763,1,66386299.6670866,0.06842627642039313,-8323.182215803941,-0.07755994075662233
SUNDARMFIN,2020-01-29,2020-02-28,stop,-1.0,1.6618608179377308,-1.5741588717874264,21,46374204.9432129,0.04529311913949878,-5364.014789858566,-0.05017988634164999
ICRA,2020-02-14,2020-03-02,stop,-1.0,0.45679244388102086,-1.1286163119680006,10,8756669.397656249,0.07105740066563604,-8255.619828943472,-0.07587975716397184
BDL,2020-02-28,2020-03-02,stop,-1.0,0.0,-3.5462526286440568,1,46440311.444897465,0.02656837787431943,-3292.579567741046,-0.03150195692963346
KOTAKBANK,2020-02-28,2020-03-02,stop,-1.0,0.0,-1.9775526574868454,1,4276668213.9611206,0.021603302240394723,-2774.9280182035473,-0.026549293984793484
VESUVIUS,2020-02-19,2020-03-06,stop,-1.8227762399941474,1.6660468256268923,-1.8227762399941474,11,5285167.84828186,0.056876198207374336,-11758.649586581581,-0.10841340125681552
CANFINHOME,2020-01-22,2020-03-09,stop,-1.0,1.3087840310412169,-1.4497299141201805,32,288569344.7441239,0.07920955877175449,-8832.142269226248,-0.08401153487482509
AIAENG,2020-01-22,2020-03-09,stop,-1.0,1.8068541767078095,-1.0273256711862457,32,44286974.21435547,0.05840410056226656,-6650.330268784391,-0.06325809031086077
ASTRAZEN,2020-03-03,2020-03-09,stop,-1.0,0.22134518943601278,-1.08587436580498,4,85124375.97897948,0.09323473722219823,-9931.940259557283,-0.09800165037914269
LALPATHLAB,2020-03-05,2020-03-09,stop,-1.0,0.0,-1.17798301944697,2,265969654.4671509,0.07672363608830066,-8302.997479150885,-0.08153182699807991
LTTS,2020-03-09,2020-03-11,stop,-1.0,0.0,-1.4642885474153526,1,128727688.11276856,0.049090455218150954,-5392.333326520174,-0.05396772908010555
IIFLWAM,2020-01-20,2020-03-12,stop,-1.0,1.8575734669714534,-1.2801589415974872,36,16384385.512390137,0.11578148853857503,-12747.684224666584,-0.12049203481722848
BIOCON,2020-02-06,2020-03-12,stop,-1.0,1.4007760742404156,-1.4132824800528951,23,1173886581.8785706,0.0676444531816887,-7623.756692833611,-0.07247534204873456
SPANDANA,2020-03-03,2020-03-12,stop,-1.0074385282015972,0.5250360888272187,-1.6685249980646861,6,170470608.2122742,0.09707820842953045,-10393.481529559755,-0.10255582660214223
BASF,2020-03-05,2020-03-12,stop,-1.0,0.14550088463193192,-1.6109450935783183,4,322711026.4449463,0.13862619704563395,-14591.239561286991,-0.14327963155301973
ALLCARGO,2020-03-06,2020-03-12,stop,-1.4533352918137117,4.318136352883101e-07,-1.4533352918137117,3,27977984.19268341,0.06307333582094264,-9861.351471104414,-0.09643753815869129
ASTRAZEN,2020-03-09,2020-03-12,stop,-1.3315096474603227,0.0,-2.942326128519797,2,65680388.72076416,0.07349493143946842,-10253.014775798682,-0.10261456222545932
GARFIBRES,2020-03-12,2020-03-13,stop,-1.8642495663175287,0.0,-3.1503089010042826,1,17101513.86216736,0.052824777552660046,-9665.273887018768,-0.10323237222175788
BASF,2020-03-16,2020-03-19,stop,-1.0,0.8096028013914807,-1.0982099025769487,3,348791232.1865845,0.10355017811653092,-9590.343720470479,-0.10829130267123947
ZYDUSLIFE,2020-03-23,2020-04-09,target,2.0,2.016329527208494,-0.9477570786471802,11,671010086.0847657,0.14798457527778472,25424.537365177257,0.2902292276791807
DRREDDY,2020-04-01,2020-04-13,target,2.0,2.039683690480979,-0.2628402069601566,5,3111795183.9484863,0.1156637053911678,19678.982310556392,0.22574909225537987
DMART,2020-04-13,2020-04-16,stop,-1.0,0.0,-1.256475276380699,2,1065122558.1869141,0.07379019792706105,-7306.474654150604,-0.0786057224322433
APLLTD,2020-04-09,2020-04-27,target,2.0,2.113548035081236,-0.40475673159075837,10,121377074.18954773,0.14935334112726262,26753.60903914714,0.29295991554888906
HINDUNILVR,2020-04-08,2020-04-30,stop,-1.0,0.34811103294604573,-1.0056948633297353,14,8262160576.600342,0.11120874809767592,-10459.129504233122,-0.11593072622743167
DMART,2020-04-30,2020-05-06,stop,-1.0,0.0,-1.0825519764998066,3,753417739.7668701,0.08747834150698179,-8967.041558425402,-0.09225964565321432
ASTRAZEN,2020-04-08,2020-06-16,target,2.0,2.0718139204352832,-0.38395443233190657,45,93091264.91748047,0.15626851200178327,27675.125506272183,0.30675568144355775
BIOCON,2020-04-08,2020-06-18,target,2.0,2.018022259387501,-0.04173452945394787,47,1577454760.4436767,0.12634296735465317,22288.932057105365,0.2470542198725331
GRANULES,2020-04-09,2020-07-13,target,2.0,2.1492634580802674,-0.6951216684630128,63,351242658.85130006,0.18232882414666451,32761.30907536464,0.35874600417259583
SUNPHARMA,2020-04-08,2020-07-31,target,2.0,2.102717917242557,0.0,78,4753422357.370148,0.1384729268828053,24472.16077757102,0.2712534891311966
FDC,2020-04-16,2020-08-03,target,1.9999999999999993,2.1387200926235734,-0.4018987099989902,75,90828859.69143677,0.15971664380838393,29004.44351828118,0.3136347043977259
PFIZER,2020-08-03,2020-08-10,target,2.000000000000002,2.2162298852161646,0.0,5,231079329.28564453,0.05176129747204324,10218.18767046502,0.09826378845672643
AARTIIND,2020-08-03,2020-08-20,target,2.0,2.744685490055785,-0.2074463853071463,13,368693849.0535736,0.05674039296188792,11251.124413716825,0.10819708395896649
HFCL,2020-08-10,2020-08-21,target,2.0,2.5797497052908813,0.0,9,38463428.734460115,0.10767624491112839,22808.475344195864,0.20981410859770125
INGERRAND,2020-08-20,2020-08-21,stop,-1.0,0.0,-1.4572349956447037,1,16125031.19951172,0.051294649728440986,-6274.62043775175,-0.05616641310411977
AIAENG,2020-07-13,2020-08-27,target,2.0,2.0733185718681773,-0.49586785648237763,33,77817892.76773681,0.07247761558611741,13935.087220748426,0.13959284309430434
CESC,2020-08-21,2020-08-31,stop,-1.0,0.5635283242549257,-1.000859659430218,6,188171290.54032516,0.07203834799354869,-8529.476512152163,-0.07685825212356463
SUMICHEM,2020-08-24,2020-08-31,stop,-1.0,0.17551846512175057,-1.1479962384571336,5,179416872.25518036,0.07261524911049133,-8705.128099749736,-0.07743371098771495
JCHAC,2020-08-27,2020-08-31,stop,-1.0,0.0,-1.6915102872365875,2,36721194.57,0.07654965923619213,-9298.836884872839,-0.08135828508810161
IDEA,2020-08-31,2020-09-01,stop,-1.0,0.28156543428889574,-1.783248446664065,1,2548006765.036377,0.1522101773612769,-17571.689576142126,-0.15682965191787362
IRCON,2020-06-19,2020-09-07,stop,-1.0,1.149313805220599,-1.0309323407027593,56,62759103.91717644,0.10806465871822853,-11119.412768864113,-0.11279449707143298
MIDHANI,2020-06-19,2020-09-09,stop,-1.0,1.013246980613697,-1.25449364781701,58,314436578.5031372,0.09639754421180156,-9972.13043928766,-0.101156550351272
PGHL,2020-04-08,2020-09-14,target,2.0,2.201094053596576,-0.9895322985242817,109,81226749.66988526,0.12027642952373373,21197.037265905485,0.23495147689984883
BSE,2020-09-02,2020-09-15,target,2.0,2.5848831113879283,0.0,9,115439131.10527611,0.06907754025547101,14075.84936487636,0.13280969280966484
DMART,2020-09-01,2020-09-18,stop,-1.0,0.9271251302557367,-1.0480211214371458,13,1298986220.8125,0.05952989927798723,-6923.946651198808,-0.06438107452979211
NFL,2020-09-15,2020-09-21,stop,-1.0,0.7255012882826648,-1.2503326887038329,4,25639923.522595216,0.08626202725061001,-9906.007411443765,-0.09104637218248338
RELAXO,2020-09-01,2020-09-22,stop,-1.0,1.375764820515228,-1.4385366589367914,15,185436600.41175842,0.045178501411795496,-5384.365444507652,-0.050065555158265905
JCHAC,2020-09-09,2020-09-22,stop,-1.0,0.45531872737772455,-1.1717539404007966,9,36590397.980000004,0.08802562722196344,-9757.809267425035,-0.09280556315390856
IRCTC,2020-09-21,2020-09-22,stop,-1.0,0.0,-1.0263958570776013,1,1095631213.9857635,0.06488403237425323,-7637.226966569121,-0.06972182229331747
EIDPARRY,2020-09-23,2020-10-14,stop,-1.0,0.06050689531790635,-1.0338090003197,14,173495002.98415834,0.09973150396180708,-10935.352922144577,-0.10448217520190259
FORTIS,2020-09-18,2020-10-15,stop,-1.0,1.0227180795555073,-1.175458854304345,18,172514260.4251465,0.0557701553918052,-6696.831136832308,-0.060630730003325486
WOCKPHARMA,2020-10-14,2020-10-27,stop,-1.0,0.09596597668454444,-1.0210865825533848,9,196540403.69104615,0.0838451909646247,-9330.793090669296,-0.08863557798721307
INDIACEM,2020-09-24,2020-11-18,target,2.0,2.070113310058864,-0.3818664455471867,38,232952457.6591797,0.08549094392669013,17247.61064807966,0.16555443313374704
BLUESTARCO,2020-10-15,2020-11-19,target,2.0,2.112072183336065,-0.31906334733284997,25,76759466.5,0.08715102943577094,17733.161388933248,0.16886630372436304
GRINDWELL,2020-11-19,2020-12-04,target,2.0,2.1785122388491684,0.0,10,20532752.884231567,0.06660732389218675,13647.591017798983,0.12788161116491265
POLYCAB,2020-10-27,2020-12-16,target,2.0,2.1732068200125334,-0.9656467754010468,35,302538624.04769593,0.05330758142408691,10650.256174742433,0.10134862494105353
PIDILITIND,2020-05-07,2020-12-18,target,2.0,2.0229242266406233,-0.8318902008477655,158,1415761721.686737,0.10650244026967595,19649.8931501959,0.20747236833800362
LUPIN,2020-12-18,2020-12-21,stop,-1.0,0.37463105246268796,-1.9466966020095604,1,3156659518.84502,0.0517149145383326,-6457.971310650337,-0.05658562725198675
MPHASIS,2020-12-22,2020-12-23,target,2.0,3.2902572193089883,0.0,1,483837690.1935425,0.05363943980877436,11393.623133954128,0.1020106824185049
OFSS,2020-09-07,2021-01-05,target,2.0,2.2141660338222944,-0.6852061253720069,83,176131191.88333738,0.06714740608610612,13734.051919241176,0.1289590751417819
GALAXYSURF,2020-11-18,2021-01-07,target,2.0,2.1143947366083076,-0.8836284990595806,34,66472530.90029296,0.08125003360386716,16702.872573575587,0.15709381703971514
MANAPPURAM,2021-01-05,2021-01-18,stop,-1.0,0.7082231572837278,-1.0730737472819245,9,775899147.795308,0.05444947402739519,-7202.1450588367525,-0.059313350342326744
SIS,2021-01-07,2021-01-27,stop,-1.009765919653991,0.05947475642366901,-1.139057392247621,13,63999581.46965332,0.09013474510059004,-11642.482978916198,-0.09578745629482704
ORIENTELEC,2021-01-18,2021-02-01,target,2.0000000000000013,2.007427021574649,-0.3000910883575462,9,64851385.913900755,0.09364831388881242,21687.018408165874,0.18182838620818106
LALPATHLAB,2020-12-16,2021-02-02,target,2.0,2.2224583065743535,-0.5157819835370607,32,307403217.5020386,0.06489349973660566,14184.220923130644,0.12446253197452835
AJANTPHARM,2020-04-27,2021-02-03,target,2.0,2.1450075108687745,-0.5683430142808265,196,241607149.43001708,0.14216970443862165,26555.8426722708,0.27862856035505024
REDINGTON,2020-12-23,2021-02-03,target,1.9999999999999984,2.0975525378100293,-0.23257295350749058,28,45283487.32845497,0.08580003418610085,18732.168681620802,0.16617106820127117
SUNDARMFIN,2021-02-03,2021-02-09,target,2.0,3.0931095008084246,-0.3616180063065939,4,98014831.29213868,0.07932340709223823,18548.869209270266,0.1532501971490153
NATCOPHARM,2020-12-04,2021-02-11,stop,-1.0,1.319723139904162,-1.0705375695896746,47,327216036.82888186,0.06259549396698279,-7457.113768744095,-0.06743900523206514
TTKPRESTIG,2021-02-11,2021-03-02,target,2.0,2.467651639646982,0.0,13,224641980.52282715,0.069309351887922,16541.650389674523,0.13327215701640455
BALMLAWRIE,2021-03-02,2021-03-04,target,2.0,2.1407178941996623,-0.18500128241854363,2,54685371.09883575,0.08861298985101687,20730.56437853739,0.17178291475277874
SPARC,2020-09-23,2021-03-17,stop,-1.0,1.9801105395500627,-1.0560591258541556,120,209580883.03302154,0.10204664236956978,-11177.055043724778,-0.10679152576364571
TAKE,2021-03-04,2021-03-17,stop,-1.0,0.7201663545324549,-1.025691878268686,8,99677261.85246181,0.08010967635686693,-10420.176784575644,-0.08490940216597465
AKZOINDIA,2021-03-17,2021-03-18,stop,-1.0,0.0,-1.1433550676216935,1,75822331.97,0.05941252070239218,-7992.293783675243,-0.06426398940063617
DHANUKA,2021-02-01,2021-03-24,stop,-1.0,0.8900562859027773,-1.010474452907398,36,48508945.20527344,0.0766143263934075,-9519.98183640518,-0.08142279057742391
LALPATHLAB,2021-02-02,2021-03-31,target,2.0,2.056676859568713,-0.7118556725567807,39,435008953.3000244,0.08414106956386834,19268.13039130128,0.16286143377991735
SOBHA,2021-03-17,2021-04-05,stop,-1.0,0.10084635958834576,-1.1231813230735157,11,87307341.79676056,0.08548301024319573,-11226.486150256522,-0.09026930271758755
NESTLEIND,2020-03-31,2021-04-06,maxhold,0.7050524504910768,1.5827263064886075,-0.41548331969159785,252,2554783119.5108643,0.12817068162702422,7363.676813129542,0.08514113552933959
LAURUSLABS,2021-02-09,2021-04-07,target,2.0,2.0499483220530976,-0.799680862575096,38,1195246562.5452392,0.09031385806404366,21908.024340346637,0.17517614683776722
METROPOLIS,2021-02-02,2021-04-08,target,2.0,2.1370086067531253,-0.9426823756298781,44,209320587.11359861,0.09908214092847344,22794.64723811863,0.19266887115230472
INDOCO,2020-04-08,2021-04-12,maxhold,0.9797152666977316,1.5043136189844388,-0.85612881568618,252,18752399.52161026,0.23776104940775422,17254.098744350922,0.22735578460602354
CEATLTD,2021-04-05,2021-04-12,stop,-1.0,0.0,-1.3468558035842284,5,254853677.56628418,0.08280864686069511,-10816.889389826192,-0.08760162524354334
KNRCON,2021-04-07,2021-04-12,stop,-1.0,0.8285109327145184,-1.011838423553689,3,132331051.03817749,0.06751772393213987,-8904.894464300667,-0.07234892962230954
UNOMINDA,2021-04-12,2021-04-19,stop,-1.8126405579963707,0.01630261453291884,-2.2869207033920937,4,136208668.5604492,0.06291558045947641,-15163.8725355981,-0.1187582245385539
LTI,2021-03-31,2021-04-28,stop,-1.0,0.8256994536983729,-1.023416941065783,17,1219458015.1000001,0.07977268626983432,-10348.09802428643,-0.08457325455415965
BHARATFORG,2021-03-22,2021-05-11,target,2.0,2.0133359779467113,-0.8713364258486147,32,1406281204.7287352,0.0684521027585228,15979.647375557453,0.13156194500325316
TCNSBRANDS,2021-04-19,2021-05-14,target,1.9999999999999987,2.430872862930807,-0.6909144537885831,17,38615540.04,0.09680957499285539,23131.08090846233,0.18813510211074655
GMMPFAUDLR,2021-04-28,2021-05-18,target,2.0,2.3800553949869436,-0.554387500280555,13,180045573.4454956,0.07852952095858404,18837.029557902082,0.1516663943123752
CHENNPETRO,2021-03-24,2021-05-21,target,2.0,2.2717658216258285,-0.960318603556747,37,139834534.5406723,0.1132630669103861,27116.03736726882,0.22095981848622034
MAHABANK,2021-04-12,2021-06-04,target,2.0,2.6665112158746953,-0.9859355782370394,36,229064843.73814315,0.09375554722750562,23244.423681273718,0.182042316718874
SPANDANA,2021-06-04,2021-06-09,stop,-1.0,0.9381070918481969,-1.0019832160931226,3,138214487.57822877,0.11325057693822523,-15755.804606081954,-0.11796745049587955
NBCC,2021-05-11,2021-06-14,target,2.0000000000000013,2.695066360646027,-0.35617616847795946,23,471738821.62603825,0.0887544166412192,21803.186263864325,0.17206506119923262
CHOLAFIN,2021-05-21,2021-06-18,stop,-1.0,0.27932647826646995,-1.0495412956442165,20,2754494522.2719913,0.0948987882682072,-13335.240739236704,-0.09966154129753668
APLLTD,2021-06-14,2021-06-21,stop,-1.056006080468897,0.13005029212264407,-1.056006080468897,5,378515473.01623535,0.056989128752245016,-8849.19161054448,-0.065030414316788
ZENSARTECH,2021-04-12,2021-07-02,target,2.0,2.2013523329938836,-0.8669829359871604,56,207944629.55013275,0.10045965099171293,24952.19634127298,0.19541700372846746
TASTYBITE,2021-04-08,2021-07-05,target,2.0,2.986939113919366,-0.6972057622089681,59,21743409.923046876,0.09284115634296691,22616.43406038951,0.18021810690421913
PHILIPCARB,2021-04-07,2021-07-13,target,2.0,2.087380952577693,-0.9978135850070929,66,228109403.60042116,0.10633000421344416,25493.89717023436,0.2071283584058212
NAVINFLUOR,2021-06-09,2021-07-16,target,2.0,2.066903554930233,-0.7662131149797492,27,842608510.9964844,0.07446217139739533,19741.775946663223,0.14355203193780378
HINDALCO,2021-07-16,2021-07-20,stop,-1.0,0.08955001934770432,-1.0011417044371336,2,3932620594.5173492,0.05403257626675337,-8280.804674802097,-0.058897494826086375
APLLTD,2021-06-22,2021-07-26,stop,-1.0,0.1854437218275419,-1.4365340137328222,23,410353197.975943,0.06277815133014863,-8929.517136793516,-0.06762120595182311
BALAMINES,2021-07-02,2021-07-26,target,2.0,2.4464363220705354,-0.31833486573431935,15,213631168.5975708,0.08346133368543693,22199.11163974684,0.1615053607024467
AUROPHARMA,2021-06-22,2021-07-28,stop,-1.0,0.9681054613242485,-1.2971963912269646,25,2463341456.307678,0.06284858570671212,-8938.79488629947,-0.06769146424244518
SCI,2021-07-20,2021-07-28,stop,-1.0,0.0,-1.023375875345643,5,302778266.5066147,0.06949612389308547,-10482.563527837638,-0.07432238358335269
SOLARA,2021-07-05,2021-07-30,stop,-1.0,0.01256540425425603,-1.1245911659378816,18,159062546.474292,0.09043688894565795,-13244.368527504701,-0.09521079672329368
ROSSARI,2021-07-26,2021-08-03,target,2.0,2.517458714826102,-0.18002179757860234,6,285173909.68899536,0.05794902372111523,15478.135160150712,0.11060830232362487
BBTC,2021-07-28,2021-08-05,stop,-1.0,0.0,-1.1649738982975173,6,109928184.83102417,0.06235592325292531,-9411.252733501624,-0.067200033444793
BOSCHLTD,2021-08-05,2021-08-09,stop,-1.0,0.0,-1.3342187808582164,2,615595078.566748,0.028185054635819804,-4640.88111785951,-0.03311459199923021
RCF,2021-05-14,2021-08-10,stop,-1.0,0.4203488075014479,-1.184158686474441,61,472864674.4205475,0.11354795309917094,-15234.926877532993,-0.11826408321642302
CANFINHOME,2021-08-03,2021-08-10,stop,-1.0,0.5688507312902811,-1.0392978868364828,5,402847891.3666595,0.0666170694631724,-10027.200580486211,-0.07145052678951433
BAJAJELEC,2021-07-26,2021-08-11,stop,-1.0,0.7119591575034389,-1.5874095665902286,12,168958032.31521606,0.0668843550904218,-10035.843855748664,-0.07171714420269558
ADANIENT,2021-08-09,2021-08-11,stop,-1.0,0.0,-1.1507404789183204,2,6297666411.699756,0.07848973419676865,-11642.78497208032,-0.08329350986127664
VEDL,2021-07-30,2021-08-16,target,2.0,2.335532927378562,0.0,11,1054243707.2982811,0.0733686426389767,19454.230035855962,0.14137044206475866
PRSMJOHNSN,2021-07-13,2021-08-20,stop,-1.0,0.9181374573399778,-1.2951521100001644,26,72800013.37182999,0.0810410596279144,-11905.77923429008,-0.08583845697884446
NETWORK18,2021-08-10,2021-08-23,stop,-1.0,0.555855203919037,-1.005833755042374,8,76954697.46434975,0.07481108012883626,-11044.500966749609,-0.07962405242851417
ESABINDIA,2021-02-03,2021-08-26,target,2.0,2.8437639595377004,-0.49335684077751646,138,13801657.13724365,0.09186784412260435,21577.947321973097,0.17827634902459577
NHPC,2021-07-28,2021-09-01,target,2.0,2.6513051923328166,-0.6503205949813301,24,123923422.39715633,0.03851663602654098,10061.16879521541,0.07184068887294924
M&M,2021-08-11,2021-09-02,stop,-1.0,0.5626860690896253,-1.157247839091773,15,2032651717.7105346,0.039892556697893045,-6018.935272614613,-0.04479282530614822
TCNSBRANDS,2021-08-26,2021-09-02,target,2.0,2.4276412427061373,-0.16528621226935505,5,100870424.5825,0.07380059670602662,18751.04060503253,0.1422321904285234
CGCL,2021-08-16,2021-09-06,stop,-1.0,0.13954707716922646,-1.2950390710221737,14,25348489.893292237,0.08959248050617491,-12810.376803053976,-0.09436849930490937
SHREECEM,2021-09-01,2021-09-06,target,2.0,2.168579406470617,0.0,3,1536773752.3560545,0.048253666025771864,12474.331810200702,0.09126606372141495
MCX,2020-09-14,2021-09-20,maxhold,0.17245744727519102,1.658755276824836,-0.9638553218756648,252,466669140.00761414,0.1058315218057255,1385.844722208337,0.013205805506634522
IBREALEST,2021-09-06,2021-09-20,stop,-1.0,0.201248825303447,-1.1227555410243177,9,1411057129.492843,0.12871242910275832,-18576.565420363448,-0.1333906480300012
LUXIND,2021-09-02,2021-09-21,stop,-1.0,0.5011177520390036,-1.2188172130018007,12,242555422.05322266,0.07186690088623363,-10451.01993714225,-0.07668723363401797
IDBI,2021-05-18,2021-09-30,target,2.0,2.4269727629856566,-0.6367809224404876,94,865837995.5076599,0.10767297520794619,27328.519887944913,0.20980758553985293
RELAXO,2021-08-10,2021-10-07,target,2.0,3.3910363209804926,-0.586939544888085,40,159907597.14624023,0.05001495783849095,13146.731576534245,0.09477984088778953
UFLEX,2021-09-20,2021-10-11,target,2.0028949851591067,2.7307487774570647,-0.8916213336504807,15,267163809.45941162,0.06957095080452845,18524.42698133469,0.13399495020794322
SUPRAJIT,2021-10-07,2021-10-12,target,2.0,2.1476223014308746,0.0,3,62928275.16020203,0.06775401860220975,18267.776202453162,0.13016926711140867
GARFIBRES,2021-08-20,2021-10-14,target,2.0,2.24322014407929,-0.727630726911562,38,70415930.09210205,0.08466024784472805,22353.91749484006,0.16389719445023274
AJANTPHARM,2021-09-30,2021-10-18,stop,-1.0,0.2504445806940484,-1.132247538173534,11,134915955.09213257,0.06135012983931818,-8929.00162184351,-0.06619675451471975
MFSL,2021-08-12,2021-10-19,stop,-1.0,1.0020254877506802,-1.045675278844316,45,1044763937.2345825,0.07472098058366716,-10684.257076862861,-0.07953417813220785
ECLERX,2021-10-11,2021-10-21,stop,-1.0,0.4958971524587131,-1.3653863901559757,7,139827873.06386718,0.07871623653666057,-12015.026545108738,-0.08351944594531877
SPARC,2021-10-12,2021-10-21,stop,-1.0,0.690575445767793,-1.1155449508556654,6,223518416.24391174,0.06446876763147409,-10131.492418851667,-0.0693075957123953
DCMSHRIRAM,2021-09-20,2021-10-22,stop,-1.0,1.6709472074054115,-1.188426883130082,23,118173515.83731079,0.10527998469540847,-15209.512689525756,-0.11001678473366987
BASF,2021-10-18,2021-10-22,stop,-1.0,0.0962077419139771,-1.1801421588248198,4,171649424.04389647,0.08498951628950291,-13267.149217998918,-0.08977704249877903
INDOCO,2021-10-19,2021-10-25,stop,-1.0,1.0051445468043103,-1.026900902000418,4,119041583.7956543,0.0719679276548339,-11353.583773834489,-0.07678800783569668
ORIENTELEC,2021-10-22,2021-10-25,stop,-1.0,0.2670698932812833,-1.0682850375654824,1,81668324.23604737,0.06726328004920402,-10122.72598200397,-0.0720951218490809
TATACOMM,2021-09-30,2021-10-28,stop,-1.0,1.4956188172571967,-1.2339707581755128,19,374612384.49226683,0.0621121613094553,-9031.531871731519,-0.06695688090618164
SBICARD,2021-10-25,2021-10-29,stop,-1.0,0.21493130718020073,-1.310213900732802,4,2317087404.5920653,0.07020359886407462,-10338.589278379608,-0.07502808986691424
ASAHIINDIA,2021-10-28,2021-11-01,target,2.0,2.1595377561654816,0.0,2,74919310.08778839,0.07229742354054934,18997.56114120904,0.13923335996339603
ENDURANCE,2021-10-22,2021-11-08,target,2.0,2.033425300537377,-0.7404933644366917,10,238801616.81469727,0.06304164182818958,16956.794076657217,0.12076807544723833
GODREJIND,2021-10-22,2021-11-10,target,2.0,2.040516651876771,-0.623491199184569,12,167164219.56973267,0.06083651947672494,16339.108881701108,0.11636885635606639
NH,2021-08-23,2021-11-11,target,2.0,3.1646998114564764,-0.9803476373398426,55,231321692.59079587,0.07392816266284795,19100.74074297281,0.1424866845123817
RAJESHEXPO,2021-10-14,2021-11-17,target,2.0,2.081012443255575,-0.731807036458988,22,164511996.37652588,0.07087459789951661,20083.628788038695,0.13639482280953577
RAMCOCEM,2021-11-01,2021-11-22,stop,-1.0,0.48017332522739936,-1.1441550041138342,13,649414665.6989746,0.08207379153214978,-11907.312166645484,-0.08686860705331935
CESC,2021-11-08,2021-11-22,stop,-1.0,0.1530280816799475,-1.5372441687561487,9,437393720.01564103,0.07800533652686967,-11678.481386138368,-0.08281032318555229
EQUITAS,2021-09-02,2021-11-23,stop,-1.194074587527651,1.5662005719968857,-1.194074587527651,54,116020075.0,0.0971556765097839,-16452.002856576775,-0.12072109654350398
INTELLECT,2021-10-25,2021-11-29,stop,-1.0,1.5380535816813432,-1.305760219115184,23,204055111.73746642,0.08155414037348557,-11898.741156079695,-0.08635025502255174
SIEMENS,2021-11-01,2021-11-29,stop,-1.0,1.7437368773274893,-1.2629528567879835,18,633539250.6332031,0.06343012721837568,-9358.164107312026,-0.06827155190032978
APLAPOLLO,2021-11-11,2021-11-29,stop,-1.0,0.27618789098376295,-1.255573936657294,11,529713601.1437683,0.08334622398412894,-12625.942298516204,-0.08813785842416853
SPICEJET,2021-11-17,2021-11-29,stop,-1.0261586128641056,1.2676076982438917,-1.4185133766062623,7,324201855.9375,0.08398803389604541,-13072.596960017892,-0.09096958174904954
QUESS,2021-11-23,2021-11-29,stop,-1.0,0.0,-1.2809711800022232,4,171427381.72906494,0.08678727461286992,-12657.183336890079,-0.09157030642633764
ERIS,2021-09-06,2021-11-30,stop,-1.0,1.8652616122421175,-1.2495227201119066,57,50632468.84851075,0.0647519279037393,-9691.414652603948,-0.06959004808397984
MAXHEALTH,2021-11-29,2021-11-30,stop,-1.0,0.23721250081340817,-1.0409437148045184,1,415679631.44714355,0.09504736411150976,-13646.46331836317,-0.09980974570123077
IDEA,2021-11-10,2021-12-01,target,2.0,2.4943261391529186,-0.5251207213716588,14,2075358726.796293,0.10986474622078889,30567.135854818527,0.21418016871047385
RELCAPITAL,2021-11-29,2021-12-01,stop,-1.366504725614721,0.0,-1.366504725614721,2,12489651.789745713,0.11780096294004702,-22637.94660948371,-0.16557313360818998
LALPATHLAB,2021-11-30,2021-12-06,stop,-1.0,0.0,-1.04001519986595,4,821844871.6432618,0.08084213282807357,-11247.547077130394,-0.08564002749600334
SONATSOFTW,2021-12-01,2021-12-06,stop,-1.0,0.0,-1.2031702381730538,3,243645125.09091797,0.07174607237443467,-9882.648931393802,-0.07656670719349849
POONAWALLA,2021-11-11,2021-12-07,target,2.0997548396424794,2.5197059431294577,-0.30957867670769496,17,751346405.3668137,0.10318665809055035,30244.123725101992,0.21112501800038655
PRIVISCL,2021-12-07,2021-12-08,stop,-1.0,0.0,-1.0986959563631176,1,61173640.01091309,0.067004053544538,-9440.146792561067,-0.07183654341067658
APLAPOLLO,2021-11-30,2021-12-14,target,2.0000000000000013,2.7011645804612416,0.0,10,757527547.0631775,0.0857221010570462,21803.68499116673,0.16601559160880738
GODFRYPHLP,2021-12-06,2021-12-15,stop,-1.0,0.0,-1.014041861535142,7,44193219.816833496,0.08552578200674336,-12107.453099101736,-0.09031196755172634
IBULHSGFIN,2021-11-29,2021-12-17,stop,-1.0,1.5542979146984421,-1.2319597609957664,14,4580644252.24353,0.09289115520625839,-13352.393195634193,-0.09765892731824263
GUJGASLTD,2021-11-30,2021-12-20,stop,-1.0,0.8055043998665755,-1.4586155482721883,14,838499975.769989,0.06970248890526513,-9788.177680308574,-0.07452823268300196
HINDZINC,2021-12-06,2021-12-20,stop,-1.0,0.770101324291563,-1.2338468467521861,10,329233448.6790184,0.06912155273157547,-9913.75819514459,-0.07394874884974652
JSLHISAR,2021-12-14,2021-12-20,stop,-1.0,0.20720529053775405,-1.185486006519276,4,104936549.3,0.08790505449284579,-12532.86620597649,-0.09268529185661357
ANURAS,2021-11-30,2021-12-24,target,2.0,2.02340823557662,-0.2953369321025836,18,71427379.39979859,0.07111410829361961,17976.191449063484,0.13687264604577123
KIMS,2021-11-22,2022-01-04,target,2.0,2.355223597864776,-0.8858377215699901,31,221907790.904644,0.09476036120944681,26115.208080844932,0.1840469206128466
CHAMBLFERT,2021-12-22,2022-01-14,target,2.0,2.20436386833646,-0.24768091429995398,17,1101859818.5775146,0.10596970343576011,26296.62075072254,0.20640955835434158
ULTRACEMCO,2022-01-04,2022-01-19,stop,-1.0,0.5570302756302716,-1.1197154916890382,11,1565931871.67146,0.04563957952110415,-6876.080582565764,-0.050525480572301315
DIXON,2021-12-22,2022-01-21,stop,-1.0,0.41867176290488795,-1.2655704454802459,22,2068987045.2414796,0.08420872565628529,-11338.389716985428,-0.08899820384214445
UNITDSPR,2022-01-14,2022-01-21,stop,-1.0,0.40156369093559124,-1.0954751885187617,5,1099387702.7201662,0.04822601252350756,-7302.127512343043,-0.05310544749219872
COFORGE,2021-12-01,2022-01-24,stop,-1.0,1.6954757815982555,-1.3790384784583063,38,2000779917.879486,0.0803595631580764,-10991.633480124874,-0.08515866425018111
ZENSARTECH,2021-12-17,2022-01-24,stop,-1.0,0.9262488995593314,-1.5427979403902699,26,1121754033.346872,0.10735674465662888,-14903.37672669634,-0.11208835279498719
MAZDOCK,2022-01-04,2022-01-24,stop,-1.0,0.4152534924199758,-1.4107018897251407,14,88853448.69736938,0.06533616976043688,-9549.914691672162,-0.07017282933603577
HEMIPROP,2022-01-19,2022-01-24,stop,-1.0,0.27852675667129634,-1.9414898553655928,3,267274269.48486784,0.07931851264469525,-11433.022464805463,-0.08412021636308338
ALKEM,2022-01-24,2022-01-27,stop,-1.0,0.0,-1.0500459225761387,2,414833058.1385498,0.05906094485415207,-8578.566959258953,-0.0639132924920165
MMTC,2021-12-24,2022-01-31,target,2.0,3.21837638312536,-0.6910047850137802,25,197296012.5,0.11073721711812183,28107.530888554462,0.2159207481506531
RADICO,2021-12-08,2022-02-04,stop,-1.0,1.7926343223084085,-1.066751269125003,41,369295282.12746584,0.10379566178221655,-14353.830427500505,-0.10853617262776087
JSL,2021-12-15,2022-02-08,target,2.0,2.0547654531165462,-0.901579699550832,38,250540629.81770632,0.08781116475302639,23076.242127919482,0.1701832736822878
TTML,2022-02-09,2022-02-11,stop,-1.4085992466591473,0.0,-1.4085992466591473,2,230406316.84907225,0.08783816928032391,-16974.64930588168,-0.12841945712849234
TRITURBINE,2022-01-27,2022-02-14,stop,-1.0,0.2563709358767611,-1.1259740337599442,12,260999834.3128357,0.11475115430674375,-15600.938751498503,-0.11946427642097684
UFLEX,2022-01-27,2022-02-14,target,2.0,2.4011674907577443,-0.3681998956503361,12,79332181.47369385,0.061857463880683174,15462.690602649982,0.11840564044196297
CDSL,2022-02-04,2022-02-14,stop,-1.0,0.0,-1.0303168884737761,6,1024840494.4273683,0.07630845430882763,-10831.229788916995,-0.08111768317305539
NETWORK18,2022-02-11,2022-02-15,stop,-1.0,0.0,-1.056684846271607,2,141954828.2431446,0.09262864496685064,-12865.740083476798,-0.09739707335443329
SIS,2022-01-21,2022-02-22,stop,-1.0,1.9500598670935867,-1.0098528351427638,21,106069430.50687867,0.05697830178867531,-8480.480094715696,-0.061835856034203565
INFIBEAM,2022-01-27,2022-02-22,stop,-1.1514892122782014,1.1644272933150344,-1.2938081036833715,18,245942755.57500002,0.08884047673561458,-13978.847490626405,-0.10704310344827596
UFLEX,2022-02-15,2022-02-22,stop,-1.2042813431802326,0.37448122000296946,-2.6264997920716193,5,158888922.18071288,0.08726306755144896,-13896.453934232492,-0.10982656099038397
COROMANDEL,2022-01-31,2022-02-24,stop,-1.0,0.6873647708181737,-1.0759231642409206,18,361097636.2734253,0.0698270071082851,-9852.951002837515,-0.0746524395905143
MARICO,2022-02-22,2022-02-24,stop,-1.4471325197275318,0.3286230490747871,-1.4471325197275318,2,755998004.8738128,0.0331028701281101,-6625.815817191254,-0.052784479259058444
TVSMOTOR,2022-02-16,2022-02-28,stop,-1.0,0.3266315283015442,-1.082217213975338,8,1831134975.1574583,0.07642344596557572,-10314.371995032772,-0.08123238735066168
ADANIENSOL,2021-12-22,2022-03-03,target,2.095040416562073,2.329244312800466,-0.7707543427246784,49,549120586.8241272,0.12423338974521793,32439.059913582252,0.2546232876712329
SIEMENS,2022-02-28,2022-03-07,stop,-1.0,0.4776628226164852,-1.195038485787589,4,767271629.4598389,0.060023091485783824,-7998.48535677326,-0.06487303375706922
BRIGADE,2022-02-28,2022-03-07,stop,-1.0,0.44160999870841433,-1.3308829771208255,4,225466510.44837797,0.10018412819206574,-12937.739416447823,-0.10493366787158541
POWERGRID,2022-02-16,2022-03-08,target,2.0,2.2048462497546026,-0.7734723975414036,13,1969807310.3023682,0.056636188776724786,13711.781490153673,0.10798919660956607
ATGL,2022-03-07,2022-03-08,stop,-1.0,0.0,-1.0257508635580481,1,288080678.4404297,0.0770669040544751,-10133.19189764822,-0.08187423679433871
TIMKEN,2022-01-27,2022-03-17,target,1.999999999999998,2.7917177607284547,-0.6979283474806179,34,104872041.96083374,0.05673240557104939,14127.465816230319,0.10818114911424352
UFLEX,2022-02-24,2022-03-21,target,2.0,2.9075395014937087,-0.645522185891758,15,183380330.71284178,0.07304362934998661,17591.447421664358,0.14072204055322338
LAURUSLABS,2022-02-28,2022-03-23,target,2.0,2.1613693505552014,-0.14760388660424978,15,1496369205.3744874,0.07199029211793136,17091.155402900287,0.13862063277527323
EIHOTEL,2022-02-28,2022-03-28,target,2.0045217032984897,2.789270294889379,-0.6226818053545594,18,68285945.25194322,0.09087981517573453,21787.99636477324,0.1767151355067367
INOXLEISUR,2022-03-09,2022-03-28,target,3.330953882578298,3.330953882578298,-0.4119303308945436,12,203875365.75,0.09988212936588792,39962.81086766647,0.3268710096949636
TATAELXSI,2022-03-17,2022-03-28,target,2.0000000000000013,2.7927270960717587,0.0,6,1722177760.5908203,0.09123498326479079,22132.525964582623,0.17701379161325798
POWERGRID,2022-03-23,2022-04-06,target,2.0,2.112402513988582,-0.2043074091191541,10,2206191254.018154,0.0654166135692252,16217.82320171201,0.12550614407060443
CGPOWER,2022-03-28,2022-04-07,target,2.0,2.2572098402761474,-0.35314459241106066,8,263003500.4690552,0.0747212769928872,19026.62308890756,0.14406894760081013
GAEL,2022-03-09,2022-04-11,target,2.0,2.5295026668153278,-0.2573471282928029,22,178535442.04438475,0.138278109904222,33115.570427853374,0.2708648292589229
GRANULES,2022-03-28,2022-04-18,stop,-1.0,0.08502777236215804,-1.151899259974366,13,400015692.3082077,0.07679827155634411,-10777.422051502364,-0.08160627587745312
CONCOR,2022-03-28,2022-04-25,stop,-1.0,1.021957293266421,-1.0273425212763023,18,1086855686.832782,0.05453000342371192,-7843.891080540788,-0.059393678415152584
MMTC,2022-04-07,2022-04-25,stop,-1.0,0.3757023944993275,-1.1479800253253079,10,176556188.8427639,0.08955185286314114,-13430.05562584392,-0.09432797323098324
FEDERALBNK,2022-04-11,2022-04-25,stop,-1.0,0.03463447607810387,-1.0910083462318276,8,1577157109.4543839,0.057744689422539866,-8940.39655320626,-0.06260032769898329
REDINGTON,2022-04-18,2022-04-28,stop,-1.0,0.2991589823664115,-1.1237545002051494,8,1090051488.4440827,0.07867612869451733,-12045.091082522682,-0.08347943837278102
JSWENERGY,2022-04-06,2022-05-02,stop,-1.0,0.8300340146428198,-1.4809222116103289,16,143867005.00610045,0.07409880607687096,-11134.980184398597,-0.07891355906167866
POWERINDIA,2022-04-28,2022-05-04,stop,-1.0,0.25901736355012384,-1.151664781246014,3,143298678.02109376,0.09236463112164131,-13527.048773239147,-0.09713371954383707
ASIANPAINT,2022-04-25,2022-05-06,stop,-1.0,1.1379134411162493,-1.0280741840261227,8,2743124550.607483,0.04037890950509353,-6493.6866773381835,-0.04527796223133067
CYIENT,2022-04-25,2022-05-06,stop,-1.1052486168835776,0.7622422308621324,-1.139549216890273,8,378207575.4825592,0.05830762397426341,-9936.491904352024,-0.06928330969944385
JBCHEPHARM,2022-04-25,2022-05-09,stop,-1.0,1.6590790321404745,-1.3259427147077862,9,181162048.40576172,0.04535990657100599,-7206.266707689776,-0.05024650680457842
SUNTECK,2022-05-02,2022-05-09,stop,-1.0140467287207993,0.11267149964492602,-1.2471608621055685,4,442046869.67506254,0.08159716148032217,-12093.005595637127,-0.08753647633534337
ASTERDM,2022-05-06,2022-05-10,stop,-1.0,0.0,-1.290490308031652,2,180346007.4127678,0.06778818317367014,-9727.284789722911,-0.07261871271573589
SUVENPHAR,2022-05-09,2022-05-10,stop,-1.0,0.0,-1.1102307394816866,1,122964958.88327636,0.08953831931110474,-12370.229321741312,-0.09431447351282703
HINDZINC,2022-03-09,2022-05-11,stop,-1.0,0.7501365023447987,-1.1019704528724628,41,429967006.77561724,0.11464169965612665,-14592.193747291412,-0.11935509540698624
CONCOR,2022-05-06,2022-05-11,stop,-1.0,0.25321479965058535,-1.0353696780839798,3,745630331.3543243,0.05579729048824017,-8125.118810555301,-0.06065779726201937
FACT,2022-05-09,2022-05-11,stop,-1.0,0.0,-1.098533280712791,2,55403928.36585694,0.11674134560311658,-15929.241971567511,-0.12144949223910874
BLUESTARCO,2022-02-16,2022-05-12,stop,-1.0,1.9015966529675834,-1.0328390920834971,56,193485241.69132996,0.08764562754911778,-11735.730948345577,-0.09242651348024482
NOCIL,2022-05-10,2022-05-12,stop,-1.0,0.0,-1.0283344365225378,2,179520668.34881514,0.07267248740270685,-9931.110276284175,-0.07749080618419991
MOTILALOFS,2022-05-11,2022-05-12,stop,-1.0,0.0,-1.183074192922783,1,166138060.62581176,0.07596024126775744,-10100.048107206676,-0.08077034066458785
ONGC,2022-03-03,2022-05-24,stop,-1.0,1.5977458268746758,-1.0881466271732378,54,2718895527.3264813,0.0991072441157579,-13013.907959322632,-0.10385947600546837
SUMICHEM,2022-05-17,2022-06-01,target,2.0,2.063270888994627,-0.12708455734351906,11,283110672.21872866,0.07962396364181247,18631.656226443323,0.15384980746541604
IRB,2022-05-24,2022-06-13,stop,-1.0,0.0,-1.1667093035724814,14,349646758.2181072,0.11896419993020581,-15244.61435809859,-0.12366678943038018
ZFCVINDIA,2022-05-16,2022-06-17,stop,-1.0,0.5713014071436687,-1.4604007815989026,24,51301929.950903326,0.08035261321406466,-10214.936298972718,-0.08515173168102945
BANDHANBNK,2022-03-21,2022-06-20,stop,-1.0,1.6135020750880829,-1.3680846360314047,62,2656146649.0708466,0.09474375477777248,-12653.374384380237,-0.099506895390828
TATAELXSI,2022-06-01,2022-06-20,stop,-1.0,0.15687343250717728,-1.3159641428988764,13,8367743424.096094,0.12135522246884535,-15458.258564630667,-0.12605183441267306
AEGISLOG,2022-06-13,2022-06-20,stop,-1.0,0.6485157149755553,-1.595651448616781,5,153702447.201931,0.07400131296452485,-9786.006318803837,-0.07881630968211338
ASAHIINDIA,2022-06-20,2022-06-27,target,1.9999999999999987,2.05735294249154,-0.3603638833474856,5,83132191.18611145,0.09872140452582598,22536.440417468042,0.19194920202902296
PHOENIXLTD,2022-05-12,2022-07-07,target,2.0,2.0140377988361378,-0.5554863900574857,40,254402763.7991699,0.1032937885943369,24519.134182151134,0.20107110824570212
SIEMENS,2022-06-27,2022-07-07,target,2.0,2.0676134028647635,-0.12233807916932748,8,492617991.34625244,0.06462325813115541,14628.623562325476,0.12392339997165516
NOCIL,2022-05-17,2022-07-18,target,2.0,2.09582270116801,-0.32779228099036495,44,210672770.95931703,0.10330458784621592,24352.90129695744,0.20109265275320104
GESHIP,2022-06-20,2022-07-25,target,2.0,2.113009195482667,-0.9097323505999527,25,96433951.98327333,0.09979070124929332,22786.901438281653,0.19408244899234037
METROBRAND,2022-07-18,2022-08-01,target,2.0,2.7329127411585397,-0.39621208952996795,10,113000773.40354003,0.10651701134993398,25839.978493136634,0.20750143764311843
ULTRACEMCO,2022-07-25,2022-08-02,target,2.0,2.007819408640549,-0.21888300846103195,6,2460535015.292993,0.030078285002031975,7123.836326524684,0.05500617857905397
GMRAIRPORT,2022-08-01,2022-08-02,stop,-1.0,0.0,-1.285537078378063,1,256015854.375,0.06015647103777629,-8648.187233803288,-0.06500607986018186
GRINDWELL,2022-07-07,2022-08-03,target,2.0,2.0468211820088937,-0.7842788962405784,19,78291585.89916992,0.07546552337601702,18010.422396082835,0.14555371913515405
HOMEFIRST,2022-05-04,2022-08-11,target,2.0,2.0259553792223537,-0.5545463896911982,70,60855493.88557434,0.11437177248819286,30613.633700849863,0.22317168611394486
APOLLOTYRE,2022-07-18,2022-08-12,target,2.0,2.0861908564570952,-0.43620302755979606,18,571484193.8930511,0.06217887280314513,14824.803677103739,0.11904685124227468
CHALET,2022-05-17,2022-08-16,target,2.0,2.1062917790351166,-0.8021499787295009,63,79786968.69451141,0.09663139164533265,22740.65532998762,0.18777962633243878
AMBUJACEM,2022-07-07,2022-08-16,target,2.0,2.391347514760831,-0.320493079253425,26,1311141975.8445709,0.03289770485739943,7502.305728723857,0.06063092119051193
MAXHEALTH,2022-08-17,2022-08-19,stop,-1.0,0.0,-1.0420073461762942,2,770541992.9192352,0.0804513988420911,-11842.708420958532,-0.08525027034498575
GSFC,2022-08-02,2022-08-23,stop,-1.0,0.023988050395540163,-1.0212378655076602,13,638934490.7708443,0.087365986807714,-12537.129874121858,-0.09214757184069455
IOC,2022-08-17,2022-08-24,stop,-1.0,0.1218105277893099,-1.0614828708318895,5,1028164992.2965996,0.039199798640437065,-6126.4878807606865,-0.044101799143835906
THERMAX,2022-03-21,2022-08-26,target,2.0,2.0389309368778985,-0.8298451526088871,109,131489430.78786622,0.11144739320220426,27636.812203079528,0.2173375494383976
SUZLON,2022-08-23,2022-08-29,stop,-1.0,0.545880706706608,-1.091761413413216,4,592630220.8803707,0.10528172097883295,-15083.790869899418,-0.11001851667638586
GMRAIRPORT,2022-09-01,2022-09-02,target,2.0,2.588608200315501,0.0,1,270166741.67604274,0.05402908784847921,14092.796659746879,0.10278803025771618
ANGELONE,2022-08-12,2022-09-07,target,2.0,2.2424745960019057,-0.382570877979382,16,700575182.9470596,0.07437995143247467,19659.50683476195,0.14338800310778715
SWANENERGY,2022-09-02,2022-09-14,target,2.0,2.0415811640172756,-0.13087058743700483,8,29422147.9875,0.09140115225505584,24427.502032025433,0.1773452987488366
BDL,2022-06-22,2022-09-16,target,2.0,2.558857458565426,-0.7921001607914975,59,1470817274.050354,0.12873729228512223,29462.48004649442,0.2518308981088191
RELIANCE,2022-08-16,2022-09-16,stop,-1.0,0.2631615122549762,-1.1904484833901812,22,16536509221.150347,0.04668713332847366,-7018.006154809335,-0.05157041549515243
RAYMOND,2022-08-03,2022-09-19,target,2.0000000000000013,2.0718761817351394,-0.890626103359711,30,227633301.45545655,0.08559007815388384,22637.76646488494,0.16575220591699846
KEC,2022-09-16,2022-09-19,stop,-1.0,0.0,-1.2535270316609628,1,372220858.0730133,0.07318717363800607,-11365.772297099995,-0.07800420570391102
VIPIND,2022-09-14,2022-09-20,target,2.0,3.046848384781426,0.0,4,175347957.86734316,0.03690379085364958,9854.038413603792,0.06862306275303105
RENUKA,2022-09-07,2022-09-21,target,2.0,2.2340918272623465,-0.7989470526666702,10,573577985.1725246,0.06594046694339792,17658.91495553768,0.12655123155207898
SUNTECK,2022-06-22,2022-09-22,stop,-1.0,1.2854707390687818,-1.0059146848145673,63,355850666.427774,0.10268317851809597,-12568.156923775656,-0.10742647057180063
BSE,2022-08-24,2022-09-26,stop,-1.0,1.751676334645204,-1.0366229018530337,22,624537831.3131264,0.05948543903068437,-8778.458194498333,-0.06433672543310762
JUBLINGREA,2022-09-21,2022-09-26,stop,-1.0,0.0,-1.1697950258714793,3,393656923.6775635,0.06975899534808624,-11078.888131151187,-0.07458459785971591
OLECTRA,2022-09-22,2022-09-26,stop,-1.0,0.11170254572624992,-1.1659645457727392,2,153589651.874057,0.06443196310784231,-10321.295171091091,-0.06927088320007264
CRISIL,2022-09-02,2022-09-28,stop,-1.0,0.38056366911577943,-1.0232403370687067,18,290181050.6410278,0.05754602423596259,-8595.259535004676,-0.06240215917537268
KIMS,2022-09-02,2022-09-30,target,2.0,3.108763813326588,-0.937287756102694,20,162281979.1528015,0.07170745690670002,19015.85461799606,0.13805637652886654
ENDURANCE,2022-09-21,2022-10-07,stop,-1.0,0.080372180634174,-1.0347816962051979,11,153304299.06445312,0.06831701782162378,-10865.230494167921,-0.07314622527706956
SUPRAJIT,2022-10-03,2022-10-12,stop,-1.0,0.06547206910747688,-1.0339571844742275,6,91487758.89468995,0.06457108851078432,-10222.048935716119,-0.06940966078950735
AWL,2022-08-02,2022-10-14,stop,-1.0,1.3660339132527444,-1.0886494156074875,49,848132515.1523438,0.11900806457546562,-16831.427363037987,-0.12371054441402687
JBMA,2022-10-13,2022-10-14,stop,-1.0,0.0,-1.047207406974923,1,135335023.81369936,0.08664742433353433,-13117.24312222197,-0.09143080577270042
KEC,2022-09-30,2022-10-17,stop,-1.0,0.7236391749467833,-1.0505398848716128,10,423107271.18121946,0.07567610447502034,-11781.797230388878,-0.08048691421383268
MAPMYINDIA,2022-10-03,2022-10-17,stop,-1.0,0.24713539280204003,-1.0942867414957294,9,171521672.96557617,0.06025946821559329,-9588.658581038115,-0.06510881954505422
CANBK,2022-10-18,2022-10-25,target,2.0,2.4616376824492874,-0.07179822220454472,5,2009574436.3981857,0.08124670958246621,21965.577721811045,0.15708718561702026
SUNPHARMA,2022-09-21,2022-10-27,target,2.0,2.1071348310247484,-0.5887085940821748,24,2292052734.789014,0.04900521387181871,13779.487147248277,0.09276540167427852
AVANTIFEED,2022-10-17,2022-10-28,stop,-1.0,0.2896134447114602,-1.1615712826991227,8,115679936.27490234,0.06717919891166993,-10099.496734166989,-0.07201125091439063
TORNTPHARM,2022-09-21,2022-11-01,target,2.0,2.57542566103262,-0.89732931425829,27,323636160.6194458,0.04869592295878475,13687.831952341941,0.09214836630277572
JUBLINGREA,2022-10-03,2022-11-10,target,2.0,2.1379341479876697,-0.3085672330797757,25,462497769.6222168,0.062091164880827235,17506.41191219509,0.11887187393725049
JUBLFOOD,2022-10-25,2022-11-10,stop,-1.0,0.7510811220194008,-1.2974454444217887,10,1818452926.9081054,0.06401437391002562,-9835.795828092669,-0.06885433797525041
AEGISLOG,2022-10-07,2022-11-16,target,2.0,2.005925013640594,-0.630047068340153,26,213813904.23303223,0.08221081645619004,23376.777108170783,0.15901057883009923
BAJFINANCE,2022-10-17,2022-11-16,stop,-1.0,0.6242967539515368,-1.068648400725561,20,8165076775.561432,0.051896040437994416,-7961.409607296338,-0.05676630033689929
MARICO,2022-09-20,2022-11-17,stop,-1.0,1.5997354475204646,-1.173545609098148,39,560241817.7847611,0.04808945997670656,-7664.228658140091,-0.052969236326764625
BBTC,2022-11-10,2022-11-17,stop,-1.0,0.3186557600104081,-1.1885918695497624,5,62108906.970309444,0.04903387284118904,-7811.696723006832,-0.05391128815908598
PRSMJOHNSN,2022-10-27,2022-11-21,stop,-1.0,0.7874847254080146,-1.1024784307087079,16,24781071.375,0.06629821970745504,-10184.266082157537,-0.07113247415818624
PERSISTENT,2022-10-17,2022-11-28,target,2.0,2.0576212642677123,-0.18015690030095968,28,1353250169.856665,0.06124921475160336,16436.071569187137,0.11719218342944882
JMFINANCIL,2022-11-21,2022-12-05,target,2.0,2.2996164369214007,-0.3215613207533805,10,94025822.54167405,0.08161156584630161,22330.379107744848,0.15781507386337196
ZEEL,2022-12-05,2022-12-09,stop,-1.0,0.0,-1.0382550612742087,4,1597555854.6842651,0.04549218152905778,-7354.149387772912,-0.050378451075235066
KEC,2022-11-17,2022-12-13,target,2.0158630162451896,2.380416923359028,-0.8822533714430477,18,176631064.77073058,0.0684988406897467,19099.024902034413,0.13273906890312634
GMMPFAUDLR,2022-11-17,2022-12-16,stop,-1.6085053705589216,0.376768272082208,-2.687364424428879,21,225982538.61980593,0.07088660101203395,-17084.26879503476,-0.11873642473245277
DRREDDY,2022-12-13,2022-12-16,stop,-1.0,0.4729379509326962,-1.1545374804687938,3,1660366909.163147,0.036775534345954625,-6144.413251888614,-0.04168359551008965
HFCL,2022-12-05,2022-12-21,stop,-1.0,1.2329680915249392,-1.277643928464432,12,653123445.7585384,0.0683302028237941,-10679.665182643768,-0.0731593773167345
ATGL,2022-11-01,2022-12-23,stop,-1.0,0.9235028992526383,-1.4094905520336152,37,1261027485.3769531,0.08717336022234667,-13202.457645300965,-0.09195542682179066
ADANIPORTS,2022-11-10,2022-12-23,stop,-1.0,0.39839076664841594,-1.8796810012930152,31,6109331797.523895,0.061769763527569424,-9652.502176545171,-0.06661533911875041
GUJGASLTD,2022-11-16,2022-12-23,stop,-1.0,0.7021875636278248,-1.5136409797337516,27,516362820.35736084,0.06664316134031022,-10437.596481672927,-0.07147655343695934
TORNTPOWER,2022-11-16,2022-12-23,stop,-1.038924298113324,1.3030255646251818,-1.7302473740097706,27,175365618.080249,0.049519679798808613,-8224.104132930077,-0.0563185805813292
ACC,2022-11-28,2022-12-23,stop,-1.0,1.2802970031229783,-1.2690975678653444,19,1243668405.6237793,0.04969020232526577,-7790.844050996749,-0.05456597681945258
VIJAYA,2022-12-26,2023-01-05,stop,-1.0,0.15688851786824182,-1.0076747160644688,8,177596377.13661042,0.1222399480135781,-17343.241576450073,-0.12693434814354404
MAHINDCIE,2022-12-16,2023-01-12,target,2.0,2.111630239547494,-0.8243381811455327,19,151420663.35043946,0.0672015168596924,19017.007285115877,0.12906702613508644
AIAENG,2022-12-27,2023-01-18,stop,-1.0,0.059768924824056505,-1.1214241724268905,16,147510118.39111328,0.07283185384416109,-10651.892641671955,-0.07764977420955049
NESTLEIND,2022-12-12,2023-01-20,stop,-1.0,0.4876176339363849,-1.3899490898465559,29,1324399206.5586548,0.039086646276798157,-6474.235659043754,-0.04398892966110609
ULTRACEMCO,2023-01-12,2023-01-25,stop,-1.0,1.4268100412099223,-1.3833040909741654,9,2010160061.2507324,0.036320516981934975,-5732.422605138704,-0.04122971568948012
PERSISTENT,2023-01-20,2023-01-27,target,2.0,2.039793789332851,0.0,4,1543154232.086499,0.057357313551229555,15295.049368742977,0.10942784053470321
SBILIFE,2022-12-23,2023-02-01,stop,-1.0,1.9435425553579764,-3.6524518602814586,27,1246994004.9072266,0.037656192434303716,-6028.421856837987,-0.04256205195321793
CARBORUNIV,2022-12-27,2023-02-03,target,2.0,2.000112245760616,-0.33768135221902523,27,95856577.81199951,0.065662351457775,17284.01718508581,0.12599639115826117
HINDUNILVR,2023-01-27,2023-02-17,stop,-1.0,0.18980249631825297,-1.1120002422611899,15,3801701411.877612,0.04388069448206053,-6749.617233796148,-0.04877099274585524
CGCL,2022-12-23,2023-02-21,stop,-1.0,1.6336788016901176,-1.0268371091222457,41,135266636.09417725,0.041069052324814045,-6510.605464501891,-0.04596637969400176
BRITANNIA,2023-02-03,2023-02-27,stop,-1.0,0.39456597426891066,-1.071109709563119,16,1486627985.3044922,0.04373130511099136,-6789.756340444424,-0.048621976848213774
CRAFTSMAN,2023-02-17,2023-02-27,stop,-1.0,0.2669264957509912,-1.0974562740585714,6,193582591.836792,0.07109021802093118,-10669.262056792943,-0.07591249247587874
KEC,2023-02-27,2023-02-28,stop,-1.0,0.0,-1.0139663011710494,1,150586796.34658813,0.06819417558610878,-10043.33103418618,-0.07302369014714334
MGL,2022-10-28,2023-03-06,target,2.0,2.3572345484827775,-0.8738732959958541,89,504062401.35095215,0.0643311229741384,17602.0084477214,0.12334059033340615
BOSCHLTD,2023-01-06,2023-03-08,target,1.9999999999999976,2.433859275942425,-0.925075703327167,41,392702985.8226563,0.046397261175710004,12103.570992916333,0.0875625360455415
NATIONALUM,2023-03-08,2023-03-20,stop,-1.0,0.7259694527409343,-1.2464835883996979,8,716041772.0157623,0.043899926410085305,-6728.9524406739665,-0.048790176594059896
HCLTECH,2023-01-18,2023-03-24,stop,-1.0,0.9414978115312193,-1.2202442992910207,45,2667870847.292041,0.04571998226560103,-7053.71038734516,-0.05060568230993694
ECLERX,2023-01-25,2023-03-24,stop,-1.0,1.6692199218664927,-1.3765346704758217,40,54089040.9574768,0.05718920508815411,-8623.194527645608,-0.0620462320754336
NHPC,2023-03-20,2023-03-27,stop,-1.0,0.0,-1.2086902519870442,5,353242591.7325081,0.06036825608269098,-9002.712253443033,-0.0652173354424841
VIJAYA,2023-03-28,2023-03-29,stop,-1.2128289058056685,0.0,-1.8084310589056738,1,136540325.80610353,0.058474552591794765,-10167.382400911787,-0.07574232856828887
MANAPPURAM,2023-03-29,2023-04-11,target,2.0,2.076571068597316,0.0,6,727356236.7308776,0.0628481492151512,15958.82459192883,0.12038205768422672
CARBORUNIV,2023-03-28,2023-04-21,target,2.0,2.54382905786969,-0.23827233154322672,14,80946595.52206421,0.054740768741697,13988.491162243912,0.10420783363968568
NAVINFLUOR,2023-02-21,2023-04-28,target,2.0,2.231499160743141,-0.8888495970786487,43,797198344.7546142,0.06244426371852097,16585.42025355663,0.1195763061184495
METROBRAND,2023-03-01,2023-05-04,target,2.0,2.100990027977187,-0.8092279799259829,40,118535208.94665527,0.0659084059835505,17085.164000526038,0.1264872699371833
CCL,2023-02-01,2023-05-09,target,2.0,2.1231667024278638,-0.33291161315307843,63,94205888.55819093,0.06665305210539052,17822.743819370724,0.1279728389502541
CARBORUNIV,2023-04-21,2023-05-09,target,2.0,2.126071137783522,-0.18018733443436366,11,72911910.64175415,0.06352446956669859,17041.270731813012,0.12173131678556377
BRIGADE,2023-02-28,2023-05-10,target,2.0,2.0735235565082824,-0.9564493603887871,45,74110340.74530639,0.07148477794636317,18577.82045296777,0.13761213200299469
ZENSARTECH,2023-04-28,2023-05-10,target,2.0,2.1998474858180432,0.0,7,217579284.34922332,0.06531463014117551,17902.738541876763,0.12530268713164522
MAXHEALTH,2022-12-21,2023-05-12,target,2.207560121233689,2.346451767976054,-0.9657061905235039,95,794607356.7192414,0.06931564682499312,21553.787252117232,0.1476359115641025
JSL,2023-05-12,2023-05-15,stop,-1.0173211992559061,0.0,-1.3353868859090787,1,204831096.10786745,0.06912819073634355,-11299.105060384438,-0.07514975996753227
CUMMINSIND,2023-05-11,2023-05-24,stop,-1.0,1.0998030438983546,-1.2617974941133336,9,1061810333.9837768,0.04100486967812934,-6860.7942556136,-0.04590235750393391
MEDANTA,2023-05-09,2023-05-25,target,2.0,2.1716248005149716,-0.6423104565063485,12,179729935.13437194,0.06203875144788865,17512.175883187825,0.11876730913853815
AEGISLOG,2023-03-06,2023-05-29,stop,-1.0929710089812144,1.6106922902735388,-1.0929710089812144,54,170545802.94247285,0.06814411815729474,-10814.972623086458,-0.07929334671456718
GPPL,2023-05-25,2023-05-30,stop,-1.0,0.0,-1.0004842514257035,3,102469020.67422867,0.06838794980324092,-11049.201527746502,-0.07321697992873269
ZFCVINDIA,2023-04-11,2023-06-06,target,2.0,2.0165582012565504,-0.615599361253154,38,46120328.412231445,0.0574814996556376,14972.468005458728,0.10967559181299717
CGCL,2023-05-04,2023-06-07,target,2.0,2.1171332286433464,-0.21968790504694638,24,130771289.18911743,0.08362724867164636,23520.387719261616,0.1618363610999346
MFL,2023-06-07,2023-06-12,stop,-1.0,0.0,-1.0205255767189787,3,96384247.19,0.06253168858574801,-10284.563536594263,-0.06737535936428349
AIAENG,2023-05-31,2023-06-15,target,2.0,2.086530090774539,0.0,11,289241751.98638916,0.06396624216020698,18249.38957592833,0.12261265310961306
TIINDIA,2023-05-10,2023-06-19,target,2.0,2.14783521571718,-0.6620691421427971,28,688678956.0009277,0.06232209520031258,17703.539787556278,0.11933257992462384
JSL,2023-05-24,2023-06-21,target,2.0,2.167431360775852,-0.871391421657803,20,284376474.8080689,0.0764280775414559,22416.76464792896,0.14747401469520455
APLAPOLLO,2023-06-12,2023-06-21,target,2.000791524331743,2.1045923719424264,0.0,7,900070091.2279786,0.05404364195017301,15835.052392117566,0.1028597356060309
JAMNAAUTO,2023-06-21,2023-06-22,stop,-1.0,0.0,-1.1032322940080415,1,285084592.03774756,0.07427661773194702,-12605.207710668315,-0.07909092618761702
OIL,2023-05-09,2023-06-23,stop,-1.0,1.0592863193951172,-1.0525598422106301,33,349866301.10387725,0.05756292282366303,-9203.650281468786,-0.06241901551660387
LATENTVIEW,2023-06-22,2023-06-23,stop,-1.0,0.0,-1.0200388007690289,1,213133389.67751923,0.05641365613283415,-9717.585182902518,-0.061272621992501865
POLICYBZR,2023-05-09,2023-06-26,target,2.0,2.418911686051303,-0.651787442894087,34,609989565.9710541,0.06364027592254078,17983.283009189974,0.12196235046546892
NTPC,2023-05-16,2023-06-30,target,2.0,2.0356722852584244,-0.6969570956152247,32,1696944751.0615158,0.04095969214960149,11455.666035245387,0.07671458583845517
PGHH,2023-06-06,2023-07-07,target,2.0,2.1585681722469494,-0.7618611371976065,22,189296060.6595703,0.03324911030247681,9186.932006326679,0.06133197505344136
MTARTECH,2023-07-07,2023-07-13,target,2.0,2.345563135994238,-0.2016304944633222,4,329651778.465625,0.05239900924847251,16157.094453199514,0.09953602345070284
NATIONALUM,2023-06-27,2023-07-17,target,2.0077903470392506,2.857240940773209,-0.2960231586530388,13,497622029.5786438,0.04686209504122295,13989.962032428928,0.08885403891063905
MHRIL,2023-06-30,2023-07-18,target,2.0,2.276882112976135,-0.2832733726722759,12,64872664.690481566,0.062334829675365876,18835.298866170957,0.11935798520235495
DRREDDY,2023-06-19,2023-07-20,target,2.000000000000003,2.61666611421722,-0.4520986450464072,22,1688233109.7002563,0.037505469620249095,11054.140480414384,0.0698234118923972
IGL,2023-07-13,2023-07-24,stop,-1.0,0.3258087686162845,-1.190004143905766,7,614373930.9232438,0.04392283283573419,-8078.07004567098,-0.04881302575364475
JINDALSTEL,2023-06-28,2023-07-25,target,2.0,2.284348160525912,-0.33910364104293567,18,2086754116.3101196,0.05998777787627606,18125.7234365749,0.11467561686317088
IRFC,2023-07-24,2023-08-01,target,2.0,3.118794326064476,-0.6036355519684204,6,899838862.3315461,0.05599854313500537,17931.767692282254,0.10671709355433573
ADANIPORTS,2023-07-18,2023-08-07,target,2.0,2.040426972221491,-0.1390005603300084,14,4075077162.251257,0.046255361735876875,14736.174742682084,0.08727944666307445
CENTRALBK,2023-06-21,2023-08-11,target,1.9999999999999982,2.5500136911228486,-0.9594115078256981,36,191880604.07560045,0.06724553773861155,20584.203039324955,0.1291548477885301
BOSCHLTD,2023-05-29,2023-08-14,stop,-1.0,1.340231715248512,-1.0864111943472632,54,456903648.44023436,0.038877852643735215,-6547.734726567017,-0.04378065801212569
CSBBANK,2023-06-27,2023-08-18,target,2.0,2.7505426743491674,-0.24895820700214935,36,63029054.02291107,0.058829855833380386,17691.82325111776,0.11236556238759413
BALRAMCHIN,2023-08-01,2023-08-18,stop,-1.0,0.7861570935789216,-1.0238288189790756,12,633993693.3057404,0.05391475329665108,-10194.053563707226,-0.05877996641340944
FSL,2023-07-17,2023-08-22,target,2.0,2.1716013026643863,-0.14040677532203655,25,253152566.86494294,0.07866981276893237,25275.157503971932,0.15194627647402026
RBA,2023-07-21,2023-08-28,target,2.0,2.136221061597065,-0.6125931128372147,25,101751183.83926392,0.05589448218861081,17907.31656132074,0.10650949196627862
GPPL,2023-06-16,2023-08-29,target,2.0,2.574817190937924,-0.5661054542352184,50,146704047.40548936,0.0624620540098464,18957.7487907033,0.11961179774964366
KPRMILL,2023-08-11,2023-08-29,target,2.0,2.379803636293833,-0.37838698511618496,11,201448444.0548889,0.06318844787899154,20843.280440809314,0.12106095351858827
TORNTPOWER,2023-08-22,2023-09-05,target,2.029351993415058,2.0370874448902265,0.0,10,330927399.03489685,0.06093315692654684,20436.608649268277,0.11834568641527561
INDHOTEL,2023-08-29,2023-09-06,target,2.0,2.1359994576452057,-0.030274975261996812,6,1054157445.3634461,0.04605685905099817,15463.19356595013,0.08688343380674145
CDSL,2023-09-06,2023-09-11,target,2.0,2.5784264276514293,-0.4904334801117191,3,740958490.3549439,0.06087353449790291,21445.07499289285,0.11644270132331627
AEGISLOG,2023-07-25,2023-09-12,stop,-1.0,0.6871188679593786,-1.1061461410257272,34,482992651.721759,0.07495483298448953,-13326.336855861024,-0.07976744590202828
GODREJPROP,2023-09-11,2023-09-12,stop,-1.0,0.025184272576486443,-1.0061119968558359,1,898862778.4499999,0.04674199080023086,-9601.51101594581,-0.05162513582323014
UTIAMC,2023-09-12,2023-09-13,stop,-1.0,0.0,-1.2336224671156342,1,93644213.91437988,0.04408987083285574,-9320.096428723047,-0.04897964615577349
HDFCAMC,2023-09-05,2023-09-15,target,2.0,2.135176630293322,0.0,8,2796197785.0762453,0.05969436990195385,20917.154023823005,0.11409026795439803
POWERGRID,2023-08-29,2023-09-20,target,2.0,2.108668565339818,-0.5102966242139833,15,2414917398.6882815,0.0474993262793458,15975.359950604263,0.08976115592729494
KPITTECH,2023-08-07,2023-09-22,stop,-1.0,0.7168387947733792,-1.1625702519239598,32,1916877010.1868348,0.08044792345451474,-14740.518977240607,-0.08524680364587844
TATACONSUM,2023-08-18,2023-09-26,target,2.0574413913700447,2.1330359378687174,-0.5505129480335711,26,1097214567.3499937,0.03600724331202643,11839.905063509626,0.06889758579734734
EASEMYTRIP,2023-09-20,2023-09-26,stop,-1.0,0.0,-1.047037354862874,4,1116955832.5235412,0.07746729253287593,-15304.361653934848,-0.08227362430154361
ABB,2023-08-29,2023-10-04,stop,-1.0,1.8332883510561597,-1.3486967229349764,24,1031229933.5480468,0.051434744242412865,-10021.16252088294,-0.05630615738180685
KANSAINER,2023-09-26,2023-10-09,stop,-1.2975604583912206,0.24208170045595948,-1.2975604583912206,8,159261828.6409134,0.047429907443757906,-12156.200859832814,-0.06638931451306508
MEDANTA,2023-09-12,2023-10-13,target,2.0,2.0321141037460793,-0.5992309091410513,21,291815567.340271,0.05698604742889616,20681.547016638247,0.10868716462064787
GMRAIRPORT,2023-10-09,2023-10-18,stop,-1.0,0.0,-1.0664590480521343,7,519848648.7629528,0.050893941048500486,-10371.201965454175,-0.05576670619587916
CGCL,2023-08-14,2023-10-23,stop,-1.0,1.221946641129473,-1.1076418189948622,47,116562015.14073792,0.057631425997307584,-10805.805290467864,-0.06248734743231422
ROSSARI,2023-08-18,2023-10-23,stop,-1.0,1.236043444216081,-1.0891880484294736,44,85378796.19968262,0.058828170692419704,-10943.4630075909,-0.06368110026568861
OLECTRA,2023-09-15,2023-10-23,stop,-1.0,0.7460578642420965,-1.1470601586281624,24,800858705.9238281,0.09078034748232314,-17695.36944410645,-0.09555339661361732
TV18BRDCST,2023-10-13,2023-10-23,stop,-1.0,0.0,-1.5717929001545572,6,709965196.025,0.07639862460454022,-15011.516361088052,-0.08120762804302875
FIVESTAR,2023-10-18,2023-10-23,stop,-1.0,0.0,-1.2985282207584397,3,236297915.79986876,0.06590900354903843,-13007.99927422133,-0.07074423104016575
TANLA,2023-10-23,2023-10-25,stop,-1.0,0.0,-1.3805827258902474,1,733365217.8354279,0.08360281206163774,-16007.23135433768,-0.08839380503148353
RBLBANK,2023-09-14,2023-10-26,stop,-1.0,1.7972811569680345,-1.1205848121403574,27,2201582107.937233,0.0707251969897431,-13925.141485749795,-0.0755483839972686
TTKPRESTIG,2023-10-26,2023-10-27,stop,-1.0,0.20027512116668642,-1.5246703536998154,1,56323666.73995972,0.04885969239909788,-9309.34657291258,-0.05373754316810007
GSPL,2023-03-24,2023-11-01,stop,-1.0,1.8553191750359066,-1.0276008137975128,148,248399936.15,0.07106708291906873,-10357.344288665445,-0.07588941521177096
RAINBOW,2023-10-25,2023-11-01,stop,-1.0,0.20672475020465728,-1.0097392634513336,5,236572344.66123047,0.07598221612234958,-14110.099730430855,-0.0807922605820435
LALPATHLAB,2023-09-26,2023-11-03,target,2.0,2.1904151381643175,-0.5318634169972389,26,540558190.9438232,0.05048385366586184,17525.926808995802,0.09571528806339448
PRSMJOHNSN,2023-10-27,2023-11-08,target,2.0,2.2329138678089837,0.0,8,121812475.46292268,0.07629957107908689,25314.69716205561,0.14721764430277842
PPLPHARMA,2023-11-01,2023-11-08,stop,-1.0,2.4854531566111056,-1.0661840303421481,5,693436420.219365,0.07011669304670937,-12888.426860374952,-0.07494140131409242
CREDITACC,2023-10-25,2023-11-10,target,2.0,2.090509863232039,-0.5524067541385769,12,707281202.4571289,0.06652201591243279,22304.375252768416,0.1277114217453035
VARROC,2023-11-08,2023-11-20,target,2.0000000000000013,2.1036897924605675,-0.8417106398788217,7,140302624.31950378,0.08929102068188749,30578.518606838195,0.17313558626036574
RTNINDIA,2023-11-10,2023-11-21,target,2.0,2.4000483480130557,-0.4177557960756897,6,272205739.4222248,0.09658295369194717,32382.58315714977,0.18768299261543459
LINDEINDIA,2023-11-08,2023-11-29,stop,-1.0,0.0,-1.2528199007788257,13,595241239.1611328,0.06895803562173965,-13031.726352046255,-0.07378564053268509
TEJASNET,2023-10-27,2023-11-30,stop,-1.0,0.2252733900990692,-1.1987719924194795,22,455399703.4687683,0.07949025567263387,-14494.285425017395,-0.08429153003345216
SJVN,2023-11-03,2023-12-07,target,2.0,2.1274472810870018,-0.3567377025129616,22,2365983113.418206,0.1023740443968747,34128.54703528105,0.19923621857176518
TATAPOWER,2023-11-29,2023-12-07,target,2.0,3.622736393915859,-0.6275616486220382,6,2332203660.4089847,0.05736498037757662,20019.57836337813,0.10944313585326548
IRCTC,2023-11-20,2023-12-12,target,2.0,2.349720208719944,-0.562091488729601,15,927532992.3118286,0.04586144825581266,15515.656294734676,0.08649358927034641
PFIZER,2023-10-04,2023-12-15,target,2.0,2.100967488829332,-0.6780884646089996,49,146789109.13377687,0.034523032859518854,11897.247384715381,0.06387345055474022
GPIL,2023-10-27,2023-12-15,target,2.0,2.333171980876918,-0.1370213676818689,33,371672614.444226,0.0871129233902316,29024.203566790708,0.1687902821635122
BALAMINES,2023-12-07,2023-12-26,target,2.0,3.7295856985779645,-0.8987249178302723,12,282762283.94299316,0.042150874489866215,14757.709737825475,0.07909099460728328
CASTROLIND,2023-12-15,2023-12-26,target,2.0,4.016684548825427,-0.6925301576794374,6,337497419.13772887,0.06026618070932023,21909.629368567494,0.11523103051509387
JSL,2023-11-20,2024-01-02,target,2.0000000000000013,2.087508915014241,-0.4301595306396594,29,659295945.5767822,0.08348860021252429,28981.40415258127,0.16155975742398604
GLS,2023-09-25,2024-01-03,target,2.0175900193795404,2.3024095013512804,-0.5859622926621814,67,163239067.87779236,0.07861939254461627,28073.595357925235,0.15322514747338092
DEEPAKFERT,2023-12-07,2024-01-18,stop,-1.0,0.8743378876462019,-1.0503499450266367,29,348248878.20135504,0.0646719959403192,-12970.036243381472,-0.06951031595046837
MMTC,2024-01-02,2024-01-23,target,3.0783148160311216,3.421379691170203,-0.2225288926793345,14,465981919.57558113,0.08905964779813556,53521.748042376734,0.2684682492441955
LATENTVIEW,2024-01-23,2024-01-24,stop,-1.0,0.0,-1.0515835100756568,1,363582946.8672943,0.04775053500987531,-10588.405384510022,-0.05263115867235051
ELGIEQUIP,2023-11-21,2024-01-29,target,2.0,2.2894980201245456,-0.5449149730146322,45,147287429.9705414,0.0671224839795386,23273.874128214713,0.12890935553917976
IOB,2023-12-07,2024-01-29,target,2.0,2.1691106084588694,-0.7502182856861777,34,832817719.2580204,0.0712142489622099,25576.553892657113,0.13707242667960898
CRAFTSMAN,2023-11-01,2024-01-30,stop,-1.0,1.8246032873877975,-1.043517613943122,59,220096211.7609375,0.07258861321626608,-13312.48504246112,-0.07740714168322538
VARROC,2024-01-25,2024-02-02,target,2.0,2.5110681422751027,-0.18084927612189758,5,158176958.82070315,0.07349371325201169,28988.26063507696,0.1416199579377635
CAMS,2024-01-03,2024-02-05,target,2.0,2.095865928585311,-0.07316960481359164,21,1092682061.673706,0.05168440157217458,19706.78427437961,0.09811038113648841
ICICIGI,2024-01-18,2024-02-06,target,2.0,2.1677725388907945,-0.2928187389857774,11,1041221034.5213562,0.04486120483642628,17032.920201126104,0.0844981036486706
LATENTVIEW,2024-01-30,2024-02-07,target,2.0,2.1094397748776283,-0.37540902007184157,6,419072856.9336181,0.07080887761445072,28010.703115394183,0.13626371084082925
RENUKA,2024-02-05,2024-02-12,stop,-1.0,1.1786682413520226,-1.3129459651881297,5,512406627.6608999,0.0669578534474919,-15123.068672365522,-0.07179045881387307
BSE,2024-02-02,2024-02-13,stop,-1.0,0.42792706738012526,-1.0485320586880083,7,2084838888.7287598,0.08281362712697746,-18327.902775847022,-0.08760659305915997
GRASIM,2024-02-12,2024-02-13,stop,-1.0,0.0,-1.0315234075920166,1,1689651770.1706054,0.05395448294731624,-12520.823312161212,-0.05881959673994785
ACI,2023-12-15,2024-02-19,target,2.0,2.8800638267955385,-0.38753452811978234,43,247604038.3961609,0.07622989892876618,27965.025212880075,0.1470786483628885
TTKPRESTIG,2024-01-29,2024-02-22,stop,-1.0,0.7684061050638067,-1.0276915095087236,18,65195961.29498902,0.04755593928530988,-10709.437954848321,-0.05243704943709652
RADICO,2024-02-06,2024-02-22,stop,-1.0,0.20549617806245057,-1.090192310350954,12,254015756.2902344,0.07982011389699864,-17988.903302736493,-0.08462056361225605
ACI,2024-02-19,2024-02-23,target,2.0,2.3609546735744567,0.0,4,242788275.98113403,0.08284375536401564,33499.437273713476,0.1602732919512114
SUPRAJIT,2024-02-23,2024-02-27,target,2.0,2.022959548917038,0.0,2,87791940.64883423,0.06396003875383836,26178.554392447793,0.12260027731390771
CIEINDIA,2023-12-26,2024-02-29,stop,-1.0,0.8607314003621951,-1.4734856384538213,45,247858415.1591797,0.05809015347452229,-12336.658323101297,-0.06294492809083588
TTML,2023-12-26,2024-02-29,stop,-1.0,1.8798467258606473,-1.001718439542177,45,664664593.8000001,0.08341611673775405,-17287.917630975113,-0.08820757644590942
BERGEPAINT,2024-03-01,2024-03-05,stop,-1.0,0.3351314962766624,-1.2089643683356142,2,844842659.6130371,0.027089864833306068,-6735.862517174604,-0.032022140171222534
PPLPHARMA,2024-02-22,2024-03-06,stop,-1.0,0.3497569104410467,-1.1109954331642913,9,570238742.0736656,0.07158333501175614,-16341.70639713038,-0.07640437667422671
CCL,2024-02-28,2024-03-06,stop,-1.0,0.0,-1.258462979709391,5,90788044.42947388,0.056204928337446496,-13170.777123152699,-0.06106441601660273
TATACHEM,2024-03-06,2024-03-07,target,2.1207325540109343,4.889391944524244,0.0,1,1250485245.3755188,0.055027281226076495,23419.16077907379,0.11140640128821824
PATANJALI,2024-02-07,2024-03-11,stop,-1.0,0.8293655949825319,-1.2735016621010447,22,853849891.0258942,0.06975148975938397,-15908.883805144293,-0.07457711103498543
JUBLINGREA,2024-02-13,2024-03-12,stop,-1.0,0.3951560014745607,-1.1459547433042665,19,377458214.2380371,0.09296236315873654,-20279.37150999945,-0.09772995725083966
RAYMOND,2023-12-12,2024-03-13,stop,-1.0,1.1363092496837177,-1.3330794225617273,62,1136535919.9879394,0.08046648529820821,-16243.727932964328,-0.08526531908496258
IBULHSGFIN,2024-03-01,2024-03-13,stop,-1.0,0.07993149746858184,-1.4324591133154212,7,3182922521.3639827,0.12380370643109873,-27028.77576983837,-0.1284941971650209
EXIDEIND,2024-03-05,2024-03-13,stop,-1.0,0.12204366437954992,-1.7006542355373064,5,609824293.1329712,0.057108147011131025,-13104.997453609065,-0.06196537664360297
EASEMYTRIP,2024-03-11,2024-03-13,stop,-1.0,0.0,-1.418063288293532,2,1612774412.639986,0.0961955149616005,-21177.23491614546,-0.10095502617419637
GAEL,2024-01-29,2024-03-20,stop,-1.0,0.5883480173191329,-1.062646090187511,36,180683865.238974,0.14211335181795962,-29973.014217742973,-0.14675806843841463
INFY,2024-03-07,2024-03-20,stop,-1.0,0.6447472392758786,-1.0066768045699503,8,7003241702.215851,0.039480238389352745,-9240.391078838316,-0.044381537793379305
ABB,2024-02-22,2024-03-27,target,2.0,2.0715092150943635,-0.1160122250643766,22,2249859216.0774903,0.1060077412117865,44164.021007595744,0.2064854437175142
KPRMILL,2024-03-13,2024-03-28,target,2.0,2.4656285943252305,-0.7041051543343169,10,245604959.20031735,0.05064475573763914,19643.407644602332,0.09603628769659013
ABREL,2024-03-15,2024-04-01,target,2.0,2.2971009176330304,-0.2560269406006062,9,325407167.4731812,0.09372354729388865,36292.31082559854,0.18197847685130797
VOLTAS,2024-03-15,2024-04-03,target,2.0,2.095019829004638,-0.5772913673853471,11,1503460819.1123536,0.06719814406318811,25738.73850220255,0.12906029740606045
BSE,2024-03-27,2024-04-03,target,2.0,2.2774562859932623,0.0,4,1871677245.6569457,0.10318156012505766,40530.392940891325,0.20084721244949022
JUBLPHARMA,2024-03-13,2024-04-08,target,2.0,2.077368030727474,-0.6091950730332233,16,239520386.51688233,0.07829857661668921,30927.834630758924,0.15120566035029495
EICHERMOT,2024-03-21,2024-04-08,target,2.0,2.0230713290361217,-0.08699157656943318,10,2767879415.8320556,0.05375531283180346,20291.42057904538,0.10224184909944785
NESTLEIND,2024-04-01,2024-04-08,stop,-1.0,0.06919382407946245,-1.1713064094580392,5,2682090242.030847,0.04216088271674336,-9872.814111870268,-0.047055480509951446
METROPOLIS,2024-02-13,2024-04-12,target,2.0,2.067871434818673,-0.9041599788180783,39,756925775.4469727,0.07717583727850277,30911.02044431997,0.14896579537061322
TITAN,2024-03-28,2024-04-15,stop,-1.0027815639867184,0.47550026911620863,-1.1142014747123048,10,3482728106.4523315,0.04057870924460397,-9415.548101496553,-0.04558985256706397
ICICIGI,2024-04-08,2024-04-15,stop,-1.0,0.0,-1.2093446252728706,4,1274917456.0381956,0.05574845211914349,-13284.285452851325,-0.060609080988845515
SHOPERSTOP,2024-03-06,2024-04-19,stop,-1.0,1.450131230426159,-1.1091745243440472,27,59089489.725,0.06350467317112606,-14367.252430976165,-0.06834591148819817
CDSL,2024-04-15,2024-04-24,target,1.9999999999999978,2.2705698799972773,-0.4666294717678079,6,5444600853.235107,0.050728924956797844,21088.30457518834,0.09620420528881167
JUSTDIAL,2024-04-19,2024-04-30,target,2.0,2.4186819526377135,0.0,7,747865499.8731995,0.06697862851431523,27805.91786788076,0.12862236388605902
SONACOMS,2024-04-15,2024-05-02,stop,-1.0,0.7158790688013452,-1.4193881701671076,11,1665370855.7861114,0.06108281501986789,-14452.114578902705,-0.06593010798231828
YESBANK,2024-04-30,2024-05-03,stop,-1.088306918858858,0.0,-1.360383864800765,2,6267735127.051981,0.08092696919438216,-20571.361802784042,-0.09285319704528243
DRREDDY,2024-05-03,2024-05-08,stop,-1.0,0.29448098398466366,-1.2764499497123707,3,2364590951.8010254,0.04317599176547055,-10676.257393463446,-0.04806805178605681
LATENTVIEW,2024-04-01,2024-05-09,stop,-1.0,1.1725105481088527,-1.0154691017756146,25,498522024.5625,0.09206033931477287,-20316.155329554087,-0.09683018846648576
NSLNISP,2024-04-12,2024-05-10,stop,-1.0,0.5128015059996492,-1.2290985514493866,18,1098571672.3188515,0.09335433864089976,-21637.613431843434,-0.09812095279429729
DLF,2024-04-24,2024-05-10,stop,-1.0,0.438092380399482,-1.2586427966510652,11,3460658463.104092,0.06464625920370685,-15354.364222251428,-0.0694846435556974
LICHSGFIN,2024-04-08,2024-05-13,stop,-1.0,0.8845310807083148,-1.0258476546058222,22,1196662879.5541077,0.05886068381925542,-13964.718387835785,-0.0637135321097072
SKFINDIA,2024-05-02,2024-05-13,target,2.0,2.0626984861675317,-0.3141388879729432,7,103804071.85312499,0.056881997798285365,24059.80627339347,0.10847958560757938
JYOTHYLAB,2024-05-08,2024-05-22,stop,-1.0,0.6185561792378736,-1.0174810526104396,9,487055163.7855911,0.07388236601798069,-16692.649346907358,-0.07869766010293563
SJVN,2024-04-03,2024-06-04,stop,-1.0,1.4093004964286486,-1.171060372634268,40,4833716847.995464,0.11288651681664262,-25340.744170052254,-0.1176043005246008
USHAMART,2024-04-03,2024-06-04,stop,-1.0,1.7974429506536096,-1.1771981249180377,40,332690349.99912417,0.08019254590533789,-18313.634402823016,-0.08499206454057442
IRB,2024-04-08,2024-06-04,stop,-1.0,1.2448799048303025,-1.3284190461762697,37,1437188040.9593842,0.1050487453715855,-24062.89915058687,-0.10978612350815646
ZENSARTECH,2024-05-13,2024-06-04,stop,-1.0,0.9931348408800971,-1.4006964672849989,15,949298882.6321137,0.08820883035077855,-19465.464729579468,-0.09298830827490139
KALYANKJIL,2024-05-13,2024-06-04,stop,-1.0,0.05247570207051425,-2.0714624992970094,15,662980460.4232041,0.09183894979085641,-20223.466550752608,-0.09660935241637908
REDINGTON,2024-05-13,2024-06-04,stop,-1.0,0.787895103621335,-1.3906004703690018,15,398631756.99165344,0.07175498541104797,-16029.752865137743,-0.07657559794752018
HEROMOTOCO,2024-05-10,2024-06-05,target,2.0,3.4524885523656024,-0.20296321629878894,17,3710516893.110791,0.059676117372659064,23825.19939383452,0.11405385415845481
HINDCOPPER,2024-06-04,2024-06-05,stop,-2.0030666174509224,0.0,-2.5670069837442,1,4879372814.429636,0.08770330399440945,-39131.75623417031,-0.1802363715701733
IRB,2024-06-04,2024-06-05,stop,-1.0,0.0,-1.3004185176856906,1,4167398021.6692257,0.11038048107363968,-24990.751673034625,-0.11510452987095532
CENTRALBK,2024-06-04,2024-06-05,stop,-1.7279628944769438,0.0,-2.43642710546369,1,1254960826.167984,0.08037727084115205,-31164.850451513095,-0.14354171921890213
VMART,2024-06-04,2024-06-05,target,2.0,2.0406604106352937,0.0,1,78326625.08048096,0.08077243371512165,33900.32601537918,0.15614100526166796
KARURVYSYA,2024-06-04,2024-06-05,stop,-1.357314419550921,0.0,-1.7140702104529422,1,463508504.3973907,0.0613032357491307,-19105.93625513945,-0.08799974643280592
KEC,2024-06-04,2024-06-05,stop,-1.0,0.0,-1.5089645925214537,1,484873476.10559994,0.06481695408301233,-15123.024289300676,-0.06965491169780473
SUPRAJIT,2024-03-21,2024-06-06,target,2.0,2.78313132029748,-0.08869955286006441,49,222932452.71297455,0.08572856576637143,32950.83101556052,0.16602848870391107
BIOCON,2024-06-06,2024-07-05,target,2.0,2.0882634913447573,0.0,20,3122847124.151085,0.0992782750693074,37708.819162185355,0.19306015876326835
COLPAL,2024-06-05,2024-07-15,target,2.0,2.0715726356474486,-0.17992088505566037,27,1335160389.6210938,0.05041912102234572,17876.040082639203,0.09558614643957997
VTL,2024-06-06,2024-07-15,target,2.0,2.6467780799217313,-0.20244887625419317,26,127820083.13576661,0.0924947888234585,35065.521190940766,0.1795271037027998
JUSTDIAL,2024-07-15,2024-07-18,target,2.0,3.0372699581732188,0.0,2,270236262.7220917,0.07486049001523801,29775.670953269248,0.1443466775803999
TATAINVEST,2024-07-15,2024-07-23,stop,-1.0,0.11694776808282839,-1.028980455480844,5,286045037.1743164,0.0740115541487309,-16260.247329378406,-0.07882652526335901
MAHABANK,2024-07-16,2024-07-23,stop,-1.0,0.1218357624051227,-1.293490028312107,4,1299948325.7248924,0.07106292991327515,-15862.532845773108,-0.07588527258849187
DLF,2024-07-18,2024-07-23,stop,-1.0,0.15172146507116735,-1.6132820291508359,3,2595261568.8992186,0.04696754400676503,-10833.526742185208,-0.05185012514674798
HINDALCO,2024-07-23,2024-07-25,stop,-1.0,0.0,-1.0741197797973814,2,3628323925.2695866,0.05400686675773441,-12232.116166774855,-0.058871849590839964
MAHLIFE,2024-07-05,2024-08-05,stop,-1.0,0.15936935971136168,-1.113126985545614,20,182427787.26335755,0.08942469192857894,-19120.94105834935,-0.09420113019875741
DCMSHRIRAM,2024-07-23,2024-08-06,target,2.000000000000002,2.820049883793074,0.0,10,41316557.03613281,0.05418155553421002,21420.013390192897,0.10309220329074928
IEX,2024-06-06,2024-08-08,target,2.0082339149628434,2.0421829542252476,-0.1279641256634373,43,1920963973.056642,0.11833227434836392,45323.35959801684,0.2320447893646196
KPRMILL,2024-08-07,2024-08-13,stop,-1.0,0.0,-1.0319471791270272,4,556157896.3582764,0.09563744655263408,-20633.19944898696,-0.10039835293625228
POLICYBZR,2024-06-06,2024-08-14,target,2.0,2.98217569635276,-0.29062954287169,47,5578398608.353747,0.10801148931872408,41111.861001041296,0.2104829211908547
VIJAYA,2024-07-24,2024-08-20,target,2.0,2.328878377708126,-0.15022184745049902,18,257587249.6068878,0.07370123499199101,29083.406811168596,0.14203396380902214
CEATLTD,2024-08-05,2024-08-21,target,2.0,2.3544246727353846,-0.3074130706533492,11,852724410.3372314,0.048669000218571484,19199.33066735298,0.09209465543605032
BAJAJ-AUTO,2024-05-10,2024-08-23,target,2.0,2.666466250444609,-0.40522875613443465,71,4194497626.3401856,0.06617401889885388,26533.16163051247,0.12701716770321345
INDHOTEL,2024-08-08,2024-09-10,target,2.0,2.4099845945883,-0.4948519509508556,22,2793226007.517963,0.054283779191837835,21641.408801244397,0.10329613948771646
AETHER,2024-08-14,2024-09-10,target,2.0,2.4834998239973127,-0.6006355528893651,18,61524916.36810303,0.07126544929858478,28391.633806905862,0.13717457135067687
ARE&M,2024-08-08,2024-09-18,stop,-1.0,0.5468579757929799,-1.0200611503207828,28,1506141754.1848755,0.10743774372766642,-23500.37889515621,-0.11216914936834706
BLUEDART,2024-09-18,2024-09-19,stop,-1.339827991012646,0.0,-2.570014591091212,1,705160746.3427734,0.03567151636386984,-11610.384080473299,-0.05267421186591295
DMART,2024-06-06,2024-09-24,target,2.0,2.012576071693642,-0.8059681696469289,75,2287729954.125,0.06365836091965303,23828.928587437804,0.12199843003470798
BLUESTARCO,2024-08-14,2024-09-26,target,2.0000000000000013,2.768270049444784,-0.47407018598105566,30,655923705.3576416,0.09754422806186269,39242.51108762657,0.1896007349834162
AVANTIFEED,2024-09-10,2024-09-27,stop,-1.0,0.19377933551980428,-1.271774805913224,13,665657932.5889893,0.08860226037564868,-20171.074386240776,-0.09338075472470957
AMBER,2024-09-24,2024-09-27,stop,-1.0,0.0,-1.2316215277421638,3,1308976369.41167,0.07089346900110975,-16853.48372807297,-0.07571623532860701
SAREGAMA,2024-09-26,2024-09-27,stop,-1.0,0.0,-1.1539292488877677,1,537325943.1704956,0.0477724319953209,-11629.269469604067,-0.052653000915332426
360ONE,2024-09-27,2024-10-03,stop,-1.0,0.10720484075394808,-1.6564831737368346,3,502334205.47539675,0.07591024674818557,-17754.082095354646,-0.08072047113131499
IRB,2024-06-06,2024-10-07,stop,-1.0,0.8116756498585926,-1.1739503611392226,83,4473363550.412919,0.16337686382783362,-32807.86091869386,-0.16796842166826403
ADANIGREEN,2024-08-20,2024-10-07,stop,-1.0,1.287705441034717,-1.2132384481740033,33,6012858116.2,0.07461669025804915,-16723.05567706511,-0.07943014853240393
INDIGOPNTS,2024-09-27,2024-10-22,target,2.0,2.1132327510232316,-0.9710068082069635,16,2207211804.1368833,0.059484023727099926,25001.311578856217,0.11367062733556442
TIINDIA,2024-08-21,2024-10-23,target,2.0,2.279083108452044,-0.8604234069291093,44,859868255.4914062,0.07245223434353841,29598.87365086274,0.13954220751535923
LALPATHLAB,2024-10-03,2024-10-23,stop,-1.0,1.6135036322373826,-1.1731777298947454,14,531342153.62572026,0.04339488053806776,-10528.316347727312,-0.0482863933367226
TORNTPHARM,2024-10-07,2024-10-24,stop,-1.0,0.5226326311889341,-1.0068607557509177,13,972627370.6912963,0.05520861578969514,-12779.116524250716,-0.06007059425022076
JUSTDIAL,2024-09-19,2024-10-25,stop,-1.0,1.78292770539675,-1.2287492121367454,25,368944401.25250244,0.09059933060131481,-20731.518013181656,-0.09537283227481125
CLEAN,2024-09-27,2024-10-25,stop,-1.0,0.9614614337216618,-1.109776719118645,19,226944144.9580078,0.05597113560806988,-13379.53361216573,-0.060831207769049614
CUB,2024-10-23,2024-10-29,target,1.9999999999999971,2.113164576616736,0.0,4,1105522654.5657852,0.04005089352850852,15668.565096111712,0.07490153258937461
DEEPAKFERT,2024-10-24,2024-10-29,target,2.0,3.239166662773897,-0.2888885096006532,3,1259892007.78833,0.07147593055038398,29228.0655200256,0.1375944814480163
UBL,2024-06-06,2024-11-12,stop,-1.0,1.5614256083980815,-1.0968788764440842,109,710141715.0421876,0.06211796155392261,-13079.25520987604,-0.06696266665003774
PIDILITIND,2024-08-23,2024-11-13,stop,-1.0,1.9910432148966881,-1.1842467364663718,57,1036174731.2890625,0.04487543604883701,-10690.352070639254,-0.04976324745871477
OLECTRA,2024-10-29,2024-11-13,stop,-1.0,0.2241718133260166,-1.2934139532601192,11,1768014630.4542968,0.09872292091501464,-21765.07686808021,-0.10347611361272711
HDFCLIFE,2024-10-29,2024-11-14,stop,-1.031849543208907,0.7632856634789883,-1.031849543208907,12,2231370099.960077,0.04926656363410641,-11717.697392073764,-0.05570859197837189
METROPOLIS,2024-11-13,2024-11-14,stop,-1.0,0.0,-1.126538373002404,1,245899477.6147949,0.05768861704067036,-13215.065148629214,-0.06254439549806862
GUJALKALI,2024-09-10,2024-11-19,stop,-1.0,1.4786747679337358,-1.0748973844028622,48,81397149.72839355,0.07098938416378707,-16376.04766280846,-0.07581191070337746
THERMAX,2024-11-18,2024-11-19,stop,-1.0,0.0,-1.0333566130561624,1,399743718.17539066,0.09468471636436408,-20427.463978457377,-0.0994480045734531
WELCORP,2024-10-24,2024-11-21,stop,-1.0,1.7962717466031874,-1.1505585706972015,18,681317247.0088623,0.07438442431295796,-16823.479028077672,-0.0791984632521755
BHARTIHEXA,2024-11-14,2024-11-22,stop,-1.0,0.21523242046394667,-1.00407913327263,4,563081270.5781982,0.06919683168206008,-15066.639950763261,-0.07402383960285489
ERIS,2024-10-25,2024-11-25,target,2.0,2.072666433118949,-0.2067633419059803,19,359990241.19140625,0.07768428804556556,31894.803469414008,0.14998015465090328
BAJAJHLDNG,2024-11-12,2024-11-27,stop,-1.0,0.49079934392054886,-1.12182494571481,9,378917119.9734375,0.05718131511127625,-13328.858266142597,-0.06203836182349799
CAPLIPOINT,2024-11-19,2024-12-03,target,2.0,2.18770181617706,-0.4025459801652713,9,236741983.04439697,0.08357599463009306,32943.69417595692,0.16173410928703583
ANANDRATHI,2024-11-19,2024-12-09,target,2.0,2.338710118643271,-0.10669833838969114,13,204300717.23637694,0.07090584715962868,27795.021931022497,0.13645716508345926
NAM-INDIA,2024-10-24,2024-12-10,target,2.0,2.2355849523542717,-0.44149130817449456,31,843404167.3106691,0.08567775447825675,35246.535248021086,0.16592712018412237
GICRE,2024-11-27,2024-12-18,target,2.0,2.0520246265422832,-0.24975348248910315,15,200857788.42970583,0.07407315545536186,29484.120681877375,0.14277594513344702
VEDL,2024-12-09,2024-12-20,stop,-1.0,1.1148919801579837,-1.0302421096788024,9,4246141815.941162,0.04844008779681107,-11273.01850049018,-0.053318987577318885
TEJASNET,2024-10-22,2024-12-23,stop,-1.0,0.9380650206704393,-1.0448182230759908,42,1453204282.7321045,0.10424976292415952,-23158.11516062538,-0.10898913851684897
DOMS,2024-11-22,2024-12-23,stop,-1.0,1.1244348368173065,-1.3807492333631508,21,274761512.58427733,0.08493176424776289,-17900.533927192002,-0.08971943483714326
MANKIND,2024-12-10,2024-12-23,target,2.0,2.365116186296005,-0.21851042926380412,9,766760971.4268554,0.06468779118287121,26314.157889907296,0.12405214340982813
MANYAVAR,2024-12-18,2024-12-26,stop,-1.0,0.0,-1.1275824446574987,5,270178904.58462524,0.07656382105071316,-17420.9050495349,-0.08137241149808622
JPPOWER,2024-12-20,2024-12-26,stop,-1.0,0.0,-1.0279427866323598,3,1291297650.8970103,0.07871648200924458,-17925.53092645707,-0.08351969080422124
PETRONET,2024-12-23,2025-01-02,stop,-1.0,0.6783371141454432,-1.1915115882513554,7,846367032.0469971,0.050157509938477736,-11487.734969580224,-0.055032116163631455
TATACHEM,2024-10-29,2025-01-06,stop,-1.0,0.6194609281779637,-1.0310385631802133,46,4299350094.7114935,0.09821830344553371,-21659.20141494709,-0.1029727576869197
ASAHIINDIA,2024-12-09,2025-01-06,stop,-1.0,1.3207893715704815,-1.1444675544686833,19,112154421.24624023,0.062223011550665216,-14179.801311343888,-0.06706745402178838
APARINDS,2024-12-24,2025-01-07,target,2.0,2.5071264161383167,-0.4535575079955394,9,720611665.3338867,0.062284307563061816,24753.87827767352,0.11925719358830839
SAREGAMA,2025-01-06,2025-01-07,target,2.0,2.1306314398323596,0.0,1,534308426.67908627,0.05263675704139202,20780.64114476406,0.10001033029757715
UBL,2024-12-26,2025-01-08,stop,-1.0,0.855048016259374,-1.487485235009817,9,363445895.154187,0.04722409948269442,-10777.752972846098,-0.05210603923398762
HDFCBANK,2024-11-21,2025-01-09,stop,-1.0,1.6750945313253829,-1.1710302540254962,34,24725595164.96708,0.04456709857356332,-10019.944322309892,-0.049455680827129346
TECHNOE,2024-12-23,2025-01-09,stop,-1.0,0.22759639207832774,-1.0234236740357814,12,432918009.99792475,0.11804097490661579,-25622.71178787846,-0.12274587246934912
NETWEB,2025-01-02,2025-01-10,stop,-1.0,0.11371448213317205,-1.5972837525403891,6,715733250.29823,0.07614062198983852,-16981.79388486588,-0.08095027043486382
AEGISLOG,2025-01-08,2025-01-10,stop,-1.0,0.0,-1.3057137104375587,2,2960794202.9940553,0.15473894918782988,-33227.31847417691,-0.15935210181486018
KIRLOSBROS,2025-01-08,2025-01-10,stop,-1.0,0.13494939155767247,-1.1421216724061143,2,614639561.6530517,0.08309242968116197,-18325.286183003827,-0.08788469860695894
RAINBOW,2025-01-08,2025-01-10,stop,-1.0,0.0,-1.1209536208780766,2,184752877.0918579,0.06622699926278729,-14817.38111755594,-0.07106143176463027
LTIM,2025-01-13,2025-01-14,stop,-1.0,0.0,-1.2776307882224731,1,2536279398.7999997,0.04755402135376778,-10400.879693011393,-0.05243513630038322
VIJAYA,2025-01-07,2025-01-22,stop,-1.0,0.9361048582496433,-1.1739666494430616,11,395672745.9366211,0.1130332737652901,-24058.485265962336,-0.1177506905808768
RKFORGE,2025-01-17,2025-01-22,stop,-1.0,0.28796955940600616,-1.5274938829953748,3,1519737184.694168,0.08010972491246841,-16498.495036191736,-0.0849094506001871
M&M,2024-11-25,2025-01-24,stop,-1.0,0.5909639066140076,-1.039337725030845,43,11291470792.779589,0.08917498163621583,-18791.284192305397,-0.09395204418212509
CONCORDBIO,2024-12-03,2025-01-27,stop,-1.0,0.8878702305219087,-1.3195414881419998,38,203489425.65307617,0.09182820900308143,-20079.3188139248,-0.09659863848057355
GILLETTE,2024-12-26,2025-01-27,stop,-1.0,0.7458292376751755,-1.0086825755983753,22,293267745.0144531,0.06565490106244798,-14580.498736384807,-0.07049076380979162
GRANULES,2025-01-15,2025-01-27,stop,-1.0,0.46671372382153425,-1.2491059089934928,8,1022993845.2511597,0.06894061477782289,-14437.328557107885,-0.0737682632408782
FSL,2025-01-15,2025-01-28,stop,-1.0,0.7397684426288987,-1.3269300045071986,9,1418345716.6830978,0.1038010150334095,-21242.867991492843,-0.1085415124958259
COFORGE,2025-01-24,2025-01-28,stop,-1.0,0.052431821355954845,-1.126336905711738,2,5196374630.953857,0.06455332124235197,-13226.943559652507,-0.06939193793924607
DCMSHRIRAM,2025-01-28,2025-02-03,stop,-1.0,0.0878842820318216,-1.0222346742001835,5,79130544.64672852,0.09011803274170549,-17460.44855033025,-0.09489273765985098
SBFC,2025-01-13,2025-02-11,stop,-1.0,1.508528843999058,-1.5241336716000997,21,157392056.66542703,0.04517987772483686,-9931.128853389479,-0.05006692803052456
ALIVUS,2025-01-22,2025-02-12,stop,-1.0,1.717132301013357,-1.413944952874177,16,132079357.29715575,0.062473674493871895,-12811.018344370152,-0.06731749030763706
WOCKPHARMA,2025-02-03,2025-02-12,stop,-1.0,0.6751688635533096,-1.0404093098204101,7,874258051.7498046,0.1154230418360637,-21954.675063822637,-0.12013448423147347
LTTS,2025-01-30,2025-02-13,stop,-1.0,0.8575617489918999,-1.0402675960051484,11,1217300747.0711915,0.06429878787620912,-12542.341955706213,-0.06913804090651846
SIGNATURE,2025-02-11,2025-02-13,stop,-1.0,0.0,-1.118377520244741,2,851765453.3687257,0.06549151445725947,-12876.242964099896,-0.07032778567111612
GODFRYPHLP,2025-02-13,2025-02-17,target,1.9999999999999991,2.3066253469424813,-0.25017988441356714,2,1645381005.3780944,0.1363158894179542,46708.94537968912,0.26695019938881864
KARURVYSYA,2025-01-31,2025-02-18,stop,-1.0,0.2854932588956003,-1.2529628882567234,13,511440816.40402836,0.07440856517865582,-14415.977001723424,-0.07922254376570916
GODREJAGRO,2025-02-13,2025-02-18,stop,-1.0,0.0,-1.1187933251500954,3,118036966.17172852,0.085528231845927,-15802.538872400813,-0.09031441126631218
GODFRYPHLP,2025-02-17,2025-02-18,target,2.0,2.64840447174011,0.0,1,2846020875.3715024,0.12210545028417857,41439.569162025815,0.23860037331693626
TVSMOTOR,2025-01-30,2025-02-21,stop,-1.0,1.7164029446109412,-1.029381150841536,17,2134951085.1012697,0.06182597778631565,-12094.870603336722,-0.06667141284184973
HYUNDAI,2025-02-18,2025-02-27,stop,-1.0,0.352062037729879,-1.091847418718136,6,2446623049.9043217,0.07147622407711933,-13580.559915826861,-0.07629753351692643
HYUNDAI,2025-02-27,2025-02-28,stop,-1.0,0.03898629913007427,-1.3404337880830555,1,2489377459.1785583,0.0630968130792871,-12093.112525339066,-0.06793907104658882
AAVAS,2025-01-30,2025-03-10,target,2.0,2.1064326955406356,-0.36872964138364794,27,336829434.9414673,0.04295886886547017,14640.332579794993,0.08070294338661313
HINDALCO,2025-02-28,2025-03-10,target,2.0,2.328987501063323,-0.2731335860556466,6,3480987130.4596066,0.05404625000736539,18180.406471241524,0.10282226876469405
INDIGO,2025-02-21,2025-03-19,target,2.0,2.1472318872152556,-0.9029841520197607,16,3314815552.381641,0.057205444666953216,19652.528636571617,0.10912486211057193
ASTRAZEN,2025-01-23,2025-03-20,target,2.0,3.3473901491622677,-0.4759476003760592,39,544995673.9569092,0.08553710117142506,31162.18872989967,0.1656465168369931
BHARTIARTL,2025-01-09,2025-03-24,target,2.0762551753310907,2.0762551753310907,-0.6006306473669565,51,7965923546.728126,0.04214316914846722,16792.704070443073,0.08228122311673537
CHOLAHLDNG,2025-02-12,2025-03-24,target,2.0,2.335770373965135,-0.6001715353221946,26,432206283.14588016,0.08131803432927742,27897.116758259734,0.1572294784869084
SOLARINDS,2025-03-11,2025-03-26,target,2.0,2.079046234272148,-0.30356922767013866,10,1057763999.9546875,0.06218510569024509,21743.368771636284,0.11905928585203912
DCMSHRIRAM,2025-03-24,2025-03-27,stop,-1.0,0.3749188812427419,-1.3739827691930964,3,82474627.86541748,0.10072744802523444,-20101.156357059812,-0.1054756294051712
VIJAYA,2025-03-20,2025-04-01,stop,-1.0,0.0,-1.1501741788883728,7,2738367055.352704,0.1268278598497712,-24742.148604839684,-0.1315107902001468
BAJAJHLDNG,2025-02-13,2025-04-07,stop,-1.7422463402843351,1.7715537695594874,-1.7422463402843351,34,952014548.5517579,0.06112490790528015,-19461.913726588486,-0.11122841048044578
SARDAEN,2025-02-18,2025-04-07,stop,-1.707979766694276,1.5377659837035884,-1.707979766694276,31,211676441.4455383,0.10612255439335094,-33071.7860708855,-0.1858020377545217
MEDANTA,2025-02-18,2025-04-07,stop,-1.247985188962196,1.2752986623809262,-1.247985188962196,31,431767691.35528564,0.092928789874758,-21481.085421336193,-0.12068381900839828
MAZDOCK,2025-03-20,2025-04-07,stop,-1.6323750563372033,0.301914779547624,-1.7088530910539697,11,8947005947.733019,0.10307378076390476,-32516.686802397806,-0.17283443100966409
IDBI,2025-03-24,2025-04-07,stop,-1.2364139162218477,0.0,-1.5953728419407125,9,414363834.6444992,0.07644056955407061,-18919.63546469836,-0.09927590350067542
RPOWER,2025-03-28,2025-04-07,stop,-1.5962322267686666,0.27769810732340994,-1.7085829928787142,5,1317765124.6249192,0.10927398995871987,-33541.084309599566,-0.1789905976589049
HOMEFIRST,2025-04-11,2025-04-22,target,2.0,2.0158488425157173,0.0,5,461273229.4143494,0.09791175275848543,32201.094270296704,0.19033394675317833
TVSMOTOR,2025-04-09,2025-04-23,target,2.0,2.029417527793225,0.0,7,1577461720.144629,0.07363126786690767,23868.251256967378,0.1418943793944809
COHANCE,2025-04-22,2025-05-07,stop,-1.0,0.3877596927428986,-1.0032901790351223,10,461255148.24582523,0.10566503768830242,-19773.54052464824,-0.11040087509408168
FSL,2025-04-23,2025-05-07,stop,-1.0055888593743723,0.3328154027876264,-1.2055638801741828,9,894790371.4859467,0.10024161300888322,-19118.50488202208,-0.10554984466423141
TATAINVEST,2025-03-10,2025-05-09,stop,-1.0,0.3077970411846242,-1.0256978457672528,38,1522766995.4746704,0.09913394779820743,-18725.979071978825,-0.10388611292871187
MUTHOOTFIN,2025-05-08,2025-05-09,stop,-1.0394516166652403,0.0,-1.0394516166652403,1,2987486548.999219,0.06720687816613244,-13162.93116850996,-0.07468365241540803
JKCEMENT,2025-03-24,2025-05-15,target,2.0,2.0777269133408134,-0.6436510624773565,33,563774455.2189697,0.05605969404695947,20360.999575759008,0.10683908962368432
ERIS,2025-04-09,2025-05-27,target,2.0,2.0648748013568645,0.0,30,251617751.10947266,0.1091853959799681,35799.567063551,0.2128248649800365
GLAXO,2025-05-12,2025-05-28,target,2.0,2.17006249441074,-0.26808852577247444,12,600773489.405957,0.09861697390271758,32845.85876993485,0.1917408629359216
MEDANTA,2025-05-08,2025-06-20,stop,-1.0,0.5037357834114337,-1.0902308158816418,31,244392934.93879393,0.06885528637671932,-12986.593131850314,-0.07368314816077738
MARICO,2025-06-23,2025-06-27,target,2.0,2.0038599856484955,0.0,4,1301686340.3176727,0.03228211369468499,10467.272662853758,0.05940281682089666
ULTRACEMCO,2025-03-26,2025-07-02,target,2.0,2.3123683789799006,-0.9301932392679847,65,5217334040.545753,0.043545875389947156,15280.51028363822,0.08187402140294471
CRAFTSMAN,2025-05-12,2025-07-04,target,2.0,2.943779507308522,0.0,39,196941959.57104492,0.1000110916667458,33322.29886724712,0.19452212787515794
KAYNES,2025-07-02,2025-07-23,stop,-1.0,0.5392898966466813,-1.0526183540674827,15,3624475871.725,0.06867741685378181,-13656.119092856308,-0.0735057233116473
RADICO,2025-07-04,2025-08-01,target,2.0,2.318181685897465,0.0,20,630310183.1166503,0.05957241419061579,21296.851666912986,0.11384696631027866
KPRMILL,2025-07-07,2025-08-01,stop,-1.0,0.8294920583864857,-1.4562634444533629,19,626453365.3721191,0.0707460233624733,-14168.067514943354,-0.07556915830406687
JUBLFOOD,2025-04-09,2025-08-06,stop,-1.0,0.8623522656781486,-1.175765971745093,81,1301696254.8319733,0.07270895277114016,-13040.955030569221,-0.0775271803892123
GRAVITA,2025-08-01,2025-08-06,stop,-1.0,0.0,-1.0230006927967865,3,628711471.875,0.06591104309697128,-12792.548732232994,-0.07074626548922869
EMAMILTD,2025-08-01,2025-08-25,stop,-1.0,1.4017829687758496,-1.1586171112516641,15,470919883.73759764,0.04699899074192466,-9381.364886256382,-0.05188149326506968
SHREECEM,2025-06-30,2025-08-26,stop,-1.0,1.4360743305973385,-1.0019110039332189,40,1771460356.6843748,0.03737955723419914,-7778.7420600906335,-0.04228610834111346
CGPOWER,2025-08-25,2025-09-03,target,2.1598302234143056,2.4527166351111678,-0.7592118747125722,6,1539353172.5657837,0.044806398565475566,16768.276656785045,0.09153227828950146
NATIONALUM,2025-05-29,2025-09-05,target,2.0,2.104726034279748,-0.6217486395221443,69,2373182803.36167,0.07279878611345443,25155.36268759633,0.1402335782963417
TATASTEEL,2025-05-15,2025-09-08,target,2.0,2.212659090872405,-0.232243684505456,80,5551545119.479965,0.06110062013905219,20599.991451115256,0.11689573717740917
KAYNES,2025-08-01,2025-09-08,target,2.0,2.1030855684011907,-0.9527790972867272,24,2962550742.0,0.07631634246359972,26626.37950886955,0.14725110321488163
MRF,2025-09-03,2025-09-10,stop,-1.0,0.14559517628676538,-1.1601964356142025,5,1207995700.3953125,0.04976567757357117,-9863.72731715318,-0.05464126337963697
TECHNOE,2025-08-26,2025-09-12,stop,-1.0,0.19789976571992035,-1.0918725702996928,12,374094604.5524292,0.06894365142524736,-13356.02886159624,-0.07377129229668407
RTNINDIA,2025-09-08,2025-09-12,stop,-1.0,0.0,-1.2098459571141993,4,1008188354.1320877,0.09126089377750793,-17681.89972083435,-0.09603274154306403
VEDL,2025-05-27,2025-09-17,target,2.0,2.17514702952168,-0.8731635623186396,79,3380899284.699847,0.051613743898423034,17445.587451698895,0.09796941907735411
TATAINVEST,2025-09-08,2025-09-18,target,2.0,2.896482576651906,-0.36459414914721183,8,193670297.5583496,0.040174012401667306,13836.36906633875,0.07514715474132641
DCMSHRIRAM,2025-09-18,2025-09-19,stop,-1.0,0.0,-2.178548158028944,1,367725427.0255005,0.026647493780704568,-5873.59967369093,-0.031580875046252684
GLENMARK,2025-09-10,2025-09-22,stop,-1.0,0.4605359433490254,-1.0610400949413066,8,1658301500.0912476,0.046162109190302184,-9449.161539282682,-0.051046703917326394
GMRAIRPORT,2025-09-17,2025-09-24,stop,-1.0,0.19333422291234867,-1.016245204448351,5,1593869021.827223,0.04338126753769776,-8925.77322121539,-0.048272814368853424
VIJAYA,2025-09-05,2025-09-26,stop,-1.0,0.5775312116996709,-1.2068270560856815,15,215331898.225708,0.05698808017049695,-11298.494092891971,-0.061845609970070575
PFC,2025-09-24,2025-09-26,stop,-1.0,0.07238639490175888,-1.3673211603037365,2,1673366796.9663177,0.030177416553560783,-6431.880277394155,-0.035101973012176754
SOBHA,2025-09-18,2025-09-29,stop,-1.0,0.3059834389279901,-1.077101262449996,7,242417556.03848878,0.06049133627317085,-12152.343342896986,-0.06534010793248778
TARIL,2025-09-08,2025-10-13,stop,-1.0,1.5962487055281078,-1.0234873347208706,24,369853912.43290097,0.06109610479612489,-12141.733540160547,-0.06594336453413445
ASTERDM,2025-09-22,2025-10-20,target,2.0,2.2049116611791413,-0.9008849334576329,19,640160558.3203125,0.05293955484478206,18763.37334819262,0.1006144119153402
IOC,2025-09-30,2025-10-29,target,2.0,2.3970699220225566,-0.2451305845707119,19,1164635870.8143616,0.03806410440816631,12401.760217866406,0.0709378882942918
SAGILITY,2025-09-12,2025-10-30,target,2.03591415876813,3.1024608693716313,-0.6753989423961841,32,1557182049.5989408,0.09122534040532049,33202.801888308364,0.18026264476421044
NIACL,2025-10-13,2025-11-03,stop,-1.0,0.08541376090911137,-1.0776021699550624,14,125043751.10031739,0.052522913459374265,-10391.602127332182,-0.05739160617572581
AFFLE,2025-08-06,2025-11-04,stop,-1.0,1.671372582253476,-1.1689994783362307,60,463693905.4187622,0.06895832409839048,-13399.24655243917,-0.07378592828814438
GPPL,2025-09-26,2025-11-06,target,2.403239173472364,2.9689302546950196,-0.11389574124846565,26,250103493.83538362,0.05061714093042188,20996.0800040784,0.1163409831933286
DELHIVERY,2025-10-20,2025-11-06,stop,-1.0,1.124100502678513,-1.119913654049897,11,1738195096.9056108,0.0515724286949105,-10095.01814072547,-0.05644349762317314
KAJARIACER,2025-10-29,2025-11-06,stop,-1.0,0.19608584145392852,-1.2971832588490657,5,256844222.86672366,0.0543867879605157,-10881.532742561678,-0.05925082099061426
UPL,2025-04-15,2025-11-07,target,2.0,2.1109703583042636,-0.5858652294354086,141,1333782195.232675,0.08153035772691282,26855.66600902119,0.1576530636651912
BLUEDART,2025-10-30,2025-11-07,stop,-1.0,0.41301059680415053,-1.2122625850640345,5,1587788299.4,0.05944858317583088,-11963.171966913638,-0.06429996171789129
SYRMA,2025-11-07,2025-11-11,target,2.0,2.0851413261411427,0.0,2,1045187388.3106322,0.0686216256222717,24156.093798122824,0.1319001431164321
MARICO,2025-11-03,2025-11-17,target,2.0,2.4292904509878666,-0.527560091324613,9,1100928228.0091643,0.027785768981411458,9398.127518809504,0.050432609117916055
BDL,2025-11-17,2025-11-21,stop,-1.0,0.0,-1.142892179650343,4,2447838390.091754,0.062486489319421544,-12634.966799334918,-0.06733027309612288
GODIGIT,2025-10-30,2025-12-02,stop,-1.0,0.17385626550097913,-1.0083666664085813,22,295645260.0556549,0.05141254854166084,-10471.785027668882,-0.056284017170306476
REDINGTON,2025-11-07,2025-12-05,stop,-1.0,1.0202763440706792,-1.0535197095564224,20,2339509384.76694,0.06816631555425234,-13368.414619945128,-0.07299589976536652
BEL,2025-09-26,2025-12-08,stop,-1.0,1.5696929321037405,-1.0703741531786821,48,5905941815.388345,0.043165608739901565,-8672.981570347003,-0.04805769471805169
POWERINDIA,2025-11-06,2025-12-08,stop,-1.0,1.9235167815150513,-1.3506350576318704,22,2901987060.2999997,0.0649051249358499,-12868.286916232875,-0.06974286212351029
BDL,2025-12-02,2025-12-08,stop,-1.0,0.0,-1.28590450295975,4,2251057044.5771484,0.0697902032126654,-13981.670215148433,-0.07461572770463369
DABUR,2025-11-07,2025-12-09,stop,-1.0,0.34003791309696574,-1.033023378991119,22,1446484468.6368866,0.04450723229435077,-9046.340031181866,-0.04939596421361478
UNOMINDA,2025-11-11,2025-12-09,stop,-1.0,0.16105547569237483,-1.1204827806898032,20,1258560192.5055175,0.06558035991666308,-13049.575963373678,-0.0704164090168712
ERIS,2025-12-10,2025-12-11,stop,-1.0,0.0,-1.1928879995986577,1,455133363.560791,0.06114672744614058,-11688.96606595179,-0.06599386062752513
CHOLAFIN,2025-12-08,2025-12-19,stop,-1.0,0.3316069898650611,-1.4014626723213552,9,2085273765.702832,0.04776185191761512,-9569.020936739917,-0.05264244728782097
HINDCOPPER,2025-12-05,2025-12-22,target,2.0,2.026893984276181,-0.5904429034769257,11,4073788278.369089,0.06253739893721133,21873.339594641708,0.11976211087973684
NMDC,2025-11-11,2025-12-23,target,2.0,2.0293857676588605,-0.8460522023969778,30,1150343748.2878418,0.046523917258562475,16273.924415903139,0.08781521493083229
FORCEMOT,2025-12-12,2025-12-30,target,2.0,2.4040897316435665,-0.19933204555755657,11,766514255.0,0.07280484372088335,24682.509903216054,0.1402456632231624
NAM-INDIA,2025-12-19,2025-12-30,stop,-1.0,0.6313844513027391,-1.516556355207231,6,919093952.5535126,0.036100601075255326,-7299.921609932441,-0.041010349572567044
HEG,2025-12-30,2025-12-31,target,2.0,2.5182358264988602,0.0,1,768035571.5374999,0.05214489045519532,18100.721746530213,0.0990290564581146
APARINDS,2025-12-11,2026-01-02,stop,-1.0,0.7063195919432351,-1.0519866058221026,15,473981225.40000004,0.05705770476631705,-10894.356571071927,-0.06191506050440102
MARUTI,2025-12-08,2026-01-05,target,2.0,2.6849989996322075,-0.6310895084605616,19,5235013877.099999,0.026898416808391834,8845.541743370362,0.04866234153274176
MAHABANK,2025-12-31,2026-01-05,target,2.0,2.034815591695949,0.0,3,1368340775.8193607,0.044344602893907376,15186.712659764755,0.08346748277334538
CESC,2026-01-05,2026-01-08,stop,-1.0,0.0,-1.2363769295939784,3,189933955.87018433,0.04544987617063418,-9318.528510934057,-0.050336251480207525
TATACOMM,2025-12-22,2026-01-09,stop,-1.0,0.16245804681694467,-1.073144018477903,13,450612661.22891235,0.04802574105961939,-9499.071772313528,-0.052905676706970224
TIMKEN,2025-12-23,2026-01-09,stop,-1.0,0.03301287576778955,-1.0112946963460907,12,89417398.2,0.05864706957643128,-11553.791317248537,-0.06350045190249011
AUROPHARMA,2026-01-05,2026-01-12,stop,-1.0,0.9727099951593132,-1.024408163801051,5,834265343.8681091,0.04280760400588723,-8830.599184507204,-0.047700584995872396
TBOTEK,2025-11-06,2026-01-19,stop,-1.0,1.4327515209722719,-1.0277012607200948,51,514017108.85,0.07721900762002488,-15134.646858764248,-0.08202596010097474
NH,2026-01-02,2026-01-20,stop,-1.0,0.16307390577479286,-1.1326610723937194,12,591451415.5447083,0.05831697056261079,-11709.842084052443,-0.06317117813620424
JKCEMENT,2026-01-21,2026-01-22,stop,-1.0,0.0,-1.0612540298593454,1,737710653.15,0.05432828966161155,-10494.04179467849,-0.059192468937457325
ANANDRATHI,2025-12-30,2026-01-23,stop,-1.0,0.8573899283955153,-1.063339359108774,18,1125989333.2228515,0.04532109969472526,-9177.077865030044,-0.050207796945488346
TATACONSUM,2025-12-08,2026-01-28,stop,-1.0,1.2222079626873936,-1.0304499799751397,35,1769152900.1018555,0.04080751153908731,-8308.06392331098,-0.04570549276023937
ABCAPITAL,2026-01-23,2026-01-29,stop,-1.0,0.0,-1.1601605166083655,3,1615334534.275,0.05093169055720265,-9903.119223469143,-0.05580436133080962
GESHIP,2026-01-08,2026-01-30,target,2.0,2.841325011017407,-0.7731149945937291,15,335733773.3669312,0.050310097601673875,17725.496953211255,0.09536864471533936
DABUR,2026-01-22,2026-02-02,stop,-1.0,0.4778759516133065,-1.0811940974648278,6,959041369.5092864,0.04819792559299802,-9383.638593107413,-0.05307743077901545
HOMEFIRST,2026-01-28,2026-02-02,stop,-1.5307419953074175,0.0,-1.604217580125857,3,960931846.937909,0.06574861134469419,-18675.450702762115,-0.1053925501171729
BSE,2026-01-29,2026-02-02,stop,-1.544300239111931,0.3410937324896746,-1.7511840108232641,2,9861601275.9,0.060317957929769274,-17324.04139447838,-0.09791616426155178
SUNDARMFIN,2025-04-01,2026-02-03,target,2.0,2.1227268718418713,-0.9744688128833943,209,475652680.0361328,0.08786537514713566,31872.34415103449,0.17029142341853584
CENTURYPLY,2026-02-02,2026-02-03,target,3.361946717274083,5.037479699570792,0.0,1,31257249.555307005,0.0239851287066007,13376.909240236062,0.0754351329067563
TRIVENI,2026-02-02,2026-02-03,target,3.5260268568793953,5.455026220759165,0.0,1,87401027.23871766,0.015691503022830143,8900.250976287196,0.050190339430595116
GLAND,2026-02-02,2026-02-03,target,2.133348240075148,2.197011221613574,0.0,1,554379319.9205017,0.04238803129428041,15108.931404431278,0.08520236088199883
ABB,2026-01-30,2026-02-20,target,2.0,2.8030253015639834,-0.2486551699709664,15,1741785075.2929688,0.05285779551392082,17844.293687885987,0.10045130205027224
JSWSTEEL,2026-01-13,2026-02-25,target,2.0,2.0481551290158007,-0.5260937683592091,30,1860183480.5317626,0.042107818809968174,14267.499817817816,0.07900509852588651
FEDERALBNK,2026-01-19,2026-02-26,target,2.0,2.0291229122358247,-0.16769610844924174,27,2955091216.4,0.054919573849278605,18904.45704413652,0.104564549829311
DELHIVERY,2026-02-03,2026-03-02,stop,-1.050193434406058,0.0,-1.050193434406058,19,1101018766.2986069,0.08453471712544329,-16408.69273654803,-0.0935558603922526
CAMPUS,2026-02-03,2026-03-02,stop,-1.7762932822366457,0.4490917881447551,-1.7963640899700735,19,115805263.68852538,0.0722593866999668,-23332.555108152428,-0.13303297851575682
COROMANDEL,2026-01-12,2026-03-04,stop,-1.0,0.7550020671514861,-1.618605376128321,35,770985323.4217529,0.059568280021351415,-11691.78434569548,-0.06441935932129807
REDINGTON,2026-03-02,2026-03-04,stop,-1.3728906443207043,0.0,-2.3189162634620635,1,1628060039.4313936,0.032354753053407334,-8871.812348618356,-0.04930848892191376
LAURUSLABS,2026-02-26,2026-03-09,stop,-1.0970400005179177,0.2903495266333022,-1.535856275298082,6,1506066193.1786804,0.06330161523453441,-13427.405956680705,-0.07427079299965444
RRKABEL,2026-02-25,2026-03-12,stop,-1.0,0.5075981362538333,-1.1420979391848387,10,296373681.5210571,0.07677912074679681,-14628.05169571932,-0.08158717294492973
DIVISLAB,2026-03-04,2026-03-13,stop,-1.0,0.5363770851345254,-1.0997659659233077,7,2495440748.25,0.04087477043379192,-8020.228024662936,-0.04577258350770724
CRAFTSMAN,2026-03-06,2026-03-13,stop,-1.0,0.0,-1.6992799307162318,5,317952096.45,0.07423899405520518,-13753.465904420647,-0.079053396570067
PTCIL,2026-01-13,2026-03-16,stop,-1.0,0.70487389643432,-1.339260403225208,41,330645235.20000005,0.06699385870451563,-12971.09677608652,-0.07182637405775434
BIOCON,2026-03-04,2026-03-16,stop,-1.0,1.684017154952425,-1.0575962502196734,8,1244074064.465381,0.03216965514631867,-6498.739357744631,-0.03708923100845269
BLUESTARCO,2026-02-03,2026-03-20,stop,-1.0,1.0624234770402308,-1.103842541351539,32,720887610.1310548,0.08142668603830336,-15122.608736955064,-0.08622311932320742
JINDALSAW,2026-03-12,2026-03-23,stop,-1.0,0.08011368092655886,-1.0866892215284656,7,1414110106.3608055,0.11060938910830576,-19846.21865729692,-0.11533286563553483
BEL,2026-03-18,2026-03-23,stop,-1.0,0.0,-1.262392098903175,3,8496237057.850988,0.07371085010176111,-13043.9912875216,-0.07852657297650663
ZYDUSWELL,2026-03-27,2026-04-06,target,2.0,2.236424221471479,-0.8957368431924264,4,1841189008.6708953,0.07599439614517665,24039.19810150017,0.1466088203096276
GALLANTT,2026-03-13,2026-04-07,target,2.0,2.0375175311722353,-0.6077636123834808,14,62274061.14102783,0.09598033554321078,31954.845055030244,0.18648076940870567
GALLANTT,2026-04-07,2026-04-08,target,2.0,2.269810932163511,0.0,1,73939928.11273804,0.10496947837770558,34491.30024512569,0.2044141093635226
BSE,2026-03-25,2026-04-10,target,2.0,2.001494367767338,-0.6674367025198953,9,12108825533.930687,0.08620319599503456,26973.744098831416,0.16697537601009402
ADANIENSOL,2026-04-07,2026-04-10,target,2.0,2.1280158743514765,0.0,3,1898607351.1703308,0.08194258279699265,26739.956634537044,0.15847545268000057
NMDC,2026-03-23,2026-04-15,target,2.0,2.173885669561046,-0.9030352486534058,13,1903082909.0491822,0.05385719323684487,16807.812518449613,0.10244510050750572
GMDCLTD,2026-02-23,2026-04-16,target,2.0,2.711227959162728,-0.8328349737758873,33,2682316797.0660524,0.11096259935845978,38760.07216830729,0.21637038572012726
GPIL,2026-03-13,2026-04-16,target,2.1079680896933257,2.2559375979847847,-0.9072263698438771,20,504136486.1439972,0.0780767889119385,27275.273974521475,0.159171921123158
EMCURE,2026-03-18,2026-04-29,target,2.0,2.0692042663640735,-0.5268808152262004,26,495887875.7121399,0.08296828539041465,26664.146412913055,0.1605217293538772
GRSE,2026-04-10,2026-04-29,target,2.0,2.793276504633973,-0.3457073454722917,12,4513445904.297705,0.11263429732025206,39973.78083384192,0.219705423153903
HEG,2026-04-15,2026-04-29,target,2.0,2.075565706900506,0.0,10,2355670544.5246887,0.09939155653220436,35874.5878608098,0.19328615528174783
BANDHANBNK,2026-04-16,2026-05-04,target,2.0,2.279902853165534,-0.3966640338188292,12,2066159731.1949058,0.09347782716447903,34504.375315035824,0.18148826519313574
J&KBANK,2026-04-07,2026-05-07,target,2.0,2.556869378983495,0.0,21,857923493.2994529,0.0986201578068791,32353.983676952375,0.19174721482472393
LUPIN,2026-05-05,2026-05-11,stop,-1.0,1.353178947517651,-1.1395690411853534,4,2374066678.1533813,0.043950755480220566,-10226.530977071765,-0.048840878591519914
HINDALCO,2026-04-08,2026-05-27,target,2.0,2.1096661726207246,-0.26812796328000826,34,6828172240.275001,0.08702312525667506,29413.825920961837,0.16861113488706672
TECHNOE,2026-04-16,2026-05-27,stop,-1.0,1.3454060426272456,-1.225832202264909,29,332193322.475,0.10402108529511414,-20677.543442615002,-0.10876103258187621
IPCALAB,2026-05-07,2026-06-02,stop,-1.0,1.095819579282719,-1.0555382131571618,18,285977956.3029785,0.06158414968888507,-14112.957245558406,-0.06643018931466277
IRB,2026-06-02,2026-06-09,stop,-1.0,0.0,-1.0453783159004322,5,828220160.2599323,0.0635390927178388,-14165.798290928213,-0.06838024498604418
OIL,2026-06-03,2026-06-10,stop,-1.0,0.26014652692877527,-2.218090285560671,5,2851448566.9109616,0.0599452717013674,-13475.949991282758,-0.06479540852211389
RBLBANK,2026-04-29,2026-06-15,target,2.0234413002939564,2.2451585417068984,-0.19588581310907055,33,2175108085.2875,0.07191255604606546,28300.04530703966,0.14014705882352954
STARHEALTH,2026-06-10,2026-06-18,target,2.0,2.055485724390598,-0.15542804349272052,6,254974388.18893433,0.05483230710219487,21665.335867343365,0.10439045266887892
ABCAPITAL,2026-04-30,2026-06-22,target,2.0,2.1961338972680307,-0.5244505257711948,37,1565252211.692001,0.061721698971260404,24795.063732899078,0.11813478944766446
INDIANB,2026-06-18,2026-06-29,stop,-1.0,0.0,-1.3946487371047587,7,3413677652.316522,0.057642172737826056,-13127.0912866648,-0.06249806730598147
