ticker,signal_date,entry_date,exit_date,why,close_sig,st_line,ema200,pivot,atr14,entry_px,stop_px,target_px,exit_px,R,mfe_R,mae_R,held_d,stop_pct,gap_flag,pnl
DCAL,2017-01-09,2017-01-10,2017-01-20,stop,250.27,,197.29,229.45,9.42,249.58,231.43,285.88,231.43,-1.0,0.32,-1.17,8,7.3,False,-7755.0
DCAL,2017-01-23,2017-01-24,2017-02-14,stop,230.31,,201.21,229.45,8.38,231.0,213.54,265.93,213.54,-1.0,0.48,-1.37,14,7.6,False,-7958.0
RELCAPITAL,2017-01-17,2017-01-18,2017-02-17,target,389.35,,380.21,386.31,9.34,392.8,370.67,437.06,437.06,2.0,2.18,-0.89,21,5.6,False,10678.0
MANPASAND,2017-01-25,2017-01-27,2017-02-28,target,315.82,,302.02,315.75,10.64,318.2,294.54,365.52,365.52,2.0,2.0,-0.46,21,7.4,False,14184.0
DCAL,2017-03-06,2017-03-07,2017-03-28,target,232.69,,207.25,232.44,8.27,234.24,216.15,270.41,270.41,2.0,2.44,-0.61,14,7.7,False,15123.0
SADBHIN,2017-03-23,2017-03-24,2017-03-31,stop,101.99,,95.65,98.71,3.29,101.2,95.41,112.78,95.41,-1.0,0.43,-1.3,5,5.7,False,-6308.0
QUESS,2017-02-14,2017-02-15,2017-04-11,target,586.35,,528.42,582.27,19.09,584.79,548.18,658.02,658.02,2.0,2.89,-0.68,36,6.3,False,12007.0
GET&D,2017-03-23,2017-03-24,2017-04-11,target,318.25,,300.25,313.52,8.69,318.55,300.86,353.93,353.93,2.0,2.06,-0.47,11,5.6,False,10749.0
LAXMIMACH,2017-03-22,2017-03-23,2017-04-17,target,3804.25,,3695.64,3745.48,75.95,3865.19,3652.35,4290.86,4290.86,2.0,3.07,-0.05,15,5.5,False,10565.0
IFCI,2017-03-23,2017-03-24,2017-04-18,stop,30.25,,28.09,29.93,0.95,30.2,28.36,33.88,28.36,-1.0,0.24,-1.09,15,6.1,False,-6687.0
HINDZINC,2017-04-10,2017-04-11,2017-04-18,stop,141.11,,126.43,139.99,3.65,141.11,133.82,155.7,133.82,-1.0,0.02,-1.1,4,5.2,False,-6012.0
VINATIORGA,2017-04-18,2017-04-19,2017-04-20,target,363.22,,320.61,360.58,10.75,358.33,341.71,391.57,400.19,2.519,2.7,0.0,1,4.6,False,11773.0
INDIACEM,2017-04-19,2017-04-20,2017-04-24,target,168.0,,135.03,156.86,5.56,169.2,156.88,193.85,193.85,2.0,2.22,0.0,2,7.3,False,14949.0
BANKBARODA,2017-04-13,2017-04-17,2017-05-05,target,149.75,,134.63,147.71,4.03,151.76,141.7,171.88,171.88,2.0,2.08,-0.4,13,6.6,False,13460.0
DBCORP,2017-04-21,2017-04-24,2017-05-05,stop,261.49,,253.34,260.06,5.55,265.49,250.39,295.67,250.39,-1.0,0.78,-1.41,8,5.7,False,-6669.0
ZYDUSWELL,2017-03-27,2017-03-28,2017-05-12,stop,171.0,,167.35,169.23,3.24,171.27,164.52,184.76,164.52,-1.0,0.4,-1.35,30,3.9,False,-4469.0
KNRCON,2017-03-30,2017-03-31,2017-05-15,target,93.49,,86.1,91.35,2.79,93.71,87.9,105.33,105.33,2.0,2.11,-0.39,28,6.2,False,12137.0
ZEEL,2017-05-11,2017-05-12,2017-05-16,stop,504.91,,452.68,485.12,13.38,503.94,478.15,555.51,478.15,-1.0,0.0,-1.15,2,5.1,False,-6185.0
JSWSTEEL,2017-03-23,2017-03-24,2017-05-17,target,168.66,,156.44,168.54,5.03,168.7,158.59,188.92,188.92,2.0,2.01,-0.82,35,6.0,False,11640.0
GPPL,2017-05-16,2017-05-17,2017-05-22,stop,107.12,,96.43,106.97,3.68,105.15,99.75,115.94,99.75,-1.0,0.0,-1.19,3,5.1,False,-6190.0
WELSPUNLIV,2017-04-10,2017-04-11,2017-05-23,stop,80.47,,69.13,80.27,3.1,81.25,74.26,95.24,74.26,-1.0,1.57,-1.17,28,8.6,False,-9657.0
HFCL,2017-04-17,2017-04-18,2017-05-23,stop,14.69,,12.99,14.02,0.57,15.13,13.54,18.31,13.54,-1.0,0.96,-1.45,24,10.5,False,-11713.0
SYMPHONY,2017-05-04,2017-05-05,2017-05-23,stop,1348.61,,1182.21,1347.08,39.6,1331.32,1269.41,1455.13,1269.41,-1.0,1.19,-1.42,12,4.7,False,-5668.0
THOMASCOOK,2017-05-15,2017-05-16,2017-05-23,stop,79.77,,70.71,78.07,2.44,79.88,74.9,89.84,74.9,-1.0,0.26,-1.45,5,6.2,False,-7397.0
RNAVAL,2017-03-16,2017-03-17,2017-05-24,stop,17160.0,,16818.73,16367.08,563.12,17325.0,16033.76,19907.47,16033.76,-1.0,1.64,-1.75,45,7.5,False,-8128.0
SHRIRAMFIN,2017-05-04,2017-05-05,2017-05-24,stop,174.83,,163.17,174.67,5.61,175.57,163.6,199.52,163.6,-1.0,0.0,-1.29,13,6.8,False,-8057.0
MANPASAND,2017-05-12,2017-05-15,2017-05-26,target,366.74,,326.74,357.36,11.19,370.52,344.36,422.86,422.86,2.0,2.17,-0.36,9,7.1,False,14807.0
MPHASIS,2017-05-22,2017-05-23,2017-06-05,target,467.29,,449.01,465.74,12.56,466.05,442.18,513.81,513.81,2.0,2.34,-0.64,9,5.1,False,10324.0
LUXIND,2017-06-02,2017-06-05,2017-06-14,target,799.47,,732.29,772.87,23.96,809.74,751.56,926.1,926.1,2.0,4.23,-0.22,7,7.2,False,14545.0
BASF,2017-05-25,2017-05-26,2017-06-15,target,1295.26,,1194.19,1274.76,41.37,1303.61,1212.52,1485.8,1485.8,2.0,2.19,-0.59,14,7.0,False,13859.0
HSIL,2017-05-22,2017-05-23,2017-06-20,target,349.2,,308.05,344.73,10.92,352.75,327.35,403.55,403.55,2.0,2.05,-0.81,20,7.2,False,14726.0
IFBIND,2017-06-13,2017-06-14,2017-06-22,target,649.2,,555.8,647.68,16.42,643.35,616.37,697.31,697.31,2.0,4.21,0.0,6,4.2,False,8699.0
WELCORP,2017-05-25,2017-05-26,2017-06-29,target,75.16,,69.09,72.7,3.27,76.69,68.61,92.86,92.86,2.0,2.06,-0.46,23,10.5,False,21163.0
TATASTEEL,2017-05-25,2017-05-26,2017-06-30,target,35.72,,32.78,35.7,1.01,35.88,33.69,40.24,40.24,2.0,2.06,0.0,24,6.1,False,11999.0
HEG,2017-06-21,2017-06-22,2017-07-03,target,55.96,,36.62,48.14,3.18,54.94,49.6,65.62,65.62,2.0,2.03,-0.8,6,9.7,False,21329.0
RELIANCE,2017-06-19,2017-06-20,2017-07-12,target,307.38,,265.45,305.36,5.83,307.32,295.72,330.54,330.54,2.0,2.18,-0.71,15,3.8,False,7891.0
CHOLAFIN,2017-03-27,2017-03-28,2017-07-13,target,195.34,,187.05,194.6,6.01,197.32,183.31,225.33,225.33,2.0,2.14,-1.0,73,7.1,False,13784.0
M&MFIN,2017-06-28,2017-06-29,2017-07-25,target,182.63,,167.05,181.8,6.65,183.45,169.34,211.67,211.67,2.0,2.59,-0.08,18,7.7,False,16707.0
TNPL,2017-05-25,2017-05-26,2017-07-27,target,266.97,,264.21,265.43,9.87,269.14,247.24,312.96,312.96,2.0,2.31,-0.94,43,8.1,False,16228.0
PRSMJOHNSN,2017-06-14,2017-06-15,2017-08-10,stop,119.78,,96.95,115.35,4.09,118.1,111.59,131.11,111.59,-1.0,1.58,-1.07,39,5.5,False,-6709.0
CERA,2017-05-23,2017-05-24,2017-08-11,stop,2755.64,,2297.55,2738.68,96.03,2757.58,2563.58,3145.6,2563.58,-1.0,1.32,-1.17,56,7.0,False,-7767.0
SBIN,2017-07-24,2017-07-25,2017-08-11,stop,266.97,,246.09,265.84,4.74,268.29,257.48,289.9,257.48,-1.0,1.58,-1.56,13,4.0,False,-5419.0
VIPIND,2017-08-11,2017-08-14,2017-08-28,target,181.71,,159.84,178.94,7.12,183.11,167.47,214.39,214.39,2.0,2.25,0.0,8,8.5,False,19505.0
BOMDYEING,2017-08-24,2017-08-28,2017-08-30,target,81.91,,68.83,76.72,3.95,82.73,74.01,100.16,100.16,2.0,2.36,0.0,2,10.5,False,25196.0
SCI,2017-06-29,2017-06-30,2017-08-31,target,76.76,,64.26,72.83,3.46,77.13,69.85,91.69,91.69,2.0,2.43,-0.46,42,9.4,False,20895.0
BBTC,2017-08-30,2017-08-31,2017-09-01,target,909.2,,762.96,879.74,26.96,911.44,855.29,1023.76,1023.76,2.0,2.6,0.0,1,6.2,False,14949.0
M&M,2017-07-11,2017-07-12,2017-09-05,stop,639.84,,600.08,639.07,12.65,642.07,614.54,697.13,614.54,-1.0,0.87,-1.15,37,4.3,False,-5756.0
MOIL,2017-08-11,2017-08-14,2017-09-08,target,128.65,,128.37,123.99,4.25,130.33,120.16,150.67,150.67,2.0,2.14,0.0,17,7.8,False,17773.0
MANPASAND,2017-07-26,2017-07-27,2017-09-13,target,395.34,,350.9,391.44,12.32,397.63,370.7,451.49,451.69,2.007,2.17,-0.76,32,6.8,False,15923.0
SHRIRAMFIN,2017-09-04,2017-09-05,2017-09-22,stop,184.71,,167.78,178.7,5.46,185.36,173.8,208.48,173.8,-1.0,0.6,-1.3,13,6.2,False,-8601.0
ADANIPOWER,2017-09-12,2017-09-13,2017-09-22,stop,6.63,,6.33,6.47,0.28,6.6,6.07,7.67,6.07,-1.0,0.06,-1.03,7,8.1,False,-11274.0
TORNTPHARM,2017-09-21,2017-09-22,2017-09-25,stop,602.89,,574.89,576.88,17.99,605.58,566.92,682.91,566.11,-1.021,0.0,-1.53,1,6.4,True,-9172.0
MAHINDCIE,2017-07-12,2017-07-13,2017-09-27,stop,228.07,,202.28,227.94,6.64,228.92,214.78,257.19,214.78,-1.0,1.6,-1.42,52,6.2,False,-8050.0
UBL,2017-09-25,2017-09-26,2017-09-29,stop,834.45,,770.87,791.02,19.62,826.81,795.21,890.01,795.21,-1.0,0.26,-1.01,3,3.8,False,-5427.0
ZYDUSWELL,2017-09-21,2017-09-22,2017-10-04,target,173.3,,168.25,172.77,3.91,174.05,165.49,191.17,191.17,2.0,2.13,-0.43,7,4.9,False,12198.0
PRESTIGE,2017-06-30,2017-07-03,2017-10-09,target,244.36,,198.67,231.94,10.81,245.28,222.75,290.34,290.34,2.0,2.24,-0.55,67,9.2,False,20728.0
IFBIND,2017-08-30,2017-08-31,2017-10-11,target,716.9,,615.91,703.5,23.9,705.1,669.11,777.08,777.08,2.0,2.5,-0.45,28,5.1,False,12276.0
AXISBANK,2017-05-19,2017-05-22,2017-10-18,stop,494.14,,470.71,492.28,13.25,496.4,467.65,553.92,467.65,-1.0,1.67,-1.32,103,5.8,False,-6747.0
GVKPIL,2017-10-06,2017-10-09,2017-10-25,target,12.4,,8.8,12.32,0.61,12.4,11.19,14.83,15.45,2.512,2.51,-0.74,11,9.8,False,31304.0
BIRLACORPN,2017-10-10,2017-10-11,2017-10-31,target,890.01,,785.04,887.41,22.2,914.77,845.61,1053.1,1053.1,2.0,2.67,-0.17,13,7.6,False,18997.0
GREENPLY,2017-01-27,2017-01-30,2017-11-07,target,263.12,,229.17,258.68,9.71,263.12,243.7,301.97,301.97,2.0,2.2,-0.82,191,7.4,False,14103.0
TEAMLEASE,2017-11-06,2017-11-07,2017-11-08,target,1632.9,,1325.53,1622.33,47.83,1650.0,1537.24,1875.51,1875.51,2.0,2.93,0.0,1,6.8,False,18093.0
OFSS,2017-11-07,2017-11-08,2017-11-10,target,2478.1,,2378.45,2431.53,52.12,2435.6,2373.87,2559.08,2559.08,2.0,2.28,-0.65,2,2.5,False,6224.0
TNPL,2017-10-03,2017-10-04,2017-11-15,stop,288.68,,271.91,277.37,11.64,289.46,265.4,337.59,265.4,-1.0,0.57,-1.2,29,8.3,False,-11140.0
SCI,2017-10-24,2017-10-25,2017-11-16,stop,88.82,,74.49,87.05,3.56,91.31,81.71,110.53,81.71,-1.0,1.4,-1.03,16,10.5,False,-14722.0
SPARC,2017-10-30,2017-10-31,2017-11-16,stop,438.05,,343.49,380.8,23.22,430.0,391.6,506.79,391.6,-1.0,0.28,-1.04,12,8.9,False,-12814.0
HUDCO,2017-09-26,2017-09-27,2017-12-05,stop,57.51,,51.94,56.64,2.23,57.95,53.06,67.74,53.06,-1.0,0.58,-1.08,47,8.4,False,-11339.0
HONAUT,2017-11-15,2017-11-16,2017-12-12,target,17015.23,,12598.77,15289.5,501.7,17025.46,16011.83,19052.71,19052.71,2.0,4.48,-0.89,18,6.0,False,15134.0
SCHAEFFLER,2017-08-31,2017-09-01,2017-12-27,target,926.69,,813.03,881.94,33.35,936.09,859.99,1088.3,1088.3,2.0,2.26,-0.72,80,8.1,False,20073.0
JPPOWER,2017-09-07,2017-09-08,2018-01-01,target,7.1,,5.15,6.85,0.4,7.45,6.29,9.77,9.9,2.115,2.37,-0.86,78,15.5,False,41783.0
JPPOWER,2017-12-29,2018-01-01,2018-01-02,stop,9.45,,6.37,8.07,0.5,9.9,8.45,12.8,8.45,-1.0,0.0,-1.1,1,14.6,False,-21633.0
VTL,2017-11-09,2017-11-10,2018-01-03,target,236.84,,223.97,234.99,8.11,237.47,220.63,271.16,271.16,2.0,2.86,-0.62,37,7.1,False,18739.0
RNAVAL,2018-01-01,2018-01-02,2018-01-03,stop,17943.75,,14506.6,12132.08,1052.11,19250.0,15839.54,26070.92,15839.54,-1.0,0.0,-1.06,1,17.7,False,-26037.0
CEATLTD,2017-11-15,2017-11-16,2018-01-09,target,1611.53,,1486.72,1592.97,50.74,1625.95,1510.04,1857.76,1857.76,2.0,2.02,-0.55,37,7.1,False,18252.0
COFORGE,2017-12-11,2017-12-12,2018-01-11,target,117.0,,97.65,116.1,3.74,117.41,109.52,133.21,133.21,2.0,2.07,-0.95,21,6.7,False,17233.0
BPCL,2017-10-17,2017-10-18,2018-01-16,stop,147.63,,134.28,146.72,4.31,147.92,139.01,165.75,139.01,-1.0,1.22,-1.24,62,6.0,False,-8643.0
BAJAJHLDNG,2018-01-10,2018-01-11,2018-01-16,stop,2529.88,,2266.1,2524.67,51.75,2518.59,2426.38,2703.02,2426.38,-1.0,0.0,-1.12,3,3.7,False,-5991.0
EMAMILTD,2018-01-15,2018-01-16,2018-01-17,stop,554.34,,501.51,553.45,14.56,554.96,525.21,614.46,525.21,-1.0,0.0,-1.02,1,5.4,False,-8443.0
GUJFLUORO,2018-01-08,2018-01-09,2018-01-25,stop,899.7,,759.87,891.37,25.72,902.0,848.26,1009.48,848.26,-1.0,0.35,-1.14,12,6.0,False,-9264.0
KOTAKBANK,2017-09-28,2017-09-29,2018-01-29,target,200.0,,181.01,198.49,4.25,201.74,191.51,222.22,222.22,2.0,2.05,-0.61,82,5.1,False,12084.0
BANKBARODA,2018-01-24,2018-01-25,2018-01-29,stop,153.16,,138.55,149.33,5.22,153.54,142.71,175.21,142.71,-1.0,0.0,-1.39,1,7.1,False,-10690.0
INDIANB,2018-01-15,2018-01-16,2018-01-31,stop,321.78,,272.58,319.15,8.55,323.21,304.68,360.26,304.68,-1.0,1.0,-1.21,10,5.7,False,-8979.0
GRANULES,2017-12-26,2017-12-27,2018-02-01,stop,131.84,,123.22,127.47,3.97,133.38,123.91,152.31,123.91,-1.0,1.11,-1.34,25,7.1,False,-10542.0
OIL,2017-12-04,2017-12-05,2018-02-02,stop,101.57,,91.33,101.5,2.52,101.58,96.52,111.71,96.52,-1.0,1.55,-1.15,41,5.0,False,-7156.0
TATACHEM,2018-01-02,2018-01-03,2018-02-02,stop,253.35,,223.93,252.69,5.66,258.76,242.03,292.24,242.03,-1.0,0.75,-1.36,21,6.5,False,-9683.0
GET&D,2018-01-31,2018-02-01,2018-02-05,stop,431.6,,386.83,428.72,17.64,431.5,396.32,501.87,396.32,-1.0,0.0,-1.36,2,8.2,False,-11818.0
APOLLOHOSP,2018-02-01,2018-02-02,2018-02-05,stop,1188.5,,1122.29,1158.35,32.3,1180.12,1123.9,1292.54,1116.28,-1.136,0.0,-1.46,1,4.8,True,-8120.0
SHREECEM,2017-08-11,2017-08-14,2018-02-06,stop,16984.87,,16329.02,16829.39,551.89,17246.56,15881.08,19977.52,15696.34,-1.135,1.46,-1.51,120,7.9,True,-11163.0
PRESTIGE,2018-01-02,2018-01-03,2018-02-06,stop,311.86,,256.57,306.41,13.38,313.75,285.1,371.07,281.11,-1.139,1.13,-1.43,23,9.1,True,-15151.0
JMFINANCIL,2018-01-25,2018-01-29,2018-02-06,stop,137.26,,117.39,134.89,5.79,138.15,125.67,163.11,125.67,-1.0,0.64,-1.11,6,9.0,False,-13190.0
NAUKRI,2018-02-02,2018-02-05,2018-02-06,stop,266.14,,219.72,259.68,10.03,254.61,246.09,271.67,241.01,-1.596,0.0,-3.42,1,3.3,True,-7721.0
INDIGO,2018-02-05,2018-02-06,2018-02-07,target,1186.68,,1123.02,1169.56,37.95,1141.99,1110.77,1204.43,1204.43,2.0,2.12,0.0,1,2.7,False,6510.0
UBL,2018-01-17,2018-01-18,2018-02-09,stop,1100.29,,902.19,1066.36,45.76,1102.14,1008.77,1288.87,992.17,-1.178,1.15,-1.18,15,8.5,True,-14791.0
IOC,2018-01-30,2018-01-31,2018-02-09,stop,77.52,,73.46,74.47,1.74,78.57,74.04,87.62,74.04,-1.0,0.01,-1.13,7,5.8,False,-8532.0
KNRCON,2018-02-08,2018-02-09,2018-02-12,target,153.21,,123.04,153.03,6.85,148.49,139.51,166.45,166.45,2.0,2.18,0.0,1,6.0,False,15051.0
HFCL,2018-02-09,2018-02-12,2018-03-08,stop,30.16,,23.99,28.31,2.2,30.6,25.76,40.29,25.76,-1.0,0.05,-1.14,16,15.8,False,-21256.0
VRLLOG,2018-02-08,2018-02-09,2018-03-12,stop,190.71,,163.88,187.23,7.8,184.98,175.11,204.71,175.11,-1.0,0.88,-1.27,19,5.3,False,-7576.0
VIPIND,2018-02-06,2018-02-07,2018-03-14,stop,340.43,,261.33,338.2,17.21,344.05,306.01,420.12,306.01,-1.0,0.15,-1.0,23,11.1,False,-14870.0
NAVINFLUOR,2018-02-05,2018-02-06,2018-03-26,stop,752.56,,660.98,752.18,31.23,730.0,690.09,809.8,690.09,-1.0,1.84,-1.02,32,5.5,False,-7823.0
GSKCONS,2018-03-07,2018-03-08,2018-03-28,stop,6643.45,,5880.19,6616.25,193.86,6674.0,6255.73,7510.53,6255.73,-1.0,0.64,-1.72,14,6.3,False,-8408.0
GEPIL,2018-03-27,2018-03-28,2018-04-06,stop,937.55,,741.78,901.48,36.87,939.5,863.81,1090.88,863.81,-1.0,0.47,-1.0,5,8.1,False,-10617.0
TAKE,2017-11-14,2017-11-15,2018-04-09,target,157.31,,144.82,153.23,7.94,158.58,141.43,192.89,192.89,2.0,2.33,-0.76,97,10.8,False,28439.0
HDFCBANK,2018-04-06,2018-04-09,2018-04-23,stop,441.46,,410.41,438.81,6.8,440.41,427.85,465.51,427.85,-1.0,1.1,-1.07,10,2.9,False,-4130.0
LUXIND,2018-03-26,2018-03-27,2018-04-24,target,1635.41,,1349.14,1618.12,67.56,1657.34,1500.29,1971.45,1971.45,2.0,2.16,0.0,18,9.5,False,22672.0
BHARATFORG,2018-04-20,2018-04-23,2018-05-04,stop,720.31,,638.86,711.18,15.39,721.73,689.54,786.11,689.54,-1.0,0.6,-1.08,8,4.5,False,-6108.0
TV18BRDCST,2018-03-09,2018-03-12,2018-05-14,stop,62.8,,49.6,62.28,2.62,63.75,57.56,76.12,57.56,-1.0,1.14,-1.17,42,9.7,False,-12532.0
HEG,2018-03-13,2018-03-14,2018-05-16,target,488.19,,282.37,461.32,29.74,485.63,428.7,599.48,599.48,2.0,2.14,-0.89,42,11.7,False,28164.0
INTELLECT,2018-04-23,2018-04-24,2018-05-18,target,188.36,,153.14,185.15,6.72,189.79,174.91,219.54,219.54,2.0,2.11,-0.39,17,7.8,False,18635.0
SADBHAV,2018-02-06,2018-02-07,2018-05-21,stop,394.72,,333.5,394.21,19.45,399.62,355.83,487.21,355.83,-1.0,0.25,-1.11,68,11.0,False,-14746.0
3MINDIA,2018-04-05,2018-04-06,2018-05-21,stop,19173.4,,15564.61,18946.15,557.13,19204.38,18059.14,21494.86,18059.14,-1.0,0.38,-1.19,30,6.0,False,-8002.0
INOXLEISUR,2018-01-29,2018-01-30,2018-05-23,stop,273.95,,263.41,271.22,10.5,280.0,252.96,334.08,252.96,-1.0,1.71,-1.04,76,9.7,False,-14000.0
CROMPTON,2018-05-17,2018-05-18,2018-05-28,stop,231.69,,218.21,218.18,9.78,229.96,212.14,265.61,212.14,-1.0,0.08,-1.18,6,7.7,False,-10642.0
HFCL,2018-05-11,2018-05-14,2018-06-01,stop,26.87,,25.35,26.59,1.07,26.53,24.73,30.12,24.73,-1.0,0.33,-1.2,14,6.8,False,-9194.0
FCONSUMER,2018-05-22,2018-05-23,2018-06-05,stop,56.0,,55.92,54.9,2.59,55.6,50.83,65.15,50.83,-1.0,0.71,-1.05,9,8.6,False,-11439.0
GRINDWELL,2018-05-25,2018-05-28,2018-06-11,target,475.1,,450.58,468.26,14.57,475.65,445.95,535.06,535.06,2.0,2.43,-0.82,10,6.2,False,15124.0
SANOFI,2018-05-31,2018-06-01,2018-06-12,target,3592.79,,3357.37,3545.1,75.88,3558.31,3441.04,3792.85,3792.85,2.0,2.12,0.0,7,3.3,False,7680.0
GUJGASLTD,2018-02-02,2018-02-05,2018-06-19,stop,160.2,,152.39,159.78,5.69,156.91,148.82,173.09,148.82,-1.0,1.93,-1.21,91,5.2,False,-7472.0
FINCABLES,2018-05-22,2018-05-23,2018-06-19,stop,617.36,,590.42,615.64,13.99,611.79,589.37,656.64,589.37,-1.0,1.43,-1.28,19,3.7,False,-5245.0
GRINDWELL,2018-06-11,2018-06-12,2018-06-19,stop,510.97,,452.41,477.05,18.55,510.83,473.86,584.76,473.86,-1.0,0.0,-1.06,5,7.2,False,-9592.0
GSPL,2018-06-08,2018-06-11,2018-06-20,stop,190.6,,189.37,183.28,7.12,187.7,176.35,210.39,176.3,-1.005,0.19,-1.0,7,6.0,True,-8092.0
MINDTREE,2018-06-20,2018-06-21,2018-06-26,stop,996.2,,773.35,985.03,28.58,998.0,939.04,1115.91,939.04,-1.0,0.0,-1.38,3,5.9,False,-7789.0
GODREJCP,2018-05-15,2018-05-16,2018-06-27,target,674.18,,626.47,672.64,18.46,674.18,637.25,748.02,748.02,2.0,2.26,-0.27,30,5.5,False,13307.0
LTTS,2018-05-04,2018-05-07,2018-06-28,stop,1149.34,,961.31,1147.5,47.79,1150.51,1053.76,1344.01,1053.76,-1.0,0.91,-1.13,38,8.4,False,-11067.0
OFSS,2018-06-18,2018-06-19,2018-07-05,stop,2823.35,,2635.12,2820.71,86.26,2787.82,2650.84,3061.79,2650.84,-1.0,0.69,-1.23,12,4.9,False,-6621.0
HONAUT,2018-06-18,2018-06-19,2018-07-11,target,18121.89,,16470.23,18101.11,343.14,17954.44,17435.61,18992.09,18992.09,2.0,4.05,-0.12,16,2.9,False,6454.0
YESBANK,2018-06-04,2018-06-05,2018-07-12,target,338.31,,317.13,337.52,10.6,337.87,317.11,379.38,379.38,2.0,2.02,-0.72,27,6.1,False,14595.0
PVR,2018-06-28,2018-06-29,2018-07-13,stop,1358.68,,1324.93,1342.49,41.71,1367.22,1275.27,1551.12,1275.27,-1.0,0.25,-2.14,10,6.7,False,-8668.0
KANSAINER,2018-07-10,2018-07-11,2018-07-20,stop,310.88,,297.02,308.15,9.82,307.94,291.25,341.33,291.25,-1.0,0.11,-1.26,7,5.4,False,-7215.0
BATAINDIA,2018-06-18,2018-06-19,2018-07-23,target,758.86,,671.73,728.23,19.75,761.41,719.36,845.52,845.52,2.0,2.1,-0.05,24,5.5,False,12893.0
MINDTREE,2018-06-29,2018-07-02,2018-07-30,stop,986.9,,786.81,985.03,32.09,993.0,922.72,1133.55,922.72,-1.0,1.52,-1.16,20,7.1,False,-9163.0
GREAVESCOT,2018-07-04,2018-07-05,2018-07-30,target,125.6,,121.1,124.16,4.19,125.18,117.22,141.11,141.11,2.0,2.05,0.0,17,6.4,False,14523.0
PRSMJOHNSN,2018-07-27,2018-07-30,2018-08-01,stop,116.07,,110.07,111.54,5.76,116.91,104.56,141.61,104.56,-1.0,0.0,-1.14,2,10.6,False,-13607.0
SIS,2018-02-06,2018-02-07,2018-08-07,stop,575.24,,456.48,566.87,36.16,582.94,502.92,742.99,502.92,-1.0,1.2,-1.06,124,13.7,False,-18309.0
MERCK,2018-07-20,2018-07-23,2018-08-07,target,1675.04,,1296.36,1665.88,77.56,1655.82,1519.92,1927.62,1927.62,2.0,3.84,-0.22,11,8.2,False,19006.0
MERCK,2018-08-06,2018-08-07,2018-08-08,target,1814.74,,1339.39,1781.07,69.77,1814.74,1675.21,2093.81,2109.03,2.109,3.05,0.0,1,7.7,False,19391.0
APOLLOTYRE,2018-07-19,2018-07-20,2018-08-13,stop,250.09,,233.8,246.5,7.52,247.77,235.04,273.22,234.22,-1.064,1.57,-1.2,16,5.1,True,-7146.0
LALPATHLAB,2018-05-21,2018-05-22,2018-08-17,target,418.98,,412.51,412.19,14.14,422.16,390.7,485.07,485.07,2.0,2.62,-0.88,62,7.5,False,18192.0
RADICO,2018-07-31,2018-08-01,2018-08-17,stop,427.6,,330.1,407.37,18.72,429.16,390.15,507.18,390.15,-1.0,0.32,-1.15,11,9.1,False,-11713.0
ELGIEQUIP,2018-07-11,2018-07-12,2018-08-20,target,136.18,,129.73,133.45,4.16,135.94,127.87,152.08,152.08,2.0,2.04,-0.42,26,5.9,False,13942.0
CUB,2018-08-07,2018-08-08,2018-08-28,target,124.93,,115.91,122.47,3.03,125.4,118.88,138.44,138.44,2.0,2.17,-0.12,12,5.2,False,12494.0
INDUSINDBK,2018-07-12,2018-07-13,2018-09-04,stop,1851.51,,1688.09,1835.52,35.48,1849.93,1780.56,1988.68,1780.56,-1.0,1.51,-1.19,35,3.8,False,-5261.0
ZFCVINDIA,2018-08-27,2018-08-28,2018-09-05,stop,1197.53,,1160.57,1181.85,29.37,1209.01,1138.79,1349.46,1138.79,-1.0,0.12,-1.15,6,5.8,False,-8065.0
LTI,2018-09-04,2018-09-05,2018-09-07,target,1855.85,,1477.82,1797.13,66.11,1809.95,1723.63,1982.58,1982.58,2.0,2.0,0.0,2,4.8,False,11270.0
GODREJIND,2018-08-16,2018-08-17,2018-09-12,stop,609.05,,586.08,608.18,18.51,613.84,572.02,697.48,572.02,-1.0,0.85,-1.0,17,6.8,False,-9135.0
OFSS,2018-08-06,2018-08-07,2018-09-17,target,2748.15,,2649.44,2722.81,73.48,2759.54,2601.19,3076.24,3076.24,2.0,3.25,-0.29,26,5.7,False,13542.0
SOLARINDS,2018-07-27,2018-07-30,2018-09-18,stop,1131.34,,1037.83,1089.17,36.82,1133.45,1057.7,1284.94,1057.7,-1.0,1.83,-1.35,33,6.7,False,-8834.0
VBL,2018-08-10,2018-08-13,2018-09-21,stop,43.77,,38.17,43.41,1.65,43.92,40.47,50.81,40.47,-1.0,1.39,-1.21,25,7.8,False,-10426.0
FLFL,2018-08-27,2018-08-28,2018-09-21,stop,430.46,,394.01,424.13,17.45,432.65,395.56,506.83,395.56,-1.0,0.46,-1.1,16,8.6,False,-11599.0
JAICORPLTD,2018-09-14,2018-09-17,2018-09-21,stop,142.33,,135.34,142.02,6.51,141.44,129.32,165.69,129.32,-1.0,0.1,-2.7,3,8.6,False,-11414.0
SAIL,2018-09-14,2018-09-17,2018-09-21,stop,64.92,,64.01,64.31,2.33,64.38,60.27,72.61,60.27,-1.0,0.74,-1.33,3,6.4,False,-8665.0
LEMONTREE,2018-06-29,2018-07-02,2018-09-25,stop,76.85,,71.86,74.57,3.23,76.9,70.4,89.9,70.4,-1.0,1.44,-1.26,57,8.5,False,-10830.0
HEG,2018-09-21,2018-09-24,2018-09-25,stop,694.83,,537.41,683.94,28.19,694.83,638.45,807.59,638.45,-1.0,0.0,-1.49,1,8.1,False,-10276.0
PERSISTENT,2018-09-06,2018-09-07,2018-09-26,stop,390.67,,357.41,383.73,12.65,393.7,365.38,450.34,365.38,-1.0,1.01,-1.15,11,7.2,False,-9647.0
GRINDWELL,2018-09-25,2018-09-26,2018-09-27,stop,479.44,,467.41,476.65,15.17,479.21,449.1,539.43,449.1,-1.0,0.0,-1.05,1,6.3,False,-7930.0
SAIL,2018-09-19,2018-09-21,2018-09-28,stop,64.55,,64.02,64.31,2.4,65.17,59.74,76.04,59.74,-1.0,0.0,-1.57,5,8.3,False,-10890.0
INDHOTEL,2018-09-28,2018-10-01,2018-10-03,stop,129.15,,122.05,123.05,4.14,131.79,120.87,153.63,120.87,-1.0,0.0,-1.36,1,8.3,False,-10227.0
GAIL,2018-09-06,2018-09-07,2018-10-05,stop,87.62,,82.12,87.08,3.14,88.42,81.35,102.57,81.35,-1.0,0.87,-2.5,17,8.0,False,-10659.0
LUPIN,2018-08-17,2018-08-20,2018-10-08,stop,847.04,,838.54,819.44,27.52,847.76,792.01,959.27,792.01,-1.0,1.79,-1.1,31,6.6,False,-8860.0
SCHAEFFLER,2018-09-26,2018-09-27,2018-10-08,stop,1005.66,,992.02,1002.53,29.48,999.12,946.7,1103.95,946.7,-1.0,0.74,-1.36,6,5.2,False,-6707.0
HINDZINC,2018-10-03,2018-10-04,2018-10-08,stop,148.53,,147.33,147.18,5.88,147.26,136.77,168.25,136.77,-1.0,0.0,-1.34,2,7.1,False,-8814.0
CYIENT,2018-08-16,2018-08-17,2018-10-09,stop,601.57,,544.6,599.98,19.08,606.05,563.41,691.32,563.41,-1.0,1.59,-1.28,33,7.0,False,-9413.0
GILLETTE,2018-10-03,2018-10-04,2018-10-09,stop,5948.28,,5713.31,5855.33,154.97,5913.12,5638.34,6462.68,5638.34,-1.0,0.02,-1.08,3,4.6,False,-5949.0
LTI,2018-10-10,2018-10-11,2018-10-23,stop,1794.85,,1557.49,1790.42,84.07,1730.0,1626.71,1936.58,1626.71,-1.0,1.35,-1.0,7,6.0,False,-7094.0
BAYERCROP,2018-10-01,2018-10-03,2018-10-24,stop,3760.45,,3728.28,3696.61,142.37,3740.01,3475.71,4268.62,3475.71,-1.0,0.15,-1.83,14,7.1,False,-8734.0
NTPC,2018-10-10,2018-10-11,2018-10-26,stop,101.87,,100.8,101.6,2.85,100.42,96.18,108.89,96.18,-1.0,0.86,-1.05,10,4.2,False,-5175.0
ADANIPOWER,2018-10-15,2018-10-16,2018-11-01,target,6.97,,5.54,6.62,0.57,7.06,5.82,9.54,9.54,2.0,2.68,-0.48,11,17.5,False,38396.0
GUJFLUORO,2018-10-03,2018-10-04,2018-11-13,target,810.55,,789.64,792.57,36.97,798.5,736.62,922.27,922.27,2.0,2.11,-0.6,26,7.7,False,17332.0
TECHM,2018-10-31,2018-11-01,2018-11-21,stop,575.76,,501.03,572.35,22.6,578.16,530.55,673.37,530.55,-1.0,0.0,-1.02,13,8.2,False,-9608.0
INTELLECT,2018-10-29,2018-10-30,2018-11-28,stop,253.26,,197.74,245.61,16.59,252.67,220.09,317.83,220.09,-1.0,0.72,-1.13,19,12.9,False,-14650.0
AEGISLOG,2018-10-22,2018-10-23,2018-11-30,stop,214.83,,213.38,212.31,10.2,216.36,194.44,260.19,194.44,-1.0,0.0,-1.18,26,10.1,False,-11443.0
NLCINDIA,2018-10-10,2018-10-11,2018-12-07,stop,57.93,,57.78,54.63,2.18,57.22,53.57,64.53,53.57,-1.0,0.85,-1.26,38,6.4,False,-7544.0
ITI,2018-11-20,2018-11-21,2018-12-07,stop,97.95,,96.19,92.22,5.56,96.0,86.83,114.34,86.83,-1.0,0.61,-1.07,11,9.6,False,-11266.0
RADICO,2018-11-12,2018-11-13,2018-12-10,stop,401.77,,356.81,388.56,19.06,398.93,363.65,469.48,363.65,-1.0,1.31,-1.17,18,8.8,False,-10468.0
TRIDENT,2018-10-15,2018-10-16,2018-12-11,stop,5.7,,5.4,5.32,0.29,5.85,5.11,7.34,5.11,-1.0,0.23,-1.01,37,12.7,False,-14631.0
NAVINFLUOR,2018-11-27,2018-11-28,2018-12-11,stop,694.4,,658.49,683.74,24.81,698.85,644.78,806.99,644.78,-1.0,0.04,-1.21,9,7.7,False,-9075.0
UBL,2018-12-06,2018-12-07,2018-12-19,target,1194.63,,1151.93,1191.02,37.78,1198.23,1119.06,1356.56,1356.56,2.0,2.24,-0.55,8,6.6,False,13562.0
DABUR,2018-12-07,2018-12-10,2018-12-19,target,385.16,,362.96,375.27,11.9,381.74,361.35,422.51,422.51,2.0,2.34,-0.54,7,5.3,False,10783.0
TCS,2018-12-11,2018-12-12,2018-12-21,stop,1640.74,,1493.58,1639.01,39.75,1641.64,1561.25,1802.44,1561.25,-1.0,0.29,-1.17,7,4.9,False,-5573.0
HEG,2018-10-11,2018-10-12,2018-12-24,stop,723.53,,545.67,718.84,46.63,742.2,630.27,966.06,630.27,-1.0,0.98,-1.01,48,15.1,False,-17035.0
LEMONTREE,2018-12-28,2018-12-31,2019-01-04,stop,74.8,,71.99,69.15,2.83,75.45,69.13,88.08,69.05,-1.013,0.02,-1.08,4,8.4,True,-9491.0
EXIDEIND,2018-12-12,2018-12-13,2019-01-21,stop,244.33,,234.23,240.41,7.5,245.03,229.34,276.42,229.34,-1.0,0.7,-1.14,26,6.4,False,-7246.0
JYOTHYLAB,2018-12-19,2018-12-20,2019-01-24,stop,178.24,,174.25,173.81,6.62,177.14,165.0,201.41,165.0,-1.0,1.5,-1.55,24,6.9,False,-7902.0
AIAENG,2018-12-27,2018-12-28,2019-01-28,stop,1620.07,,1539.66,1578.4,53.83,1609.1,1512.42,1802.45,1512.42,-1.0,0.46,-1.18,21,6.0,False,-6842.0
BALRAMCHIN,2019-01-03,2019-01-04,2019-01-28,stop,98.49,,87.33,96.68,3.57,98.81,91.36,113.72,91.36,-1.0,0.84,-1.22,16,7.5,False,-8349.0
CARBORUNIV,2019-01-23,2019-01-24,2019-02-05,stop,347.43,,342.61,347.11,7.65,347.68,332.13,378.76,332.13,-1.0,0.17,-1.17,8,4.5,False,-5207.0
CCL,2019-01-18,2019-01-21,2019-02-18,stop,250.56,,250.0,244.32,5.15,250.24,240.26,270.2,240.26,-1.0,1.64,-1.38,19,4.0,False,-4710.0
PIDILITIND,2019-01-29,2019-01-30,2019-02-18,stop,534.6,,512.7,533.88,14.37,531.77,505.87,583.58,505.87,-1.0,1.27,-1.0,12,4.9,False,-5440.0
TORNTPOWER,2018-10-31,2018-11-01,2019-02-22,stop,212.5,,195.33,195.24,11.01,213.49,190.48,259.51,190.48,-1.0,0.64,-1.01,77,10.8,False,-12407.0
ICICIGI,2019-01-29,2019-01-30,2019-02-25,target,793.16,,771.05,789.57,26.59,791.54,739.98,894.68,894.68,2.0,2.03,0.0,17,6.5,False,12685.0
KOTAKBANK,2019-02-04,2019-02-05,2019-02-27,stop,253.24,,239.26,250.38,5.9,254.0,241.45,279.1,241.45,-1.0,0.62,-1.03,15,4.9,False,-5595.0
KPIL,2019-02-25,2019-02-26,2019-02-28,target,341.75,,339.44,338.45,13.36,334.58,315.04,373.65,373.65,2.0,2.06,0.0,2,5.8,False,11194.0
MERCK,2018-12-18,2018-12-19,2019-03-06,target,2226.51,,1822.31,2181.88,74.8,2254.91,2076.91,2610.91,2610.91,2.0,2.01,-0.89,52,7.9,False,16261.0
KPIL,2019-02-27,2019-02-28,2019-03-14,target,356.47,,339.58,338.45,14.15,355.56,328.17,410.33,410.33,2.0,2.06,-0.03,9,7.7,False,15159.0
KNRCON,2019-03-05,2019-03-06,2019-03-19,target,108.81,,107.64,105.24,3.59,111.61,101.63,131.58,131.58,2.0,2.08,0.0,9,8.9,False,18011.0
SBIN,2019-03-13,2019-03-14,2019-03-28,target,265.71,,254.65,265.18,5.76,266.93,254.18,292.42,292.42,2.0,3.21,-0.16,9,4.8,False,9653.0
SKFINDIA,2018-10-25,2018-10-26,2019-04-01,target,1580.47,,1517.34,1549.95,49.08,1580.11,1482.31,1775.71,1810.64,2.357,2.5,-0.17,104,6.2,False,14939.0
SBILIFE,2019-03-27,2019-03-28,2019-04-01,stop,609.21,,604.66,602.2,17.01,610.49,575.18,681.11,575.18,-1.0,0.0,-1.02,1,5.8,False,-6722.0
SONATSOFTW,2018-12-06,2018-12-07,2019-04-03,target,96.13,,95.31,95.45,3.87,96.14,88.38,111.66,111.66,2.0,2.09,-0.7,78,8.1,False,16682.0
CORPBANK,2019-02-21,2019-02-22,2019-04-12,stop,30.05,,28.36,28.02,1.18,30.4,27.69,35.83,27.69,-1.0,0.74,-1.01,33,8.9,False,-9443.0
DMART,2019-04-08,2019-04-09,2019-04-16,stop,1481.85,,1443.99,1452.75,35.13,1484.0,1411.59,1628.82,1411.59,-1.0,0.63,-1.23,5,4.9,False,-5767.0
ZFCVINDIA,2019-04-01,2019-04-02,2019-04-22,stop,1096.35,,1090.69,1077.02,31.9,1105.0,1032.55,1249.9,1032.55,-1.0,0.0,-1.0,12,6.6,False,-7669.0
COFFEEDAY,2019-02-15,2019-02-18,2019-04-30,stop,281.5,,274.77,270.93,10.78,280.75,259.95,322.36,259.95,-1.0,1.79,-1.13,45,7.4,False,-8077.0
APOLLOHOSP,2019-04-01,2019-04-02,2019-05-02,stop,1243.81,,1142.61,1169.8,40.72,1243.32,1162.37,1405.22,1162.37,-1.0,0.31,-1.39,18,6.5,False,-7619.0
COFORGE,2019-04-26,2019-04-30,2019-05-03,stop,241.95,,220.0,240.32,4.26,242.13,233.43,259.53,233.43,-1.0,0.0,-1.41,2,3.6,False,-4335.0
HINDUNILVR,2019-04-30,2019-05-02,2019-05-03,stop,1552.97,,1478.7,1501.81,20.29,1551.91,1512.38,1630.96,1512.38,-1.0,0.0,-1.67,1,2.5,False,-3192.0
SUPREMEIND,2019-02-26,2019-02-27,2019-05-07,stop,1029.23,,1007.3,1024.86,41.94,1028.86,945.34,1195.9,945.34,-1.0,0.94,-1.05,42,8.1,False,-8601.0
LALPATHLAB,2019-04-15,2019-04-16,2019-05-08,stop,504.51,,461.08,492.61,14.88,504.61,474.76,564.3,474.76,-1.0,0.55,-1.01,12,5.9,False,-6896.0
TEXRAIL,2019-05-02,2019-05-03,2019-05-09,stop,59.91,,59.24,59.77,2.12,59.37,55.67,66.77,55.67,-1.0,0.08,-1.02,4,6.2,False,-6989.0
SIS,2019-05-06,2019-05-07,2019-05-09,stop,458.58,,427.43,407.12,16.64,448.0,425.29,493.41,425.29,-1.0,0.06,-1.48,2,5.1,False,-5700.0
LT,2019-05-07,2019-05-08,2019-05-13,stop,1216.0,,1184.2,1209.76,21.51,1213.6,1172.99,1294.83,1172.99,-1.0,0.11,-1.14,3,3.3,False,-3937.0
TRIDENT,2019-03-18,2019-03-19,2019-05-15,stop,5.8,,5.47,5.78,0.22,5.83,5.36,6.77,5.36,-1.0,0.73,-1.36,35,8.1,False,-9061.0
DCMSHRIRAM,2019-05-02,2019-05-03,2019-05-16,target,422.13,,348.97,399.03,15.82,423.45,390.49,489.38,489.38,2.0,2.49,-0.6,9,7.8,False,15643.0
UNOMINDA,2019-05-10,2019-05-13,2019-05-16,stop,168.88,,166.82,168.13,6.27,171.25,156.34,201.08,156.34,-1.0,0.0,-1.2,3,8.7,False,-9386.0
ATUL,2018-10-12,2018-10-15,2019-05-17,target,3122.97,,2755.19,3050.55,126.86,3163.28,2869.25,3751.33,3751.33,2.0,2.06,-0.66,142,9.3,False,19911.0
CUB,2019-05-15,2019-05-16,2019-05-23,target,141.21,,132.47,140.96,3.28,141.14,134.66,154.11,154.11,2.0,2.25,0.0,5,4.6,False,8671.0
AARTIIND,2019-03-27,2019-03-28,2019-05-24,target,377.33,,325.65,371.25,12.45,376.05,352.43,423.3,423.3,2.0,2.21,-0.52,36,6.3,False,12903.0
DBL,2019-05-24,2019-05-27,2019-06-04,stop,609.51,,563.56,597.37,27.54,617.56,554.42,743.84,554.42,-1.0,0.0,-1.11,6,10.2,False,-11270.0
GSPL,2019-06-12,2019-06-13,2019-06-14,stop,195.8,,181.47,191.05,6.88,195.25,182.03,221.68,182.03,-1.0,0.0,-1.33,1,6.8,False,-7653.0
TTKPRESTIG,2019-05-15,2019-05-16,2019-06-17,stop,695.82,,597.44,674.49,19.49,689.12,656.85,753.66,656.85,-1.0,0.85,-1.03,21,4.7,False,-5175.0
TRENT,2019-05-14,2019-05-15,2019-06-25,target,370.89,,343.62,360.86,13.63,373.47,343.63,433.16,433.16,2.0,2.41,-0.52,28,8.0,False,15551.0
ADANIPOWER,2019-06-24,2019-06-25,2019-07-01,target,10.03,,8.72,9.65,0.52,10.06,8.99,12.19,12.19,2.0,2.05,0.0,4,10.6,False,21496.0
INDIANB,2019-05-24,2019-05-27,2019-07-08,stop,227.23,,223.57,223.76,9.61,228.64,208.0,269.91,208.0,-1.0,1.06,-1.17,29,9.0,False,-10011.0
SUPREMEIND,2019-06-28,2019-07-01,2019-07-08,stop,1062.27,,1004.38,1056.42,30.3,1061.3,1001.68,1180.55,1001.68,-1.0,0.33,-1.01,5,5.6,False,-6441.0
SUVEN,2019-05-09,2019-05-10,2019-07-11,stop,12.05,,10.26,12.02,0.38,11.99,11.29,13.41,11.29,-1.0,1.66,-1.66,43,5.9,False,-6471.0
COLPAL,2019-07-05,2019-07-08,2019-07-11,stop,1005.31,,1003.7,982.82,18.01,1005.31,969.28,1077.36,969.28,-1.0,0.0,-1.06,3,3.6,False,-4348.0
TIINDIA,2019-07-10,2019-07-11,2019-07-17,target,378.67,,342.0,377.86,10.44,375.18,357.8,409.95,409.95,2.0,2.18,0.0,4,4.6,False,9138.0
MUTHOOTFIN,2019-07-16,2019-07-17,2019-07-19,stop,563.92,,486.83,549.82,16.57,563.88,530.78,630.08,530.78,-1.0,0.09,-1.04,2,5.9,False,-6679.0
TEAMLEASE,2019-07-01,2019-07-02,2019-07-22,stop,3016.2,,2819.07,2982.5,97.9,3033.35,2820.4,3459.24,2820.4,-1.0,0.41,-1.19,14,7.0,False,-8093.0
ELGIEQUIP,2019-06-14,2019-06-17,2019-07-29,stop,128.33,,125.47,127.9,3.46,127.34,121.4,139.21,121.4,-1.0,0.72,-1.12,30,4.7,False,-5337.0
TATAINVEST,2019-07-18,2019-07-19,2019-07-30,stop,76.87,,73.54,76.58,1.45,76.41,73.97,81.28,73.59,-1.157,0.3,-1.16,7,3.2,True,-4386.0
SONATSOFTW,2019-04-15,2019-04-16,2019-07-31,stop,104.46,,98.4,103.72,2.88,105.25,98.7,118.33,98.7,-1.0,0.99,-1.24,71,6.2,False,-7220.0
BALRAMCHIN,2019-07-10,2019-07-11,2019-07-31,stop,144.4,,117.27,142.65,6.12,144.73,132.15,169.88,132.15,-1.0,0.8,-1.17,14,8.7,False,-9581.0
DIVISLAB,2019-07-26,2019-07-29,2019-07-31,stop,1587.94,,1461.61,1570.24,36.46,1591.09,1515.03,1743.2,1515.03,-1.0,0.04,-1.31,2,4.8,False,-5378.0
BALRAMCHIN,2019-08-01,2019-08-02,2019-08-05,stop,134.99,,120.84,134.16,6.39,132.98,122.2,154.52,122.2,-1.0,0.0,-1.43,1,8.1,False,-8465.0
PGHH,2019-07-31,2019-08-01,2019-08-06,stop,9815.09,,9305.65,9703.09,231.18,10038.04,9352.74,11408.64,9352.74,-1.0,0.0,-1.01,3,6.8,False,-7310.0
MASFIN,2019-08-01,2019-08-02,2019-08-07,target,190.02,,182.88,189.16,8.69,184.12,172.64,207.07,207.07,2.0,2.97,-0.34,3,6.2,False,11778.0
PIDILITIND,2019-08-02,2019-08-05,2019-08-13,target,610.71,,564.71,600.79,15.81,606.97,579.1,662.71,662.71,2.0,2.13,0.0,5,4.6,False,8566.0
AIAENG,2019-02-15,2019-02-18,2019-08-22,stop,1624.96,,1551.03,1605.12,44.1,1629.22,1536.75,1814.17,1536.75,-1.0,1.71,-1.14,123,5.7,False,-6306.0
JKCEMENT,2019-07-19,2019-07-22,2019-08-27,target,947.75,,840.52,943.67,27.2,935.29,893.35,1019.17,1019.17,2.0,2.62,-0.94,24,4.5,False,8698.0
NAM-INDIA,2019-05-16,2019-05-17,2019-08-28,target,164.43,,154.08,163.45,7.38,172.92,149.66,219.45,219.45,2.0,2.53,-0.27,70,13.5,False,26272.0
APOLLOHOSP,2019-08-06,2019-08-07,2019-08-28,target,1313.13,,1217.39,1309.03,42.63,1312.88,1227.87,1482.91,1482.91,2.0,2.25,-0.39,13,6.5,False,12166.0
GUJGASLTD,2019-08-05,2019-08-06,2019-09-04,stop,172.3,,147.24,168.09,7.42,172.58,157.46,202.82,157.46,-1.0,0.6,-1.07,18,8.8,False,-8994.0
TCS,2019-08-22,2019-08-23,2019-09-12,stop,1840.87,,1704.54,1840.39,39.36,1840.0,1762.15,1995.69,1762.15,-1.0,0.87,-1.01,12,4.2,False,-4775.0
JBCHEPHARM,2019-08-09,2019-08-13,2019-09-13,target,169.94,,156.34,169.47,3.84,170.12,162.27,185.83,185.83,2.0,2.59,0.0,20,4.6,False,8765.0
ASTRAL,2019-09-03,2019-09-04,2019-09-16,target,578.67,,526.03,559.96,16.6,578.62,545.46,644.95,664.86,2.6,3.59,-0.21,7,5.7,False,14692.0
REDINGTON,2019-08-26,2019-08-27,2019-09-17,stop,45.72,,39.22,42.08,2.37,45.72,40.98,55.2,40.98,-1.0,0.14,-1.07,13,10.4,False,-11140.0
CROMPTON,2019-05-08,2019-05-09,2019-09-20,target,212.97,,211.08,209.93,7.85,213.67,197.26,246.5,246.5,2.0,2.43,-0.91,91,7.7,False,15050.0
FINPIPE,2019-08-27,2019-08-28,2019-09-20,target,91.7,,91.21,89.59,2.7,91.22,86.31,101.05,101.05,2.0,3.27,-0.62,15,5.4,False,10490.0
HEXAWARE,2019-08-27,2019-08-28,2019-09-23,stop,393.15,,361.65,391.07,12.51,394.0,368.14,445.73,368.14,-1.0,0.06,-1.32,16,6.6,False,-7218.0
IPCALAB,2019-09-12,2019-09-13,2019-10-01,stop,461.96,,430.97,461.03,14.12,460.23,433.72,513.24,433.72,-1.0,1.13,-1.05,12,5.8,False,-6371.0
MERCK,2019-09-20,2019-09-23,2019-10-07,stop,3831.96,,3002.98,3797.94,162.65,3878.11,3506.66,4621.02,3506.66,-1.0,0.07,-1.14,9,9.6,False,-10882.0
ATUL,2019-09-12,2019-09-13,2019-10-17,target,3660.11,,3453.33,3644.41,89.92,3694.91,3480.26,4124.19,4124.19,2.0,2.0,-0.59,22,5.8,False,11313.0
ICICIGI,2019-07-29,2019-07-30,2019-10-23,target,1123.07,,947.96,1103.04,38.33,1119.25,1046.42,1264.91,1264.91,2.0,2.18,-0.91,54,6.5,False,12670.0
ADANIENSOL,2019-10-04,2019-10-07,2019-10-23,target,226.55,,215.35,222.38,8.81,229.0,208.93,269.14,269.14,2.0,2.16,-0.45,10,8.8,False,17965.0
HEXAWARE,2019-10-16,2019-10-17,2019-10-24,stop,376.05,,365.44,375.03,11.39,376.0,353.27,421.45,353.27,-1.0,0.24,-1.52,4,6.0,False,-6861.0
MFSL,2019-10-22,2019-10-23,2019-10-25,stop,435.1,,423.69,418.1,16.02,432.0,403.06,489.88,403.06,-1.0,0.0,-1.05,2,6.7,False,-7817.0
TIMKEN,2019-05-22,2019-05-23,2019-10-31,target,629.76,,559.6,539.46,22.18,656.49,585.39,798.68,798.68,2.0,2.63,-0.97,107,10.8,False,21788.0
GUJGASLTD,2019-10-22,2019-10-23,2019-10-31,target,173.27,,155.31,170.05,5.44,173.75,162.39,196.47,196.47,2.0,2.08,-0.48,6,6.5,False,13654.0
VBL,2019-09-13,2019-09-16,2019-11-06,target,54.8,,50.67,53.02,2.25,54.73,50.31,63.58,63.58,2.0,3.1,-0.74,34,8.1,False,16077.0
JSWENERGY,2019-10-30,2019-10-31,2019-11-07,target,64.19,,63.59,63.85,2.14,64.29,59.91,73.05,73.05,2.0,2.5,0.0,5,6.8,False,14372.0
IDFCFIRSTB,2019-10-31,2019-11-01,2019-11-14,stop,44.5,,43.1,41.25,1.67,44.4,41.17,50.87,40.87,-1.094,0.17,-1.12,8,7.3,True,-9382.0
SUNDARMFIN,2019-11-06,2019-11-07,2019-11-15,target,1510.46,,1460.27,1500.96,29.23,1506.11,1452.0,1614.34,1614.34,2.0,2.32,-0.48,5,3.6,False,7439.0
GREAVESCOT,2019-09-19,2019-09-20,2019-12-09,stop,132.68,,128.16,132.34,4.95,134.58,122.79,158.15,122.79,-1.0,1.3,-1.06,52,8.8,False,-9668.0
POLYMED,2019-11-14,2019-11-15,2019-12-09,stop,216.25,,197.84,213.29,10.03,218.02,196.19,261.69,196.19,-1.0,0.14,-1.27,16,10.0,False,-11571.0
APOLLOHOSP,2019-10-30,2019-10-31,2019-12-10,stop,1438.13,,1305.34,1412.69,42.88,1447.03,1352.37,1636.35,1352.37,-1.0,0.41,-1.07,27,6.5,False,-7709.0
INDHOTEL,2019-11-13,2019-11-14,2019-12-10,stop,147.56,,136.94,142.26,4.65,148.42,138.26,168.74,138.26,-1.0,0.1,-1.05,18,6.8,False,-8108.0
AIAENG,2019-11-05,2019-11-06,2019-12-20,stop,1655.99,,1619.17,1635.57,56.58,1679.16,1542.83,1951.83,1542.83,-1.0,0.0,-1.01,31,8.1,False,-9643.0
PHOENIXLTD,2019-08-27,2019-08-28,2019-12-26,target,343.83,,308.63,320.47,13.95,344.55,315.92,401.79,401.79,2.0,2.11,-0.9,79,8.3,False,16460.0
BALRAMCHIN,2019-09-16,2019-09-17,2019-12-27,target,140.61,,121.25,139.16,7.28,140.61,126.05,169.73,169.73,2.0,2.45,-0.51,68,10.4,False,21180.0
BEML,2019-12-09,2019-12-10,2020-01-06,stop,414.52,,363.51,403.85,16.05,414.88,382.42,479.82,382.42,-1.0,0.0,-1.01,18,7.8,False,-9283.0
BALMLAWRIE,2019-12-24,2019-12-26,2020-01-06,stop,95.46,,88.51,94.73,2.46,94.61,90.54,102.74,90.54,-1.0,0.4,-1.18,7,4.3,False,-5347.0
ITI,2019-12-19,2019-12-20,2020-01-07,target,94.6,,87.01,90.48,4.01,93.35,86.57,106.91,106.91,2.0,2.07,-0.4,11,7.3,False,15502.0
SHREECEM,2019-10-22,2019-10-23,2020-01-08,target,19033.71,,18371.43,18667.79,658.26,19145.09,17717.19,22000.88,22000.88,2.0,2.09,-0.18,53,7.5,False,15651.0
METROPOLIS,2019-12-26,2019-12-27,2020-01-08,target,337.28,,286.54,336.96,10.97,332.11,315.34,365.65,365.65,2.0,2.37,-0.32,8,5.1,False,10684.0
SUDARSCHEM,2019-12-09,2019-12-10,2020-01-09,target,383.02,,340.07,377.55,12.93,385.26,357.16,441.46,441.46,2.0,2.02,-0.57,21,7.3,False,15704.0
PFC,2020-01-07,2020-01-08,2020-01-10,target,59.1,,55.73,57.7,1.78,57.66,55.55,61.9,61.9,2.0,2.08,0.0,2,3.7,False,7768.0
POLYMED,2019-12-26,2019-12-27,2020-01-13,target,207.35,,199.9,207.2,8.63,204.16,190.1,232.27,232.27,2.0,3.16,-0.16,11,6.9,False,14769.0
LUXIND,2020-01-07,2020-01-08,2020-01-14,target,1297.78,,1250.41,1296.93,48.1,1286.77,1201.57,1457.15,1457.15,2.0,2.19,0.0,4,6.6,False,14474.0
TORNTPHARM,2019-10-24,2019-10-25,2020-01-17,target,808.55,,758.35,770.33,26.8,808.55,754.94,915.76,915.76,2.0,2.22,-0.67,58,6.6,False,13765.0
BERGEPAINT,2019-12-06,2019-12-09,2020-01-20,target,405.09,,313.01,399.98,12.9,406.22,379.29,460.07,460.07,2.0,2.01,-0.59,29,6.6,False,14363.0
CANFINHOME,2019-09-20,2019-09-23,2020-01-22,target,368.14,,331.44,367.34,14.91,376.99,338.31,454.34,454.34,2.0,2.68,-0.69,82,10.3,False,21612.0
RECLTD,2020-01-07,2020-01-08,2020-01-22,stop,63.03,,60.86,62.36,1.65,62.3,59.73,67.43,59.73,-1.0,0.97,-1.64,10,4.1,False,-5247.0
GRANULES,2020-01-08,2020-01-09,2020-01-23,target,127.53,,107.73,124.13,4.27,129.63,118.98,150.93,150.93,2.0,2.63,-0.54,10,8.2,False,18271.0
AFFLE,2020-01-07,2020-01-08,2020-01-29,target,311.82,,231.88,306.7,12.63,305.14,286.56,342.31,342.31,2.0,2.25,-0.33,15,6.1,False,13268.0
ADVENZYMES,2020-01-16,2020-01-17,2020-01-29,stop,174.81,,160.32,167.42,6.04,175.95,162.73,202.38,162.4,-1.024,0.0,-1.02,8,7.5,True,-10087.0
INDIGO,2020-01-22,2020-01-23,2020-01-31,stop,1465.62,,1448.04,1445.29,39.39,1482.49,1386.84,1673.8,1386.84,-1.0,0.58,-1.19,6,6.5,False,-8544.0
UNITDSPR,2020-01-28,2020-01-29,2020-01-31,stop,642.24,,581.63,605.38,16.81,638.42,608.62,698.03,608.62,-1.0,0.0,-1.15,2,4.7,False,-6444.0
NAM-INDIA,2020-01-03,2020-01-06,2020-02-03,stop,292.2,,226.56,292.12,10.17,289.4,271.87,324.45,271.87,-1.0,1.08,-1.02,20,6.1,False,-7449.0
TATAMTRDVR,2020-01-09,2020-01-10,2020-02-03,stop,79.45,,78.36,75.15,3.19,79.75,73.07,93.12,67.9,-1.773,0.67,-1.98,16,8.4,True,-18104.0
NIACL,2020-01-13,2020-01-14,2020-02-03,stop,151.78,,145.04,150.17,6.68,152.56,138.43,180.82,135.32,-1.22,0.96,-1.49,14,9.3,True,-14136.0
ZYDUSWELL,2020-01-31,2020-02-03,2020-02-04,target,294.68,,289.71,285.57,8.18,284.83,278.33,297.84,301.53,2.567,2.72,0.0,1,2.3,False,6634.0
3MINDIA,2020-01-31,2020-02-03,2020-02-04,target,21349.64,,20146.08,19965.41,545.78,20661.01,20258.07,21466.89,21466.89,2.0,3.28,0.0,1,2.0,False,4207.0
TITAN,2020-01-31,2020-02-03,2020-02-04,target,1165.07,,1129.11,1163.83,22.29,1147.66,1120.5,1201.98,1201.98,2.0,4.25,0.0,1,2.4,False,5237.0
BAJAJ-AUTO,2020-02-03,2020-02-04,2020-02-06,stop,2710.65,,2467.34,2644.61,56.05,2698.68,2598.55,2898.94,2598.55,-1.0,0.0,-1.06,2,3.7,False,-5080.0
PGHL,2020-01-31,2020-02-03,2020-02-12,stop,3640.1,,3344.31,3469.11,82.04,3554.2,3476.02,3710.57,3476.02,-1.0,1.61,-1.36,7,2.2,False,-3343.0
CGCL,2020-02-03,2020-02-04,2020-02-14,target,186.95,,169.94,184.84,7.44,186.76,172.07,216.13,216.13,2.0,2.06,0.0,8,7.9,False,18363.0
CREDITACC,2020-01-10,2020-01-13,2020-02-18,target,765.83,,616.1,756.01,24.08,773.86,717.68,886.24,886.24,2.0,2.14,-0.6,26,7.3,False,16595.0
PGHH,2020-02-03,2020-02-04,2020-02-20,stop,10535.05,,9892.52,10370.64,246.51,10535.23,10042.02,11521.65,10042.02,-1.0,0.35,-1.01,12,4.7,False,-6252.0
HATHWAY,2020-02-18,2020-02-19,2020-02-25,stop,23.1,,22.45,20.33,1.13,24.25,20.84,31.07,20.84,-1.0,0.13,-1.03,3,14.1,False,-18410.0
TATASTLBSL,2020-02-11,2020-02-12,2020-02-26,stop,28.25,,27.69,28.18,1.05,28.4,26.15,32.9,26.15,-1.0,0.07,-1.27,9,7.9,False,-10633.0
LEMONTREE,2020-02-24,2020-02-25,2020-02-26,stop,62.95,,60.99,62.65,2.34,62.55,58.27,71.11,58.0,-1.063,0.0,-2.09,1,6.8,True,-9731.0
SUNDARMFIN,2020-01-28,2020-01-29,2020-02-28,stop,1566.83,,1499.22,1551.28,33.95,1570.05,1498.94,1712.27,1498.94,-1.0,1.66,-1.57,21,4.5,False,-6271.0
ICRA,2020-02-13,2020-02-14,2020-03-02,stop,2789.1,,2705.37,2772.53,99.09,2789.1,2590.92,3185.48,2590.92,-1.0,0.46,-1.13,10,7.1,False,-9652.0
BDL,2020-02-27,2020-02-28,2020-03-02,stop,145.77,,136.24,139.67,7.77,133.79,130.24,140.9,130.24,-1.0,0.0,-3.55,1,2.7,False,-3849.0
KOTAKBANK,2020-02-27,2020-02-28,2020-03-02,stop,335.15,,311.42,333.23,6.33,329.6,322.48,343.84,322.48,-1.0,0.0,-1.98,1,2.2,False,-3244.0
VESUVIUS,2020-02-18,2020-02-19,2020-03-06,stop,108.42,,104.84,107.61,3.21,108.16,102.01,120.47,96.95,-1.823,1.67,-1.82,11,5.7,True,-13747.0
CANFINHOME,2020-01-21,2020-01-22,2020-03-09,stop,441.34,,357.55,383.42,14.56,447.68,412.22,518.6,412.22,-1.0,1.31,-1.45,32,7.9,False,-10326.0
AIAENG,2020-01-21,2020-01-22,2020-03-09,stop,1724.35,,1606.81,1629.51,45.75,1734.12,1632.84,1936.68,1632.84,-1.0,1.81,-1.03,32,5.8,False,-7775.0
ASTRAZEN,2020-03-02,2020-03-03,2020-03-09,stop,2614.14,,2322.72,2598.62,112.42,2634.98,2389.3,3126.32,2389.3,-1.0,0.22,-1.09,4,9.3,False,-11611.0
LALPATHLAB,2020-03-04,2020-03-05,2020-03-09,stop,816.98,,674.01,803.28,29.61,820.73,757.76,946.67,757.76,-1.0,0.0,-1.18,2,7.7,False,-9707.0
LTTS,2020-03-06,2020-03-09,2020-03-11,stop,1525.99,,1459.04,1518.4,51.21,1497.06,1423.57,1644.05,1423.57,-1.0,0.0,-1.46,1,4.9,False,-6304.0
IIFLWAM,2020-01-17,2020-01-20,2020-03-12,stop,277.77,,252.08,264.1,13.99,282.48,249.78,347.9,249.78,-1.0,1.86,-1.28,36,11.6,False,-14903.0
BIOCON,2020-02-05,2020-02-06,2020-03-12,stop,292.27,,269.47,288.35,9.77,292.52,272.73,332.1,272.73,-1.0,1.4,-1.41,23,6.8,False,-8913.0
SPANDANA,2020-03-02,2020-03-03,2020-03-12,stop,1082.35,,1027.63,1066.53,55.79,1075.15,970.78,1283.9,970.0,-1.007,0.53,-1.67,6,9.7,True,-12151.0
BASF,2020-03-04,2020-03-05,2020-03-12,stop,1126.29,,1061.64,998.05,65.92,1154.49,994.45,1474.57,994.45,-1.0,0.15,-1.61,4,13.9,False,-17059.0
ALLCARGO,2020-03-05,2020-03-06,2020-03-12,stop,24.78,,23.24,24.77,1.08,24.14,22.62,27.19,21.93,-1.453,0.0,-1.45,3,6.3,True,-11529.0
ASTRAZEN,2020-03-06,2020-03-09,2020-03-12,stop,2619.85,,2334.18,2598.62,116.1,2577.05,2387.65,2955.85,2324.86,-1.332,0.0,-2.94,2,7.3,True,-11987.0
GARFIBRES,2020-03-11,2020-03-12,2020-03-13,stop,278.36,,242.55,275.39,18.26,255.32,241.84,282.3,230.18,-1.864,0.0,-3.15,1,5.3,True,-11300.0
BASF,2020-03-13,2020-03-16,2020-03-19,stop,1071.46,,1062.38,998.05,85.53,1004.41,900.4,1212.42,900.4,-1.0,0.81,-1.1,3,10.4,False,-11212.0
ZYDUSLIFE,2020-03-20,2020-03-23,2020-04-09,target,272.27,,251.74,253.28,17.78,277.82,236.71,360.05,360.05,2.0,2.02,-0.95,11,14.8,False,29724.0
DRREDDY,2020-03-31,2020-04-01,2020-04-13,target,600.97,,550.13,590.38,34.82,600.81,531.32,739.8,739.8,2.0,2.04,-0.26,5,11.6,False,23007.0
DMART,2020-04-09,2020-04-13,2020-04-16,stop,2392.65,,1878.47,2321.65,121.92,2320.0,2148.81,2662.39,2148.81,-1.0,0.0,-1.26,2,7.4,False,-8542.0
APLLTD,2020-04-08,2020-04-09,2020-04-27,target,601.65,,522.59,591.0,46.19,598.69,509.28,777.53,777.53,2.0,2.11,-0.4,10,14.9,False,31278.0
HINDUNILVR,2020-04-07,2020-04-08,2020-04-30,stop,2187.05,,1781.83,1955.41,126.74,2175.51,1933.57,2659.38,1933.57,-1.0,0.35,-1.01,14,11.1,False,-12228.0
DMART,2020-04-29,2020-04-30,2020-05-06,stop,2344.35,,1922.33,2321.65,100.42,2349.0,2143.51,2759.97,2143.51,-1.0,0.0,-1.08,3,8.7,False,-10483.0
ASTRAZEN,2020-04-07,2020-04-08,2020-06-16,target,2653.54,,2317.94,2605.0,204.69,2659.8,2244.16,3491.09,3491.09,2.0,2.07,-0.38,45,15.6,False,32355.0
BIOCON,2020-04-07,2020-04-08,2020-06-18,target,315.09,,275.24,293.48,18.13,319.15,278.83,399.79,399.79,2.0,2.02,-0.04,47,12.6,False,26058.0
GRANULES,2020-04-08,2020-04-09,2020-07-13,target,169.04,,127.34,158.26,14.03,172.42,140.98,235.29,235.29,2.0,2.15,-0.7,63,18.2,False,38301.0
SUNPHARMA,2020-04-07,2020-04-08,2020-07-31,target,393.04,,390.88,370.72,26.54,394.6,339.96,503.88,503.88,2.0,2.1,0.0,78,13.8,False,28611.0
FDC,2020-04-15,2020-04-16,2020-08-03,target,235.56,,197.25,234.39,18.32,236.74,198.93,312.36,312.36,2.0,2.14,-0.4,75,16.0,False,33909.0
PFIZER,2020-07-31,2020-08-03,2020-08-10,target,3996.34,,3634.89,3769.45,95.79,4012.46,3804.77,4427.84,4427.84,2.0,2.22,0.0,5,5.2,False,11946.0
AARTIIND,2020-07-31,2020-08-03,2020-08-20,target,486.9,,443.52,456.88,12.98,488.67,460.95,544.13,544.13,2.0,2.74,-0.21,13,5.7,False,13154.0
HFCL,2020-08-07,2020-08-10,2020-08-21,target,14.16,,14.05,14.0,0.72,14.26,12.72,17.33,17.33,2.0,2.58,0.0,9,10.8,False,26666.0
INGERRAND,2020-08-19,2020-08-20,2020-08-21,stop,631.19,,568.73,583.1,16.56,630.41,598.07,695.08,598.07,-1.0,0.0,-1.46,1,5.1,False,-7336.0
AIAENG,2020-07-10,2020-07-13,2020-08-27,target,1600.86,,1583.81,1598.59,54.29,1608.89,1492.28,1842.11,1842.11,2.0,2.07,-0.5,33,7.2,False,16292.0
CESC,2020-08-20,2020-08-21,2020-08-31,stop,48.34,,47.78,47.05,1.59,48.66,45.16,55.67,45.16,-1.0,0.56,-1.0,6,7.2,False,-9972.0
SUMICHEM,2020-08-21,2020-08-24,2020-08-31,stop,280.12,,236.41,274.79,8.91,282.85,262.31,323.93,262.31,-1.0,0.18,-1.15,5,7.3,False,-10177.0
JCHAC,2020-08-26,2020-08-27,2020-08-31,stop,2395.35,,2183.93,2379.25,77.99,2425.0,2239.37,2796.27,2239.37,-1.0,0.0,-1.69,2,7.7,False,-10871.0
IDEA,2020-08-28,2020-08-31,2020-09-01,stop,10.1,,7.86,9.73,0.6,10.5,8.9,13.7,8.9,-1.0,0.28,-1.78,1,15.2,False,-20543.0
IRCON,2020-06-18,2020-06-19,2020-09-07,stop,37.35,,33.58,34.85,1.75,37.95,33.85,46.16,33.85,-1.0,1.15,-1.03,56,10.8,False,-13000.0
MIDHANI,2020-06-18,2020-06-19,2020-09-09,stop,201.44,,166.2,195.38,9.35,202.24,182.74,241.23,182.74,-1.0,1.01,-1.25,58,9.6,False,-11658.0
PGHL,2020-04-07,2020-04-08,2020-09-14,target,3561.77,,3294.55,3324.03,215.72,3558.32,3130.34,4414.28,4414.28,2.0,2.2,-0.99,109,12.0,False,24782.0
BSE,2020-09-01,2020-09-02,2020-09-15,target,52.59,,47.97,52.16,1.66,52.94,49.28,60.25,60.25,2.0,2.58,0.0,9,6.9,False,16456.0
DMART,2020-08-31,2020-09-01,2020-09-18,stop,2251.25,,2110.81,2134.58,70.42,2244.0,2110.41,2511.17,2110.41,-1.0,0.93,-1.05,13,6.0,False,-8095.0
NFL,2020-09-14,2020-09-15,2020-09-21,stop,35.19,,28.62,34.95,1.39,35.47,32.41,41.59,32.41,-1.0,0.73,-1.25,4,8.6,False,-11581.0
RELAXO,2020-08-31,2020-09-01,2020-09-22,stop,644.15,,603.56,605.5,15.96,641.21,612.24,699.14,612.24,-1.0,1.38,-1.44,15,4.5,False,-6295.0
JCHAC,2020-09-08,2020-09-09,2020-09-22,stop,2239.15,,2183.84,2134.4,89.96,2258.0,2059.24,2655.52,2059.24,-1.0,0.46,-1.17,9,8.8,False,-11408.0
IRCTC,2020-09-18,2020-09-21,2020-09-22,stop,268.0,,238.69,262.9,6.94,271.75,254.11,307.01,254.11,-1.0,0.0,-1.03,1,6.5,False,-8929.0
EIDPARRY,2020-09-22,2020-09-23,2020-10-14,stop,273.97,,222.82,273.32,12.76,275.97,248.45,331.01,248.45,-1.0,0.06,-1.03,14,10.0,False,-12785.0
FORTIS,2020-09-17,2020-09-18,2020-10-15,stop,133.86,,131.38,132.17,3.59,134.15,126.67,149.12,126.67,-1.0,1.02,-1.18,18,5.6,False,-7829.0
WOCKPHARMA,2020-10-13,2020-10-14,2020-10-27,stop,286.87,,265.82,286.32,12.24,286.41,262.4,334.44,262.4,-1.0,0.1,-1.02,9,8.4,False,-10909.0
INDIACEM,2020-09-23,2020-09-24,2020-11-18,target,116.92,,107.03,115.63,5.75,115.29,105.43,135.0,135.0,2.0,2.07,-0.38,38,8.5,False,20164.0
BLUESTARCO,2020-10-14,2020-10-15,2020-11-19,target,302.34,,293.47,296.61,13.17,302.34,275.99,355.03,355.03,2.0,2.11,-0.32,25,8.7,False,20732.0
GRINDWELL,2020-11-18,2020-11-19,2020-12-04,target,549.32,,512.91,543.62,17.28,551.49,514.76,624.96,624.96,2.0,2.18,0.0,10,6.7,False,15955.0
POLYCAB,2020-10-26,2020-10-27,2020-12-16,target,926.47,,795.83,854.09,27.95,919.6,870.58,1017.64,1017.64,2.0,2.17,-0.97,35,5.3,False,12451.0
PIDILITIND,2020-05-06,2020-05-07,2020-12-18,target,698.27,,676.35,690.57,36.43,699.95,625.41,849.05,849.05,2.0,2.02,-0.83,158,10.7,False,22973.0
LUPIN,2020-12-17,2020-12-18,2020-12-21,stop,944.98,,873.73,942.04,23.3,947.37,898.37,1045.35,898.37,-1.0,0.37,-1.95,1,5.2,False,-7550.0
MPHASIS,2020-12-21,2020-12-22,2020-12-23,target,1245.45,,1017.78,1232.59,35.97,1240.03,1173.52,1373.06,1373.06,2.0,3.29,0.0,1,5.4,False,13320.0
OFSS,2020-09-04,2020-09-07,2021-01-05,target,2252.2,,2057.54,2239.1,61.78,2281.85,2128.63,2588.3,2588.3,2.0,2.21,-0.69,83,6.7,False,16057.0
GALAXYSURF,2020-11-17,2020-11-18,2021-01-07,target,1868.49,,1545.68,1799.28,73.97,1872.71,1720.55,2177.03,2177.03,2.0,2.11,-0.88,34,8.1,False,19527.0
MANAPPURAM,2021-01-04,2021-01-05,2021-01-18,stop,154.7,,140.11,153.95,4.59,153.89,145.51,170.65,145.51,-1.0,0.71,-1.07,9,5.4,False,-8420.0
SIS,2021-01-06,2021-01-07,2021-01-27,stop,416.52,,396.82,410.2,16.97,420.49,382.59,496.29,382.22,-1.01,0.06,-1.14,13,9.0,True,-13611.0
ORIENTELEC,2021-01-15,2021-01-18,2021-02-01,target,224.25,,196.77,219.1,9.5,226.47,205.26,268.88,268.88,2.0,2.01,-0.3,9,9.4,False,25354.0
LALPATHLAB,2020-12-15,2020-12-16,2021-02-02,target,1044.27,,899.26,1041.91,32.76,1046.67,978.75,1182.51,1182.51,2.0,2.22,-0.52,32,6.5,False,16583.0
AJANTPHARM,2020-04-24,2020-04-27,2021-02-03,target,904.34,,718.13,834.05,63.21,906.84,777.92,1164.69,1164.69,2.0,2.15,-0.57,196,14.2,False,31047.0
REDINGTON,2020-12-22,2020-12-23,2021-02-03,target,55.54,,47.12,53.39,2.3,55.73,50.95,65.29,65.29,2.0,2.1,-0.23,28,8.6,False,21900.0
SUNDARMFIN,2021-02-02,2021-02-03,2021-02-09,target,1805.18,,1488.38,1730.43,67.6,1813.87,1669.99,2101.63,2101.63,2.0,3.09,-0.36,4,7.9,False,21686.0
NATCOPHARM,2020-12-03,2020-12-04,2021-02-11,stop,885.35,,737.98,877.19,27.12,886.61,831.11,997.6,831.11,-1.0,1.32,-1.07,47,6.3,False,-8718.0
TTKPRESTIG,2021-02-10,2021-02-11,2021-03-02,target,670.92,,559.93,581.54,24.75,667.7,621.42,760.25,760.25,2.0,2.47,0.0,13,6.9,False,19339.0
BALMLAWRIE,2021-03-01,2021-03-02,2021-03-04,target,99.55,,87.82,96.2,3.53,101.49,92.5,119.48,119.48,2.0,2.14,-0.19,2,8.9,False,24236.0
SPARC,2020-09-22,2020-09-23,2021-03-17,stop,172.85,,162.22,171.02,8.1,174.45,156.65,210.05,156.65,-1.0,1.98,-1.06,120,10.2,False,-13067.0
TAKE,2021-03-03,2021-03-04,2021-03-17,stop,58.05,,56.06,57.38,2.72,57.2,52.62,66.36,52.62,-1.0,0.72,-1.03,8,8.0,False,-12182.0
AKZOINDIA,2021-03-16,2021-03-17,2021-03-18,stop,2402.6,,2137.86,2323.75,65.54,2415.0,2271.52,2701.96,2271.52,-1.0,0.0,-1.14,1,5.9,False,-9344.0
DHANUKA,2021-01-29,2021-02-01,2021-03-24,stop,712.98,,666.07,709.31,23.33,721.62,666.33,832.19,666.33,-1.0,0.89,-1.01,36,7.7,False,-11130.0
LALPATHLAB,2021-02-01,2021-02-02,2021-03-31,target,1101.98,,955.43,1080.81,37.14,1122.11,1027.69,1310.94,1310.94,2.0,2.06,-0.71,39,8.4,False,22527.0
SOBHA,2021-03-16,2021-03-17,2021-04-05,stop,453.98,,349.07,442.38,18.71,455.5,416.57,533.38,416.57,-1.0,0.1,-1.12,11,8.5,False,-13125.0
NESTLEIND,2020-03-30,2020-03-31,2021-04-06,maxhold,731.68,,651.7,706.82,43.01,740.58,645.66,930.42,807.5,0.705,1.58,-0.42,252,12.8,False,8609.0
LAURUSLABS,2021-02-08,2021-02-09,2021-04-07,target,351.3,,250.95,337.19,14.63,354.0,322.03,417.95,417.95,2.0,2.05,-0.8,38,9.0,False,25613.0
METROPOLIS,2021-02-01,2021-02-02,2021-04-08,target,498.8,,443.65,493.73,23.6,501.26,451.6,600.6,600.6,2.0,2.14,-0.94,44,9.9,False,26649.0
INDOCO,2020-04-07,2020-04-08,2021-04-12,maxhold,238.98,,185.74,232.37,27.12,242.36,184.73,357.6,298.81,0.98,1.5,-0.86,252,23.8,False,20172.0
CEATLTD,2021-04-01,2021-04-05,2021-04-12,stop,1527.15,,1178.14,1523.18,61.39,1531.17,1404.38,1784.76,1404.38,-1.0,0.0,-1.35,5,8.3,False,-12646.0
KNRCON,2021-04-06,2021-04-07,2021-04-12,stop,210.34,,162.63,210.02,7.7,209.04,194.93,237.27,194.93,-1.0,0.83,-1.01,3,6.8,False,-10411.0
UNOMINDA,2021-04-09,2021-04-12,2021-04-19,stop,272.12,,211.04,267.12,12.04,264.69,248.04,298.0,234.51,-1.813,0.02,-2.29,4,6.3,True,-17728.0
LTI,2021-03-30,2021-03-31,2021-04-28,stop,4163.0,,3215.5,4023.98,160.53,4175.0,3841.95,4841.1,3841.95,-1.0,0.83,-1.02,17,8.0,False,-12098.0
BHARATFORG,2021-03-19,2021-03-22,2021-05-11,target,579.08,,502.58,574.19,23.89,570.35,531.31,648.43,648.43,2.0,2.01,-0.87,32,6.8,False,18682.0
TCNSBRANDS,2021-04-16,2021-04-19,2021-05-14,target,469.7,,447.75,468.28,23.19,468.7,423.33,559.45,559.45,2.0,2.43,-0.69,17,9.7,False,27043.0
GMMPFAUDLR,2021-04-27,2021-04-28,2021-05-18,target,1375.07,,1294.12,1367.45,46.68,1390.93,1281.7,1609.39,1609.39,2.0,2.38,-0.55,13,7.9,False,22022.0
CHENNPETRO,2021-03-23,2021-03-24,2021-05-21,target,91.05,,85.07,91.02,5.16,91.05,80.74,111.67,111.67,2.0,2.27,-0.96,37,11.3,False,31702.0
MAHABANK,2021-04-09,2021-04-12,2021-06-04,target,21.14,,13.25,18.88,1.36,20.33,18.42,24.14,24.14,2.0,2.67,-0.99,36,9.4,False,27175.0
SPANDANA,2021-06-03,2021-06-04,2021-06-09,stop,684.95,,643.1,573.63,29.9,705.0,625.16,864.68,625.16,-1.0,0.94,-1.0,3,11.3,False,-18420.0
NBCC,2021-05-10,2021-05-11,2021-06-14,target,30.2,,22.08,29.74,1.43,30.01,27.35,35.34,35.34,2.0,2.7,-0.36,23,8.9,False,25490.0
CHOLAFIN,2021-05-20,2021-05-21,2021-06-18,stop,564.12,,418.39,545.14,24.39,569.37,515.33,677.43,515.33,-1.0,0.28,-1.05,20,9.5,False,-15590.0
APLLTD,2021-06-11,2021-06-14,2021-06-21,stop,944.51,,885.85,929.19,24.3,950.05,895.91,1058.34,892.88,-1.056,0.13,-1.06,5,5.7,True,-10346.0
ZENSARTECH,2021-04-09,2021-04-12,2021-07-02,target,261.09,,206.89,257.85,13.26,260.76,234.56,313.15,313.15,2.0,2.2,-0.87,56,10.0,False,29172.0
TASTYBITE,2021-04-07,2021-04-08,2021-07-05,target,14679.59,,12213.66,14352.85,597.54,14864.56,13484.52,17624.65,17624.65,2.0,2.99,-0.7,59,9.3,False,26441.0
PHILIPCARB,2021-04-06,2021-04-07,2021-07-13,target,88.55,,68.52,85.99,4.39,89.27,79.78,108.25,108.25,2.0,2.09,-1.0,66,10.6,False,29805.0
NAVINFLUOR,2021-06-08,2021-06-09,2021-07-16,target,3355.65,,2550.27,3179.72,109.75,3388.45,3136.14,3893.08,3893.08,2.0,2.07,-0.77,27,7.4,False,23080.0
HINDALCO,2021-07-15,2021-07-16,2021-07-20,stop,387.43,,300.76,379.4,9.76,388.92,367.91,430.95,367.91,-1.0,0.09,-1.0,2,5.4,False,-9681.0
APLLTD,2021-06-21,2021-06-22,2021-07-26,stop,939.3,,888.56,929.19,27.5,943.53,884.29,1061.99,884.29,-1.0,0.19,-1.44,23,6.3,False,-10440.0
BALAMINES,2021-07-01,2021-07-02,2021-07-26,target,2753.02,,1698.84,2641.55,107.42,2769.32,2538.18,3231.58,3231.58,2.0,2.45,-0.32,15,8.3,False,25953.0
AUROPHARMA,2021-06-21,2021-06-22,2021-07-28,stop,926.95,,864.64,926.28,29.06,927.09,868.82,1043.62,868.82,-1.0,0.97,-1.3,25,6.3,False,-10450.0
SCI,2021-07-19,2021-07-20,2021-07-28,stop,108.46,,89.14,106.66,3.68,108.64,101.09,123.74,101.09,-1.0,0.0,-1.02,5,6.9,False,-12255.0
SOLARA,2021-07-02,2021-07-05,2021-07-30,stop,1716.27,,1352.26,1704.11,59.01,1757.16,1598.24,2074.98,1598.24,-1.0,0.01,-1.12,18,9.0,False,-15484.0
ROSSARI,2021-07-23,2021-07-26,2021-08-03,target,1241.08,,1042.53,1239.77,44.3,1223.39,1152.49,1365.17,1365.17,2.0,2.52,-0.18,6,5.8,False,18096.0
BBTC,2021-07-27,2021-07-28,2021-08-05,stop,1254.75,,1213.07,1238.79,34.29,1265.07,1186.18,1422.84,1186.18,-1.0,0.0,-1.16,6,6.2,False,-11003.0
BOSCHLTD,2021-08-04,2021-08-05,2021-08-09,stop,14496.2,,13435.22,14315.39,302.68,14293.71,13890.84,15099.45,13890.84,-1.0,0.0,-1.33,2,2.8,False,-5426.0
RCF,2021-05-12,2021-05-14,2021-08-10,stop,75.1,,52.39,73.02,3.69,76.39,67.71,93.74,67.71,-1.0,0.42,-1.18,61,11.4,False,-17811.0
CANFINHOME,2021-08-02,2021-08-03,2021-08-10,stop,530.9,,482.2,508.92,16.72,532.96,497.46,603.97,497.46,-1.0,0.57,-1.04,5,6.7,False,-11723.0
BAJAJELEC,2021-07-23,2021-07-26,2021-08-11,stop,1041.32,,824.09,1028.31,29.54,1052.64,982.24,1193.45,982.24,-1.0,0.71,-1.59,12,6.7,False,-11733.0
ADANIENT,2021-08-06,2021-08-09,2021-08-11,stop,1533.23,,1013.36,1471.08,55.55,1543.25,1422.13,1785.51,1422.13,-1.0,0.0,-1.15,2,7.8,False,-13612.0
VEDL,2021-07-29,2021-07-30,2021-08-16,target,138.37,,102.73,131.29,4.43,139.76,129.51,160.27,160.27,2.0,2.34,0.0,11,7.3,False,22744.0
PRSMJOHNSN,2021-07-12,2021-07-13,2021-08-20,stop,138.05,,108.01,134.73,5.11,139.1,127.83,161.65,127.83,-1.0,0.92,-1.3,26,8.1,False,-13919.0
NETWORK18,2021-08-09,2021-08-10,2021-08-23,stop,51.6,,42.25,49.42,2.44,50.5,46.72,58.06,46.72,-1.0,0.56,-1.01,8,7.5,False,-12912.0
ESABINDIA,2021-02-02,2021-02-03,2021-08-26,target,1670.57,,1321.51,1592.69,72.99,1678.82,1524.59,1987.28,1987.28,2.0,2.84,-0.49,138,9.2,False,25227.0
NHPC,2021-07-27,2021-07-28,2021-09-01,target,21.66,,20.01,21.62,0.4,21.7,20.87,23.38,23.38,2.0,2.65,-0.65,24,3.9,False,11763.0
M&M,2021-08-10,2021-08-11,2021-09-02,stop,758.57,,718.48,751.08,15.13,758.57,728.31,819.09,728.31,-1.0,0.56,-1.16,15,4.0,False,-7037.0
TCNSBRANDS,2021-08-25,2021-08-26,2021-09-02,target,604.15,,513.88,584.2,28.73,590.25,546.69,677.37,677.37,2.0,2.43,-0.17,5,7.4,False,21922.0
CGCL,2021-08-13,2021-08-16,2021-09-06,stop,495.28,,388.92,493.85,20.85,498.2,453.57,587.47,453.57,-1.0,0.14,-1.3,14,9.0,False,-14977.0
SHREECEM,2021-08-31,2021-09-01,2021-09-06,target,27773.64,,25996.54,27349.39,666.3,27781.59,26441.03,30462.72,30462.72,2.0,2.17,0.0,3,4.8,False,14584.0
MCX,2020-09-11,2020-09-14,2021-09-20,maxhold,296.11,,244.3,295.0,12.25,303.75,271.61,368.05,309.3,0.172,1.66,-0.96,252,10.6,False,1620.0
IBREALEST,2021-09-03,2021-09-06,2021-09-20,stop,145.95,,105.28,145.93,9.07,146.7,127.82,184.46,127.82,-1.0,0.2,-1.12,9,12.9,False,-21718.0
LUXIND,2021-09-01,2021-09-02,2021-09-21,stop,4017.28,,2697.77,3997.04,143.76,4018.57,3729.77,4596.17,3729.77,-1.0,0.5,-1.22,12,7.2,False,-12218.0
IDBI,2021-05-17,2021-05-18,2021-09-30,target,36.29,,33.26,36.21,1.83,36.58,32.64,44.45,44.45,2.0,2.43,-0.64,94,10.8,False,31950.0
RELAXO,2021-08-09,2021-08-10,2021-10-07,target,1134.59,,927.75,1129.23,27.39,1136.66,1079.81,1250.35,1250.35,2.0,3.39,-0.59,40,5.0,False,15370.0
UFLEX,2021-09-17,2021-09-20,2021-10-11,target,545.52,,425.27,532.72,21.84,539.37,501.85,614.42,614.53,2.003,2.73,-0.89,15,7.0,False,21657.0
SUPRAJIT,2021-10-06,2021-10-07,2021-10-12,target,318.17,,270.62,317.05,10.12,319.58,297.93,362.88,362.88,2.0,2.15,0.0,3,6.8,False,21357.0
GARFIBRES,2021-08-18,2021-08-20,2021-10-14,target,643.49,,532.36,639.63,25.76,646.71,591.96,756.22,756.22,2.0,2.24,-0.73,38,8.5,False,26134.0
AJANTPHARM,2021-09-29,2021-09-30,2021-10-18,stop,1450.06,,1239.96,1428.32,35.96,1468.21,1378.13,1648.36,1378.13,-1.0,0.25,-1.13,11,6.1,False,-10439.0
MFSL,2021-08-11,2021-08-12,2021-10-19,stop,1061.95,,870.17,1028.95,41.59,1057.8,978.76,1215.88,978.76,-1.0,1.0,-1.05,45,7.5,False,-12491.0
ECLERX,2021-10-08,2021-10-11,2021-10-21,stop,752.54,,544.89,732.67,26.76,758.75,699.02,878.2,699.02,-1.0,0.5,-1.37,7,7.9,False,-14047.0
SPARC,2021-10-11,2021-10-12,2021-10-21,stop,291.55,,235.44,290.22,9.19,292.0,273.18,329.65,273.18,-1.0,0.69,-1.12,6,6.4,False,-11845.0
DCMSHRIRAM,2021-09-17,2021-09-20,2021-10-22,stop,986.38,,669.16,949.63,40.77,1011.31,904.84,1224.25,904.84,-1.0,1.67,-1.19,23,10.5,False,-17782.0
BASF,2021-10-14,2021-10-18,2021-10-22,stop,3546.13,,2623.84,3404.58,113.95,3626.44,3318.23,4242.86,3318.23,-1.0,0.1,-1.18,4,8.5,False,-15511.0
INDOCO,2021-10-18,2021-10-19,2021-10-25,stop,470.74,,380.81,468.57,16.89,470.84,436.95,538.61,436.95,-1.0,1.01,-1.03,4,7.2,False,-13274.0
ORIENTELEC,2021-10-21,2021-10-22,2021-10-25,stop,323.03,,290.57,316.41,10.34,324.15,302.34,367.75,302.34,-1.0,0.27,-1.07,1,6.7,False,-11835.0
TATACOMM,2021-09-29,2021-09-30,2021-10-28,stop,1316.73,,1118.54,1313.02,41.2,1316.07,1234.33,1479.56,1234.33,-1.0,1.5,-1.23,19,6.2,False,-10559.0
SBICARD,2021-10-22,2021-10-25,2021-10-29,stop,1110.96,,983.7,1080.8,34.24,1121.19,1042.48,1278.62,1042.48,-1.0,0.21,-1.31,4,7.0,False,-12087.0
ASAHIINDIA,2021-10-27,2021-10-28,2021-11-01,target,383.86,,322.15,353.31,14.31,382.92,355.24,438.29,438.29,2.0,2.16,0.0,2,7.2,False,22210.0
ENDURANCE,2021-10-21,2021-10-22,2021-11-08,target,1773.12,,1467.46,1657.19,73.51,1735.51,1626.1,1954.33,1954.33,2.0,2.03,-0.74,10,6.3,False,19824.0
GODREJIND,2021-10-21,2021-10-22,2021-11-10,target,575.6,,524.83,572.43,15.44,580.0,544.71,650.57,650.57,2.0,2.04,-0.62,12,6.1,False,19102.0
NH,2021-08-20,2021-08-23,2021-11-11,target,499.13,,433.48,496.36,17.92,500.27,463.28,574.24,574.24,2.0,3.16,-0.98,55,7.4,False,22331.0
RAJESHEXPO,2021-10-13,2021-10-14,2021-11-17,target,635.39,,555.0,604.69,14.97,651.64,605.45,744.0,744.0,2.0,2.08,-0.73,22,7.1,False,23480.0
RAMCOCEM,2021-10-29,2021-11-01,2021-11-22,stop,1054.69,,958.09,1009.45,38.45,1065.22,977.79,1240.07,977.79,-1.0,0.48,-1.14,13,8.2,False,-13921.0
CESC,2021-11-04,2021-11-08,2021-11-22,stop,74.6,,62.09,73.06,2.7,75.05,69.2,86.76,69.2,-1.0,0.15,-1.54,9,7.8,False,-13653.0
EQUITAS,2021-09-01,2021-09-02,2021-11-23,stop,125.0,,94.22,119.68,5.69,125.85,113.62,150.3,111.25,-1.194,1.57,-1.19,54,9.7,True,-19234.0
INTELLECT,2021-10-22,2021-10-25,2021-11-29,stop,659.29,,597.96,653.45,24.54,664.4,610.22,772.77,610.22,-1.0,1.54,-1.31,23,8.2,False,-13911.0
SIEMENS,2021-10-29,2021-11-01,2021-11-29,stop,1259.3,,1134.08,1251.17,37.15,1265.27,1185.01,1425.78,1185.01,-1.0,1.74,-1.26,18,6.3,False,-10941.0
APLAPOLLO,2021-11-10,2021-11-11,2021-11-29,stop,896.32,,705.1,878.07,32.79,906.28,830.75,1057.35,830.75,-1.0,0.28,-1.26,11,8.3,False,-14761.0
SPICEJET,2021-11-16,2021-11-17,2021-11-29,stop,78.15,,74.09,75.6,2.94,78.9,72.27,92.15,72.1,-1.026,1.27,-1.42,7,8.4,True,-15283.0
QUESS,2021-11-22,2021-11-23,2021-11-29,stop,825.91,,697.69,818.67,36.75,823.93,752.42,966.94,752.42,-1.0,0.0,-1.28,4,8.7,False,-14798.0
ERIS,2021-09-03,2021-09-06,2021-11-30,stop,749.07,,636.58,746.39,22.17,753.53,704.73,851.11,704.73,-1.0,1.87,-1.25,57,6.5,False,-11330.0
MAXHEALTH,2021-11-26,2021-11-29,2021-11-30,stop,370.07,,282.84,367.66,15.22,375.29,339.62,446.63,339.62,-1.0,0.24,-1.04,1,9.5,False,-15954.0
IDEA,2021-11-09,2021-11-10,2021-12-01,target,10.4,,9.34,10.08,0.57,10.4,9.26,12.69,12.69,2.0,2.49,-0.53,14,11.0,False,35736.0
RELCAPITAL,2021-11-26,2021-11-29,2021-12-01,stop,20.05,,17.3,19.5,0.98,20.5,18.09,25.33,17.2,-1.367,0.0,-1.37,2,11.8,True,-26466.0
LALPATHLAB,2021-11-29,2021-11-30,2021-12-06,stop,1876.56,,1582.37,1850.66,67.74,1894.21,1741.08,2200.47,1741.08,-1.0,0.0,-1.04,4,8.1,False,-13150.0
SONATSOFTW,2021-11-30,2021-12-01,2021-12-06,stop,318.18,,249.16,303.91,15.01,310.43,288.16,354.98,288.16,-1.0,0.0,-1.2,3,7.2,False,-11554.0
POONAWALLA,2021-11-10,2021-11-11,2021-12-07,target,176.27,,138.05,168.78,8.32,178.0,159.63,214.73,216.56,2.1,2.52,-0.31,17,10.3,False,35359.0
PRIVISCL,2021-12-06,2021-12-07,2021-12-08,stop,1901.68,,1362.16,1737.14,77.92,1871.22,1745.84,2121.98,1745.84,-1.0,0.0,-1.1,1,6.7,False,-11037.0
APLAPOLLO,2021-11-29,2021-11-30,2021-12-14,target,886.95,,726.67,878.07,39.01,884.78,808.94,1036.47,1036.47,2.0,2.7,0.0,10,8.6,False,25491.0
GODFRYPHLP,2021-12-03,2021-12-06,2021-12-15,stop,408.51,,330.57,400.56,17.54,408.35,373.43,478.2,373.43,-1.0,0.0,-1.01,7,8.6,False,-14155.0
IBULHSGFIN,2021-11-26,2021-11-29,2021-12-17,stop,215.58,,199.72,200.7,11.1,213.17,193.37,252.78,193.37,-1.0,1.55,-1.23,14,9.3,False,-15610.0
GUJGASLTD,2021-11-29,2021-11-30,2021-12-20,stop,634.19,,567.05,631.38,22.66,632.99,588.87,721.23,588.87,-1.0,0.81,-1.46,14,7.0,False,-11443.0
HINDZINC,2021-12-03,2021-12-06,2021-12-20,stop,227.15,,202.2,223.32,6.69,229.63,213.76,261.38,213.76,-1.0,0.77,-1.23,10,6.9,False,-11590.0
JSLHISAR,2021-12-13,2021-12-14,2021-12-20,stop,335.5,,246.39,326.98,15.02,334.9,305.46,393.78,305.46,-1.0,0.21,-1.19,4,8.8,False,-14652.0
ANURAS,2021-11-29,2021-11-30,2021-12-24,target,790.95,,713.12,786.64,26.28,794.92,738.39,907.98,907.98,2.0,2.02,-0.3,18,7.1,False,21016.0
KIMS,2021-11-18,2021-11-22,2022-01-04,target,251.55,,224.78,248.34,9.95,255.89,231.64,304.39,304.39,2.0,2.36,-0.89,31,9.5,False,30531.0
CHAMBLFERT,2021-12-21,2021-12-22,2022-01-14,target,344.27,,283.05,343.21,17.75,345.36,308.76,418.55,418.55,2.0,2.2,-0.25,17,10.6,False,30744.0
ULTRACEMCO,2022-01-03,2022-01-04,2022-01-19,stop,7551.94,,6874.23,7464.74,160.62,7576.48,7230.69,8268.05,7230.69,-1.0,0.56,-1.12,11,4.6,False,-8039.0
DIXON,2021-12-21,2021-12-22,2022-01-21,stop,5490.78,,4393.34,5250.71,217.68,5520.27,5055.42,6449.98,5055.42,-1.0,0.42,-1.27,22,8.4,False,-13256.0
UNITDSPR,2022-01-13,2022-01-14,2022-01-21,stop,922.73,,760.95,902.44,23.44,920.23,875.85,1008.99,875.85,-1.0,0.4,-1.1,5,4.8,False,-8537.0
COFORGE,2021-11-30,2021-12-01,2022-01-24,stop,1029.2,,821.67,984.48,44.16,1023.09,940.88,1187.52,940.88,-1.0,1.7,-1.38,38,8.0,False,-12850.0
ZENSARTECH,2021-12-16,2021-12-17,2022-01-24,stop,450.84,,364.02,444.01,19.9,460.47,411.03,559.33,411.03,-1.0,0.93,-1.54,26,10.7,False,-17424.0
MAZDOCK,2022-01-03,2022-01-04,2022-01-24,stop,132.68,,115.56,130.44,3.9,133.62,124.89,151.08,124.89,-1.0,0.42,-1.41,14,6.5,False,-11165.0
HEMIPROP,2022-01-18,2022-01-19,2022-01-24,stop,154.15,,134.02,139.08,6.23,153.9,141.69,178.31,141.69,-1.0,0.28,-1.94,3,7.9,False,-13366.0
ALKEM,2022-01-21,2022-01-24,2022-01-27,stop,3379.5,,3257.41,3368.03,91.16,3397.87,3197.19,3799.23,3197.19,-1.0,0.0,-1.05,2,5.9,False,-10029.0
MMTC,2021-12-23,2021-12-24,2022-01-31,target,47.0,,42.56,44.98,2.29,47.7,42.42,58.26,58.26,2.0,3.22,-0.69,25,11.1,False,32861.0
RADICO,2021-12-07,2021-12-08,2022-02-04,stop,1070.46,,825.52,1057.06,50.47,1081.81,969.52,1306.39,969.52,-1.0,1.79,-1.07,41,10.4,False,-16781.0
JSL,2021-12-14,2021-12-15,2022-02-08,target,187.07,,134.13,183.11,8.28,186.93,170.51,219.76,219.76,2.0,2.05,-0.9,38,8.8,False,26979.0
TTML,2022-02-08,2022-02-09,2022-02-11,stop,180.8,,96.44,176.95,9.67,177.0,161.45,208.09,155.1,-1.409,0.0,-1.41,2,8.8,True,-19845.0
TRITURBINE,2022-01-25,2022-01-27,2022-02-14,stop,208.69,,147.92,185.74,12.77,206.89,183.15,254.37,183.15,-1.0,0.26,-1.13,12,11.5,False,-18239.0
UFLEX,2022-01-25,2022-01-27,2022-02-14,target,505.14,,481.08,502.7,17.52,501.09,470.09,563.08,563.08,2.0,2.4,-0.37,12,6.2,False,18078.0
CDSL,2022-02-03,2022-02-04,2022-02-14,stop,750.27,,602.38,744.46,26.4,755.08,697.46,870.32,697.46,-1.0,0.0,-1.03,6,7.6,False,-12663.0
NETWORK18,2022-02-10,2022-02-11,2022-02-15,stop,92.1,,68.6,91.82,4.33,91.95,83.43,108.98,83.43,-1.0,0.0,-1.06,2,9.3,False,-15041.0
SIS,2022-01-20,2022-01-21,2022-02-22,stop,498.4,,446.17,474.32,16.3,493.94,465.8,550.23,465.8,-1.0,1.95,-1.01,21,5.7,False,-9915.0
INFIBEAM,2022-01-25,2022-01-27,2022-02-22,stop,21.75,,21.5,20.81,0.97,21.75,19.82,25.61,19.52,-1.151,1.16,-1.29,18,8.9,True,-16343.0
UFLEX,2022-02-14,2022-02-15,2022-02-22,stop,537.96,,483.81,506.06,19.69,546.25,498.58,641.59,488.85,-1.204,0.37,-2.63,5,8.7,True,-16246.0
COROMANDEL,2022-01-28,2022-01-31,2022-02-24,stop,754.9,,753.8,729.52,22.76,762.63,709.37,869.13,709.37,-1.0,0.69,-1.08,18,7.0,False,-11519.0
MARICO,2022-02-21,2022-02-22,2022-02-24,stop,486.15,,475.61,485.75,10.94,480.16,464.26,511.95,457.16,-1.447,0.33,-1.45,2,3.3,True,-7746.0
TVSMOTOR,2022-02-15,2022-02-16,2022-02-28,stop,648.43,,596.79,627.54,24.01,650.09,600.41,749.46,600.41,-1.0,0.33,-1.08,8,7.6,False,-12059.0
ADANIENSOL,2021-12-21,2021-12-22,2022-03-03,target,1769.6,,1382.91,1730.78,85.66,1825.0,1598.27,2278.45,2300.0,2.095,2.33,-0.77,49,12.4,False,37925.0
SIEMENS,2022-02-25,2022-02-28,2022-03-07,stop,1384.95,,1258.77,1356.1,47.29,1372.76,1290.36,1537.55,1290.36,-1.0,0.48,-1.2,4,6.0,False,-9351.0
BRIGADE,2022-02-25,2022-02-28,2022-03-07,stop,367.34,,307.73,351.79,18.42,367.3,330.5,440.89,330.5,-1.0,0.44,-1.33,4,10.0,False,-15126.0
POWERGRID,2022-02-15,2022-02-16,2022-03-08,target,124.23,,111.86,124.23,3.33,124.64,117.58,138.76,138.76,2.0,2.2,-0.77,13,5.7,False,16031.0
ATGL,2022-03-04,2022-03-07,2022-03-08,stop,1802.56,,1438.5,1796.13,86.09,1766.51,1630.37,2038.79,1630.37,-1.0,0.0,-1.03,1,7.7,False,-11847.0
TIMKEN,2022-01-25,2022-01-27,2022-03-17,target,1938.18,,1673.99,1931.16,70.94,1904.33,1796.29,2120.4,2120.4,2.0,2.79,-0.7,34,5.7,False,16517.0
UFLEX,2022-02-23,2022-02-24,2022-03-21,target,512.6,,486.96,506.06,26.18,496.5,460.24,569.04,569.04,2.0,2.91,-0.65,15,7.3,False,20566.0
LAURUSLABS,2022-02-25,2022-02-28,2022-03-23,target,523.81,,514.83,513.63,20.66,519.91,482.48,594.77,594.77,2.0,2.16,-0.15,15,7.2,False,19981.0
EIHOTEL,2022-02-25,2022-02-28,2022-03-28,target,128.11,,122.11,127.29,6.11,127.47,115.88,150.64,150.69,2.005,2.79,-0.62,18,9.1,False,25472.0
INOXLEISUR,2022-03-08,2022-03-09,2022-03-28,target,417.0,,367.01,393.98,18.17,422.9,380.66,507.38,563.6,3.331,3.33,-0.41,12,10.0,False,46721.0
TATAELXSI,2022-03-16,2022-03-17,2022-03-28,target,6850.54,,5284.53,6707.81,275.13,6932.78,6300.27,8197.81,8197.81,2.0,2.79,0.0,6,9.1,False,25875.0
POWERGRID,2022-03-22,2022-03-23,2022-04-06,target,130.98,,115.48,129.58,4.05,131.48,122.88,148.68,148.68,2.0,2.11,-0.2,10,6.5,False,18960.0
CGPOWER,2022-03-25,2022-03-28,2022-04-07,target,182.26,,137.97,181.58,7.13,181.57,168.0,208.7,208.7,2.0,2.26,-0.35,8,7.5,False,22244.0
GAEL,2022-03-08,2022-03-09,2022-04-11,target,107.86,,84.6,99.76,6.57,109.92,94.72,140.32,140.32,2.0,2.53,-0.26,22,13.8,False,38716.0
GRANULES,2022-03-25,2022-03-28,2022-04-18,stop,314.87,,314.45,314.5,10.88,317.48,293.1,366.25,293.1,-1.0,0.09,-1.15,13,7.7,False,-12600.0
CONCOR,2022-03-25,2022-03-28,2022-04-25,stop,652.74,,588.01,611.45,22.14,643.56,608.46,713.74,608.46,-1.0,1.02,-1.03,18,5.5,False,-9170.0
MMTC,2022-04-06,2022-04-07,2022-04-25,stop,53.3,,45.19,49.5,2.3,53.5,48.71,63.08,48.71,-1.0,0.38,-1.15,10,9.0,False,-15701.0
FEDERALBNK,2022-04-08,2022-04-11,2022-04-25,stop,96.55,,87.47,94.95,2.88,96.36,90.8,107.49,90.8,-1.0,0.03,-1.09,8,5.8,False,-10452.0
REDINGTON,2022-04-13,2022-04-18,2022-04-28,stop,144.99,,124.44,137.53,6.12,144.08,132.74,166.75,132.74,-1.0,0.3,-1.12,8,7.9,False,-14082.0
JSWENERGY,2022-04-05,2022-04-06,2022-05-02,stop,332.22,,269.43,318.12,13.14,330.42,305.94,379.39,305.94,-1.0,0.83,-1.48,16,7.4,False,-13018.0
POWERINDIA,2022-04-27,2022-04-28,2022-05-04,stop,3161.82,,2688.66,3136.83,136.87,3181.97,2888.07,3769.78,2888.07,-1.0,0.26,-1.15,3,9.2,False,-15815.0
ASIANPAINT,2022-04-22,2022-04-25,2022-05-06,stop,3021.25,,2928.22,3019.13,74.92,2992.22,2871.4,3233.87,2871.4,-1.0,1.14,-1.03,8,4.0,False,-7592.0
CYIENT,2022-04-22,2022-04-25,2022-05-06,stop,837.65,,833.29,794.23,31.82,821.95,774.02,917.8,768.98,-1.105,0.76,-1.14,8,5.8,True,-11617.0
JBCHEPHARM,2022-04-22,2022-04-25,2022-05-09,stop,819.12,,768.24,807.03,28.22,798.91,762.68,871.39,762.68,-1.0,1.66,-1.33,9,4.5,False,-8425.0
SUNTECK,2022-04-29,2022-05-02,2022-05-09,stop,475.22,,439.23,474.99,23.06,467.22,429.09,543.47,428.56,-1.014,0.11,-1.25,4,8.2,True,-14138.0
ASTERDM,2022-05-05,2022-05-06,2022-05-10,stop,143.76,,137.61,140.39,6.09,141.16,131.59,160.29,131.59,-1.0,0.0,-1.29,2,6.8,False,-11372.0
SUVENPHAR,2022-05-06,2022-05-09,2022-05-10,stop,570.85,,518.53,569.45,24.3,573.6,522.24,676.32,522.24,-1.0,0.0,-1.11,1,9.0,False,-14462.0
HINDZINC,2022-03-08,2022-03-09,2022-05-11,stop,221.49,,211.66,219.47,10.84,225.68,199.81,277.42,199.81,-1.0,0.75,-1.1,41,11.5,False,-17060.0
CONCOR,2022-05-05,2022-05-06,2022-05-11,stop,611.48,,597.38,609.76,21.17,602.77,569.14,670.04,569.14,-1.0,0.25,-1.04,3,5.6,False,-9499.0
FACT,2022-05-06,2022-05-09,2022-05-11,stop,129.12,,122.56,125.59,6.9,130.57,115.33,161.05,115.33,-1.0,0.0,-1.1,2,11.7,False,-18623.0
BLUESTARCO,2022-02-15,2022-02-16,2022-05-12,stop,509.64,,445.33,489.44,21.62,511.2,466.39,600.81,466.39,-1.0,1.9,-1.03,56,8.8,False,-13720.0
NOCIL,2022-05-09,2022-05-10,2022-05-12,stop,234.58,,219.8,221.65,10.03,231.33,214.52,264.95,214.52,-1.0,0.0,-1.03,2,7.3,False,-11611.0
MOTILALOFS,2022-05-10,2022-05-11,2022-05-12,stop,855.55,,847.13,850.3,32.22,856.13,791.1,986.19,791.1,-1.0,0.0,-1.18,1,7.6,False,-11808.0
ONGC,2022-03-02,2022-03-03,2022-05-24,stop,126.93,,106.66,125.56,4.41,131.1,118.11,157.09,118.11,-1.0,1.6,-1.09,54,9.9,False,-15215.0
SUMICHEM,2022-05-16,2022-05-17,2022-06-01,target,413.79,,382.49,410.42,17.85,410.81,378.1,476.23,476.23,2.0,2.06,-0.13,11,8.0,False,21782.0
IRB,2022-05-23,2022-05-24,2022-06-13,stop,11.62,,10.46,11.5,0.64,11.74,10.35,14.54,10.35,-1.0,0.0,-1.17,14,11.9,False,-17823.0
ZFCVINDIA,2022-05-13,2022-05-16,2022-06-17,stop,1286.09,,1254.73,1228.83,45.25,1300.05,1195.59,1508.98,1195.59,-1.0,0.57,-1.46,24,8.0,False,-11942.0
BANDHANBNK,2022-03-17,2022-03-21,2022-06-20,stop,294.55,,293.07,290.56,13.2,296.21,268.15,352.34,268.15,-1.0,1.61,-1.37,62,9.5,False,-14793.0
TATAELXSI,2022-05-31,2022-06-01,2022-06-20,stop,7959.5,,6228.76,7715.14,386.63,8178.78,7186.24,10163.86,7186.24,-1.0,0.16,-1.32,13,12.1,False,-18072.0
AEGISLOG,2022-06-10,2022-06-13,2022-06-20,stop,217.35,,214.43,214.2,9.89,213.35,197.57,244.93,197.57,-1.0,0.65,-1.6,5,7.4,False,-11441.0
ASAHIINDIA,2022-06-17,2022-06-20,2022-06-27,target,458.71,,429.92,450.56,22.82,458.32,413.07,548.81,548.81,2.0,2.06,-0.36,5,9.9,False,26348.0
PHOENIXLTD,2022-05-11,2022-05-12,2022-07-07,target,523.6,,477.67,511.97,28.17,521.1,467.27,628.75,628.75,2.0,2.01,-0.56,40,10.3,False,28665.0
SIEMENS,2022-06-24,2022-06-27,2022-07-07,target,1357.61,,1313.21,1356.31,39.76,1366.39,1278.09,1542.99,1542.99,2.0,2.07,-0.12,8,6.5,False,17102.0
NOCIL,2022-05-16,2022-05-17,2022-07-18,target,223.36,,219.87,221.65,10.51,225.65,202.34,272.27,272.27,2.0,2.1,-0.33,44,10.3,False,28471.0
GESHIP,2022-06-17,2022-06-20,2022-07-25,target,342.57,,299.52,332.68,17.09,342.57,308.38,410.94,410.94,2.0,2.11,-0.91,25,10.0,False,26640.0
METROBRAND,2022-07-15,2022-07-18,2022-08-01,target,560.24,,528.14,552.57,24.38,572.46,511.48,694.42,694.42,2.0,2.73,-0.4,10,10.7,False,30210.0
ULTRACEMCO,2022-07-22,2022-07-25,2022-08-02,target,6314.9,,6276.19,6035.68,146.99,6207.65,6020.93,6581.08,6581.08,2.0,2.01,-0.22,6,3.0,False,8329.0
GMRAIRPORT,2022-07-29,2022-08-01,2022-08-02,stop,37.5,,35.56,36.25,1.13,37.5,35.24,42.01,35.24,-1.0,0.0,-1.29,1,6.0,False,-10111.0
GRINDWELL,2022-07-06,2022-07-07,2022-08-03,target,1700.7,,1581.01,1661.19,62.42,1704.49,1575.86,1961.75,1961.75,2.0,2.05,-0.78,19,7.5,False,21056.0
HOMEFIRST,2022-05-02,2022-05-04,2022-08-11,target,721.69,,688.27,715.32,33.6,739.02,654.5,908.07,908.07,2.0,2.03,-0.55,70,11.4,False,35791.0
APOLLOTYRE,2022-07-15,2022-07-18,2022-08-12,target,202.94,,193.61,198.91,5.93,203.76,191.09,229.1,229.1,2.0,2.09,-0.44,18,6.2,False,17332.0
CHALET,2022-05-16,2022-05-17,2022-08-16,target,299.42,,246.88,290.3,14.38,299.62,270.67,357.52,357.52,2.0,2.11,-0.8,63,9.7,False,26586.0
AMBUJACEM,2022-07-06,2022-07-07,2022-08-16,target,361.89,,346.73,360.57,5.17,363.51,351.55,387.43,387.43,2.0,2.39,-0.32,26,3.3,False,8771.0
MAXHEALTH,2022-08-16,2022-08-17,2022-08-19,stop,395.05,,354.16,365.45,13.53,400.18,367.98,464.57,367.98,-1.0,0.0,-1.04,2,8.0,False,-13845.0
GSFC,2022-08-01,2022-08-02,2022-08-23,stop,149.52,,123.93,125.25,6.59,149.39,136.34,175.49,136.34,-1.0,0.02,-1.02,13,8.7,False,-14657.0
IOC,2022-08-16,2022-08-17,2022-08-24,stop,60.75,,60.4,59.53,1.13,60.87,58.49,65.65,58.49,-1.0,0.12,-1.06,5,3.9,False,-7163.0
THERMAX,2022-03-17,2022-03-21,2022-08-26,target,1981.76,,1602.76,1976.11,86.26,2036.15,1809.23,2490.0,2490.0,2.0,2.04,-0.83,109,11.1,False,32310.0
SUZLON,2022-08-22,2022-08-23,2022-08-29,stop,7.9,,7.46,7.32,0.37,7.99,7.15,9.67,7.15,-1.0,0.55,-1.09,4,10.5,False,-17635.0
GMRAIRPORT,2022-08-30,2022-09-01,2022-09-02,target,35.95,,35.43,35.1,1.07,35.75,33.82,39.61,39.61,2.0,2.59,0.0,1,5.4,False,16476.0
ANGELONE,2022-08-11,2022-08-12,2022-09-07,target,121.6,,120.25,117.9,5.11,120.34,111.39,138.24,138.24,2.0,2.24,-0.38,16,7.4,False,22984.0
SWANENERGY,2022-09-01,2022-09-02,2022-09-14,target,206.75,,201.46,205.35,8.43,209.0,189.9,247.21,247.21,2.0,2.04,-0.13,8,9.1,False,28558.0
BDL,2022-06-21,2022-06-22,2022-09-16,target,362.54,,271.63,357.37,25.1,358.5,312.34,450.8,450.8,2.0,2.56,-0.79,59,12.9,False,34445.0
RELIANCE,2022-08-12,2022-08-16,2022-09-16,stop,1192.53,,1121.2,1186.34,24.99,1198.51,1142.56,1310.42,1142.56,-1.0,0.26,-1.19,22,4.7,False,-8205.0
RAYMOND,2022-08-02,2022-08-03,2022-09-19,target,985.19,,769.72,976.36,39.37,991.31,906.46,1161.0,1161.0,2.0,2.07,-0.89,30,8.6,False,26466.0
KEC,2022-09-15,2022-09-16,2022-09-19,stop,443.72,,410.02,433.45,15.26,445.84,413.21,511.1,413.21,-1.0,0.0,-1.25,1,7.3,False,-13288.0
VIPIND,2022-09-13,2022-09-14,2022-09-20,target,627.83,,585.77,618.34,14.99,620.75,597.85,666.57,666.57,2.0,3.05,0.0,4,3.7,False,11520.0
RENUKA,2022-09-06,2022-09-07,2022-09-21,target,51.65,,41.57,49.05,1.89,51.25,47.87,58.01,58.01,2.0,2.23,-0.8,10,6.6,False,20645.0
SUNTECK,2022-06-21,2022-06-22,2022-09-22,stop,470.18,,439.04,467.15,24.14,470.18,421.9,566.74,421.9,-1.0,1.29,-1.01,63,10.3,False,-14694.0
BSE,2022-08-23,2022-08-24,2022-09-26,stop,209.53,,209.01,207.73,6.27,209.45,196.99,234.36,196.99,-1.0,1.75,-1.04,22,5.9,False,-10263.0
JUBLINGREA,2022-09-20,2022-09-21,2022-09-26,stop,513.11,,488.12,502.21,17.65,513.64,477.81,585.3,477.81,-1.0,0.0,-1.17,3,7.0,False,-12952.0
OLECTRA,2022-09-21,2022-09-22,2022-09-26,stop,623.05,,605.14,619.94,22.53,617.8,578.0,697.42,578.0,-1.0,0.11,-1.17,2,6.4,False,-12067.0
CRISIL,2022-09-01,2022-09-02,2022-09-28,stop,3104.06,,2949.02,3068.68,100.62,3080.07,2902.82,3434.56,2902.82,-1.0,0.38,-1.02,18,5.8,False,-10049.0
KIMS,2022-09-01,2022-09-02,2022-09-30,target,253.82,,249.12,243.93,7.44,257.4,238.94,294.31,294.31,2.0,3.11,-0.94,20,7.2,False,22232.0
ENDURANCE,2022-09-20,2022-09-21,2022-10-07,stop,1440.91,,1395.94,1436.84,49.38,1440.57,1342.15,1637.4,1342.15,-1.0,0.08,-1.03,11,6.8,False,-12703.0
SUPRAJIT,2022-09-30,2022-10-03,2022-10-12,stop,334.46,,331.53,328.95,10.23,335.68,314.01,379.04,314.01,-1.0,0.07,-1.03,6,6.5,False,-11951.0
AWL,2022-08-01,2022-08-02,2022-10-14,stop,688.11,,488.05,595.84,26.79,720.24,634.52,891.67,634.52,-1.0,1.37,-1.09,49,11.9,False,-19678.0
JBMA,2022-10-12,2022-10-13,2022-10-14,stop,224.65,,205.29,204.93,9.58,224.97,205.48,263.96,205.48,-1.0,0.0,-1.05,1,8.7,False,-15335.0
KEC,2022-09-29,2022-09-30,2022-10-17,stop,436.78,,411.52,433.45,16.09,437.72,404.59,503.97,404.59,-1.0,0.72,-1.05,10,7.6,False,-13774.0
MAPMYINDIA,2022-09-30,2022-10-03,2022-10-17,stop,1391.55,,1386.9,1327.8,43.1,1389.06,1305.36,1556.47,1305.36,-1.0,0.25,-1.09,9,6.0,False,-11210.0
CANBK,2022-10-17,2022-10-18,2022-10-25,target,41.56,,37.39,41.11,1.48,42.01,38.6,48.84,48.84,2.0,2.46,-0.07,5,8.1,False,25680.0
SUNPHARMA,2022-09-20,2022-09-21,2022-10-27,target,880.03,,820.01,871.12,18.53,886.4,842.96,973.27,973.27,2.0,2.11,-0.59,24,4.9,False,16110.0
AVANTIFEED,2022-10-14,2022-10-17,2022-10-28,stop,461.36,,457.09,456.45,16.19,459.87,428.98,521.66,428.98,-1.0,0.29,-1.16,8,6.7,False,-11807.0
TORNTPHARM,2022-09-20,2022-09-21,2022-11-01,target,1450.76,,1386.81,1433.61,34.64,1452.2,1381.49,1593.63,1593.63,2.0,2.58,-0.9,27,4.9,False,16003.0
JUBLINGREA,2022-09-30,2022-10-03,2022-11-10,target,499.59,,488.59,479.97,17.33,495.71,464.93,557.27,557.27,2.0,2.14,-0.31,25,6.2,False,20467.0
JUBLFOOD,2022-10-24,2022-10-25,2022-11-10,stop,592.55,,591.36,592.35,17.71,595.23,557.13,671.44,557.13,-1.0,0.75,-1.3,10,6.4,False,-11499.0
AEGISLOG,2022-10-06,2022-10-07,2022-11-16,target,274.89,,231.26,270.22,11.92,273.54,251.05,318.52,318.52,2.0,2.01,-0.63,26,8.2,False,27330.0
BAJFINANCE,2022-10-14,2022-10-17,2022-11-16,stop,711.76,,659.63,711.37,19.28,710.04,673.2,783.74,673.2,-1.0,0.62,-1.07,20,5.2,False,-9308.0
MARICO,2022-09-19,2022-09-20,2022-11-17,stop,490.85,,486.41,488.4,10.62,493.34,469.61,540.79,469.61,-1.0,1.6,-1.17,39,4.8,False,-8960.0
BBTC,2022-11-09,2022-11-10,2022-11-17,stop,943.64,,940.04,934.79,24.53,940.7,894.57,1032.95,894.57,-1.0,0.32,-1.19,5,4.9,False,-9133.0
PRSMJOHNSN,2022-10-25,2022-10-27,2022-11-21,stop,124.5,,120.99,123.82,4.13,124.5,116.25,141.01,116.25,-1.0,0.79,-1.1,16,6.6,False,-11906.0
PERSISTENT,2022-10-14,2022-10-17,2022-11-28,target,1776.47,,1748.58,1752.75,59.52,1765.56,1657.42,1981.84,1981.84,2.0,2.06,-0.18,28,6.1,False,19216.0
JMFINANCIL,2022-11-18,2022-11-21,2022-12-05,target,65.78,,62.39,65.16,2.68,65.78,60.41,76.51,76.51,2.0,2.3,-0.32,10,8.2,False,26107.0
ZEEL,2022-12-02,2022-12-05,2022-12-09,stop,263.35,,248.14,258.83,6.01,263.3,251.33,287.26,251.33,-1.0,0.0,-1.04,4,4.5,False,-8598.0
KEC,2022-11-16,2022-11-17,2022-12-13,target,431.71,,413.93,430.62,14.81,431.67,402.1,490.8,491.27,2.016,2.38,-0.88,18,6.8,False,22329.0
GMMPFAUDLR,2022-11-16,2022-11-17,2022-12-16,stop,1936.28,,1643.31,1884.06,67.59,1938.52,1801.1,2213.35,1717.48,-1.609,0.38,-2.69,21,7.1,True,-19973.0
DRREDDY,2022-12-12,2022-12-13,2022-12-16,stop,872.8,,853.96,867.38,16.24,872.4,840.32,936.57,840.32,-1.0,0.47,-1.15,3,3.7,False,-7183.0
HFCL,2022-12-02,2022-12-05,2022-12-21,stop,80.96,,72.24,79.32,2.53,81.46,75.89,92.59,75.89,-1.0,1.23,-1.28,12,6.8,False,-12486.0
ATGL,2022-10-31,2022-11-01,2022-12-23,stop,3597.92,,2677.56,3447.24,148.59,3615.94,3300.73,4246.37,3300.73,-1.0,0.92,-1.41,37,8.7,False,-15435.0
ADANIPORTS,2022-11-09,2022-11-10,2022-12-23,stop,873.13,,767.95,852.57,25.49,876.26,822.14,984.52,822.14,-1.0,0.4,-1.88,31,6.2,False,-11285.0
GUJGASLTD,2022-11-15,2022-11-16,2022-12-23,stop,495.15,,494.41,483.32,15.78,496.7,463.59,562.9,463.59,-1.0,0.7,-1.51,27,6.7,False,-12203.0
TORNTPOWER,2022-11-15,2022-11-16,2022-12-23,stop,475.06,,461.56,473.2,11.76,475.06,451.53,522.1,450.62,-1.039,1.3,-1.73,27,5.0,True,-9615.0
ACC,2022-11-25,2022-11-28,2022-12-23,stop,2463.16,,2233.85,2448.46,57.58,2470.77,2348.0,2716.32,2348.0,-1.0,1.28,-1.27,19,5.0,False,-9108.0
VIJAYA,2022-12-23,2022-12-26,2023-01-05,stop,448.19,,433.95,447.41,24.91,453.86,398.38,564.82,398.38,-1.0,0.16,-1.01,8,12.2,False,-20276.0
MAHINDCIE,2022-12-15,2022-12-16,2023-01-12,target,300.99,,247.69,287.12,10.05,301.14,280.9,341.61,341.61,2.0,2.11,-0.82,19,6.7,False,22233.0
AIAENG,2022-12-26,2022-12-27,2023-01-18,stop,2571.7,,2362.13,2568.83,87.36,2585.28,2396.99,2961.86,2396.99,-1.0,0.06,-1.12,16,7.3,False,-12453.0
NESTLEIND,2022-12-09,2022-12-12,2023-01-20,stop,978.35,,911.01,960.07,18.93,978.75,940.5,1055.27,940.5,-1.0,0.49,-1.39,29,3.9,False,-7569.0
ULTRACEMCO,2023-01-11,2023-01-12,2023-01-25,stop,6905.03,,6538.32,6831.67,123.98,6907.98,6657.07,7409.78,6657.07,-1.0,1.43,-1.38,9,3.6,False,-6702.0
PERSISTENT,2023-01-19,2023-01-20,2023-01-27,target,2073.93,,1826.19,1939.19,64.09,2064.14,1945.75,2300.93,2300.93,2.0,2.04,0.0,4,5.7,False,17882.0
SBILIFE,2022-12-22,2022-12-23,2023-02-01,stop,1235.53,,1199.31,1228.67,25.87,1230.13,1183.8,1322.77,1183.8,-1.0,1.94,-3.65,27,3.8,False,-7048.0
CARBORUNIV,2022-12-26,2022-12-27,2023-02-03,target,865.06,,807.94,858.65,26.6,868.91,811.86,983.02,983.02,2.0,2.0,-0.34,27,6.6,False,20207.0
HINDUNILVR,2023-01-25,2023-01-27,2023-02-17,stop,2457.03,,2345.78,2439.35,48.02,2469.35,2360.99,2686.07,2360.99,-1.0,0.19,-1.11,15,4.4,False,-7891.0
CGCL,2022-12-22,2022-12-23,2023-02-21,stop,714.82,,653.09,705.22,14.68,714.82,685.47,773.54,685.47,-1.0,1.63,-1.03,41,4.1,False,-7612.0
BRITANNIA,2023-02-02,2023-02-03,2023-02-27,stop,4380.79,,3775.76,4196.17,88.02,4397.02,4204.74,4781.6,4204.74,-1.0,0.39,-1.07,16,4.4,False,-7938.0
CRAFTSMAN,2023-02-16,2023-02-17,2023-02-27,stop,3524.7,,2912.6,3391.2,125.29,3524.7,3274.13,4025.85,3274.13,-1.0,0.27,-1.1,6,7.1,False,-12474.0
KEC,2023-02-24,2023-02-27,2023-02-28,stop,466.07,,437.44,466.04,14.81,468.38,436.44,532.27,436.44,-1.0,0.0,-1.01,1,6.8,False,-11742.0
MGL,2022-10-27,2022-10-28,2023-03-06,target,803.58,,763.31,781.6,25.85,803.58,751.88,906.97,906.97,2.0,2.36,-0.87,89,6.4,False,20579.0
BOSCHLTD,2023-01-05,2023-01-06,2023-03-08,target,16158.02,,15422.27,16032.34,332.58,16246.67,15492.87,17754.27,17754.27,2.0,2.43,-0.93,41,4.6,False,14150.0
NATIONALUM,2023-03-06,2023-03-08,2023-03-20,stop,71.91,,68.34,70.6,2.01,71.02,67.9,77.25,67.9,-1.0,0.73,-1.25,8,4.4,False,-7867.0
HCLTECH,2023-01-17,2023-01-18,2023-03-24,stop,963.25,,888.36,951.55,18.75,970.1,925.75,1058.8,925.75,-1.0,0.94,-1.22,45,4.6,False,-8247.0
ECLERX,2023-01-24,2023-01-25,2023-03-24,stop,706.3,,699.76,705.19,19.11,708.6,668.07,789.65,668.07,-1.0,1.67,-1.38,40,5.7,False,-10081.0
NHPC,2023-03-17,2023-03-20,2023-03-27,stop,38.88,,34.45,38.03,1.17,38.88,36.53,43.58,36.53,-1.0,0.0,-1.21,5,6.0,False,-10525.0
VIJAYA,2023-03-27,2023-03-28,2023-03-29,stop,445.66,,419.82,409.99,19.12,432.72,407.42,483.33,402.04,-1.213,0.0,-1.81,1,5.8,True,-11887.0
MANAPPURAM,2023-03-28,2023-03-29,2023-04-11,target,112.54,,106.44,110.14,3.89,111.78,104.76,125.83,125.83,2.0,2.08,0.0,6,6.3,False,18658.0
CARBORUNIV,2023-03-27,2023-03-28,2023-04-21,target,936.96,,874.05,931.32,25.64,936.96,885.67,1039.54,1039.54,2.0,2.54,-0.24,14,5.5,False,16354.0
NAVINFLUOR,2023-02-20,2023-02-21,2023-04-28,target,4241.5,,4085.73,4165.16,140.57,4224.14,3960.36,4751.68,4751.68,2.0,2.23,-0.89,43,6.2,False,19390.0
METROBRAND,2023-02-28,2023-03-01,2023-05-04,target,799.82,,742.72,774.0,32.2,787.3,735.41,891.08,891.08,2.0,2.1,-0.81,40,6.6,False,19974.0
CCL,2023-01-31,2023-02-01,2023-05-09,target,532.66,,461.77,516.1,17.71,532.76,497.25,603.78,603.78,2.0,2.12,-0.33,63,6.7,False,20837.0
CARBORUNIV,2023-04-20,2023-04-21,2023-05-09,target,1026.41,,887.72,975.21,29.47,1033.09,967.46,1164.34,1164.34,2.0,2.13,-0.18,11,6.4,False,19923.0
BRIGADE,2023-02-27,2023-02-28,2023-05-10,target,354.75,,353.69,351.93,11.85,356.53,331.05,407.51,407.51,2.0,2.07,-0.96,45,7.1,False,21719.0
ZENSARTECH,2023-04-27,2023-04-28,2023-05-10,target,266.1,,249.51,265.68,8.56,266.39,248.99,301.19,301.19,2.0,2.2,0.0,7,6.5,False,20930.0
MAXHEALTH,2022-12-20,2022-12-21,2023-05-12,target,436.26,,394.09,433.16,13.64,439.45,408.99,500.37,506.69,2.208,2.35,-0.97,95,6.9,False,25199.0
JSL,2023-05-11,2023-05-12,2023-05-15,stop,292.2,,221.75,290.67,9.27,293.98,273.65,334.62,273.3,-1.017,0.0,-1.34,1,6.9,True,-13210.0
CUMMINSIND,2023-05-10,2023-05-11,2023-05-24,stop,1577.12,,1349.9,1570.55,32.08,1577.65,1512.96,1707.04,1512.96,-1.0,1.1,-1.26,9,4.1,False,-8021.0
MEDANTA,2023-05-08,2023-05-09,2023-05-25,target,525.41,,458.76,509.57,15.64,526.81,494.13,592.18,592.18,2.0,2.17,-0.64,12,6.2,False,20474.0
AEGISLOG,2023-03-03,2023-03-06,2023-05-29,stop,357.4,,294.59,354.64,11.52,358.81,334.36,407.71,332.08,-1.093,1.61,-1.09,54,6.8,True,-12644.0
GPPL,2023-05-24,2023-05-25,2023-05-30,stop,98.6,,85.39,97.41,3.63,98.04,91.34,111.45,91.34,-1.0,0.0,-1.0,3,6.8,False,-12918.0
ZFCVINDIA,2023-04-10,2023-04-11,2023-06-06,target,1698.54,,1557.31,1679.95,44.41,1707.88,1609.71,1904.22,1904.22,2.0,2.02,-0.62,38,5.7,False,17504.0
CGCL,2023-05-03,2023-05-04,2023-06-07,target,664.22,,658.33,647.8,23.45,673.65,617.31,786.32,786.32,2.0,2.12,-0.22,24,8.4,False,27498.0
MFL,2023-06-06,2023-06-07,2023-06-12,stop,1096.7,,1085.39,999.32,36.02,1093.0,1024.65,1229.69,1024.65,-1.0,0.0,-1.02,3,6.3,False,-12024.0
AIAENG,2023-05-30,2023-05-31,2023-06-15,target,2933.6,,2595.09,2798.87,89.09,2943.72,2755.42,3320.31,3320.31,2.0,2.09,0.0,11,6.4,False,21335.0
TIINDIA,2023-05-09,2023-05-10,2023-06-19,target,2711.88,,2474.97,2599.62,78.08,2725.59,2555.72,3065.32,3065.32,2.0,2.15,-0.66,28,6.2,False,20697.0
JSL,2023-05-23,2023-05-24,2023-06-21,target,291.9,,226.34,290.67,11.15,291.9,269.59,336.52,336.52,2.0,2.17,-0.87,20,7.6,False,26208.0
APLAPOLLO,2023-06-09,2023-06-12,2023-06-21,target,1215.16,,1114.08,1190.6,31.78,1217.39,1151.6,1348.97,1349.02,2.001,2.1,0.0,7,5.4,False,18513.0
JAMNAAUTO,2023-06-20,2023-06-21,2023-06-22,stop,99.32,,97.99,97.98,2.53,101.82,94.25,116.94,94.25,-1.0,0.0,-1.1,1,7.4,False,-14737.0
OIL,2023-05-08,2023-05-09,2023-06-23,stop,155.73,,133.11,153.38,4.48,155.73,146.77,173.66,146.77,-1.0,1.06,-1.05,33,5.8,False,-10760.0
LATENTVIEW,2023-06-21,2023-06-22,2023-06-23,stop,361.6,,361.27,351.45,9.44,363.2,342.71,404.18,342.71,-1.0,0.0,-1.02,1,5.6,False,-11361.0
POLICYBZR,2023-05-08,2023-05-09,2023-06-26,target,614.55,,556.35,613.85,20.02,613.55,574.5,691.64,691.64,2.0,2.42,-0.65,34,6.4,False,21024.0
NTPC,2023-05-15,2023-05-16,2023-06-30,target,162.25,,150.85,162.07,2.9,163.13,156.45,176.49,176.49,2.0,2.04,-0.7,32,4.1,False,13393.0
PGHH,2023-06-05,2023-06-06,2023-07-07,target,13301.58,,13170.52,13169.59,221.16,13301.53,12859.27,14186.06,14186.06,2.0,2.16,-0.76,22,3.3,False,10741.0
MTARTECH,2023-07-06,2023-07-07,2023-07-13,target,1912.95,,1741.93,1910.3,46.11,1921.4,1820.72,2122.76,2122.76,2.0,2.35,-0.2,4,5.2,False,18889.0
NATIONALUM,2023-06-26,2023-06-27,2023-07-17,target,72.75,,70.44,72.26,1.54,73.1,69.67,79.95,79.98,2.008,2.86,-0.3,13,4.7,False,16356.0
MHRIL,2023-06-28,2023-06-30,2023-07-18,target,297.6,,275.44,295.62,8.08,300.15,281.44,337.57,337.57,2.0,2.28,-0.28,12,6.2,False,22020.0
DRREDDY,2023-06-16,2023-06-19,2023-07-20,target,963.53,,883.33,945.42,14.68,970.58,934.18,1043.38,1043.38,2.0,2.62,-0.45,22,3.8,False,12923.0
IGL,2023-07-12,2023-07-13,2023-07-24,stop,232.35,,208.71,229.74,5.1,232.35,222.14,252.76,222.14,-1.0,0.33,-1.19,7,4.4,False,-9444.0
JINDALSTEL,2023-06-27,2023-06-28,2023-07-25,target,577.79,,526.26,565.77,14.76,583.25,548.26,653.22,653.22,2.0,2.28,-0.34,18,6.0,False,21191.0
IRFC,2023-07-21,2023-07-24,2023-08-01,target,33.11,,27.99,31.83,0.68,33.63,31.75,37.4,37.4,2.0,3.12,-0.6,6,5.6,False,20964.0
ADANIPORTS,2023-07-17,2023-07-18,2023-08-07,target,716.55,,710.75,712.66,16.6,716.5,683.35,782.78,782.78,2.0,2.04,-0.14,14,4.6,False,17228.0
CENTRALBK,2023-06-20,2023-06-21,2023-08-11,target,27.9,,24.76,27.23,0.71,28.38,26.48,32.2,32.2,2.0,2.55,-0.96,36,6.7,False,24065.0
BOSCHLTD,2023-05-26,2023-05-29,2023-08-14,stop,18193.4,,16785.19,18145.65,326.75,18249.4,17539.9,19668.39,17539.9,-1.0,1.34,-1.09,54,3.9,False,-7655.0
CSBBANK,2023-06-26,2023-06-27,2023-08-18,target,281.4,,253.02,275.82,7.36,283.35,266.68,316.69,316.69,2.0,2.75,-0.25,36,5.9,False,20684.0
BALRAMCHIN,2023-07-31,2023-08-01,2023-08-18,stop,394.92,,377.28,385.66,9.35,397.66,376.22,440.54,376.22,-1.0,0.79,-1.02,12,5.4,False,-11918.0
FSL,2023-07-14,2023-07-17,2023-08-22,target,126.3,,112.39,121.37,3.65,129.15,118.99,149.47,149.47,2.0,2.17,-0.14,25,7.9,False,29549.0
RBA,2023-07-20,2023-07-21,2023-08-28,target,114.1,,109.15,111.63,3.28,113.9,107.53,126.63,126.63,2.0,2.14,-0.61,25,5.6,False,20936.0
GPPL,2023-06-15,2023-06-16,2023-08-29,target,99.33,,86.93,97.56,2.92,99.72,93.49,112.18,112.18,2.0,2.57,-0.57,50,6.2,False,22164.0
KPRMILL,2023-08-10,2023-08-11,2023-08-29,target,652.35,,584.12,630.23,18.97,655.85,614.4,738.73,738.73,2.0,2.38,-0.38,11,6.3,False,24368.0
TORNTPOWER,2023-08-21,2023-08-22,2023-09-05,target,610.58,,536.99,609.43,18.4,611.02,573.79,685.48,686.57,2.029,2.04,0.0,10,6.1,False,23893.0
INDHOTEL,2023-08-28,2023-08-29,2023-09-06,target,389.73,,344.99,388.26,8.69,390.33,372.35,426.28,426.28,2.0,2.14,-0.03,6,4.6,False,18078.0
CDSL,2023-09-05,2023-09-06,2023-09-11,target,602.21,,540.72,579.75,15.9,607.4,570.42,681.35,681.35,2.0,2.58,-0.49,3,6.1,False,25072.0
AEGISLOG,2023-07-24,2023-07-25,2023-09-12,stop,358.39,,329.45,357.58,12.58,360.24,333.24,414.25,333.24,-1.0,0.69,-1.11,34,7.5,False,-15580.0
GODREJPROP,2023-09-08,2023-09-11,2023-09-12,stop,1693.25,,1433.75,1669.03,36.83,1699.0,1619.59,1857.83,1619.59,-1.0,0.03,-1.01,1,4.7,False,-11225.0
UTIAMC,2023-09-11,2023-09-12,2023-09-13,stop,759.75,,674.43,742.01,16.84,759.57,726.08,826.55,726.08,-1.0,0.0,-1.23,1,4.4,False,-10896.0
HDFCAMC,2023-09-04,2023-09-05,2023-09-15,target,1157.5,,993.27,1154.91,36.6,1153.14,1084.3,1290.81,1290.81,2.0,2.14,0.0,8,6.0,False,24454.0
POWERGRID,2023-08-28,2023-08-29,2023-09-20,target,168.28,,154.43,164.93,3.64,169.03,161.0,185.08,185.08,2.0,2.11,-0.51,15,4.7,False,18677.0
KPITTECH,2023-08-04,2023-08-07,2023-09-22,stop,1128.96,,866.86,1076.81,41.22,1138.08,1046.52,1321.19,1046.52,-1.0,0.72,-1.16,32,8.0,False,-17233.0
TATACONSUM,2023-08-17,2023-08-18,2023-09-26,target,825.32,,769.75,821.99,14.51,826.05,796.31,885.54,887.25,2.057,2.13,-0.55,26,3.6,False,13842.0
EASEMYTRIP,2023-09-18,2023-09-20,2023-09-26,stop,22.29,,22.14,20.86,0.79,22.44,20.7,25.92,20.7,-1.0,0.0,-1.05,4,7.7,False,-17892.0
ABB,2023-08-28,2023-08-29,2023-10-04,stop,4192.21,,3629.56,4190.66,102.78,4202.83,3986.66,4635.18,3986.66,-1.0,1.83,-1.35,24,5.1,False,-11716.0
KANSAINER,2023-09-25,2023-09-26,2023-10-09,stop,311.96,,291.01,311.34,6.67,313.5,298.63,343.24,294.21,-1.298,0.24,-1.3,8,4.7,True,-14212.0
MEDANTA,2023-09-11,2023-09-12,2023-10-13,target,697.9,,580.15,695.37,19.06,699.65,659.78,779.39,779.39,2.0,2.03,-0.6,21,5.7,False,24179.0
GMRAIRPORT,2023-10-06,2023-10-09,2023-10-18,stop,61.6,,47.94,59.58,1.95,60.8,57.71,66.99,57.71,-1.0,0.0,-1.07,7,5.1,False,-12125.0
CGCL,2023-08-11,2023-08-14,2023-10-23,stop,788.33,,706.47,779.21,25.21,783.04,737.91,873.29,737.91,-1.0,1.22,-1.11,47,5.8,False,-12633.0
ROSSARI,2023-08-17,2023-08-18,2023-10-23,stop,828.12,,798.0,827.3,22.38,832.31,783.35,930.24,783.35,-1.0,1.24,-1.09,44,5.9,False,-12794.0
OLECTRA,2023-09-14,2023-09-15,2023-10-23,stop,1194.54,,872.73,1190.14,51.99,1199.44,1090.55,1417.21,1090.55,-1.0,0.75,-1.15,24,9.1,False,-20688.0
TV18BRDCST,2023-10-12,2023-10-13,2023-10-23,stop,48.5,,40.09,45.98,1.95,48.3,44.61,55.68,44.61,-1.0,0.0,-1.57,6,7.6,False,-17550.0
FIVESTAR,2023-10-17,2023-10-18,2023-10-23,stop,783.58,,637.91,781.52,22.26,791.21,739.06,895.5,739.06,-1.0,0.0,-1.3,3,6.6,False,-15208.0
TANLA,2023-10-20,2023-10-23,2023-10-25,stop,1008.05,,884.96,988.86,40.1,1012.5,927.85,1181.8,927.85,-1.0,0.0,-1.38,1,8.4,False,-18714.0
RBLBANK,2023-09-13,2023-09-14,2023-10-26,stop,225.45,,177.39,216.3,7.97,225.45,209.5,257.34,209.5,-1.0,1.8,-1.12,27,7.1,False,-16280.0
TTKPRESTIG,2023-10-25,2023-10-26,2023-10-27,stop,780.69,,765.68,765.65,19.47,779.85,741.75,856.06,741.75,-1.0,0.2,-1.52,1,4.9,False,-10884.0
GSPL,2023-03-23,2023-03-24,2023-11-01,stop,274.55,,261.57,273.93,9.76,274.55,255.04,313.57,255.04,-1.0,1.86,-1.03,148,7.1,False,-12109.0
RAINBOW,2023-10-23,2023-10-25,2023-11-01,stop,1106.24,,918.76,1080.07,33.43,1124.85,1039.38,1295.79,1039.38,-1.0,0.21,-1.01,5,7.6,False,-16496.0
LALPATHLAB,2023-09-25,2023-09-26,2023-11-03,target,1164.6,,1076.11,1142.08,31.68,1159.79,1101.24,1276.9,1276.9,2.0,2.19,-0.53,26,5.0,False,20490.0
PRSMJOHNSN,2023-10-26,2023-10-27,2023-11-08,target,135.6,,124.2,130.13,5.45,135.0,124.7,155.6,155.6,2.0,2.23,0.0,8,7.6,False,29596.0
PPLPHARMA,2023-10-31,2023-11-01,2023-11-08,stop,104.36,,102.05,101.78,4.36,102.86,95.65,117.28,95.65,-1.0,2.49,-1.07,5,7.0,False,-15068.0
CREDITACC,2023-10-23,2023-10-25,2023-11-10,target,1495.54,,1203.92,1416.47,46.5,1502.49,1402.54,1702.38,1702.38,2.0,2.09,-0.55,12,6.7,False,26076.0
VARROC,2023-11-07,2023-11-08,2023-11-20,target,473.99,,376.15,467.62,20.18,476.14,433.62,561.17,561.17,2.0,2.1,-0.84,7,8.9,False,35750.0
RTNINDIA,2023-11-09,2023-11-10,2023-11-21,target,62.7,,48.59,60.27,2.8,63.2,57.1,75.41,75.41,2.0,2.4,-0.42,6,9.7,False,37859.0
LINDEINDIA,2023-11-07,2023-11-08,2023-11-29,stop,6170.41,,4858.53,6160.61,190.53,6218.15,5789.36,7075.74,5789.36,-1.0,0.0,-1.25,13,6.9,False,-15235.0
TEJASNET,2023-10-26,2023-10-27,2023-11-30,stop,852.59,,738.27,844.22,31.89,856.92,788.8,993.15,788.8,-1.0,0.23,-1.2,22,7.9,False,-16945.0
SJVN,2023-11-02,2023-11-03,2023-12-07,target,71.58,,48.81,69.14,3.49,71.96,64.59,86.69,86.69,2.0,2.13,-0.36,22,10.2,False,39900.0
TATAPOWER,2023-11-28,2023-11-29,2023-12-07,target,266.32,,230.32,257.31,5.69,270.45,254.94,301.48,301.48,2.0,3.62,-0.63,6,5.7,False,23405.0
IRCTC,2023-11-17,2023-11-20,2023-12-12,target,688.17,,639.46,678.46,14.6,690.65,658.97,754.0,754.0,2.0,2.35,-0.56,15,4.6,False,18139.0
PFIZER,2023-10-03,2023-10-04,2023-12-15,target,3780.0,,3772.78,3771.72,57.27,3796.52,3665.46,4058.66,4058.66,2.0,2.1,-0.68,49,3.5,False,13909.0
GPIL,2023-10-26,2023-10-27,2023-12-15,target,596.37,,483.89,592.28,25.98,596.37,544.42,700.27,700.27,2.0,2.33,-0.14,33,8.7,False,33932.0
BALAMINES,2023-12-06,2023-12-07,2023-12-26,target,2282.86,,2235.53,2078.9,56.45,2265.45,2169.96,2456.43,2456.43,2.0,3.73,-0.9,12,4.2,False,17253.0
CASTROLIND,2023-12-14,2023-12-15,2023-12-26,target,130.97,,115.73,123.7,3.32,132.3,124.32,148.24,148.24,2.0,4.02,-0.69,6,6.0,False,25615.0
JSL,2023-11-17,2023-11-20,2024-01-02,target,502.75,,364.34,480.11,19.12,506.82,464.51,591.45,591.45,2.0,2.09,-0.43,29,8.3,False,33882.0
GLS,2023-09-22,2023-09-25,2024-01-03,target,619.97,,512.99,611.98,24.5,619.68,570.97,717.12,717.98,2.018,2.3,-0.59,67,7.9,False,32821.0
DEEPAKFERT,2023-12-06,2023-12-07,2024-01-18,stop,661.39,,607.51,634.91,19.08,666.31,623.22,752.5,623.22,-1.0,0.87,-1.05,29,6.5,False,-15163.0
MMTC,2024-01-01,2024-01-02,2024-01-23,target,60.2,,47.66,52.22,2.52,60.55,55.16,71.34,77.15,3.078,3.42,-0.22,14,8.9,False,62573.0
LATENTVIEW,2024-01-19,2024-01-23,2024-01-24,stop,473.9,,416.63,464.33,14.12,468.0,445.65,512.69,445.65,-1.0,0.0,-1.05,1,4.8,False,-12379.0
ELGIEQUIP,2023-11-20,2023-11-21,2024-01-29,target,516.29,,486.58,507.12,16.26,518.57,483.76,588.19,588.19,2.0,2.29,-0.54,45,6.7,False,27210.0
IOB,2023-12-06,2023-12-07,2024-01-29,target,42.65,,32.55,42.35,1.33,43.05,39.98,49.18,49.18,2.0,2.17,-0.75,34,7.1,False,29902.0
CRAFTSMAN,2023-10-31,2023-11-01,2024-01-30,stop,4852.27,,4018.48,4725.12,176.11,4852.27,4500.05,5556.71,4500.05,-1.0,1.82,-1.04,59,7.3,False,-15564.0
VARROC,2024-01-24,2024-01-25,2024-02-02,target,521.96,,441.88,519.83,19.18,521.96,483.6,598.68,598.68,2.0,2.51,-0.18,5,7.3,False,33890.0
CAMS,2024-01-02,2024-01-03,2024-02-05,target,514.33,,471.14,511.07,13.2,514.52,487.93,567.71,567.71,2.0,2.1,-0.07,21,5.2,False,23039.0
ICICIGI,2024-01-17,2024-01-18,2024-02-06,target,1429.53,,1305.78,1410.75,32.28,1429.09,1364.98,1557.31,1557.31,2.0,2.17,-0.29,11,4.5,False,19913.0
LATENTVIEW,2024-01-29,2024-01-30,2024-02-07,target,473.95,,418.23,464.33,16.76,474.0,440.44,541.13,541.13,2.0,2.11,-0.38,6,7.1,False,32748.0
RENUKA,2024-02-02,2024-02-05,2024-02-12,stop,49.7,,48.22,47.62,1.5,50.05,46.7,56.75,46.7,-1.0,1.18,-1.31,5,6.7,False,-17680.0
BSE,2024-02-01,2024-02-02,2024-02-13,stop,823.99,,503.88,773.09,31.61,829.46,760.77,966.85,760.77,-1.0,0.43,-1.05,7,8.3,False,-21427.0
GRASIM,2024-02-09,2024-02-12,2024-02-13,stop,2152.37,,1896.65,2073.17,55.01,2158.82,2042.34,2391.78,2042.34,-1.0,0.0,-1.03,1,5.4,False,-14638.0
ACI,2023-12-14,2023-12-15,2024-02-19,target,603.21,,560.48,601.86,22.9,603.41,557.41,695.4,695.4,2.0,2.88,-0.39,43,7.6,False,32694.0
TTKPRESTIG,2024-01-25,2024-01-29,2024-02-22,stop,766.61,,761.09,765.23,18.23,766.61,730.15,839.52,730.15,-1.0,0.77,-1.03,18,4.8,False,-12520.0
RADICO,2024-02-05,2024-02-06,2024-02-22,stop,1731.16,,1374.75,1679.09,54.74,1762.36,1621.69,2043.7,1621.69,-1.0,0.21,-1.09,12,8.0,False,-21031.0
ACI,2024-02-16,2024-02-19,2024-02-23,target,651.96,,582.51,627.03,22.54,661.7,606.88,771.34,771.34,2.0,2.36,0.0,4,8.3,False,39164.0
SUPRAJIT,2024-02-22,2024-02-23,2024-02-27,target,391.37,,378.82,385.76,12.01,392.46,367.36,442.66,442.66,2.0,2.02,0.0,2,6.4,False,30606.0
CIEINDIA,2023-12-22,2023-12-26,2024-02-29,stop,459.55,,435.33,448.74,12.94,460.42,433.67,513.91,433.67,-1.0,0.86,-1.47,45,5.8,False,-14423.0
TTML,2023-12-22,2023-12-26,2024-02-29,stop,92.0,,86.5,89.98,3.77,92.15,84.46,107.52,84.46,-1.0,1.88,-1.0,45,8.3,False,-20211.0
BERGEPAINT,2024-02-29,2024-03-01,2024-03-05,stop,598.82,,557.1,564.8,16.47,581.65,565.89,613.16,565.89,-1.0,0.34,-1.21,2,2.7,False,-7875.0
PPLPHARMA,2024-02-21,2024-02-22,2024-03-06,stop,134.71,,118.34,133.8,4.4,135.61,125.91,155.03,125.91,-1.0,0.35,-1.11,9,7.2,False,-19105.0
CCL,2024-02-27,2024-02-28,2024-03-06,stop,640.97,,613.13,637.76,16.68,643.78,607.6,716.15,607.6,-1.0,0.0,-1.26,5,5.6,False,-15398.0
TATACHEM,2024-03-05,2024-03-06,2024-03-07,target,1019.31,,965.53,1014.09,27.27,1020.94,964.76,1133.3,1140.09,2.121,4.89,0.0,1,5.5,False,27379.0
PATANJALI,2024-02-06,2024-02-07,2024-03-11,stop,526.29,,442.89,503.96,16.31,530.68,493.67,604.71,493.67,-1.0,0.83,-1.27,22,7.0,False,-18599.0
JUBLINGREA,2024-02-12,2024-02-13,2024-03-12,stop,476.24,,447.94,474.49,19.1,482.94,438.05,572.73,438.05,-1.0,0.4,-1.15,19,9.3,False,-23709.0
RAYMOND,2023-12-11,2023-12-12,2024-03-13,stop,1755.63,,1659.3,1728.67,62.16,1774.06,1631.31,2059.56,1631.31,-1.0,1.14,-1.33,62,8.0,False,-18991.0
IBULHSGFIN,2024-02-29,2024-03-01,2024-03-13,stop,186.76,,157.75,185.79,10.33,189.57,166.1,236.51,166.1,-1.0,0.08,-1.43,7,12.4,False,-31600.0
EXIDEIND,2024-03-04,2024-03-05,2024-03-13,stop,325.83,,273.69,325.15,8.72,327.06,308.39,364.42,308.39,-1.0,0.12,-1.7,5,5.7,False,-15321.0
EASEMYTRIP,2024-03-07,2024-03-11,2024-03-13,stop,23.67,,22.11,23.28,1.07,23.83,21.53,28.41,21.53,-1.0,0.0,-1.42,2,9.6,False,-24758.0
GAEL,2024-01-25,2024-01-29,2024-03-20,stop,183.05,,155.28,175.77,8.57,193.4,165.91,248.37,165.91,-1.0,0.59,-1.06,36,14.2,False,-35042.0
INFY,2024-03-06,2024-03-07,2024-03-20,stop,1490.64,,1384.48,1485.99,29.85,1489.77,1430.95,1607.4,1430.95,-1.0,0.64,-1.01,8,3.9,False,-10803.0
ABB,2024-02-21,2024-02-22,2024-03-27,target,4900.67,,4185.95,4590.5,165.14,5112.34,4570.39,6196.23,6196.23,2.0,2.07,-0.12,22,10.6,False,51632.0
KPRMILL,2024-03-12,2024-03-13,2024-03-28,target,777.04,,725.25,771.93,23.65,768.68,729.75,846.54,846.54,2.0,2.47,-0.7,10,5.1,False,22965.0
ABREL,2024-03-14,2024-03-15,2024-04-01,target,1432.53,,1182.09,1406.99,75.31,1414.49,1281.92,1679.63,1679.63,2.0,2.3,-0.26,9,9.4,False,42430.0
VOLTAS,2024-03-14,2024-03-15,2024-04-03,target,1060.48,,922.84,1040.99,35.63,1060.48,989.21,1203.0,1203.0,2.0,2.1,-0.58,11,6.7,False,30091.0
BSE,2024-03-26,2024-03-27,2024-04-03,target,763.44,,578.23,733.64,36.16,770.64,691.13,929.67,929.67,2.0,2.28,0.0,4,10.3,False,47384.0
JUBLPHARMA,2024-03-12,2024-03-13,2024-04-08,target,564.4,,470.01,561.59,24.42,559.35,515.55,646.94,646.94,2.0,2.08,-0.61,16,7.8,False,36158.0
EICHERMOT,2024-03-20,2024-03-21,2024-04-08,target,3782.11,,3560.04,3758.11,98.07,3789.68,3585.96,4197.11,4197.11,2.0,2.02,-0.09,10,5.4,False,23723.0
NESTLEIND,2024-03-28,2024-04-01,2024-04-08,stop,1284.84,,1168.24,1257.48,27.08,1284.84,1230.67,1393.18,1230.67,-1.0,0.07,-1.17,5,4.2,False,-11542.0
METROPOLIS,2024-02-12,2024-02-13,2024-04-12,target,415.17,,379.67,412.74,16.02,415.17,383.13,479.25,479.25,2.0,2.07,-0.9,39,7.7,False,36138.0
TITAN,2024-03-27,2024-03-28,2024-04-15,stop,3735.9,,3334.8,3718.94,75.51,3736.49,3584.87,4039.74,3584.45,-1.003,0.48,-1.11,10,4.1,True,-11008.0
ICICIGI,2024-04-05,2024-04-08,2024-04-15,stop,1688.37,,1426.27,1618.11,42.33,1698.4,1603.72,1887.77,1603.72,-1.0,0.0,-1.21,4,5.6,False,-15531.0
SHOPERSTOP,2024-03-05,2024-03-06,2024-04-19,stop,738.5,,705.88,729.5,23.24,738.95,692.02,832.8,692.02,-1.0,1.45,-1.11,27,6.4,False,-16797.0
CDSL,2024-04-12,2024-04-15,2024-04-24,target,986.83,,790.13,940.56,34.24,967.42,918.34,1065.57,1065.57,2.0,2.27,-0.47,6,5.1,False,24654.0
JUSTDIAL,2024-04-18,2024-04-19,2024-04-30,target,1009.35,,792.72,895.48,38.16,1000.0,933.02,1133.96,1133.96,2.0,2.42,0.0,7,6.7,False,32508.0
SONACOMS,2024-04-12,2024-04-15,2024-05-02,stop,669.86,,585.04,652.85,28.76,652.17,612.34,731.85,612.34,-1.0,0.72,-1.42,11,6.1,False,-16896.0
YESBANK,2024-04-29,2024-04-30,2024-05-03,stop,27.1,,21.68,26.63,1.03,27.25,25.04,31.66,24.85,-1.088,0.0,-1.36,2,8.1,True,-24050.0
DRREDDY,2024-05-02,2024-05-03,2024-05-08,stop,1242.22,,1135.0,1228.49,25.64,1244.67,1190.93,1352.15,1190.93,-1.0,0.29,-1.28,3,4.3,False,-12482.0
LATENTVIEW,2024-03-28,2024-04-01,2024-05-09,stop,507.75,,442.59,468.45,21.51,511.85,464.73,606.09,464.73,-1.0,1.17,-1.02,25,9.2,False,-23752.0
NSLNISP,2024-04-10,2024-04-12,2024-05-10,stop,65.85,,51.45,64.03,3.1,65.8,59.66,78.09,59.66,-1.0,0.51,-1.23,18,9.3,False,-25297.0
DLF,2024-04-23,2024-04-24,2024-05-10,stop,873.83,,691.0,856.92,26.14,878.32,821.54,991.88,821.54,-1.0,0.44,-1.26,11,6.5,False,-17951.0
LICHSGFIN,2024-04-05,2024-04-08,2024-05-13,stop,624.8,,504.86,624.48,16.15,629.55,592.49,703.66,592.49,-1.0,0.88,-1.03,22,5.9,False,-16326.0
SKFINDIA,2024-04-30,2024-05-02,2024-05-13,target,4520.19,,4505.83,4202.17,120.06,4538.21,4280.07,5054.5,5054.5,2.0,2.06,-0.31,7,5.7,False,28128.0
JYOTHYLAB,2024-05-07,2024-05-08,2024-05-22,stop,448.56,,393.04,421.88,18.21,445.02,412.14,510.78,412.14,-1.0,0.62,-1.02,9,7.4,False,-19515.0
SJVN,2024-04-02,2024-04-03,2024-06-04,stop,127.82,,84.3,125.33,7.43,127.34,112.96,156.08,112.96,-1.0,1.41,-1.17,40,11.3,False,-29626.0
USHAMART,2024-04-02,2024-04-03,2024-06-04,stop,339.76,,294.71,330.99,13.8,339.37,312.15,393.8,312.15,-1.0,1.8,-1.18,40,8.0,False,-21411.0
IRB,2024-04-05,2024-04-08,2024-06-04,stop,33.13,,21.99,31.33,1.61,33.43,29.92,40.45,29.92,-1.0,1.24,-1.33,37,10.5,False,-28132.0
ZENSARTECH,2024-05-10,2024-05-13,2024-06-04,stop,586.83,,512.91,565.25,25.19,588.34,536.45,692.14,536.45,-1.0,0.99,-1.4,15,8.8,False,-22757.0
KALYANKJIL,2024-05-10,2024-05-13,2024-06-04,stop,408.44,,320.15,404.23,16.74,412.86,374.95,488.7,374.95,-1.0,0.05,-2.07,15,9.2,False,-23643.0
REDINGTON,2024-05-10,2024-05-13,2024-06-04,stop,197.41,,177.54,196.18,7.39,196.75,182.63,224.98,182.63,-1.0,0.79,-1.39,15,7.2,False,-18740.0
HEROMOTOCO,2024-05-09,2024-05-10,2024-06-05,target,4458.75,,3626.47,4341.1,122.61,4480.93,4213.53,5015.74,5015.74,2.0,3.45,-0.2,17,6.0,False,27854.0
HINDCOPPER,2024-06-03,2024-06-04,2024-06-05,stop,366.95,,256.25,352.52,16.32,366.46,334.32,430.74,302.08,-2.003,0.0,-2.57,1,8.8,True,-45749.0
IRB,2024-06-03,2024-06-04,2024-06-05,stop,35.95,,25.62,32.84,1.91,36.12,32.13,44.1,32.13,-1.0,0.0,-1.3,1,11.0,False,-29217.0
CENTRALBK,2024-06-03,2024-06-04,2024-06-05,stop,69.68,,51.57,63.11,2.93,69.4,63.82,80.55,59.76,-1.728,0.0,-2.44,1,8.0,True,-36435.0
VMART,2024-06-03,2024-06-04,2024-06-05,target,537.3,,525.43,537.0,19.57,541.92,498.15,629.47,629.47,2.0,2.04,0.0,1,8.1,False,39633.0
KARURVYSYA,2024-06-03,2024-06-04,2024-06-05,stop,162.36,,135.91,161.98,4.96,162.4,152.44,182.31,148.88,-1.357,0.0,-1.71,1,6.1,True,-22337.0
KEC,2024-06-03,2024-06-04,2024-06-05,stop,766.53,,655.95,751.0,24.84,766.53,716.85,865.9,716.85,-1.0,0.0,-1.51,1,6.5,False,-17680.0
SUPRAJIT,2024-03-20,2024-03-21,2024-06-06,target,393.68,,384.67,392.18,15.84,395.95,362.01,463.84,463.84,2.0,2.78,-0.09,49,8.6,False,38523.0
BIOCON,2024-06-05,2024-06-06,2024-07-05,target,304.42,,271.82,290.24,13.85,307.21,276.71,368.21,368.21,2.0,2.09,0.0,20,9.9,False,44086.0
COLPAL,2024-06-04,2024-06-05,2024-07-15,target,2696.51,,2276.12,2614.92,67.41,2697.71,2561.69,2969.74,2969.74,2.0,2.07,-0.18,27,5.0,False,20899.0
VTL,2024-06-05,2024-06-06,2024-07-15,target,455.65,,404.19,443.28,18.76,460.75,418.13,545.98,545.98,2.0,2.65,-0.2,26,9.2,False,40995.0
JUSTDIAL,2024-07-12,2024-07-15,2024-07-18,target,1009.7,,888.77,1006.02,36.73,1012.0,936.24,1163.52,1163.52,2.0,3.04,0.0,2,7.5,False,34811.0
TATAINVEST,2024-07-12,2024-07-15,2024-07-23,stop,645.92,,544.73,640.13,20.01,654.33,605.9,751.18,605.9,-1.0,0.12,-1.03,5,7.4,False,-19010.0
MAHABANK,2024-07-15,2024-07-16,2024-07-23,stop,64.72,,52.27,63.35,2.06,65.24,60.6,74.51,60.6,-1.0,0.12,-1.29,4,7.1,False,-18545.0
DLF,2024-07-16,2024-07-18,2024-07-23,stop,832.86,,752.75,828.88,20.38,831.14,792.1,909.21,792.1,-1.0,0.15,-1.61,3,4.7,False,-12666.0
HINDALCO,2024-07-22,2024-07-23,2024-07-25,stop,663.6,,581.81,662.84,17.92,663.6,627.76,735.28,627.76,-1.0,0.0,-1.07,2,5.4,False,-14301.0
MAHLIFE,2024-07-04,2024-07-05,2024-08-05,stop,603.62,,558.89,587.37,18.3,622.7,567.02,734.07,567.02,-1.0,0.16,-1.11,20,8.9,False,-22354.0
DCMSHRIRAM,2024-07-22,2024-07-23,2024-08-06,target,987.96,,951.46,973.19,31.41,978.14,925.15,1084.14,1084.14,2.0,2.82,0.0,10,5.4,False,25042.0
IEX,2024-06-05,2024-06-06,2024-08-08,target,150.21,,137.68,143.05,6.84,154.86,136.53,191.51,191.66,2.008,2.04,-0.13,43,11.8,False,52988.0
KPRMILL,2024-08-06,2024-08-07,2024-08-13,stop,938.41,,795.37,835.23,38.37,952.8,861.68,1135.05,861.68,-1.0,0.0,-1.03,4,9.6,False,-24122.0
POLICYBZR,2024-06-05,2024-06-06,2024-08-14,target,1293.35,,987.3,1257.77,69.85,1293.35,1153.65,1572.74,1572.74,2.0,2.98,-0.29,47,10.8,False,48064.0
VIJAYA,2024-07-23,2024-07-24,2024-08-20,target,769.24,,668.46,768.45,28.07,769.83,713.1,883.31,883.31,2.0,2.33,-0.15,18,7.4,False,34002.0
CEATLTD,2024-08-02,2024-08-05,2024-08-21,target,2620.38,,2409.05,2617.23,98.94,2546.43,2422.5,2794.3,2794.3,2.0,2.35,-0.31,11,4.9,False,22446.0
BAJAJ-AUTO,2024-05-09,2024-05-10,2024-08-23,target,8439.84,,6637.77,8389.19,233.3,8538.25,7973.24,9668.27,9668.27,2.0,2.67,-0.41,71,6.6,False,31020.0
INDHOTEL,2024-08-07,2024-08-08,2024-09-10,target,616.04,,533.52,593.25,18.83,611.57,578.37,677.97,677.97,2.0,2.41,-0.49,22,5.4,False,25301.0
AETHER,2024-08-13,2024-08-14,2024-09-10,target,902.8,,875.03,893.6,28.85,909.95,845.1,1039.65,1039.65,2.0,2.48,-0.6,18,7.1,False,33193.0
ARE&M,2024-08-07,2024-08-08,2024-09-18,stop,1516.44,,1078.42,1452.51,77.86,1524.51,1360.72,1852.09,1360.72,-1.0,0.55,-1.02,28,10.7,False,-27474.0
BLUEDART,2024-09-17,2024-09-18,2024-09-19,stop,9213.72,,7337.66,8195.35,286.03,8961.32,8641.65,9600.64,8533.02,-1.34,0.0,-2.57,1,3.6,True,-13574.0
DMART,2024-06-05,2024-06-06,2024-09-24,target,4862.25,,4121.72,4631.28,154.9,4861.95,4552.45,5480.96,5480.96,2.0,2.01,-0.81,75,6.4,False,27859.0
BLUESTARCO,2024-08-13,2024-08-14,2024-09-26,target,1705.51,,1340.13,1625.93,75.86,1721.73,1553.78,2057.62,2057.62,2.0,2.77,-0.47,30,9.8,False,45879.0
AVANTIFEED,2024-09-09,2024-09-10,2024-09-27,stop,680.91,,551.48,664.93,28.86,683.77,623.18,804.93,623.18,-1.0,0.19,-1.27,13,8.9,False,-23582.0
AMBER,2024-09-23,2024-09-24,2024-09-27,stop,4994.65,,3889.94,4417.72,188.5,4970.0,4617.66,5674.68,4617.66,-1.0,0.0,-1.23,3,7.1,False,-19704.0
SAREGAMA,2024-09-25,2024-09-26,2024-09-27,stop,602.62,,454.83,537.28,23.5,583.5,555.63,639.25,555.63,-1.0,0.0,-1.15,1,4.8,False,-13596.0
360ONE,2024-09-26,2024-09-27,2024-10-03,stop,1061.57,,834.73,1043.33,42.36,1057.1,976.85,1217.59,976.85,-1.0,0.11,-1.66,3,7.6,False,-20756.0
IRB,2024-06-05,2024-06-06,2024-10-07,stop,33.23,,25.76,32.84,2.36,34.07,28.51,45.2,28.51,-1.0,0.81,-1.17,83,16.3,False,-38356.0
ADANIGREEN,2024-08-19,2024-08-20,2024-10-07,stop,1898.0,,1668.98,1836.02,66.32,1907.7,1765.35,2192.39,1765.35,-1.0,1.29,-1.21,33,7.5,False,-19551.0
INDIGOPNTS,2024-09-26,2024-09-27,2024-10-22,target,1475.7,,1425.4,1473.82,38.19,1487.81,1399.31,1664.82,1664.82,2.0,2.11,-0.97,16,5.9,False,29229.0
TIINDIA,2024-08-20,2024-08-21,2024-10-23,target,4105.2,,3723.14,4048.39,141.56,4120.62,3822.07,4717.71,4717.71,2.0,2.28,-0.86,44,7.2,False,34604.0
LALPATHLAB,2024-10-01,2024-10-03,2024-10-23,stop,1682.03,,1381.75,1628.6,36.68,1681.64,1608.66,1827.59,1608.66,-1.0,1.61,-1.17,14,4.3,False,-12309.0
TORNTPHARM,2024-10-04,2024-10-07,2024-10-24,stop,3409.92,,2790.6,3342.82,86.5,3426.07,3236.92,3804.36,3236.92,-1.0,0.52,-1.01,13,5.5,False,-14940.0
JUSTDIAL,2024-09-18,2024-09-19,2024-10-25,stop,1197.2,,1017.96,1186.7,52.5,1201.0,1092.19,1418.62,1092.19,-1.0,1.78,-1.23,25,9.1,False,-24237.0
CLEAN,2024-09-26,2024-09-27,2024-10-25,stop,1546.04,,1443.5,1545.21,42.0,1548.72,1462.04,1722.09,1462.04,-1.0,0.96,-1.11,19,5.6,False,-15642.0
CUB,2024-10-22,2024-10-23,2024-10-29,target,125.2,,114.95,124.26,4.12,121.85,116.97,131.61,131.61,2.0,2.11,0.0,4,4.0,False,18318.0
DEEPAKFERT,2024-10-23,2024-10-24,2024-10-29,target,1110.8,,798.0,1010.77,56.45,1074.7,997.89,1228.33,1228.33,2.0,3.24,-0.29,3,7.1,False,34171.0
UBL,2024-06-05,2024-06-06,2024-11-12,stop,1996.38,,1729.55,1940.27,60.47,1999.65,1875.44,2248.08,1875.44,-1.0,1.56,-1.1,109,6.2,False,-15291.0
PIDILITIND,2024-08-22,2024-08-23,2024-11-13,stop,1552.89,,1434.57,1531.22,32.99,1556.77,1486.91,1696.49,1486.91,-1.0,1.99,-1.18,57,4.5,False,-12498.0
OLECTRA,2024-10-28,2024-10-29,2024-11-13,stop,1618.21,,1615.27,1609.72,75.21,1628.56,1467.78,1950.11,1467.78,-1.0,0.22,-1.29,11,9.9,False,-25446.0
HDFCLIFE,2024-10-28,2024-10-29,2024-11-14,stop,713.73,,653.91,712.77,17.7,713.48,678.33,783.78,677.21,-1.032,0.76,-1.03,12,4.9,True,-13699.0
METROPOLIS,2024-11-12,2024-11-13,2024-11-14,stop,541.38,,490.01,539.17,16.71,539.07,507.97,601.26,507.97,-1.0,0.0,-1.13,1,5.8,False,-15450.0
GUJALKALI,2024-09-09,2024-09-10,2024-11-19,stop,783.85,,728.59,757.76,23.31,793.57,737.24,906.25,737.24,-1.0,1.48,-1.07,48,7.1,False,-19145.0
THERMAX,2024-11-14,2024-11-18,2024-11-19,stop,4983.74,,4514.34,4960.07,192.59,5079.51,4598.55,6041.41,4598.55,-1.0,0.0,-1.03,1,9.5,False,-23882.0
WELCORP,2024-10-23,2024-10-24,2024-11-21,stop,706.33,,596.22,680.39,26.96,704.84,652.42,809.7,652.42,-1.0,1.8,-1.15,18,7.4,False,-19668.0
BHARTIHEXA,2024-11-13,2024-11-14,2024-11-22,stop,1418.19,,1139.93,1386.2,59.57,1395.61,1299.04,1588.75,1299.04,-1.0,0.22,-1.0,4,6.9,False,-17615.0
ERIS,2024-10-24,2024-10-25,2024-11-25,target,1269.74,,1081.98,1265.4,49.91,1268.45,1169.91,1465.53,1465.53,2.0,2.07,-0.21,19,7.8,False,37288.0
BAJAJHLDNG,2024-11-11,2024-11-12,2024-11-27,stop,10643.98,,9074.81,10402.62,304.99,10642.56,10034.0,11859.67,10034.0,-1.0,0.49,-1.12,9,5.7,False,-15583.0
CAPLIPOINT,2024-11-18,2024-11-19,2024-12-03,target,1979.41,,1608.16,1964.58,82.15,1980.65,1815.12,2311.72,2311.72,2.0,2.19,-0.4,9,8.4,False,38515.0
ANANDRATHI,2024-11-18,2024-11-19,2024-12-09,target,988.29,,891.07,967.91,35.04,988.29,918.21,1128.44,1128.44,2.0,2.34,-0.11,13,7.1,False,32495.0
NAM-INDIA,2024-10-23,2024-10-24,2024-12-10,target,659.83,,560.31,640.45,28.31,659.74,603.21,772.79,772.79,2.0,2.24,-0.44,31,8.6,False,41207.0
GICRE,2024-11-26,2024-11-27,2024-12-18,target,387.56,,346.33,384.66,13.57,389.26,360.43,446.93,446.93,2.0,2.05,-0.25,15,7.4,False,34470.0
VEDL,2024-12-06,2024-12-09,2024-12-20,stop,459.83,,371.5,438.51,11.77,458.5,436.29,502.92,436.29,-1.0,1.11,-1.03,9,4.8,False,-13179.0
TEJASNET,2024-10-21,2024-10-22,2024-12-23,stop,1313.88,,1109.97,1253.54,63.47,1325.09,1186.95,1601.37,1186.95,-1.0,0.94,-1.04,42,10.4,False,-27074.0
DOMS,2024-11-21,2024-11-22,2024-12-23,stop,2837.15,,2224.57,2738.42,119.18,2840.0,2598.79,3322.41,2598.79,-1.0,1.12,-1.38,21,8.5,False,-20928.0
MANKIND,2024-12-09,2024-12-10,2024-12-23,target,2638.31,,2338.44,2634.74,80.61,2648.41,2477.09,2991.04,2991.04,2.0,2.37,-0.22,9,6.5,False,30764.0
MANYAVAR,2024-12-17,2024-12-18,2024-12-26,stop,1333.72,,1212.08,1332.17,49.85,1336.35,1234.03,1540.98,1234.03,-1.0,0.0,-1.13,5,7.7,False,-20367.0
JPPOWER,2024-12-19,2024-12-20,2024-12-26,stop,19.87,,17.64,19.64,0.88,19.65,18.1,22.74,18.1,-1.0,0.0,-1.03,3,7.9,False,-20957.0
PETRONET,2024-12-20,2024-12-23,2025-01-02,stop,321.03,,299.88,319.75,7.35,322.51,306.33,354.86,306.33,-1.0,0.68,-1.19,7,5.0,False,-13430.0
TATACHEM,2024-10-28,2024-10-29,2025-01-06,stop,1062.81,,1034.11,1047.16,49.8,1068.11,963.2,1277.93,963.2,-1.0,0.62,-1.03,46,9.8,False,-25322.0
ASAHIINDIA,2024-12-06,2024-12-09,2025-01-06,stop,747.37,,650.98,737.16,26.2,741.09,694.98,833.31,694.98,-1.0,1.32,-1.14,19,6.2,False,-16578.0
APARINDS,2024-12-23,2024-12-24,2025-01-07,target,10103.63,,8471.08,10015.87,314.86,10103.18,9473.91,11361.72,11361.72,2.0,2.51,-0.45,9,6.2,False,28940.0
SAREGAMA,2025-01-03,2025-01-06,2025-01-07,target,540.45,,478.31,489.62,21.7,524.66,497.04,579.89,579.89,2.0,2.13,0.0,1,5.3,False,24295.0
UBL,2024-12-24,2024-12-26,2025-01-08,stop,2042.23,,1926.26,1991.06,42.79,2053.62,1956.64,2247.58,1956.64,-1.0,0.86,-1.49,9,4.7,False,-12600.0
HDFCBANK,2024-11-19,2024-11-21,2025-01-09,stop,845.52,,787.96,832.01,17.18,848.99,811.16,924.67,811.16,-1.0,1.68,-1.17,34,4.5,False,-11714.0
TECHNOE,2024-12-20,2024-12-23,2025-01-09,stop,1615.16,,1345.66,1593.91,73.48,1664.7,1468.2,2057.71,1468.2,-1.0,0.23,-1.02,12,11.8,False,-29956.0
NETWEB,2025-01-01,2025-01-02,2025-01-10,stop,2886.45,,2366.44,2801.99,119.07,2866.58,2648.31,3303.1,2648.31,-1.0,0.11,-1.6,6,7.6,False,-19854.0
AEGISLOG,2025-01-07,2025-01-08,2025-01-10,stop,953.83,,709.67,849.38,47.43,1016.21,858.97,1330.71,858.97,-1.0,0.0,-1.31,2,15.5,False,-38846.0
KIRLOSBROS,2025-01-07,2025-01-08,2025-01-10,stop,2267.0,,1792.5,2178.97,108.78,2235.16,2049.43,2606.61,2049.43,-1.0,0.13,-1.14,2,8.3,False,-21424.0
RAINBOW,2025-01-07,2025-01-08,2025-01-10,stop,1632.65,,1380.18,1601.48,50.27,1640.78,1532.12,1858.11,1532.12,-1.0,0.0,-1.12,2,6.6,False,-17323.0
LTIM,2025-01-10,2025-01-13,2025-01-14,stop,6124.4,,5773.82,6015.53,160.1,6094.0,5804.21,6673.59,5804.21,-1.0,0.0,-1.28,1,4.8,False,-12160.0
VIJAYA,2025-01-06,2025-01-07,2025-01-22,stop,1124.04,,896.08,1120.58,51.71,1150.68,1020.62,1410.81,1020.62,-1.0,0.94,-1.17,11,11.3,False,-28127.0
RKFORGE,2025-01-16,2025-01-17,2025-01-22,stop,987.16,,875.73,952.76,36.51,993.74,914.13,1152.96,914.13,-1.0,0.29,-1.53,3,8.0,False,-19289.0
M&M,2024-11-22,2024-11-25,2025-01-24,stop,2988.94,,2528.1,2960.42,105.24,3050.49,2778.46,3594.55,2778.46,-1.0,0.59,-1.04,43,8.9,False,-21969.0
CONCORDBIO,2024-12-02,2024-12-03,2025-01-27,stop,2170.41,,1683.47,1892.07,83.52,2205.93,2003.37,2611.07,2003.37,-1.0,0.89,-1.32,38,9.2,False,-23475.0
GILLETTE,2024-12-24,2024-12-26,2025-01-27,stop,9383.79,,7977.74,9029.61,360.88,9270.68,8662.02,10488.02,8662.02,-1.0,0.75,-1.01,22,6.6,False,-17046.0
GRANULES,2025-01-14,2025-01-15,2025-01-27,stop,581.97,,539.13,567.15,19.09,584.06,543.8,664.6,543.8,-1.0,0.47,-1.25,8,6.9,False,-16879.0
FSL,2025-01-14,2025-01-15,2025-01-28,stop,358.22,,289.68,352.38,17.57,360.5,323.08,435.34,323.08,-1.0,0.74,-1.33,9,10.4,False,-24835.0
COFORGE,2025-01-23,2025-01-24,2025-01-28,stop,1818.23,,1444.4,1640.94,67.61,1799.16,1683.02,2031.44,1683.02,-1.0,0.05,-1.13,2,6.5,False,-15464.0
DCMSHRIRAM,2025-01-27,2025-01-28,2025-02-03,stop,1186.69,,1054.28,1164.36,52.3,1189.26,1082.09,1403.61,1082.09,-1.0,0.09,-1.02,5,9.0,False,-20413.0
SBFC,2025-01-10,2025-01-13,2025-02-11,stop,87.46,,86.5,87.25,3.1,85.1,81.26,92.79,81.26,-1.0,1.51,-1.52,21,4.5,False,-11611.0
ALIVUS,2025-01-21,2025-01-22,2025-02-12,stop,1143.81,,969.81,1080.97,45.1,1123.82,1053.61,1264.24,1053.61,-1.0,1.72,-1.41,16,6.2,False,-14977.0
WOCKPHARMA,2025-02-01,2025-02-03,2025-02-12,stop,1558.55,,1053.21,1433.53,89.99,1558.45,1378.57,1918.21,1378.57,-1.0,0.68,-1.04,7,11.5,False,-25667.0
LTTS,2025-01-29,2025-01-30,2025-02-13,stop,5212.46,,4964.11,5108.75,163.47,5221.25,4885.53,5892.69,4885.53,-1.0,0.86,-1.04,11,6.4,False,-14663.0
SIGNATURE,2025-02-10,2025-02-11,2025-02-13,stop,1325.95,,1285.27,1324.82,50.87,1310.0,1224.21,1481.59,1224.21,-1.0,0.0,-1.12,2,6.5,False,-15054.0
GODFRYPHLP,2025-02-12,2025-02-13,2025-02-17,target,1801.03,,1633.51,1771.87,124.04,1798.07,1552.96,2288.28,2288.28,2.0,2.31,-0.25,2,13.6,False,54608.0
KARURVYSYA,2025-01-30,2025-01-31,2025-02-18,stop,192.93,,172.71,189.87,6.77,193.81,179.39,222.65,179.39,-1.0,0.29,-1.25,13,7.4,False,-16854.0
GODREJAGRO,2025-02-12,2025-02-13,2025-02-18,stop,744.56,,698.32,739.41,31.1,746.19,682.37,873.82,682.37,-1.0,0.0,-1.12,3,8.6,False,-18475.0
GODFRYPHLP,2025-02-14,2025-02-17,2025-02-18,target,1977.91,,1637.08,1771.87,142.39,1928.62,1693.12,2399.61,2399.61,2.0,2.65,0.0,1,12.2,False,48447.0
TVSMOTOR,2025-01-29,2025-01-30,2025-02-21,stop,2446.02,,2360.64,2420.27,78.27,2440.37,2289.49,2742.12,2289.49,-1.0,1.72,-1.03,17,6.2,False,-14140.0
HYUNDAI,2025-02-17,2025-02-18,2025-02-27,stop,1826.21,,1790.36,1802.39,65.27,1826.21,1695.68,2087.27,1695.68,-1.0,0.35,-1.09,6,7.1,False,-15877.0
HYUNDAI,2025-02-25,2025-02-27,2025-02-28,stop,1808.83,,1791.44,1802.39,65.12,1791.65,1678.6,2017.74,1678.6,-1.0,0.04,-1.34,1,6.3,False,-14138.0
AAVAS,2025-01-29,2025-01-30,2025-03-10,target,1689.7,,1677.82,1675.07,35.24,1691.9,1619.22,1837.26,1837.26,2.0,2.11,-0.37,27,4.3,False,17116.0
HINDALCO,2025-02-27,2025-02-28,2025-03-10,target,627.35,,624.83,622.01,17.87,625.41,591.61,693.02,693.02,2.0,2.33,-0.27,6,5.4,False,21255.0
INDIGO,2025-02-20,2025-02-21,2025-03-19,target,4493.86,,4175.28,4488.28,129.22,4492.41,4235.42,5006.39,5006.39,2.0,2.15,-0.9,16,5.7,False,22976.0
ASTRAZEN,2025-01-22,2025-01-23,2025-03-20,target,6932.65,,6512.17,6830.39,321.7,6877.54,6289.26,8054.11,8054.11,2.0,3.35,-0.48,39,8.6,False,36432.0
BHARTIARTL,2025-01-08,2025-01-09,2025-03-24,target,1585.94,,1460.8,1582.45,33.04,1586.74,1519.87,1720.48,1725.57,2.076,2.08,-0.6,51,4.2,False,19632.0
CHOLAHLDNG,2025-02-11,2025-02-12,2025-03-24,target,1511.46,,1488.49,1471.22,64.44,1504.96,1382.58,1749.72,1749.72,2.0,2.34,-0.6,26,8.1,False,32615.0
SOLARINDS,2025-03-10,2025-03-11,2025-03-26,target,9831.21,,9557.54,9760.16,323.06,9794.14,9185.09,11012.24,11012.24,2.0,2.08,-0.3,10,6.2,False,25420.0
DCMSHRIRAM,2025-03-21,2025-03-24,2025-03-27,stop,1121.65,,1047.28,1119.4,50.27,1135.48,1021.1,1364.23,1021.1,-1.0,0.37,-1.37,3,10.1,False,-23500.0
VIJAYA,2025-03-19,2025-03-20,2025-04-01,stop,1117.55,,952.34,1067.28,69.82,1119.94,977.9,1404.02,977.9,-1.0,0.0,-1.15,7,12.7,False,-28926.0
BAJAJHLDNG,2025-02-12,2025-02-13,2025-04-07,stop,11650.02,,9961.7,11549.79,465.44,11417.01,10719.15,12812.74,10201.16,-1.742,1.77,-1.74,34,6.1,True,-22753.0
SARDAEN,2025-02-17,2025-02-18,2025-04-07,stop,479.45,,388.34,478.33,23.77,483.19,431.91,585.74,395.61,-1.708,1.54,-1.71,31,10.6,True,-38664.0
MEDANTA,2025-02-17,2025-02-18,2025-04-07,stop,1130.84,,1098.09,1115.02,47.44,1142.09,1035.96,1354.35,1009.64,-1.248,1.28,-1.25,31,9.3,True,-25114.0
MAZDOCK,2025-03-19,2025-03-20,2025-04-07,stop,2606.07,,2052.56,2322.41,114.23,2650.84,2377.61,3197.31,2204.82,-1.632,0.3,-1.71,11,10.3,True,-38015.0
IDBI,2025-03-21,2025-03-24,2025-04-07,stop,79.67,,77.6,76.53,2.76,80.28,74.15,92.56,72.69,-1.236,0.0,-1.6,9,7.6,True,-22119.0
RPOWER,2025-03-27,2025-03-28,2025-04-07,stop,42.97,,36.25,40.84,2.26,43.17,38.45,52.6,35.64,-1.596,0.28,-1.71,5,10.9,True,-39213.0
HOMEFIRST,2025-04-09,2025-04-11,2025-04-22,target,1040.45,,1012.84,984.11,53.0,1035.89,934.46,1238.74,1238.74,2.0,2.02,0.0,5,9.8,False,37647.0
TVSMOTOR,2025-04-08,2025-04-09,2025-04-23,target,2429.16,,2371.01,2361.34,83.73,2441.47,2261.7,2801.0,2801.0,2.0,2.03,0.0,7,7.4,False,27905.0
COHANCE,2025-04-21,2025-04-22,2025-05-07,stop,1202.2,,1074.08,1189.23,64.14,1200.8,1073.92,1454.57,1073.92,-1.0,0.39,-1.0,10,10.6,False,-23117.0
FSL,2025-04-22,2025-04-23,2025-05-07,stop,338.66,,309.4,337.37,15.59,341.74,307.48,410.25,307.29,-1.006,0.33,-1.21,9,10.0,True,-22352.0
TATAINVEST,2025-03-07,2025-03-10,2025-05-09,stop,632.72,,616.47,614.26,31.39,632.66,569.94,758.09,569.94,-1.0,0.31,-1.03,38,9.9,False,-21893.0
MUTHOOTFIN,2025-05-07,2025-05-08,2025-05-09,stop,2289.04,,2004.81,2261.44,77.98,2286.76,2133.08,2594.14,2127.02,-1.039,0.0,-1.04,1,6.7,True,-15389.0
JKCEMENT,2025-03-21,2025-03-24,2025-05-15,target,4810.92,,4402.4,4704.79,133.67,4813.41,4543.57,5353.09,5353.09,2.0,2.08,-0.64,33,5.6,False,23804.0
ERIS,2025-04-08,2025-04-09,2025-05-27,target,1313.7,,1234.53,1269.74,76.57,1302.81,1160.56,1587.3,1587.3,2.0,2.06,0.0,30,10.9,False,41854.0
GLAXO,2025-05-09,2025-05-12,2025-05-28,target,2656.75,,2402.95,2649.92,114.04,2694.39,2428.68,3225.82,3225.82,2.0,2.17,-0.27,12,9.9,False,38400.0
MEDANTA,2025-05-07,2025-05-08,2025-06-20,stop,1210.46,,1145.41,1201.83,41.67,1210.46,1127.12,1377.16,1127.12,-1.0,0.5,-1.09,31,6.9,False,-15183.0
MARICO,2025-06-20,2025-06-23,2025-06-27,target,686.46,,652.87,685.75,12.18,684.19,662.1,728.36,728.36,2.0,2.0,0.0,4,3.2,False,12237.0
ULTRACEMCO,2025-03-25,2025-03-26,2025-07-02,target,11349.26,,10870.19,11199.38,266.21,11309.31,10816.84,12294.26,12294.26,2.0,2.31,-0.93,65,4.4,False,17865.0
CRAFTSMAN,2025-05-09,2025-05-12,2025-07-04,target,4863.4,,4854.6,4795.56,219.59,4915.86,4424.22,5899.14,5899.14,2.0,2.94,0.0,39,10.0,False,38957.0
KAYNES,2025-07-01,2025-07-02,2025-07-23,stop,6140.5,,5259.06,6101.5,197.35,6169.5,5745.79,7016.91,5745.79,-1.0,0.54,-1.05,15,6.9,False,-15965.0
RADICO,2025-07-03,2025-07-04,2025-08-01,target,2577.66,,2307.26,2519.78,74.15,2583.25,2429.36,2891.03,2891.03,2.0,2.32,0.0,20,6.0,False,24898.0
KPRMILL,2025-07-04,2025-07-07,2025-08-01,stop,1183.82,,991.54,1163.95,41.78,1184.02,1100.25,1351.55,1100.25,-1.0,0.83,-1.46,19,7.1,False,-16564.0
JUBLFOOD,2025-04-08,2025-04-09,2025-08-06,stop,680.76,,634.66,668.7,23.34,683.81,634.09,783.25,634.09,-1.0,0.86,-1.18,81,7.3,False,-15246.0
GRAVITA,2025-07-31,2025-08-01,2025-08-06,stop,1873.5,,1830.69,1818.67,56.37,1885.0,1760.76,2133.48,1760.76,-1.0,0.0,-1.02,3,6.6,False,-14956.0
EMAMILTD,2025-07-31,2025-08-01,2025-08-25,stop,588.99,,582.59,561.96,16.48,583.45,556.03,638.3,556.03,-1.0,1.4,-1.16,15,4.7,False,-10968.0
SHREECEM,2025-06-27,2025-06-30,2025-08-26,stop,30882.02,,28060.89,30027.78,641.85,30747.66,29598.33,33046.33,29598.33,-1.0,1.44,-1.0,40,3.7,False,-9094.0
CGPOWER,2025-08-22,2025-08-25,2025-09-03,target,678.35,,658.14,677.04,14.17,680.5,650.01,741.48,746.35,2.16,2.45,-0.76,6,4.5,False,19604.0
NATIONALUM,2025-05-28,2025-05-29,2025-09-05,target,175.35,,173.53,174.13,5.75,176.72,163.85,202.45,202.45,2.0,2.1,-0.62,69,7.3,False,29409.0
TATASTEEL,2025-05-14,2025-05-15,2025-09-08,target,148.7,,138.35,143.19,4.46,148.89,139.79,167.08,167.08,2.0,2.21,-0.23,80,6.1,False,24084.0
KAYNES,2025-07-31,2025-08-01,2025-09-08,target,6172.0,,5389.93,5885.67,221.43,6202.5,5729.15,7149.2,7149.2,2.0,2.1,-0.95,24,7.6,False,31129.0
MRF,2025-09-02,2025-09-03,2025-09-10,stop,153878.92,,133900.42,147356.4,3828.95,153878.92,146221.03,169194.69,146221.03,-1.0,0.15,-1.16,5,5.0,False,-11532.0
TECHNOE,2025-08-25,2025-08-26,2025-09-12,stop,1549.81,,1328.97,1537.85,56.02,1544.25,1437.78,1757.18,1437.78,-1.0,0.2,-1.09,12,6.9,False,-15615.0
RTNINDIA,2025-09-05,2025-09-08,2025-09-12,stop,61.97,,56.53,59.19,2.84,61.95,56.3,73.26,56.3,-1.0,0.0,-1.21,4,9.1,False,-20672.0
VEDL,2025-05-26,2025-05-27,2025-09-17,target,416.08,,394.51,413.59,10.54,416.5,395.01,459.5,459.5,2.0,2.18,-0.87,79,5.2,False,20396.0
TATAINVEST,2025-09-05,2025-09-08,2025-09-18,target,672.38,,645.13,671.44,13.48,672.43,645.42,726.46,726.46,2.0,2.9,-0.36,8,4.0,False,16176.0
DCMSHRIRAM,2025-09-17,2025-09-18,2025-09-19,stop,1371.31,,1164.29,1366.24,43.23,1320.03,1284.85,1390.38,1284.85,-1.0,0.0,-2.18,1,2.7,False,-6867.0
GLENMARK,2025-09-09,2025-09-10,2025-09-22,stop,2111.12,,1677.06,2047.98,50.77,2106.83,2009.58,2301.34,2009.58,-1.0,0.46,-1.06,8,4.6,False,-11047.0
GMRAIRPORT,2025-09-16,2025-09-17,2025-09-24,stop,92.84,,85.11,90.69,1.94,93.0,88.97,101.07,88.97,-1.0,0.19,-1.02,5,4.3,False,-10435.0
VIJAYA,2025-09-04,2025-09-05,2025-09-26,stop,1089.4,,991.89,1068.28,33.26,1084.7,1022.88,1208.33,1022.88,-1.0,0.58,-1.21,15,5.7,False,-13209.0
PFC,2025-09-23,2025-09-24,2025-09-26,stop,401.55,,398.31,401.5,6.48,400.68,388.59,424.86,388.59,-1.0,0.07,-1.37,2,3.0,False,-7520.0
SOBHA,2025-09-17,2025-09-18,2025-09-29,stop,1607.6,,1470.48,1593.88,47.5,1610.0,1512.61,1804.78,1512.61,-1.0,0.31,-1.08,7,6.0,False,-14207.0
TARIL,2025-09-05,2025-09-08,2025-10-13,stop,503.65,,473.15,503.07,15.71,502.95,472.22,564.41,472.22,-1.0,1.6,-1.02,24,6.1,False,-14195.0
ASTERDM,2025-09-19,2025-09-22,2025-10-20,target,647.71,,533.3,613.62,17.9,646.12,611.91,714.53,714.53,2.0,2.2,-0.9,19,5.3,False,21936.0
IOC,2025-09-29,2025-09-30,2025-10-29,target,143.07,,133.99,139.1,2.39,143.77,138.29,154.71,154.71,2.0,2.4,-0.25,19,3.8,False,14499.0
SAGILITY,2025-09-11,2025-09-12,2025-10-30,target,44.66,,41.62,44.57,1.85,45.07,40.96,53.3,53.45,2.036,3.1,-0.68,32,9.1,False,38818.0
NIACL,2025-10-10,2025-10-13,2025-11-03,stop,192.87,,187.39,192.28,5.62,191.7,181.63,211.84,181.63,-1.0,0.09,-1.08,14,5.3,False,-12149.0
AFFLE,2025-08-05,2025-08-06,2025-11-04,stop,1958.8,,1684.29,1922.77,66.98,1960.0,1824.84,2230.32,1824.84,-1.0,1.67,-1.17,60,6.9,False,-15665.0
GPPL,2025-09-25,2025-09-26,2025-11-06,target,151.55,,150.6,151.25,3.9,151.42,143.75,166.75,169.84,2.403,2.97,-0.11,26,5.1,False,24547.0
DELHIVERY,2025-10-17,2025-10-20,2025-11-06,stop,465.35,,400.16,457.75,13.04,463.15,439.26,510.92,439.26,-1.0,1.12,-1.12,11,5.2,False,-11802.0
KAJARIACER,2025-10-28,2025-10-29,2025-11-06,stop,1216.8,,1132.39,1215.88,32.05,1219.0,1152.7,1351.59,1152.7,-1.0,0.2,-1.3,5,5.4,False,-12722.0
UPL,2025-04-11,2025-04-15,2025-11-07,target,633.06,,576.99,622.85,21.19,643.11,590.68,747.98,747.98,2.0,2.11,-0.59,141,8.2,False,31397.0
BLUEDART,2025-10-29,2025-10-30,2025-11-07,stop,6572.0,,6256.56,5698.65,183.12,6598.0,6205.76,7382.48,6205.76,-1.0,0.41,-1.21,5,5.9,False,-13986.0
SYRMA,2025-11-06,2025-11-07,2025-11-11,target,788.65,,658.05,788.18,30.62,781.0,727.41,888.19,888.19,2.0,2.09,0.0,2,6.9,False,28241.0
MARICO,2025-10-31,2025-11-03,2025-11-17,target,719.95,,691.49,714.15,11.78,716.3,696.4,756.11,756.11,2.0,2.43,-0.53,9,2.8,False,10987.0
BDL,2025-11-14,2025-11-17,2025-11-21,stop,1608.07,,1502.29,1517.11,47.3,1614.35,1513.48,1816.1,1513.48,-1.0,0.0,-1.14,4,6.2,False,-14772.0
GODIGIT,2025-10-29,2025-10-30,2025-12-02,stop,365.6,,339.73,362.08,10.35,363.6,344.91,400.99,344.91,-1.0,0.17,-1.01,22,5.1,False,-12243.0
REDINGTON,2025-11-06,2025-11-07,2025-12-05,stop,289.95,,253.04,277.82,11.33,286.85,267.3,325.96,267.3,-1.0,1.02,-1.05,20,6.8,False,-15629.0
BEL,2025-09-25,2025-09-26,2025-12-08,stop,401.44,,346.2,396.42,8.43,401.94,384.59,436.64,384.59,-1.0,1.57,-1.07,48,4.3,False,-10140.0
POWERINDIA,2025-11-04,2025-11-06,2025-12-08,stop,20457.0,,16836.25,18770.33,734.95,20305.0,18987.1,22940.8,18987.1,-1.0,1.92,-1.35,22,6.5,False,-15044.0
BDL,2025-12-01,2025-12-02,2025-12-08,stop,1524.87,,1503.59,1524.34,39.45,1554.47,1445.98,1771.44,1445.98,-1.0,0.0,-1.29,4,7.0,False,-16346.0
DABUR,2025-11-06,2025-11-07,2025-12-09,stop,520.95,,507.36,516.54,11.09,522.0,498.77,568.47,498.77,-1.0,0.34,-1.03,22,4.5,False,-10576.0
UNOMINDA,2025-11-10,2025-11-11,2025-12-09,stop,1316.3,,1112.54,1299.63,40.27,1322.48,1235.75,1495.94,1235.75,-1.0,0.16,-1.12,20,6.6,False,-15256.0
ERIS,2025-12-09,2025-12-10,2025-12-11,stop,1692.22,,1553.71,1582.08,52.34,1690.93,1587.53,1897.72,1587.53,-1.0,0.0,-1.19,1,6.1,False,-13666.0
CHOLAFIN,2025-12-05,2025-12-08,2025-12-19,stop,1729.11,,1555.86,1677.61,41.48,1728.71,1646.14,1893.84,1646.14,-1.0,0.33,-1.4,9,4.8,False,-11187.0
HINDCOPPER,2025-12-04,2025-12-05,2025-12-22,target,365.16,,284.05,342.17,12.75,362.32,339.66,407.64,407.64,2.0,2.03,-0.59,11,6.3,False,25572.0
NMDC,2025-11-10,2025-11-11,2025-12-23,target,72.86,,68.84,72.34,1.64,72.98,69.59,79.77,79.77,2.0,2.03,-0.85,30,4.7,False,19026.0
FORCEMOT,2025-12-11,2025-12-12,2025-12-30,target,16978.0,,14783.92,16811.67,598.57,17020.0,15780.86,19498.28,19498.28,2.0,2.4,-0.2,11,7.3,False,28856.0
NAM-INDIA,2025-12-18,2025-12-19,2025-12-30,stop,905.76,,774.32,882.45,26.19,885.33,853.37,949.26,853.37,-1.0,0.63,-1.52,6,3.6,False,-8534.0
HEG,2025-12-29,2025-12-30,2025-12-31,target,600.25,,503.19,564.37,18.61,594.0,563.03,655.95,655.95,2.0,2.52,0.0,1,5.2,False,21162.0
APARINDS,2025-12-10,2025-12-11,2026-01-02,stop,8815.5,,8305.33,8793.67,272.24,8771.5,8271.02,9772.46,8271.02,-1.0,0.71,-1.05,15,5.7,False,-12737.0
MARUTI,2025-12-05,2025-12-08,2026-01-05,target,16282.0,,14041.62,16184.67,258.88,16200.0,15764.25,17071.51,17071.51,2.0,2.68,-0.63,19,2.7,False,10341.0
MAHABANK,2025-12-30,2025-12-31,2026-01-05,target,58.71,,53.77,56.62,1.3,58.71,56.11,63.92,63.92,2.0,2.03,0.0,3,4.4,False,17755.0
CESC,2026-01-02,2026-01-05,2026-01-08,stop,175.37,,163.46,173.1,3.68,176.0,168.0,192.0,168.0,-1.0,0.0,-1.24,3,4.5,False,-10894.0
TATACOMM,2025-12-19,2025-12-22,2026-01-09,stop,1808.26,,1717.91,1807.2,45.64,1803.6,1716.98,1976.84,1716.98,-1.0,0.16,-1.07,13,4.8,False,-11105.0
TIMKEN,2025-12-22,2025-12-23,2026-01-09,stop,3081.0,,3059.1,3069.3,81.87,3099.0,2917.25,3462.49,2917.25,-1.0,0.03,-1.01,12,5.9,False,-13508.0
AUROPHARMA,2026-01-02,2026-01-05,2026-01-12,stop,1215.4,,1158.08,1198.87,23.81,1220.0,1167.77,1324.45,1167.77,-1.0,0.97,-1.02,5,4.3,False,-10324.0
TBOTEK,2025-11-04,2025-11-06,2026-01-19,stop,1589.0,,1455.57,1507.2,61.35,1589.0,1466.3,1834.4,1466.3,-1.0,1.43,-1.03,51,7.7,False,-17694.0
NH,2026-01-01,2026-01-02,2026-01-20,stop,1934.4,,1767.93,1924.6,56.22,1934.8,1821.97,2160.46,1821.97,-1.0,0.16,-1.13,12,5.8,False,-13690.0
JKCEMENT,2026-01-20,2026-01-21,2026-01-22,stop,5891.5,,5786.48,5867.17,182.02,5845.0,5527.45,6480.1,5527.45,-1.0,0.0,-1.06,1,5.4,False,-12269.0
ANANDRATHI,2025-12-29,2025-12-30,2026-01-23,stop,1537.83,,1299.29,1525.86,33.92,1539.78,1469.99,1679.35,1469.99,-1.0,0.86,-1.06,18,4.5,False,-10729.0
TATACONSUM,2025-12-05,2025-12-08,2026-01-28,stop,1153.14,,1094.72,1145.18,23.53,1153.14,1106.09,1247.26,1106.09,-1.0,1.22,-1.03,35,4.1,False,-9713.0
ABCAPITAL,2026-01-22,2026-01-23,2026-01-29,stop,354.5,,294.32,346.93,9.0,354.55,336.49,390.67,336.49,-1.0,0.0,-1.16,3,5.1,False,-11578.0
GESHIP,2026-01-07,2026-01-08,2026-01-30,target,1092.47,,1012.32,1086.87,27.48,1092.47,1037.51,1202.4,1202.4,2.0,2.84,-0.77,15,5.0,False,20723.0
DABUR,2026-01-21,2026-01-22,2026-02-02,stop,516.2,,508.41,510.12,10.16,521.0,495.89,571.22,495.89,-1.0,0.48,-1.08,6,4.8,False,-10970.0
HOMEFIRST,2026-01-27,2026-01-28,2026-02-02,stop,1245.88,,1160.21,1151.62,45.47,1236.22,1154.94,1398.78,1111.8,-1.531,0.0,-1.6,3,6.6,True,-21834.0
BSE,2026-01-28,2026-01-29,2026-02-02,stop,2821.5,,2414.97,2764.1,81.66,2828.8,2658.17,3170.05,2565.3,-1.544,0.34,-1.75,2,6.0,True,-20254.0
SUNDARMFIN,2025-03-28,2025-04-01,2026-02-03,target,4542.19,,4412.57,4484.21,182.55,4579.47,4177.1,5384.23,5384.23,2.0,2.12,-0.97,209,8.8,False,37262.0
CENTURYPLY,2026-01-30,2026-02-02,2026-02-03,target,803.8,,772.71,784.63,27.89,766.4,748.02,803.16,828.2,3.362,5.04,0.0,1,2.4,False,15639.0
TRIVENI,2026-01-30,2026-02-02,2026-02-03,target,373.89,,365.49,359.5,12.86,353.73,348.17,364.83,373.3,3.526,5.46,0.0,1,1.6,False,10405.0
GLAND,2026-01-30,2026-02-02,2026-02-03,target,1846.6,,1773.42,1841.2,53.88,1815.8,1738.83,1969.74,1980.0,2.133,2.2,0.0,1,4.2,False,17664.0
ABB,2026-01-29,2026-01-30,2026-02-20,target,5451.7,,5361.08,5096.32,160.12,5417.84,5131.47,5990.59,5990.59,2.0,2.8,-0.25,15,5.3,False,20862.0
JSWSTEEL,2026-01-12,2026-01-13,2026-02-25,target,1182.7,,1083.1,1160.7,24.9,1182.7,1132.9,1282.3,1282.3,2.0,2.05,-0.53,30,4.2,False,16680.0
FEDERALBNK,2026-01-16,2026-01-19,2026-02-26,target,270.25,,222.57,249.71,6.85,271.45,256.54,301.27,301.27,2.0,2.03,-0.17,27,5.5,False,22101.0
DELHIVERY,2026-02-02,2026-02-03,2026-03-02,stop,439.9,,409.03,410.32,13.97,450.0,411.96,526.08,410.05,-1.05,0.0,-1.05,19,8.5,True,-19184.0
CAMPUS,2026-02-02,2026-02-03,2026-03-02,stop,272.3,,268.6,264.88,8.21,275.8,255.87,315.66,240.4,-1.776,0.45,-1.8,19,7.2,True,-27278.0
COROMANDEL,2026-01-09,2026-01-12,2026-03-04,stop,2299.34,,2194.19,2286.02,70.17,2295.75,2159.0,2569.26,2159.0,-1.0,0.76,-1.62,35,6.0,False,-13669.0
REDINGTON,2026-02-27,2026-03-02,2026-03-04,stop,280.45,,262.68,274.08,10.61,267.9,259.23,285.24,256.0,-1.373,0.0,-2.32,1,3.2,True,-10372.0
LAURUSLABS,2026-02-25,2026-02-26,2026-03-09,stop,1075.28,,897.87,1069.9,32.33,1078.93,1010.63,1215.52,1004.0,-1.097,0.29,-1.54,6,6.3,True,-15698.0
RRKABEL,2026-02-24,2026-02-25,2026-03-12,stop,1498.22,,1360.27,1448.45,49.69,1515.18,1398.85,1747.85,1398.85,-1.0,0.51,-1.14,10,7.7,False,-17102.0
DIVISLAB,2026-03-02,2026-03-04,2026-03-13,stop,6403.5,,6229.73,6245.83,161.32,6340.0,6080.85,6858.29,6080.85,-1.0,0.54,-1.1,7,4.1,False,-9377.0
CRAFTSMAN,2026-03-05,2026-03-06,2026-03-13,stop,7594.5,,6796.43,7503.17,283.99,7590.0,7026.53,8716.95,7026.53,-1.0,0.0,-1.7,5,7.4,False,-16079.0
PTCIL,2026-01-12,2026-01-13,2026-03-16,stop,17948.0,,15763.06,17891.33,576.94,18000.0,16794.11,20411.78,16794.11,-1.0,0.7,-1.34,41,6.7,False,-15165.0
BIOCON,2026-03-02,2026-03-04,2026-03-16,stop,387.95,,370.85,374.93,9.07,382.1,369.81,406.68,369.81,-1.0,1.68,-1.06,8,3.2,False,-7598.0
BLUESTARCO,2026-02-02,2026-02-03,2026-03-20,stop,1838.2,,1807.07,1760.23,61.15,1868.0,1715.89,2172.21,1715.89,-1.0,1.06,-1.1,32,8.1,False,-17680.0
JINDALSAW,2026-03-11,2026-03-12,2026-03-23,stop,196.23,,193.82,173.33,9.11,200.16,178.02,244.43,178.02,-1.0,0.08,-1.09,7,11.1,False,-23202.0
BEL,2026-03-17,2026-03-18,2026-03-23,stop,439.35,,398.4,431.86,13.37,445.45,412.62,511.12,412.62,-1.0,0.0,-1.26,3,7.4,False,-15250.0
ZYDUSWELL,2026-03-25,2026-03-27,2026-04-06,target,457.95,,419.47,448.42,20.61,451.0,416.73,519.55,519.55,2.0,2.24,-0.9,4,7.6,False,28104.0
GALLANTT,2026-03-12,2026-03-13,2026-04-07,target,551.65,,548.59,537.2,26.32,552.0,499.02,657.96,657.96,2.0,2.04,-0.61,14,9.6,False,37359.0
GALLANTT,2026-04-06,2026-04-07,2026-04-08,target,564.6,,548.52,562.47,24.98,575.0,514.64,695.71,695.71,2.0,2.27,0.0,1,10.5,False,40324.0
BSE,2026-03-24,2026-03-25,2026-04-10,target,2805.9,,2548.75,2764.67,105.36,2840.0,2595.18,3329.63,3329.63,2.0,2.0,-0.67,9,8.6,False,31535.0
ADANIENSOL,2026-04-06,2026-04-07,2026-04-10,target,991.35,,942.7,968.72,42.11,988.1,907.13,1150.03,1150.03,2.0,2.13,0.0,3,8.2,False,31262.0
NMDC,2026-03-20,2026-03-23,2026-04-15,target,79.78,,74.54,78.93,2.64,78.75,74.51,87.23,87.23,2.0,2.17,-0.9,13,5.4,False,19650.0
GMDCLTD,2026-02-20,2026-02-23,2026-04-16,target,567.6,,499.99,564.13,28.62,574.05,510.35,701.45,701.45,2.0,2.71,-0.83,33,11.1,False,45315.0
GPIL,2026-03-12,2026-03-13,2026-04-16,target,264.7,,240.26,255.17,10.66,264.0,243.39,305.22,307.45,2.108,2.26,-0.91,20,7.8,False,31888.0
EMCURE,2026-03-17,2026-03-18,2026-04-29,target,1505.4,,1398.25,1468.47,60.43,1509.8,1384.53,1760.33,1760.33,2.0,2.07,-0.53,26,8.3,False,31173.0
GRSE,2026-04-09,2026-04-10,2026-04-29,target,2523.6,,2394.73,2509.8,134.89,2539.9,2253.82,3112.06,3112.06,2.0,2.79,-0.35,12,11.3,False,46734.0
HEG,2026-04-13,2026-04-15,2026-04-29,target,565.95,,525.53,561.23,25.4,572.0,515.15,685.7,685.7,2.0,2.08,0.0,10,9.9,False,41941.0
BANDHANBNK,2026-04-15,2026-04-16,2026-05-04,target,173.77,,161.13,172.58,7.43,175.3,158.91,208.07,208.07,2.0,2.28,-0.4,12,9.3,False,40339.0
J&KBANK,2026-04-06,2026-04-07,2026-05-07,target,115.8,,106.35,114.53,5.71,115.8,104.38,138.64,138.64,2.0,2.56,0.0,21,9.9,False,37825.0
LUPIN,2026-05-04,2026-05-05,2026-05-11,stop,2348.8,,2147.65,2311.03,49.13,2354.0,2250.54,2560.92,2250.54,-1.0,1.35,-1.14,4,4.4,False,-11956.0
HINDALCO,2026-04-07,2026-04-08,2026-05-27,target,954.5,,828.71,927.45,32.17,975.0,890.15,1144.7,1144.7,2.0,2.11,-0.27,34,8.7,False,34388.0
TECHNOE,2026-04-15,2026-04-16,2026-05-27,stop,1195.25,,1176.23,1121.3,53.77,1214.0,1087.72,1466.56,1087.72,-1.0,1.35,-1.23,29,10.4,False,-24174.0
IPCALAB,2026-05-06,2026-05-07,2026-06-02,stop,1564.4,,1453.25,1557.77,44.51,1572.2,1475.38,1765.85,1475.38,-1.0,1.1,-1.06,18,6.2,False,-16500.0
IRB,2026-06-01,2026-06-02,2026-06-09,stop,21.93,,21.68,21.39,0.74,21.83,20.44,24.6,20.44,-1.0,0.0,-1.05,5,6.4,False,-16561.0
OIL,2026-06-02,2026-06-03,2026-06-10,stop,484.1,,451.66,483.83,12.98,487.35,458.14,545.78,458.14,-1.0,0.26,-2.22,5,6.0,False,-15755.0
RBLBANK,2026-04-28,2026-04-29,2026-06-15,target,320.75,,288.96,315.98,10.49,323.0,299.77,369.46,370.0,2.023,2.25,-0.2,33,7.2,False,33086.0
STARHEALTH,2026-06-09,2026-06-10,2026-06-18,target,521.4,,478.99,519.93,13.94,522.15,493.52,579.41,579.41,2.0,2.06,-0.16,6,5.5,False,25329.0
ABCAPITAL,2026-04-29,2026-04-30,2026-06-22,target,348.45,,312.4,340.77,11.9,346.0,324.64,388.71,388.71,2.0,2.2,-0.52,37,6.2,False,28988.0
INDIANB,2026-06-17,2026-06-18,2026-06-29,stop,876.35,,803.77,869.95,23.21,880.7,829.93,982.23,829.93,-1.0,0.0,-1.39,7,5.8,False,-15347.0
