ticker,entry_date,exit_date,entry,exit,qty,days_held,reason,return_pct,pnl,decision_date,nms,nms_rank_pct,n_rankable,mr12,mr6,close,turnover_63d,nms_rank_in_band
AVANTIFEED,2018-02-01,2018-02-07,682.8269,691.687,5,4,rebalance_trim,1.2976,44.3007,2018-01-31,2.707830377353568,0.96,150,7.1812403440790655,1.2561256854960252,669.1112060546875,145059808.02392578,7.000000000000005
BRITANNIA,2018-02-01,2018-02-07,2076.0735,2037.9874,2,4,rebalance_trim,-1.8345,-76.1723,2018-01-31,1.6081371749926088,0.8266666666666667,150,2.8041528422752666,1.1228039242888246,2072.297607421875,531886962.671875,27.0
FCONSUMER,2018-02-01,2018-02-07,63.4692,62.3811,70,4,rebalance_trim,-1.7144,-76.1691,2018-01-31,2.3372508284965363,0.9466666666666667,150,4.594614112111633,1.6287643040444781,63.20000076293945,270385959.8594818,9.000000000000002
GODREJPROP,2018-02-01,2018-02-07,806.2142,778.5179,3,4,rebalance_trim,-3.4354,-83.0891,2018-01-31,1.6119988168485342,0.84,150,3.249902970418061,0.9616047682596309,799.5999755859375,115103702.25,25.000000000000004
KEC,2018-02-01,2018-02-07,334.8514,344.6923,11,4,rebalance_trim,2.9389,108.2497,2018-01-31,1.6447543139707312,0.86,150,4.113249277673582,0.6902438237342416,330.4397277832031,135493763.57266235,22.000000000000004
VENKEYS,2018-02-01,2018-02-07,2651.0343,2682.9188,1,4,rebalance_trim,1.2027,31.8845,2018-01-31,2.3243310581377985,0.94,150,7.481789333116617,0.523345927737981,2621.781494140625,180584437.85009766,10.000000000000007
VIPIND,2018-02-01,2018-02-07,331.9557,342.8468,12,4,rebalance_trim,3.2809,130.6926,2018-01-31,2.8231188079726266,0.9733333333333334,150,4.373194920015278,2.4972868307938367,327.8094787597656,156788632.85272217,4.999999999999993
BAJAJELEC,2018-02-01,2018-02-08,438.396,439.8264,6,5,rebalance_trim,0.3263,8.5823,2018-01-31,1.6059908154160956,0.82,150,2.585402867588763,1.2015055655496352,435.3494567871094,130408459.45730591,28.000000000000007
HFCL,2018-02-01,2018-02-12,28.7507,30.496,176,7,rebalance_trim,6.0704,307.1695,2018-01-31,1.616717599064605,0.8466666666666667,150,2.3962554958356805,1.289895253780475,28.687284469604492,193109746.16171265,24.0
PHILIPCARB,2018-02-01,2018-02-12,92.8673,89.1385,46,7,rebalance_trim,-4.0152,-171.5263,2018-01-31,2.255911191830684,0.9266666666666666,150,5.157634804471037,1.2857958493280262,93.191162109375,286802830.01434326,12.000000000000004
TORNTPOWER,2018-02-01,2018-02-12,228.203,219.1951,13,7,rebalance_trim,-3.9473,-117.1027,2018-01-31,1.644199554134813,0.8533333333333334,150,1.436793574428392,1.6947277648645478,230.88365173339844,253138257.39752197,22.999999999999993
DBL,2018-02-01,2018-02-14,909.6374,988.2524,3,8,rebalance_trim,8.6425,235.8449,2018-01-31,3.349229434778917,0.9933333333333333,150,7.317245471731799,2.241783600497845,897.7291870117188,274711685.59399414,2.000000000000006
UNOMINDA,2018-02-01,2018-02-14,197.7491,195.3619,18,8,rebalance_trim,-1.2072,-42.9696,2018-01-31,3.3379646046522664,0.9866666666666667,150,8.277383128057929,1.8629103469509656,199.83889770507812,131497665.25195312,2.9999999999999964
KEC,2018-02-01,2018-02-15,333.9948,367.4531,8,9,rebalance_trim,10.0176,267.6669,2018-01-31,1.6447543139707312,0.86,150,4.113249277673582,0.6902438237342416,330.4397277832031,135493763.57266235,22.000000000000004
BBTC,2018-02-01,2018-02-16,1378.9978,1427.9053,2,10,rebalance_trim,3.5466,97.8149,2018-01-31,2.953691240362195,0.98,150,5.347131416482586,2.3424935785966317,1364.679931640625,240248746.9921875,4.000000000000003
VENKEYS,2018-02-01,2018-02-16,2661.336,2744.6842,1,10,rebalance_trim,3.1318,83.3481,2018-01-31,2.3243310581377985,0.94,150,7.481789333116617,0.523345927737981,2621.781494140625,180584437.85009766,10.000000000000007
BBTC,2018-02-01,2018-02-20,1378.9978,1532.816,2,12,rebalance_trim,11.1543,307.6364,2018-01-31,2.953691240362195,0.98,150,5.347131416482586,2.3424935785966317,1364.679931640625,240248746.9921875,4.000000000000003
IBVENTURES,2018-02-01,2018-02-21,248.1663,256.837,10,13,rebalance_trim,3.4939,86.7077,2018-01-31,5.361283182397639,1.0,150,20.116482303105837,0.6861435190649217,245.4,363755520.0,1.0
VENKEYS,2018-02-01,2018-02-22,2665.5231,2740.8237,1,14,rebalance_trim,2.825,75.3006,2018-01-31,2.3243310581377985,0.94,150,7.481789333116617,0.523345927737981,2621.781494140625,180584437.85009766,10.000000000000007
BRITANNIA,2018-02-01,2018-02-23,2067.3091,2163.8903,2,15,rebalance_trim,4.6718,193.1622,2018-01-31,1.6081371749926088,0.8266666666666667,150,2.8041528422752666,1.1228039242888246,2072.297607421875,531886962.671875,27.0
VENKEYS,2018-02-01,2018-02-26,2665.5231,3166.0175,1,16,rebalance_trim,18.7766,500.4944,2018-01-31,2.3243310581377985,0.94,150,7.481789333116617,0.523345927737981,2621.781494140625,180584437.85009766,10.000000000000007
KEC,2018-02-01,2018-02-27,333.9948,400.9389,8,17,rebalance_trim,20.0435,535.5528,2018-01-31,1.6447543139707312,0.86,150,4.113249277673582,0.6902438237342416,330.4397277832031,135493763.57266235,22.000000000000004
VENKEYS,2018-02-01,2018-02-27,2665.5231,3335.194,1,17,rebalance_trim,25.1234,669.6709,2018-01-31,2.3243310581377985,0.94,150,7.481789333116617,0.523345927737981,2621.781494140625,180584437.85009766,10.000000000000007
AVANTIFEED,2018-02-01,2018-03-01,682.8269,726.2563,7,19,rebalance_trim,6.3602,304.0057,2018-01-31,2.707830377353568,0.96,150,7.1812403440790655,1.2561256854960252,669.1112060546875,145059808.02392578,7.000000000000005
BAJAJELEC,2018-02-01,2018-03-01,438.396,469.8682,14,19,rebalance_trim,7.1789,440.6104,2018-01-31,1.6059908154160956,0.82,150,2.585402867588763,1.2015055655496352,435.3494567871094,130408459.45730591,28.000000000000007
BALKRISIND,2018-02-01,2018-03-01,1061.0046,998.7723,5,19,rebalance_trim,-5.8654,-311.1616,2018-01-31,2.1443305810320226,0.9066666666666666,150,3.8295485128003097,1.6043195736181235,1057.161865234375,565077522.7001953,15.000000000000007
BATAINDIA,2018-02-01,2018-03-01,659.3423,676.0446,50,19,rebalance_exit,2.5332,835.1128,2018-01-31,1.5003259900955572,0.8133333333333334,150,2.324786518517845,1.1286083235975797,656.1114501953125,394820321.25738525,28.999999999999996
BBTC,2018-02-01,2018-03-01,1390.2296,1388.1263,3,19,rebalance_trim,-0.1513,-6.3098,2018-01-31,2.953691240362195,0.98,150,5.347131416482586,2.3424935785966317,1364.679931640625,240248746.9921875,4.000000000000003
BRITANNIA,2018-02-01,2018-03-01,2067.3091,2201.4271,2,19,rebalance_trim,6.4876,268.236,2018-01-31,1.6081371749926088,0.8266666666666667,150,2.8041528422752666,1.1228039242888246,2072.297607421875,531886962.671875,27.0
DBL,2018-02-01,2018-03-01,909.6374,942.4781,5,19,rebalance_trim,3.6103,164.2036,2018-01-31,3.349229434778917,0.9933333333333333,150,7.317245471731799,2.241783600497845,897.7291870117188,274711685.59399414,2.000000000000006
EDELWEISS,2018-02-01,2018-03-01,129.4466,123.8628,41,19,rebalance_trim,-4.3136,-228.9345,2018-01-31,1.8017306208414086,0.88,150,3.8563930502053023,1.0404628719893811,128.7095184326172,422128886.83496094,19.0
FCONSUMER,2018-02-01,2018-03-01,63.4733,59.3916,77,19,rebalance_trim,-6.4306,-314.2929,2018-01-31,2.3372508284965363,0.9466666666666667,150,4.594614112111633,1.6287643040444781,63.20000076293945,270385959.8594818,9.000000000000002
FRETAIL,2018-02-01,2018-03-01,553.482,517.2846,9,19,rebalance_trim,-6.5399,-325.7764,2018-01-31,1.709088796545232,0.8666666666666667,150,4.397041787373832,0.687629524737106,557.8499755859375,227339385.0,20.999999999999996
GNFC,2018-02-01,2018-03-01,383.4628,345.982,13,19,rebalance_trim,-9.7743,-487.2503,2018-01-31,1.734397698276943,0.8733333333333333,150,2.2791977609400402,1.5240828286172001,383.32086181640625,408991932.82421875,20.000000000000007
GODREJPROP,2018-02-01,2018-03-01,802.3006,778.2687,8,19,rebalance_trim,-2.9954,-192.2546,2018-01-31,1.6119988168485342,0.84,150,3.249902970418061,0.9616047682596309,799.5999755859375,115103702.25,25.000000000000004
HFCL,2018-02-01,2018-03-01,28.7366,29.4681,249,19,rebalance_trim,2.5454,182.1329,2018-01-31,1.616717599064605,0.8466666666666667,150,2.3962554958356805,1.289895253780475,28.687284469604492,193109746.16171265,24.0
HSCL,2018-02-01,2018-03-01,173.7466,156.7976,33,19,rebalance_trim,-9.755,-559.3167,2018-01-31,2.4670118259153533,0.9533333333333334,150,5.250599399827601,1.5920942768322097,173.53025817871094,242472915.53497314,7.999999999999995
IBVENTURES,2018-02-01,2018-03-01,248.1663,256.1012,20,19,rebalance_trim,3.1974,158.6996,2018-01-31,5.361283182397639,1.0,150,20.116482303105837,0.6861435190649217,245.4,363755520.0,1.0
IGL,2018-02-01,2018-03-01,134.2744,133.2874,48,19,rebalance_trim,-0.7351,-47.3756,2018-01-31,2.0863995025558757,0.8933333333333333,150,3.222459930349033,1.7387267812978426,133.87924194335938,492393124.85202026,17.000000000000004
JAICORPLTD,2018-02-01,2018-03-01,166.185,145.9957,29,19,rebalance_trim,-12.1487,-585.4877,2018-01-31,2.249660665054276,0.92,150,2.9073732065209343,2.1209781997631776,169.08351135253906,432702797.4949341,12.999999999999995
JINDALSAW,2018-02-01,2018-03-01,63.7088,58.9346,105,19,rebalance_trim,-7.4937,-501.2863,2018-01-31,1.4919866379541582,0.8066666666666666,150,2.9610047531273813,0.8761404711398171,64.22614288330078,197825123.47909546,30.000000000000004
KEC,2018-02-01,2018-03-01,333.9948,384.641,13,19,rebalance_trim,15.1638,658.4006,2018-01-31,1.6447543139707312,0.86,150,4.113249277673582,0.6902438237342416,330.4397277832031,135493763.57266235,22.000000000000004
KOLTEPATIL,2018-02-01,2018-03-01,353.4098,333.3795,98,19,rebalance_exit,-5.6677,-1962.9733,2018-01-31,2.820115588422675,0.9666666666666667,150,5.188690245502895,2.1861007801339967,349.91729736328125,134720976.83703613,5.999999999999999
MOTILALOFS,2018-02-01,2018-03-01,1220.3009,1086.7843,30,19,rebalance_exit,-10.9413,-4005.4981,2018-01-31,1.8648076352343934,0.8866666666666667,150,4.213882444800984,1.0081326120078518,1234.4036865234375,113755725.65661621,17.999999999999993
PHILIPCARB,2018-02-01,2018-03-01,92.8673,92.9576,74,19,rebalance_trim,0.0972,6.6803,2018-01-31,2.255911191830684,0.9266666666666666,150,5.157634804471037,1.2857958493280262,93.191162109375,286802830.01434326,12.000000000000004
RADICO,2018-02-01,2018-03-01,353.4628,341.6581,19,19,rebalance_trim,-3.3397,-224.2906,2018-01-31,2.277744540173618,0.9333333333333333,150,3.0340135859630974,2.1188014643586306,353.5201110839844,495997430.2593994,10.999999999999998
SOBHA,2018-02-01,2018-03-01,531.9024,513.3916,10,19,rebalance_trim,-3.4801,-185.1074,2018-01-31,1.6090441044215653,0.8333333333333334,150,2.874237536162452,1.0979433385846122,529.2103881835938,161099327.9663086,25.999999999999993
TORNTPOWER,2018-02-01,2018-03-01,228.203,212.7873,146,19,rebalance_exit,-6.7553,-2250.6915,2018-01-31,1.644199554134813,0.8533333333333334,150,1.436793574428392,1.6947277648645478,230.88365173339844,253138257.39752197,22.999999999999993
TVSMOTOR,2018-02-01,2018-03-01,666.3833,646.8165,9,19,rebalance_trim,-2.9363,-176.1014,2018-01-31,2.1712814383658374,0.9133333333333333,150,4.356037112246054,1.4501129361178395,665.9500732421875,541993009.3306274,14.0
UNOMINDA,2018-02-01,2018-03-01,196.1333,182.412,37,19,rebalance_trim,-6.9959,-507.6881,2018-01-31,3.3379646046522664,0.9866666666666667,150,8.277383128057929,1.8629103469509656,199.83889770507812,131497665.25195312,2.9999999999999964
VENKEYS,2018-02-01,2018-03-01,2665.5231,4059.2697,3,19,rebalance_trim,52.2879,4181.2399,2018-01-31,2.3243310581377985,0.94,150,7.481789333116617,0.523345927737981,2621.781494140625,180584437.85009766,10.000000000000007
VIPIND,2018-02-01,2018-03-01,332.1789,325.991,14,19,rebalance_trim,-1.8628,-86.6314,2018-01-31,2.8231188079726266,0.9733333333333334,150,4.373194920015278,2.4972868307938367,327.8094787597656,156788632.85272217,4.999999999999993
BAJAJELEC,2018-02-01,2018-03-07,438.396,505.6871,5,22,rebalance_trim,15.3494,336.4554,2018-01-31,1.6059908154160956,0.82,150,2.585402867588763,1.2015055655496352,435.3494567871094,130408459.45730591,28.000000000000007
COFORGE,2018-03-01,2018-03-08,152.4394,161.5768,18,4,rebalance_trim,5.9941,164.4721,2018-02-28,2.5767418981965085,0.9666666666666667,150,3.254996933999213,2.2619370181083767,151.9105682373047,381371021.8860626,5.999999999999999
DBL,2018-02-01,2018-03-09,909.6374,993.1691,3,24,rebalance_trim,9.183,250.5951,2018-01-31,3.349229434778917,0.9933333333333333,150,7.317245471731799,2.241783600497845,897.7291870117188,274711685.59399414,2.000000000000006
HEXAWARE,2018-03-01,2018-03-12,347.8141,364.6204,7,6,rebalance_trim,4.832,117.6441,2018-02-28,1.5522972436774196,0.8466666666666667,150,2.133018767929167,1.164010783287963,346.1,379028254.5,24.0
FCONSUMER,2018-02-01,2018-03-14,62.335,58.7937,55,27,rebalance_trim,-5.6811,-194.7723,2018-01-31,2.3372508284965363,0.9466666666666667,150,4.594614112111633,1.6287643040444781,63.20000076293945,270385959.8594818,9.000000000000002
VENKEYS,2018-02-01,2018-03-14,2807.9542,3826.1929,1,27,rebalance_trim,36.2627,1018.2387,2018-01-31,2.3243310581377985,0.94,150,7.481789333116617,0.523345927737981,2621.781494140625,180584437.85009766,10.000000000000007
TV18BRDCST,2018-03-01,2018-03-15,63.0702,67.8776,40,9,rebalance_trim,7.6224,192.2996,2018-02-28,1.565263655783059,0.8533333333333334,150,1.1811144503752622,1.5729570983175725,62.65,578507740.75,22.999999999999993
VENKEYS,2018-02-01,2018-03-15,2807.9542,4398.5897,1,28,rebalance_trim,56.6475,1590.6355,2018-01-31,2.3243310581377985,0.94,150,7.481789333116617,0.523345927737981,2621.781494140625,180584437.85009766,10.000000000000007
DIVISLAB,2018-03-01,2018-03-20,972.6031,1019.3139,3,12,rebalance_trim,4.8027,140.1324,2018-02-28,1.448537593006506,0.8133333333333334,150,1.1095793566540153,1.4248352222524698,969.9096069335938,533787073.85632324,28.999999999999996
FRETAIL,2018-02-01,2018-03-26,553.482,545.0871,6,35,rebalance_trim,-1.5167,-50.3696,2018-01-31,1.709088796545232,0.8666666666666667,150,4.397041787373832,0.687629524737106,557.8499755859375,227339385.0,20.999999999999996
COFORGE,2018-03-01,2018-04-02,152.4394,149.0024,158,19,rebalance_exit,-2.2547,-543.0485,2018-02-28,2.5767418981965085,0.9666666666666667,150,3.254996933999213,2.2619370181083767,151.9105682373047,381371021.8860626,5.999999999999999
DIVISLAB,2018-03-01,2018-04-02,972.6031,1030.6387,24,19,rebalance_exit,5.967,1392.8547,2018-02-28,1.448537593006506,0.8133333333333334,150,1.1095793566540153,1.4248352222524698,969.9096069335938,533787073.85632324,28.999999999999996
EDELWEISS,2018-02-01,2018-04-02,129.4466,111.4365,216,38,rebalance_exit,-13.9132,-3890.1861,2018-01-31,1.8017306208414086,0.88,150,3.8563930502053023,1.0404628719893811,128.7095184326172,422128886.83496094,19.0
FCONSUMER,2018-02-01,2018-04-02,61.2062,55.8042,495,38,rebalance_exit,-8.826,-2674.0197,2018-01-31,2.3372508284965363,0.9466666666666667,150,4.594614112111633,1.6287643040444781,63.20000076293945,270385959.8594818,9.000000000000002
FRETAIL,2018-02-01,2018-04-02,553.482,548.0766,45,38,rebalance_exit,-0.9766,-243.2438,2018-01-31,1.709088796545232,0.8666666666666667,150,4.397041787373832,0.687629524737106,557.8499755859375,227339385.0,20.999999999999996
GODREJPROP,2018-02-01,2018-04-02,802.3006,722.4646,34,38,rebalance_exit,-9.9509,-2714.4235,2018-01-31,1.6119988168485342,0.84,150,3.249902970418061,0.9616047682596309,799.5999755859375,115103702.25,25.000000000000004
HFCL,2018-02-01,2018-04-02,28.383,25.6499,1009,38,rebalance_exit,-9.6292,-2757.6474,2018-01-31,1.616717599064605,0.8466666666666667,150,2.3962554958356805,1.289895253780475,28.687284469604492,193109746.16171265,24.0
IGL,2018-02-01,2018-04-02,134.2744,124.7993,200,38,rebalance_exit,-7.0565,-1895.0195,2018-01-31,2.0863995025558757,0.8933333333333333,150,3.222459930349033,1.7387267812978426,133.87924194335938,492393124.85202026,17.000000000000004
PRAJIND,2018-03-01,2018-04-02,79.3557,71.8029,376,19,rebalance_exit,-9.5177,-2839.8572,2018-02-28,1.4678214460175922,0.8266666666666667,150,1.0383868238037435,1.4832496831981223,80.08309173583984,143871337.38983154,27.0
RAYMOND,2018-03-01,2018-04-02,934.8536,892.5861,28,19,rebalance_exit,-4.5213,-1183.4916,2018-02-28,1.6402782982069524,0.8733333333333333,150,2.38185621946047,1.1959519803919163,939.5224609375,489753694.8730469,20.000000000000007
VENKEYS,2018-02-01,2018-04-10,3115.0467,4442.0918,1,44,rebalance_trim,42.6011,1327.0451,2018-01-31,2.3243310581377985,0.94,150,7.481789333116617,0.523345927737981,2621.781494140625,180584437.85009766,10.000000000000007
TATASPONGE,2018-03-01,2018-04-13,1045.2557,1155.9433,4,28,rebalance_trim,10.5895,442.7503,2018-02-28,1.691873205431933,0.88,150,2.355908107673152,1.2849644234866946,1049.1,179648530.6,19.0
IBVENTURES,2018-02-01,2018-04-16,248.1663,312.9359,12,48,rebalance_trim,26.0993,777.2358,2018-01-31,5.361283182397639,1.0,150,20.116482303105837,0.6861435190649217,245.4,363755520.0,1.0
BALKRISIND,2018-02-01,2018-04-17,1061.0046,1226.1846,3,49,rebalance_trim,15.5683,495.5401,2018-01-31,2.1443305810320226,0.9066666666666666,150,3.8295485128003097,1.6043195736181235,1057.161865234375,565077522.7001953,15.000000000000007
IBVENTURES,2018-02-01,2018-04-17,248.1663,383.309,16,49,rebalance_trim,54.4566,2162.2847,2018-01-31,5.361283182397639,1.0,150,20.116482303105837,0.6861435190649217,245.4,363755520.0,1.0
VENKEYS,2018-02-01,2018-04-18,3266.996,4326.0855,1,50,rebalance_trim,32.4178,1059.0895,2018-01-31,2.3243310581377985,0.94,150,7.481789333116617,0.523345927737981,2621.781494140625,180584437.85009766,10.000000000000007
VIPIND,2018-02-01,2018-04-18,332.1789,395.0034,8,50,rebalance_trim,18.9128,502.596,2018-01-31,2.8231188079726266,0.9733333333333334,150,4.373194920015278,2.4972868307938367,327.8094787597656,156788632.85272217,4.999999999999993
AVANTIFEED,2018-02-01,2018-04-23,682.2598,748.8264,4,53,rebalance_trim,9.7568,266.2665,2018-01-31,2.707830377353568,0.96,150,7.1812403440790655,1.2561256854960252,669.1112060546875,145059808.02392578,7.000000000000005
RADICO,2018-02-01,2018-04-23,353.4628,427.7559,8,53,rebalance_trim,21.0186,594.3446,2018-01-31,2.277744540173618,0.9333333333333333,150,3.0340135859630974,2.1188014643586306,353.5201110839844,495997430.2593994,10.999999999999998
VENKEYS,2018-02-01,2018-04-23,3404.7227,4321.2517,1,53,rebalance_trim,26.9193,916.5291,2018-01-31,2.3243310581377985,0.94,150,7.481789333116617,0.523345927737981,2621.781494140625,180584437.85009766,10.000000000000007
BBTC,2018-02-01,2018-04-24,1377.4213,1522.8266,2,54,rebalance_trim,10.5563,290.8106,2018-01-31,2.953691240362195,0.98,150,5.347131416482586,2.3424935785966317,1364.679931640625,240248746.9921875,4.000000000000003
PHILIPCARB,2018-02-01,2018-04-24,91.5671,102.7305,26,54,rebalance_trim,12.1914,290.2466,2018-01-31,2.255911191830684,0.9266666666666666,150,5.157634804471037,1.2857958493280262,93.191162109375,286802830.01434326,12.000000000000004
TATAELXSI,2018-04-02,2018-04-24,895.0341,1085.2558,3,16,rebalance_trim,21.253,570.6653,2018-03-28,1.5793925904039927,0.84,150,1.4089388044865219,1.0056397853216097,886.8246459960938,425773486.1660156,25.000000000000004
IBVENTURES,2018-02-01,2018-04-25,248.1663,436.1139,7,55,rebalance_trim,75.7346,1315.6332,2018-01-31,5.361283182397639,1.0,150,20.116482303105837,0.6861435190649217,245.4,363755520.0,1.0
LTI,2018-04-02,2018-04-26,1339.6763,1706.0129,3,18,rebalance_trim,27.3452,1099.0097,2018-03-28,3.70453538906049,1.0,150,3.6885052227568007,2.849182675499163,1340.7,206018227.20000002,1.0
BBTC,2018-02-01,2018-05-02,1377.4213,1590.9404,19,59,rebalance_exit,15.5014,4056.8629,2018-01-31,2.953691240362195,0.98,150,5.347131416482586,2.3424935785966317,1364.679931640625,240248746.9921875,4.000000000000003
GNFC,2018-02-01,2018-05-02,375.5305,381.7147,85,59,rebalance_exit,1.6468,525.6585,2018-01-31,1.734397698276943,0.8733333333333333,150,2.2791977609400402,1.5240828286172001,383.32086181640625,408991932.82421875,20.000000000000007
IBVENTURES,2018-02-01,2018-05-02,248.1663,483.1291,7,59,rebalance_trim,94.6796,1644.74,2018-01-31,5.361283182397639,1.0,150,20.116482303105837,0.6861435190649217,245.4,363755520.0,1.0
OMAXE,2018-04-02,2018-05-02,220.1972,220.41,135,21,rebalance_exit,0.0967,28.7366,2018-03-28,1.6586826334394638,0.86,150,1.9546468390804799,0.8777884765314696,219.04820251464844,117407828.70872498,22.000000000000004
PERSISTENT,2018-04-02,2018-05-02,324.1405,371.202,10,21,rebalance_trim,14.5188,470.6143,2018-03-28,1.9315056954658032,0.9133333333333333,150,1.6610234750124184,1.3647144680225591,319.1813049316406,138046225.9790039,14.0
PHILIPCARB,2018-02-01,2018-05-02,91.7665,100.3834,27,59,rebalance_trim,9.3901,232.6577,2018-01-31,2.255911191830684,0.9266666666666666,150,5.157634804471037,1.2857958493280262,93.191162109375,286802830.01434326,12.000000000000004
RAJESHEXPO,2018-03-01,2018-05-02,800.3677,673.2288,44,40,rebalance_exit,-15.8851,-5594.1138,2018-02-28,1.4500122816680001,0.82,150,3.0631511363928725,0.628241556163651,830.8980712890625,347332261.3400879,28.000000000000007
SOBHA,2018-02-01,2018-05-02,525.5664,508.859,58,59,rebalance_exit,-3.1789,-969.0279,2018-01-31,1.6090441044215653,0.8333333333333334,150,2.874237536162452,1.0979433385846122,529.2103881835938,161099327.9663086,25.999999999999993
TATASPONGE,2018-03-01,2018-05-02,1053.7847,1075.0122,27,40,rebalance_exit,2.0144,573.141,2018-02-28,1.691873205431933,0.88,150,2.355908107673152,1.2849644234866946,1049.1,179648530.6,19.0
TVSMOTOR,2018-02-01,2018-05-02,660.1037,644.832,45,59,rebalance_exit,-2.3135,-687.226,2018-01-31,2.1712814383658374,0.9133333333333333,150,4.356037112246054,1.4501129361178395,665.9500732421875,541993009.3306274,14.0
UBL,2018-03-01,2018-05-02,1030.858,1163.1796,28,40,rebalance_exit,12.8361,3705.0036,2018-02-28,1.581300603331882,0.86,150,1.5224941454134906,1.4577328548705712,1030.49755859375,314523204.3392334,22.000000000000004
UNOMINDA,2018-02-01,2018-05-02,194.9645,178.6056,161,59,rebalance_exit,-8.3907,-2633.7803,2018-01-31,3.3379646046522664,0.9866666666666667,150,8.277383128057929,1.8629103469509656,199.83889770507812,131497665.25195312,2.9999999999999964
VENKEYS,2018-02-01,2018-05-02,3566.1255,3797.1911,8,59,rebalance_exit,6.4795,1848.5248,2018-01-31,2.3243310581377985,0.94,150,7.481789333116617,0.523345927737981,2621.781494140625,180584437.85009766,10.000000000000007
CYIENT,2018-05-02,2018-05-04,626.1048,673.1923,5,2,rebalance_trim,7.5207,235.4377,2018-04-30,1.8217369806539252,0.8733333333333333,150,1.0621297563794156,0.7315222088470342,622.161376953125,115303216.29272461,20.000000000000007
FSL,2018-05-02,2018-05-10,49.858,54.8945,71,6,rebalance_trim,10.1016,357.5885,2018-04-30,1.6076607619795389,0.8133333333333334,150,0.5586355923246057,0.6883460727614087,49.49020767211914,267338379.03701782,28.999999999999996
IBVENTURES,2018-02-01,2018-05-10,248.1663,536.0337,8,65,rebalance_trim,115.9978,2302.9399,2018-01-31,5.361283182397639,1.0,150,20.116482303105837,0.6861435190649217,245.4,363755520.0,1.0
LTI,2018-04-02,2018-05-11,1367.6107,1608.3556,2,28,rebalance_trim,17.6033,481.4899,2018-03-28,3.70453538906049,1.0,150,3.6885052227568007,2.849182675499163,1340.7,206018227.20000002,1.0
IIFL,2018-04-02,2018-05-15,365.1211,376.6631,7,30,rebalance_trim,3.1612,80.7945,2018-03-28,1.5725572381557076,0.8333333333333334,150,2.5227382611700118,0.5211465385223505,357.7335205078125,146186674.95825195,25.999999999999993
MPHASIS,2018-03-01,2018-05-16,714.3987,884.7966,5,50,rebalance_trim,23.8519,851.9895,2018-02-28,1.9014905224599379,0.9066666666666666,150,2.135845812201676,1.6934779605998802,705.9108276367188,109352649.9633789,15.000000000000007
BRITANNIA,2018-02-01,2018-05-22,2067.3091,2446.5259,1,73,rebalance_trim,18.3435,379.2168,2018-01-31,1.6081371749926088,0.8266666666666667,150,2.8041528422752666,1.1228039242888246,2072.297607421875,531886962.671875,27.0
HEXAWARE,2018-03-01,2018-05-22,347.8141,425.2335,6,54,rebalance_trim,22.2588,464.5163,2018-02-28,1.5522972436774196,0.8466666666666667,150,2.133018767929167,1.164010783287963,346.1,379028254.5,24.0
PERSISTENT,2018-04-02,2018-05-22,324.1405,367.8107,7,35,rebalance_trim,13.4726,305.6912,2018-03-28,1.9315056954658032,0.9133333333333333,150,1.6610234750124184,1.3647144680225591,319.1813049316406,138046225.9790039,14.0
PIDILITIND,2018-05-02,2018-05-22,524.1535,528.9904,6,14,rebalance_trim,0.9228,29.021,2018-04-30,1.945268226398515,0.8933333333333333,150,1.2870948289418764,0.785136099325636,522.3457641601562,467770783.9169922,17.000000000000004
8KMILES,2018-04-02,2018-05-23,262.7606,254.2278,20,36,rebalance_trim,-3.2474,-170.6566,2018-03-28,1.8815159887065436,0.9,150,0.49047690770703656,1.798116618382593,268.02,109903601.10000001,15.999999999999996
LUXIND,2018-05-02,2018-05-24,1974.8024,1998.8829,2,16,rebalance_trim,1.2194,48.161,2018-04-30,3.2637049048436366,0.9933333333333333,150,3.4415498903478823,1.4652706252659757,1949.9920654296875,98948080.4453125,2.000000000000006
BRITANNIA,2018-02-01,2018-05-25,2067.3091,2526.0105,1,76,rebalance_trim,22.1883,458.7014,2018-01-31,1.6081371749926088,0.8266666666666667,150,2.8041528422752666,1.1228039242888246,2072.297607421875,531886962.671875,27.0
GODREJCP,2018-05-02,2018-05-25,691.7521,694.2224,4,17,rebalance_trim,0.3571,9.881,2018-04-30,1.7459168731755832,0.8533333333333334,150,0.9522047334143497,0.6862939544911745,691.158447265625,417595805.80566406,22.999999999999993
FRETAIL,2018-05-02,2018-05-28,598.8143,580.2636,6,18,rebalance_trim,-3.0979,-111.3044,2018-04-30,1.621367042161378,0.82,150,1.652539214953249,0.22644859239637194,603.2999877929688,196578863.24334717,28.000000000000007
NCC,2018-04-02,2018-05-30,105.6517,107.5287,24,41,rebalance_trim,1.7765,45.0468,2018-03-28,1.7972365467328957,0.8933333333333333,150,1.3693488965501732,1.3112621605968429,105.47920227050781,513063728.1958389,17.000000000000004
RADICO,2018-02-01,2018-05-30,353.4628,452.1113,8,79,rebalance_trim,27.9091,789.1876,2018-01-31,2.277744540173618,0.9333333333333333,150,3.0340135859630974,2.1188014643586306,353.5201110839844,495997430.2593994,10.999999999999998
IBVENTURES,2018-02-01,2018-05-31,287.6778,446.9943,6,80,rebalance_trim,55.3802,955.8986,2018-01-31,5.361283182397639,1.0,150,20.116482303105837,0.6861435190649217,245.4,363755520.0,1.0
8KMILES,2018-04-02,2018-06-01,262.7606,240.7551,108,43,rebalance_exit,-8.3748,-2376.5991,2018-03-28,1.8815159887065436,0.9,150,0.49047690770703656,1.798116618382593,268.02,109903601.10000001,15.999999999999996
AVANTIFEED,2018-02-01,2018-06-01,668.5053,484.1809,49,81,rebalance_exit,-27.5726,-9031.8973,2018-01-31,2.707830377353568,0.96,150,7.1812403440790655,1.2561256854960252,669.1112060546875,145059808.02392578,7.000000000000005
HEXAWARE,2018-03-01,2018-06-01,347.8141,436.1638,64,62,rebalance_exit,25.4014,5654.3797,2018-02-28,1.5522972436774196,0.8466666666666667,150,2.133018767929167,1.164010783287963,346.1,379028254.5,24.0
IBVENTURES,2018-02-01,2018-06-01,287.6778,459.1723,63,81,rebalance_exit,59.6134,10804.1527,2018-01-31,5.361283182397639,1.0,150,20.116482303105837,0.6861435190649217,245.4,363755520.0,1.0
JAICORPLTD,2018-02-01,2018-06-01,157.977,125.2119,229,81,rebalance_exit,-20.7404,-7503.1894,2018-01-31,2.249660665054276,0.92,150,2.9073732065209343,2.1209781997631776,169.08351135253906,432702797.4949341,12.999999999999995
JINDALSAW,2018-02-01,2018-06-01,59.2861,44.2278,649,81,rebalance_exit,-25.3994,-9772.8288,2018-01-31,1.4919866379541582,0.8066666666666666,150,2.9610047531273813,0.8761404711398171,64.22614288330078,197825123.47909546,30.000000000000004
LTTS,2018-05-02,2018-06-01,1210.0804,1199.9341,24,22,rebalance_exit,-0.8385,-243.5122,2018-04-30,2.548499186469019,0.98,150,1.7677584635277892,1.3173785638033686,1197.4803466796875,109711235.89709473,4.000000000000003
TATAELXSI,2018-04-02,2018-06-01,895.0341,1112.5217,27,43,rebalance_exit,24.2994,5872.1668,2018-03-28,1.5793925904039927,0.84,150,1.4089388044865219,1.0056397853216097,886.8246459960938,425773486.1660156,25.000000000000004
FSL,2018-05-02,2018-06-05,49.858,59.3046,51,24,rebalance_trim,18.947,481.7756,2018-04-30,1.6076607619795389,0.8133333333333334,150,0.5586355923246057,0.6883460727614087,49.49020767211914,267338379.03701782,28.999999999999996
BRITANNIA,2018-02-01,2018-06-06,2113.0608,2563.5477,1,84,rebalance_trim,21.3192,450.487,2018-01-31,1.6081371749926088,0.8266666666666667,150,2.8041528422752666,1.1228039242888246,2072.297607421875,531886962.671875,27.0
PHILIPCARB,2018-02-01,2018-06-07,90.077,88.5137,46,85,rebalance_trim,-1.7355,-71.9126,2018-01-31,2.255911191830684,0.9266666666666666,150,5.157634804471037,1.2857958493280262,93.191162109375,286802830.01434326,12.000000000000004
DBL,2018-02-01,2018-06-08,896.8535,865.8248,3,86,rebalance_trim,-3.4597,-93.0862,2018-01-31,3.349229434778917,0.9933333333333333,150,7.317245471731799,2.241783600497845,897.7291870117188,274711685.59399414,2.000000000000006
GODREJPROP,2018-06-01,2018-06-11,733.5606,792.2198,4,6,rebalance_trim,7.9965,234.6367,2018-05-31,1.5716770028744713,0.84,150,1.8384088771304476,0.3444245602335133,731.0499877929688,102244435.43640137,25.000000000000004
HSCL,2018-02-01,2018-06-11,158.9427,131.261,30,87,rebalance_trim,-17.4162,-830.4521,2018-01-31,2.4670118259153533,0.9533333333333334,150,5.250599399827601,1.5920942768322097,173.53025817871094,242472915.53497314,7.999999999999995
SHANKARA,2018-05-02,2018-06-11,1854.8387,1670.8415,2,28,rebalance_trim,-9.9198,-367.9943,2018-04-30,2.2775081659514194,0.9466666666666667,150,3.084200687801203,0.40760186463860465,1905.1368408203125,98337007.50732422,9.000000000000002
VIPIND,2018-02-01,2018-06-12,332.1789,424.6696,6,88,rebalance_trim,27.8436,554.944,2018-01-31,2.8231188079726266,0.9733333333333334,150,4.373194920015278,2.4972868307938367,327.8094787597656,156788632.85272217,4.999999999999993
BRITANNIA,2018-02-01,2018-06-18,2159.7701,2708.7051,1,92,rebalance_trim,25.4164,548.935,2018-01-31,1.6081371749926088,0.8266666666666667,150,2.8041528422752666,1.1228039242888246,2072.297607421875,531886962.671875,27.0
LUXIND,2018-05-02,2018-06-27,1930.2311,1855.7049,2,40,rebalance_trim,-3.861,-149.0523,2018-04-30,3.2637049048436366,0.9933333333333333,150,3.4415498903478823,1.4652706252659757,1949.9920654296875,98948080.4453125,2.000000000000006
BAJAJELEC,2018-02-01,2018-06-29,444.3118,473.1123,5,101,rebalance_trim,6.482,144.0021,2018-01-31,1.6059908154160956,0.82,150,2.585402867588763,1.2015055655496352,435.3494567871094,130408459.45730591,28.000000000000007
CYIENT,2018-05-02,2018-06-29,623.9396,611.2671,4,42,rebalance_trim,-2.031,-50.69,2018-04-30,1.8217369806539252,0.8733333333333333,150,1.0621297563794156,0.7315222088470342,622.161376953125,115303216.29272461,20.000000000000007
RADICO,2018-02-01,2018-06-29,363.0841,398.5728,8,101,rebalance_trim,9.7742,283.9097,2018-01-31,2.277744540173618,0.9333333333333333,150,3.0340135859630974,2.1188014643586306,353.5201110839844,495997430.2593994,10.999999999999998
BALKRISIND,2018-02-01,2018-07-02,1068.424,970.1328,29,102,rebalance_exit,-9.1996,-2850.445,2018-01-31,2.1443305810320226,0.9066666666666666,150,3.8295485128003097,1.6043195736181235,1057.161865234375,565077522.7001953,15.000000000000007
BRITANNIA,2018-02-01,2018-07-02,2159.7701,2749.907,1,102,rebalance_trim,27.3241,590.1368,2018-01-31,1.6081371749926088,0.8266666666666667,150,2.8041528422752666,1.1228039242888246,2072.297607421875,531886962.671875,27.0
CYIENT,2018-05-02,2018-07-02,623.9396,625.7706,4,43,rebalance_trim,0.2935,7.324,2018-04-30,1.8217369806539252,0.8733333333333333,150,1.0621297563794156,0.7315222088470342,622.161376953125,115303216.29272461,20.000000000000007
DABUR,2018-06-01,2018-07-02,353.9782,358.0052,12,21,rebalance_trim,1.1376,48.3236,2018-05-31,1.746948290026667,0.8533333333333334,150,2.0835909583037124,0.46102831959685475,351.7817077636719,433494278.00445557,22.999999999999993
DIVISLAB,2018-05-02,2018-07-02,1125.8236,983.264,3,43,rebalance_trim,-12.6627,-427.6788,2018-04-30,2.108754992039606,0.9066666666666666,150,1.887928438068452,0.7234306947063782,1132.14404296875,533787073.85632324,15.000000000000007
FRETAIL,2018-05-02,2018-07-02,595.1249,572.9173,8,43,rebalance_trim,-3.7316,-177.6608,2018-04-30,1.621367042161378,0.82,150,1.652539214953249,0.22644859239637194,603.2999877929688,196578863.24334717,28.000000000000007
GODREJCP,2018-05-02,2018-07-02,691.7521,762.4498,5,43,rebalance_trim,10.2201,353.4883,2018-04-30,1.7459168731755832,0.8533333333333334,150,0.9522047334143497,0.6862939544911745,691.158447265625,417595805.80566406,22.999999999999993
HSCL,2018-02-01,2018-07-02,158.9427,124.35,222,102,rebalance_exit,-21.7643,-7679.5993,2018-01-31,2.4670118259153533,0.9533333333333334,150,5.250599399827601,1.5920942768322097,173.53025817871094,242472915.53497314,7.999999999999995
IIFL,2018-04-02,2018-07-02,362.8284,341.4796,83,64,rebalance_exit,-5.884,-1771.9515,2018-03-28,1.5725572381557076,0.8333333333333334,150,2.5227382611700118,0.5211465385223505,357.7335205078125,146186674.95825195,25.999999999999993
LTI,2018-04-02,2018-07-02,1367.6107,1674.1248,2,64,rebalance_trim,22.4124,613.0283,2018-03-28,3.70453538906049,1.0,150,3.6885052227568007,2.849182675499163,1340.7,206018227.20000002,1.0
LUXIND,2018-05-02,2018-07-02,1930.2311,1866.6809,2,43,rebalance_trim,-3.2924,-127.1003,2018-04-30,3.2637049048436366,0.9933333333333333,150,3.4415498903478823,1.4652706252659757,1949.9920654296875,98948080.4453125,2.000000000000006
MPHASIS,2018-03-01,2018-07-02,714.3987,894.1743,3,83,rebalance_trim,25.1646,539.3269,2018-02-28,1.9014905224599379,0.9066666666666666,150,2.135845812201676,1.6934779605998802,705.9108276367188,109352649.9633789,15.000000000000007
NCC,2018-04-02,2018-07-02,103.5928,87.3754,323,64,rebalance_exit,-15.6549,-5238.2031,2018-03-28,1.7972365467328957,0.8933333333333333,150,1.3693488965501732,1.3112621605968429,105.47920227050781,513063728.1958389,17.000000000000004
PERSISTENT,2018-04-02,2018-07-02,328.2746,374.8224,11,64,rebalance_trim,14.1795,512.0258,2018-03-28,1.9315056954658032,0.9133333333333333,150,1.6610234750124184,1.3647144680225591,319.1813049316406,138046225.9790039,14.0
PIDILITIND,2018-05-02,2018-07-02,524.0245,510.4373,56,43,rebalance_exit,-2.5929,-760.8826,2018-04-30,1.945268226398515,0.8933333333333333,150,1.2870948289418764,0.785136099325636,522.3457641601562,467770783.9169922,17.000000000000004
QUESS,2018-05-02,2018-07-02,1045.3322,1011.4693,3,43,rebalance_trim,-3.2394,-101.5885,2018-04-30,1.6521919652282284,0.8333333333333334,150,0.9098152132647674,0.589465375018165,1033.0174560546875,119718675.15020752,25.999999999999993
RAYMOND,2018-06-01,2018-07-02,976.7883,902.6794,30,21,rebalance_exit,-7.587,-2223.2645,2018-05-31,1.4895064595257435,0.8133333333333334,150,1.559782826939217,0.35686053286514835,968.9357299804688,463522286.91101074,28.999999999999996
SHANKARA,2018-05-02,2018-07-02,1814.7082,1538.3385,3,43,rebalance_trim,-15.2294,-829.1093,2018-04-30,2.2775081659514194,0.9466666666666667,150,3.084200687801203,0.40760186463860465,1905.1368408203125,98337007.50732422,9.000000000000002
SRF,2018-05-02,2018-07-02,436.1227,331.1965,90,43,rebalance_exit,-24.0589,-9443.3649,2018-04-30,1.56923333399101,0.8066666666666666,150,0.4759366260015601,0.6772344895667074,464.2101135253906,280139109.4970703,30.000000000000004
TV18BRDCST,2018-03-01,2018-07-02,62.5591,53.1634,533,83,rebalance_exit,-15.0189,-5007.8989,2018-02-28,1.565263655783059,0.8533333333333334,150,1.1811144503752622,1.5729570983175725,62.65,578507740.75,22.999999999999993
THOMASCOOK,2018-06-01,2018-07-03,99.7548,95.5636,30,22,rebalance_trim,-4.2015,-125.7366,2018-05-31,1.7857158662258454,0.8733333333333333,150,1.3867315352944816,0.7947355423986955,99.26414489746094,96235915.65444946,20.000000000000007
TEAMLEASE,2018-07-02,2018-07-04,2968.3392,2946.659,1,2,rebalance_trim,-0.7304,-21.6803,2018-06-29,1.8539133540531505,0.9133333333333333,150,2.389827177252497,0.24145658245602686,2964.800048828125,84667602.25,14.0
DBL,2018-02-01,2018-07-05,855.208,681.4517,4,105,rebalance_trim,-20.3174,-695.0253,2018-01-31,3.349229434778917,0.9933333333333333,150,7.317245471731799,2.241783600497845,897.7291870117188,274711685.59399414,2.000000000000006
STRTECH,2018-03-01,2018-07-09,321.7731,279.1917,15,88,rebalance_trim,-13.2334,-638.7206,2018-02-28,2.3565341613704955,0.9533333333333334,150,4.007095791014565,1.6197756705846842,336.611083984375,376687545.766449,7.999999999999995
PAGEIND,2018-02-01,2018-07-10,19638.7841,26969.5842,1,108,rebalance_exit,37.3282,7330.8,2018-01-31,2.090957102376332,0.9,150,2.6965418732562147,1.943648844641498,19529.921875,306172764.91015625,15.999999999999996
DBL,2018-02-01,2018-07-11,855.208,767.0018,4,109,rebalance_trim,-10.314,-352.8246,2018-01-31,3.349229434778917,0.9933333333333333,150,7.317245471731799,2.241783600497845,897.7291870117188,274711685.59399414,2.000000000000006
BAJAJELEC,2018-02-01,2018-07-13,444.3118,498.621,5,111,rebalance_trim,12.2232,271.546,2018-01-31,1.6059908154160956,0.82,150,2.585402867588763,1.2015055655496352,435.3494567871094,130408459.45730591,28.000000000000007
MPHASIS,2018-03-01,2018-07-16,714.3987,998.2546,3,93,rebalance_trim,39.7335,851.5677,2018-02-28,1.9014905224599379,0.9066666666666666,150,2.135845812201676,1.6934779605998802,705.9108276367188,109352649.9633789,15.000000000000007
BRITANNIA,2018-02-01,2018-07-17,2159.7701,2890.3394,1,113,rebalance_trim,33.8263,730.5693,2018-01-31,1.6081371749926088,0.8266666666666667,150,2.8041528422752666,1.1228039242888246,2072.297607421875,531886962.671875,27.0
GODREJCP,2018-05-02,2018-07-17,691.7521,809.8814,3,54,rebalance_trim,17.0768,354.3877,2018-04-30,1.7459168731755832,0.8533333333333334,150,0.9522047334143497,0.6862939544911745,691.158447265625,417595805.80566406,22.999999999999993
BERGEPAINT,2018-07-02,2018-07-18,225.567,252.6503,14,12,rebalance_trim,12.0068,379.1668,2018-06-29,1.6093275561802751,0.8466666666666667,150,0.9186877965434183,0.5586943313686253,224.77955627441406,160886852.37670898,24.0
CHOLAFIN,2018-04-02,2018-07-18,286.926,309.397,10,76,rebalance_trim,7.8317,224.7106,2018-03-28,1.7732264272196219,0.8866666666666667,150,1.640179886879291,1.1638336490610053,282.89154052734375,246750621.20948792,17.999999999999993
LTI,2018-04-02,2018-07-18,1367.6107,1858.3782,2,76,rebalance_trim,35.885,981.535,2018-03-28,3.70453538906049,1.0,150,3.6885052227568007,2.849182675499163,1340.7,206018227.20000002,1.0
PAGEIND,2018-07-11,2018-07-18,26426.6049,26154.1081,1,5,rebalance_exit,-1.0311,-272.4968,2018-07-10,1.4522225085791007,0.7866666666666666,150,1.22086654826753,-0.011285065070954581,26240.28515625,385229618.046875,33.00000000000001
RADICO,2018-02-01,2018-07-20,357.2908,352.5762,8,116,rebalance_trim,-1.3195,-37.7168,2018-01-31,2.277744540173618,0.9333333333333333,150,3.0340135859630974,2.1188014643586306,353.5201110839844,495997430.2593994,10.999999999999998
STRTECH,2018-03-01,2018-07-23,321.7731,315.3556,12,98,rebalance_trim,-1.9944,-77.0103,2018-02-28,2.3565341613704955,0.9533333333333334,150,4.007095791014565,1.6197756705846842,336.611083984375,376687545.766449,7.999999999999995
VIPIND,2018-02-01,2018-07-23,332.1789,420.0565,8,117,rebalance_trim,26.4549,703.0209,2018-01-31,2.8231188079726266,0.9733333333333334,150,4.373194920015278,2.4972868307938367,327.8094787597656,156788632.85272217,4.999999999999993
BAJAJELEC,2018-02-01,2018-07-25,444.3118,572.7032,7,119,rebalance_trim,28.8967,898.7391,2018-01-31,1.6059908154160956,0.82,150,2.585402867588763,1.2015055655496352,435.3494567871094,130408459.45730591,28.000000000000007
DBL,2018-02-01,2018-07-26,821.2475,715.8684,4,120,rebalance_trim,-12.8316,-421.5162,2018-01-31,3.349229434778917,0.9933333333333333,150,7.317245471731799,2.241783600497845,897.7291870117188,274711685.59399414,2.000000000000006
KEC,2018-02-01,2018-07-26,338.9608,331.0131,8,120,rebalance_trim,-2.3447,-63.5819,2018-01-31,1.6447543139707312,0.86,150,4.113249277673582,0.6902438237342416,330.4397277832031,135493763.57266235,22.000000000000004
VIPIND,2018-02-01,2018-07-26,332.1789,482.4843,6,120,rebalance_trim,45.2483,901.8321,2018-01-31,2.8231188079726266,0.9733333333333334,150,4.373194920015278,2.4972868307938367,327.8094787597656,156788632.85272217,4.999999999999993
PHILIPCARB,2018-02-01,2018-07-30,90.077,91.7055,31,122,rebalance_trim,1.8079,50.4833,2018-01-31,2.255911191830684,0.9266666666666666,150,5.157634804471037,1.2857958493280262,93.191162109375,286802830.01434326,12.000000000000004
RADICO,2018-02-01,2018-07-30,357.2908,425.859,10,122,rebalance_trim,19.1911,685.6817,2018-01-31,2.277744540173618,0.9333333333333333,150,3.0340135859630974,2.1188014643586306,353.5201110839844,495997430.2593994,10.999999999999998
BATAINDIA,2018-07-02,2018-08-01,802.5873,848.788,32,22,rebalance_exit,5.7565,1478.423,2018-06-29,1.5810172405628071,0.8266666666666667,150,1.8081368697588436,0.1342070516275413,798.7283325195312,466407757.56036377,27.0
BRITANNIA,2018-02-01,2018-08-01,2237.4737,2917.1015,9,124,rebalance_exit,30.3748,6116.6503,2018-01-31,1.6081371749926088,0.8266666666666667,150,2.8041528422752666,1.1228039242888246,2072.297607421875,531886962.671875,27.0
CHAMBLFERT,2018-06-01,2018-08-01,141.0433,121.938,211,43,rebalance_exit,-13.5457,-4031.219,2018-05-31,1.8452156855751898,0.8866666666666667,150,1.4132761395037023,0.857559091391998,140.5509490966797,88443698.40284729,17.999999999999993
COALINDIA,2018-07-02,2018-08-01,137.7727,136.2138,190,22,rebalance_exit,-1.1315,-296.1976,2018-06-29,1.9069298344677423,0.9333333333333333,150,1.2047073547305835,0.8272520593776416,137.91786193847656,349275609.81489563,10.999999999999998
DBL,2018-02-01,2018-08-01,821.2475,802.402,36,124,rebalance_exit,-2.2947,-678.4374,2018-01-31,3.349229434778917,0.9933333333333333,150,7.317245471731799,2.241783600497845,897.7291870117188,274711685.59399414,2.000000000000006
KEC,2018-02-01,2018-08-01,338.9608,316.055,79,124,rebalance_exit,-6.7577,-1809.565,2018-01-31,1.6447543139707312,0.86,150,4.113249277673582,0.6902438237342416,330.4397277832031,135493763.57266235,22.000000000000004
QUESS,2018-05-02,2018-08-01,1035.5847,867.986,28,65,rebalance_exit,-16.184,-4692.765,2018-04-30,1.6521919652282284,0.8333333333333334,150,0.9098152132647674,0.589465375018165,1033.0174560546875,119718675.15020752,25.999999999999993
STRTECH,2018-03-01,2018-08-01,321.7731,324.9133,81,105,rebalance_exit,0.9759,254.3517,2018-02-28,2.3565341613704955,0.9533333333333334,150,4.007095791014565,1.6197756705846842,336.611083984375,376687545.766449,7.999999999999995
TATASPONGE,2018-07-02,2018-08-01,957.7783,900.8386,30,22,rebalance_exit,-5.945,-1708.19,2018-06-29,1.6464203925866494,0.86,150,1.1686798553165874,0.49888259694061093,955.0,145235906.4,22.000000000000004
THOMASCOOK,2018-06-01,2018-08-01,99.7548,92.6183,269,43,rebalance_exit,-7.1541,-1919.7275,2018-05-31,1.7857158662258454,0.8733333333333333,150,1.3867315352944816,0.7947355423986955,99.26414489746094,96235915.65444946,20.000000000000007
VENKEYS,2018-07-02,2018-08-01,2265.2517,2147.1074,13,22,rebalance_exit,-5.2155,-1535.8763,2018-06-29,1.5545096462845378,0.8133333333333334,150,1.7801172344734972,0.11139352725309479,2272.84326171875,418816234.2614746,28.999999999999996
VIPIND,2018-02-01,2018-08-06,346.2326,513.9401,5,127,rebalance_trim,48.4378,838.5377,2018-01-31,2.8231188079726266,0.9733333333333334,150,4.373194920015278,2.4972868307938367,327.8094787597656,156788632.85272217,4.999999999999993
IBVENTURES,2018-08-01,2018-08-08,602.1017,658.4891,4,5,rebalance_trim,9.3651,225.5495,2018-07-31,3.4391272570894023,1.0,150,2.5157999654108916,1.4990309410286287,598.0,280761228.0,1.0
INTELLECT,2018-08-01,2018-08-08,204.267,229.3978,15,5,rebalance_trim,12.3029,376.962,2018-07-31,1.91021914090628,0.8866666666666667,150,1.4696414622179748,0.20573068158006633,202.17730712890625,86265081.62445068,17.999999999999993
PAGEIND,2018-07-25,2018-08-10,26287.5397,29519.9797,1,12,rebalance_exit,12.2965,3232.44,2018-07-24,2.6107809476141313,0.9466666666666667,150,2.1035275803105002,0.865413876393254,26026.3671875,418481524.98046875,9.000000000000002
PHILIPCARB,2018-02-01,2018-08-10,90.077,108.344,24,131,rebalance_trim,20.2794,438.4086,2018-01-31,2.255911191830684,0.9266666666666666,150,5.157634804471037,1.2857958493280262,93.191162109375,286802830.01434326,12.000000000000004
VIPIND,2018-02-01,2018-08-10,346.2326,577.5436,5,131,rebalance_trim,66.808,1156.5553,2018-01-31,2.8231188079726266,0.9733333333333334,150,4.373194920015278,2.4972868307938367,327.8094787597656,156788632.85272217,4.999999999999993
IBVENTURES,2018-08-01,2018-08-13,602.1017,736.4156,4,8,rebalance_trim,22.3075,537.2556,2018-07-31,3.4391272570894023,1.0,150,2.5157999654108916,1.4990309410286287,598.0,280761228.0,1.0
PAGEIND,2018-08-13,2018-08-14,28530.3682,30687.005,1,1,rebalance_exit,7.5591,2156.6368,2018-08-10,2.657050540581671,0.9666666666666667,150,2.2289418273104253,1.0978019165312518,28676.43359375,450863876.50390625,5.999999999999999
UBL,2018-07-02,2018-08-14,1122.5665,1260.0737,4,31,rebalance_trim,12.2494,550.0288,2018-06-29,1.5942460575984518,0.84,150,1.499456081074559,0.2860194889254676,1119.9876708984375,427658164.7717285,25.000000000000004
LTI,2018-04-02,2018-08-20,1465.4199,1838.5478,2,98,rebalance_trim,25.4622,746.2558,2018-03-28,3.70453538906049,1.0,150,3.6885052227568007,2.849182675499163,1340.7,206018227.20000002,1.0
TEAMLEASE,2018-07-02,2018-08-21,2905.9069,2689.5612,1,35,rebalance_trim,-7.445,-216.3456,2018-06-29,1.8539133540531505,0.9133333333333333,150,2.389827177252497,0.24145658245602686,2964.800048828125,84667602.25,14.0
VIPIND,2018-02-01,2018-08-23,362.6426,591.4079,5,138,rebalance_trim,63.0828,1143.8262,2018-01-31,2.8231188079726266,0.9733333333333334,150,4.373194920015278,2.4972868307938367,327.8094787597656,156788632.85272217,4.999999999999993
BBTC,2018-08-01,2018-08-24,1527.0431,1937.6668,3,15,rebalance_trim,26.8901,1231.871,2018-07-31,1.628663828094378,0.8333333333333334,150,1.4153280885121147,-0.0947648727761134,1520.7861328125,231924324.25268555,25.999999999999993
DABUR,2018-06-01,2018-08-24,353.9782,449.7924,6,58,rebalance_trim,27.0678,574.8852,2018-05-31,1.746948290026667,0.8533333333333334,150,2.0835909583037124,0.46102831959685475,351.7817077636719,433494278.00445557,22.999999999999993
LTTS,2018-08-01,2018-08-29,1328.7928,1520.9464,2,18,rebalance_trim,14.4608,384.3072,2018-07-31,1.5527759006769117,0.8133333333333334,150,1.4512289857168346,-0.19852814889372117,1321.002197265625,69242043.37011719,28.999999999999996
INTELLECT,2018-08-01,2018-08-30,204.267,267.2714,13,19,rebalance_trim,30.8442,819.0578,2018-07-31,1.91021914090628,0.8866666666666667,150,1.4696414622179748,0.20573068158006633,202.17730712890625,86265081.62445068,17.999999999999993
CHOLAFIN,2018-04-02,2018-09-03,286.3371,291.3185,102,107,rebalance_exit,1.7397,508.0952,2018-03-28,1.7732264272196219,0.8866666666666667,150,1.640179886879291,1.1638336490610053,282.89154052734375,246750621.20948792,17.999999999999993
DABUR,2018-06-01,2018-09-03,353.9782,447.9765,66,64,rebalance_exit,26.5548,6203.8904,2018-05-31,1.746948290026667,0.8533333333333334,150,2.0835909583037124,0.46102831959685475,351.7817077636719,433494278.00445557,22.999999999999993
DIVISLAB,2018-05-02,2018-09-03,1125.8236,1250.513,26,86,rebalance_exit,11.0754,3241.925,2018-04-30,2.108754992039606,0.9066666666666666,150,1.887928438068452,0.7234306947063782,1132.14404296875,533787073.85632324,15.000000000000007
FRETAIL,2018-05-02,2018-09-03,582.1254,555.0521,55,86,rebalance_exit,-4.6508,-1489.032,2018-04-30,1.621367042161378,0.82,150,1.652539214953249,0.22644859239637194,603.2999877929688,196578863.24334717,28.000000000000007
GODREJPROP,2018-06-01,2018-09-03,732.3714,676.8248,40,64,rebalance_exit,-7.5845,-2221.8675,2018-05-31,1.5716770028744713,0.84,150,1.8384088771304476,0.3444245602335133,731.0499877929688,102244435.43640137,25.000000000000004
SHANKARA,2018-05-02,2018-09-03,1788.4791,1567.3416,18,86,rebalance_exit,-12.3646,-3980.4756,2018-04-30,2.2775081659514194,0.9466666666666667,150,3.084200687801203,0.40760186463860465,1905.1368408203125,98337007.50732422,9.000000000000002
TEAMLEASE,2018-07-02,2018-09-03,2885.1286,2593.8471,11,43,rebalance_exit,-10.096,-3204.0964,2018-06-29,1.8539133540531505,0.9133333333333333,150,2.389827177252497,0.24145658245602686,2964.800048828125,84667602.25,14.0
UBL,2018-07-02,2018-09-03,1122.5665,1349.6453,22,43,rebalance_exit,20.2285,4995.7332,2018-06-29,1.5942460575984518,0.84,150,1.499456081074559,0.2860194889254676,1119.9876708984375,427658164.7717285,25.000000000000004
CYIENT,2018-05-02,2018-09-06,612.2195,634.8559,5,89,rebalance_trim,3.6974,113.1822,2018-04-30,1.8217369806539252,0.8733333333333333,150,1.0621297563794156,0.7315222088470342,622.161376953125,115303216.29272461,20.000000000000007
FSL,2018-05-02,2018-09-06,50.1788,59.6772,50,89,rebalance_trim,18.9292,474.9218,2018-04-30,1.6076607619795389,0.8133333333333334,150,0.5586355923246057,0.6883460727614087,49.49020767211914,267338379.03701782,28.999999999999996
IPCALAB,2018-09-03,2018-09-06,371.9302,385.7572,7,3,rebalance_trim,3.7176,96.7886,2018-08-31,1.9662596697818464,0.9066666666666666,150,2.123761072788852,0.3303341128780294,376.18994140625,75942149.66766357,15.000000000000007
LTI,2018-04-02,2018-09-10,1497.3849,1951.4823,2,112,rebalance_trim,30.326,908.1948,2018-03-28,3.70453538906049,1.0,150,3.6885052227568007,2.849182675499163,1340.7,206018227.20000002,1.0
SUVEN,2018-09-03,2018-09-10,11.4151,12.4285,282,5,rebalance_trim,8.878,285.7895,2018-08-31,1.8308499429946516,0.8866666666666667,150,1.4490685265315506,0.4988689180773775,11.359016418457031,99145187.54813957,17.999999999999993
PAGEIND,2018-09-06,2018-09-12,29937.4927,30827.7887,1,4,rebalance_exit,2.9738,890.296,2018-09-05,2.64325087049719,0.98,150,2.0129049088712914,1.2851157711384653,29811.66015625,587955697.5058594,4.000000000000003
BERGEPAINT,2018-07-02,2018-09-26,229.7576,241.3485,10,58,rebalance_trim,5.0449,115.9096,2018-06-29,1.6093275561802751,0.8466666666666667,150,0.9186877965434183,0.5586943313686253,224.77955627441406,160886852.37670898,24.0
COLPAL,2018-07-02,2018-09-26,982.0498,922.8637,3,58,rebalance_trim,-6.0268,-177.5583,2018-06-29,2.027055607187695,0.94,150,1.0251089927046542,1.064062778603904,991.2305908203125,289504345.59033203,10.000000000000007
LTTS,2018-08-01,2018-09-26,1328.7928,1546.0093,2,36,rebalance_trim,16.3469,434.4331,2018-07-31,1.5527759006769117,0.8133333333333334,150,1.4512289857168346,-0.19852814889372117,1321.002197265625,69242043.37011719,28.999999999999996
EXIDEIND,2018-07-02,2018-09-27,242.977,252.8085,10,59,rebalance_trim,4.0463,98.3149,2018-06-29,1.7510501564973113,0.8866666666666667,150,0.9333707931263642,0.7394740187496084,239.32493591308594,351562597.72927856,17.999999999999993
KSCL,2018-09-03,2018-09-28,611.4478,582.3228,5,17,rebalance_trim,-4.7633,-145.6252,2018-08-31,1.5843193959701674,0.82,150,0.4190016345259115,0.7058688533759945,607.3289184570312,242193976.65582275,28.000000000000007
MARICO,2018-08-01,2018-09-28,324.4038,300.1962,8,38,rebalance_trim,-7.4622,-193.661,2018-07-31,1.561251999536986,0.82,150,0.17098244115492348,0.38805841618907344,324.8248291015625,402359507.477478,28.000000000000007
BAJAJELEC,2018-02-01,2018-10-01,463.1397,449.4216,64,163,rebalance_exit,-2.962,-877.9554,2018-01-31,1.6059908154160956,0.82,150,2.585402867588763,1.2015055655496352,435.3494567871094,130408459.45730591,28.000000000000007
BALKRISIND,2018-09-03,2018-10-01,1243.4614,943.2449,27,18,rebalance_exit,-24.1436,-8105.8454,2018-08-31,1.8000782222952896,0.8733333333333333,150,1.695245353446423,0.3360264109216221,1264.3582763671875,480595945.9711914,20.000000000000007
BOMDYEING,2018-08-01,2018-10-01,235.9015,153.4102,162,39,rebalance_exit,-34.9685,-13363.5951,2018-07-31,2.0287824603259823,0.9133333333333333,150,2.5660856986261322,-0.1514188431164262,251.56192016601562,291265440.6216278,14.0
CYIENT,2018-05-02,2018-10-01,612.2195,614.3739,7,104,rebalance_trim,0.3519,15.0812,2018-04-30,1.8217369806539252,0.8733333333333333,150,1.0621297563794156,0.7315222088470342,622.161376953125,115303216.29272461,20.000000000000007
EDELWEISS,2018-07-02,2018-10-01,127.8172,87.2739,305,61,rebalance_exit,-31.7197,-12365.6892,2018-06-29,1.7437026178045416,0.88,150,1.8606672198266885,0.3262002099540542,135.97525024414062,475182371.4239197,19.0
GODREJCP,2018-05-02,2018-10-01,712.0802,722.819,38,104,rebalance_exit,1.5081,408.0774,2018-04-30,1.7459168731755832,0.8533333333333334,150,0.9522047334143497,0.6862939544911745,691.158447265625,417595805.80566406,22.999999999999993
LTI,2018-04-02,2018-10-01,1497.3849,1909.5578,2,125,rebalance_trim,27.5262,824.3459,2018-03-28,3.70453538906049,1.0,150,3.6885052227568007,2.849182675499163,1340.7,206018227.20000002,1.0
M&MFIN,2018-09-03,2018-10-01,269.3332,217.1365,125,18,rebalance_exit,-19.38,-6524.5842,2018-08-31,1.6962241119030574,0.8533333333333334,150,0.8366074722170832,0.6370620307259338,269.37664794921875,510150659.07373047,22.999999999999993
MPHASIS,2018-03-01,2018-10-01,741.4072,976.4172,4,144,rebalance_trim,31.6978,940.0401,2018-02-28,1.9014905224599379,0.9066666666666666,150,2.135845812201676,1.6934779605998802,705.9108276367188,109352649.9633789,15.000000000000007
PERSISTENT,2018-04-02,2018-10-01,334.3845,360.3534,7,125,rebalance_trim,7.7662,181.7824,2018-03-28,1.9315056954658032,0.9133333333333333,150,1.6610234750124184,1.3647144680225591,319.1813049316406,138046225.9790039,14.0
TAKE,2018-07-02,2018-10-01,216.7015,151.6724,162,61,rebalance_exit,-30.0086,-10534.7066,2018-06-29,2.1715483335266317,0.9533333333333334,150,1.3884117571584558,1.0967775747058466,223.84849548339844,110234361.31384277,7.999999999999995
TORNTPHARM,2018-09-03,2018-10-01,829.9378,741.5019,4,18,rebalance_trim,-10.6557,-353.7438,2018-08-31,1.6292886303055123,0.8266666666666667,150,1.0212948512342555,0.45946635961547233,821.1083374023438,324153127.79833984,27.0
VMART,2018-09-03,2018-10-01,790.2813,597.2188,44,18,rebalance_exit,-24.4296,-8494.75,2018-08-31,2.3694001638992295,0.9266666666666666,150,1.5914480146777057,1.107927339474263,794.8035888671875,70407709.16308594,12.000000000000004
LTTS,2018-08-01,2018-10-03,1328.7928,1556.2334,2,40,rebalance_trim,17.1163,454.8813,2018-07-31,1.5527759006769117,0.8133333333333334,150,1.4512289857168346,-0.19852814889372117,1321.002197265625,69242043.37011719,28.999999999999996
COLPAL,2018-07-02,2018-10-04,982.0498,907.441,3,63,rebalance_trim,-7.5973,-223.8264,2018-06-29,2.027055607187695,0.94,150,1.0251089927046542,1.064062778603904,991.2305908203125,289504345.59033203,10.000000000000007
DMART,2018-10-01,2018-10-05,1380.3758,1346.4729,2,3,rebalance_trim,-2.4561,-67.8059,2018-09-28,1.7987934853902434,0.8733333333333333,150,1.7281454359976482,0.5681994014606466,1395.949951171875,606379200.0987549,20.000000000000007
PARAGMILK,2018-06-01,2018-10-05,324.046,243.7572,12,85,rebalance_trim,-24.777,-963.4656,2018-05-31,1.54336247023668,0.82,150,0.6496682284797097,0.7966844801950979,332.9483642578125,124491472.44781494,28.000000000000007
SUVEN,2018-09-03,2018-10-05,11.4151,10.6554,217,21,rebalance_trim,-6.6557,-164.8669,2018-08-31,1.8308499429946516,0.8866666666666667,150,1.4490685265315506,0.4988689180773775,11.359016418457031,99145187.54813957,17.999999999999993
BHARATFIN,2018-08-01,2018-10-08,1213.1787,988.2186,3,43,rebalance_trim,-18.543,-674.8801,2018-07-31,2.48058860129147,0.9333333333333333,150,1.9914829337313482,0.6289296127698722,1214.55,531728301.3,10.999999999999998
LUXIND,2018-05-02,2018-10-08,1893.6272,1484.491,2,108,rebalance_trim,-21.606,-818.2724,2018-04-30,3.2637049048436366,0.9933333333333333,150,3.4415498903478823,1.4652706252659757,1949.9920654296875,98948080.4453125,2.000000000000006
EXIDEIND,2018-07-02,2018-10-09,242.977,231.3244,10,66,rebalance_trim,-4.7958,-116.526,2018-06-29,1.7510501564973113,0.8866666666666667,150,0.9333707931263642,0.7394740187496084,239.32493591308594,351562597.72927856,17.999999999999993
BERGEPAINT,2018-07-02,2018-10-12,229.7576,224.9139,10,69,rebalance_trim,-2.1082,-48.4368,2018-06-29,1.6093275561802751,0.8466666666666667,150,0.9186877965434183,0.5586943313686253,224.77955627441406,160886852.37670898,24.0
GRAPHITE,2018-10-01,2018-10-12,684.5818,733.4373,3,8,rebalance_trim,7.1365,146.5665,2018-09-28,2.6420162482301732,0.9666666666666667,150,3.566941193396463,0.6631692253078367,678.4110717773438,583191496.8344727,5.999999999999999
IBVENTURES,2018-08-01,2018-10-12,545.1484,412.1038,10,47,rebalance_trim,-24.4052,-1330.4461,2018-07-31,3.4391272570894023,1.0,150,2.5157999654108916,1.4990309410286287,598.0,280761228.0,1.0
PFIZER,2018-10-01,2018-10-12,2566.3859,2425.0117,1,8,rebalance_trim,-5.5087,-141.3742,2018-09-28,3.812653314075587,0.9933333333333333,150,3.611073551000672,2.2976493380380196,2590.9853515625,93211669.05175781,2.000000000000006
PHILIPCARB,2018-02-01,2018-10-12,91.3288,82.593,48,171,rebalance_trim,-9.5653,-419.3226,2018-01-31,2.255911191830684,0.9266666666666666,150,5.157634804471037,1.2857958493280262,93.191162109375,286802830.01434326,12.000000000000004
AUBANK,2018-10-01,2018-10-15,279.2694,316.9139,10,9,rebalance_trim,13.4796,376.4447,2018-09-28,1.4809361074957015,0.8266666666666667,150,1.0588923503230085,0.5180897901813476,285.4009704589844,262742134.66809082,27.0
VIPIND,2018-02-01,2018-10-16,386.8779,448.8023,7,173,rebalance_trim,16.0062,433.4712,2018-01-31,2.8231188079726266,0.9733333333333334,150,4.373194920015278,2.4972868307938367,327.8094787597656,156788632.85272217,4.999999999999993
RADICO,2018-02-01,2018-10-17,364.4956,365.3011,7,174,rebalance_trim,0.221,5.6389,2018-01-31,2.277744540173618,0.9333333333333333,150,3.0340135859630974,2.1188014643586306,353.5201110839844,495997430.2593994,10.999999999999998
STRTECH,2018-10-01,2018-10-17,274.5265,321.4935,10,11,rebalance_trim,17.1084,469.6705,2018-09-28,1.490862127827452,0.8333333333333334,150,1.3693183426529698,0.3462334253938175,276.72833251953125,282161701.59246826,25.999999999999993
GRAPHITE,2018-10-01,2018-10-22,684.5818,847.353,3,13,rebalance_trim,23.7767,488.3136,2018-09-28,2.6420162482301732,0.9666666666666667,150,3.566941193396463,0.6631692253078367,678.4110717773438,583191496.8344727,5.999999999999999
OFSS,2018-10-01,2018-10-23,2755.3159,2626.9142,1,14,rebalance_trim,-4.6601,-128.4016,2018-09-28,1.4555934085919642,0.82,150,0.9216431386472539,0.5643430334570047,2753.142333984375,96170922.73730469,28.000000000000007
CUB,2018-10-01,2018-10-24,126.4226,123.9446,23,15,rebalance_trim,-1.9601,-56.9935,2018-09-28,1.9801982460385728,0.8866666666666667,150,1.3465519543971312,1.0541463173554821,127.86852264404297,91912912.38899231,17.999999999999993
NAUKRI,2018-10-01,2018-10-25,279.9063,301.348,9,16,rebalance_trim,7.6603,192.9754,2018-09-28,1.7356234295437167,0.8533333333333334,150,1.2148841175544676,0.7860071327007918,277.2635803222656,152950884.7970581,22.999999999999993
INTELLECT,2018-08-01,2018-10-26,206.1291,210.1915,13,56,rebalance_trim,1.9708,52.8111,2018-07-31,1.91021914090628,0.8866666666666667,150,1.4696414622179748,0.20573068158006633,202.17730712890625,86265081.62445068,17.999999999999993
INTELLECT,2018-08-01,2018-10-30,206.1291,251.7888,16,58,rebalance_trim,22.151,730.5557,2018-07-31,1.91021914090628,0.8866666666666667,150,1.4696414622179748,0.20573068158006633,202.17730712890625,86265081.62445068,17.999999999999993
LTTS,2018-08-01,2018-10-30,1335.6391,1499.2318,2,58,rebalance_trim,12.2483,327.1855,2018-07-31,1.5527759006769117,0.8133333333333334,150,1.4512289857168346,-0.19852814889372117,1321.002197265625,69242043.37011719,28.999999999999996
STRTECH,2018-10-01,2018-10-30,274.5265,347.5326,9,19,rebalance_trim,26.5935,657.0555,2018-09-28,1.490862127827452,0.8333333333333334,150,1.3693183426529698,0.3462334253938175,276.72833251953125,282161701.59246826,25.999999999999993
RADICO,2018-02-01,2018-10-31,364.4956,381.7103,6,183,rebalance_trim,4.7229,103.2887,2018-01-31,2.277744540173618,0.9333333333333333,150,3.0340135859630974,2.1188014643586306,353.5201110839844,495997430.2593994,10.999999999999998
AUBANK,2018-10-01,2018-11-01,277.8125,277.3461,89,21,rebalance_exit,-0.1679,-41.5125,2018-09-28,1.4809361074957015,0.8266666666666667,150,1.0588923503230085,0.5180897901813476,285.4009704589844,262742134.66809082,27.0
BBTC,2018-08-01,2018-11-01,1555.2999,1273.3798,19,60,rebalance_exit,-18.1264,-5356.483,2018-07-31,1.628663828094378,0.8333333333333334,150,1.4153280885121147,-0.0947648727761134,1520.7861328125,231924324.25268555,25.999999999999993
BHARATFIN,2018-08-01,2018-11-01,1176.7788,878.4166,26,60,rebalance_exit,-25.3541,-7757.419,2018-07-31,2.48058860129147,0.9333333333333333,150,1.9914829337313482,0.6289296127698722,1214.55,531728301.3,10.999999999999998
DMART,2018-10-01,2018-11-01,1365.8345,1346.2732,19,21,rebalance_exit,-1.4322,-371.6648,2018-09-28,1.7987934853902434,0.8733333333333333,150,1.7281454359976482,0.5681994014606466,1395.949951171875,606379200.0987549,20.000000000000007
PARAGMILK,2018-06-01,2018-11-01,324.046,253.689,98,103,rebalance_exit,-21.712,-6894.9829,2018-05-31,1.54336247023668,0.82,150,0.6496682284797097,0.7966844801950979,332.9483642578125,124491472.44781494,28.000000000000007
SONATSOFTW,2018-10-01,2018-11-01,106.0202,94.0037,276,21,rebalance_exit,-11.3342,-3316.56,2018-09-28,2.1069587394626144,0.9066666666666666,150,3.0019948094709337,0.242415517963944,112.45476531982422,87931721.48406982,15.000000000000007
SUVEN,2018-09-03,2018-11-01,11.1276,9.87,2574,39,rebalance_exit,-11.3023,-3237.254,2018-08-31,1.8308499429946516,0.8866666666666667,150,1.4490685265315506,0.4988689180773775,11.359016418457031,99145187.54813957,17.999999999999993
VIPIND,2018-02-01,2018-11-02,387.172,445.8019,5,185,rebalance_trim,15.1431,293.1493,2018-01-31,2.8231188079726266,0.9733333333333334,150,4.373194920015278,2.4972868307938367,327.8094787597656,156788632.85272217,4.999999999999993
MARICO,2018-08-01,2018-11-05,324.4038,299.0385,8,62,rebalance_trim,-7.8191,-202.9229,2018-07-31,1.561251999536986,0.82,150,0.17098244115492348,0.38805841618907344,324.8248291015625,402359507.477478,28.000000000000007
IPCALAB,2018-09-03,2018-11-14,371.9302,351.2383,7,47,rebalance_trim,-5.5634,-144.8439,2018-08-31,1.9662596697818464,0.9066666666666666,150,2.123761072788852,0.3303341128780294,376.18994140625,75942149.66766357,15.000000000000007
PFIZER,2018-10-01,2018-11-14,2557.4475,2476.7302,1,29,rebalance_trim,-3.1562,-80.7173,2018-09-28,3.812653314075587,0.9933333333333333,150,3.611073551000672,2.2976493380380196,2590.9853515625,93211669.05175781,2.000000000000006
PIDILITIND,2018-08-01,2018-11-14,546.2663,521.0165,5,68,rebalance_trim,-4.6223,-126.2492,2018-07-31,2.515779557076027,0.94,150,1.5975607693059035,0.8470244670970977,540.259033203125,531772841.03027344,10.000000000000007
RADICO,2018-02-01,2018-11-14,364.4956,434.6497,6,192,rebalance_trim,19.2469,420.925,2018-01-31,2.277744540173618,0.9333333333333333,150,3.0340135859630974,2.1188014643586306,353.5201110839844,495997430.2593994,10.999999999999998
OFSS,2018-10-01,2018-11-19,2705.1195,2479.8776,1,32,rebalance_trim,-8.3265,-225.2419,2018-09-28,1.4555934085919642,0.82,150,0.9216431386472539,0.5643430334570047,2753.142333984375,96170922.73730469,28.000000000000007
PFIZER,2018-10-01,2018-11-20,2545.9099,2458.392,1,33,rebalance_trim,-3.4376,-87.5179,2018-09-28,3.812653314075587,0.9933333333333333,150,3.611073551000672,2.2976493380380196,2590.9853515625,93211669.05175781,2.000000000000006
BERGEPAINT,2018-07-02,2018-11-21,229.7576,259.7472,11,95,rebalance_trim,13.0527,329.8862,2018-06-29,1.6093275561802751,0.8466666666666667,150,0.9186877965434183,0.5586943313686253,224.77955627441406,160886852.37670898,24.0
PIDILITIND,2018-08-01,2018-11-22,546.2663,553.5409,4,74,rebalance_trim,1.3317,29.0983,2018-07-31,2.515779557076027,0.94,150,1.5975607693059035,0.8470244670970977,540.259033203125,531772841.03027344,10.000000000000007
IPCALAB,2018-09-03,2018-11-26,371.9302,386.243,8,54,rebalance_trim,3.8482,114.5019,2018-08-31,1.9662596697818464,0.9066666666666666,150,2.123761072788852,0.3303341128780294,376.18994140625,75942149.66766357,15.000000000000007
MARICO,2018-08-01,2018-11-27,324.4038,324.9918,7,76,rebalance_trim,0.1813,4.1162,2018-07-31,1.561251999536986,0.82,150,0.17098244115492348,0.38805841618907344,324.8248291015625,402359507.477478,28.000000000000007
COLPAL,2018-07-02,2018-11-28,982.0498,1041.0903,3,99,rebalance_trim,6.012,177.1215,2018-06-29,2.027055607187695,0.94,150,1.0251089927046542,1.064062778603904,991.2305908203125,289504345.59033203,10.000000000000007
VIPIND,2018-02-01,2018-11-28,387.172,504.7454,7,201,rebalance_trim,30.3672,823.0134,2018-01-31,2.8231188079726266,0.9733333333333334,150,4.373194920015278,2.4972868307938367,327.8094787597656,156788632.85272217,4.999999999999993
INDHOTEL,2018-11-01,2018-11-30,121.222,133.3964,18,19,rebalance_trim,10.0431,219.1392,2018-10-31,1.6149086635660852,0.8133333333333334,150,0.6354652827690689,-0.11559200606957568,121.50634002685547,110214398.01235199,28.999999999999996
ABB,2018-11-01,2018-12-03,1134.9389,1231.8614,21,20,rebalance_exit,8.5399,2035.3729,2018-10-31,1.6363222529402761,0.82,150,0.07933986857522381,0.20882395191536618,1121.46484375,81701158.49304199,28.000000000000007
COLPAL,2018-07-02,2018-12-03,982.0498,1032.8611,23,102,rebalance_exit,5.174,1168.6605,2018-06-29,2.027055607187695,0.94,150,1.0251089927046542,1.064062778603904,991.2305908203125,289504345.59033203,10.000000000000007
DCMSHRIRAM,2018-11-01,2018-12-03,363.8411,324.615,74,20,rebalance_exit,-10.7811,-2902.733,2018-10-31,1.8119649939611633,0.8666666666666667,150,-0.23847985847697722,0.5618020912651198,367.4839172363281,85667083.02282715,20.999999999999996
KSCL,2018-09-03,2018-12-03,598.1813,495.4736,51,59,rebalance_exit,-17.17,-5238.0914,2018-08-31,1.5843193959701674,0.82,150,0.4190016345259115,0.7058688533759945,607.3289184570312,242193976.65582275,28.000000000000007
LUXIND,2018-05-02,2018-12-03,1840.5181,1453.3829,17,145,rebalance_exit,-21.034,-6581.2988,2018-04-30,3.2637049048436366,0.9933333333333333,150,3.4415498903478823,1.4652706252659757,1949.9920654296875,98948080.4453125,2.000000000000006
MERCK,2018-11-01,2018-12-03,2339.3512,2124.3777,10,20,rebalance_exit,-9.1895,-2149.7354,2018-10-31,3.3661483426952117,0.9866666666666667,150,2.4522298396841355,0.6922986964655873,2300.490478515625,71395247.14428711,2.9999999999999964
PERSISTENT,2018-04-02,2018-12-03,320.7543,279.6821,95,166,rebalance_exit,-12.8049,-3901.8524,2018-03-28,1.9315056954658032,0.9133333333333333,150,1.6610234750124184,1.3647144680225591,319.1813049316406,138046225.9790039,14.0
PFIZER,2018-10-01,2018-12-03,2536.0459,2345.5586,10,41,rebalance_exit,-7.5112,-1904.873,2018-09-28,3.812653314075587,0.9933333333333333,150,3.611073551000672,2.2976493380380196,2590.9853515625,93211669.05175781,2.000000000000006
PIDILITIND,2018-08-01,2018-12-03,546.2663,557.8839,43,80,rebalance_exit,2.1267,499.5553,2018-07-31,2.515779557076027,0.94,150,1.5975607693059035,0.8470244670970977,540.259033203125,531772841.03027344,10.000000000000007
OFSS,2018-10-01,2018-12-05,2658.9198,2493.8176,1,43,rebalance_trim,-6.2094,-165.1022,2018-09-28,1.4555934085919642,0.82,150,0.9216431386472539,0.5643430334570047,2753.142333984375,96170922.73730469,28.000000000000007
ICICIGI,2018-11-01,2018-12-07,773.0538,851.7349,3,24,rebalance_trim,10.178,236.0431,2018-10-31,1.9711030567946515,0.8933333333333333,150,0.6238980317180949,0.25598931419156856,768.1310424804688,178391806.97998047,17.000000000000004
NAUKRI,2018-10-01,2018-12-12,279.4717,302.4337,9,48,rebalance_trim,8.2162,206.6585,2018-09-28,1.7356234295437167,0.8533333333333334,150,1.2148841175544676,0.7860071327007918,277.2635803222656,152950884.7970581,22.999999999999993
PVR,2018-12-03,2018-12-12,1419.6155,1477.9234,2,7,rebalance_trim,4.1073,116.6158,2018-11-30,1.4825855234582968,0.8133333333333334,150,-0.030362939765077684,0.0013665244256254368,1403.3818359375,407099013.55407715,28.999999999999996
ABFRL,2018-10-01,2018-12-13,178.3746,197.3852,12,49,rebalance_trim,10.6577,228.127,2018-09-28,1.883031493980912,0.88,150,0.7558176810353691,1.2701240003068035,180.8772735595703,120481672.47628784,19.0
IBVENTURES,2018-08-01,2018-12-13,501.4576,402.5872,9,88,rebalance_trim,-19.7166,-889.8338,2018-07-31,3.4391272570894023,1.0,150,2.5157999654108916,1.4990309410286287,598.0,280761228.0,1.0
LTI,2018-04-02,2018-12-14,1523.2025,1752.8485,2,175,rebalance_trim,15.0765,459.292,2018-03-28,3.70453538906049,1.0,150,3.6885052227568007,2.849182675499163,1340.7,206018227.20000002,1.0
LTTS,2018-08-01,2018-12-26,1357.8624,1527.2741,2,96,rebalance_trim,12.4764,338.8235,2018-07-31,1.5527759006769117,0.8133333333333334,150,1.4512289857168346,-0.19852814889372117,1321.002197265625,69242043.37011719,28.999999999999996
GLENMARK,2018-11-01,2018-12-28,606.2882,667.4536,4,38,rebalance_trim,10.0885,244.6618,2018-10-31,1.8868980284084103,0.8733333333333333,150,0.19396982659700204,0.4034556501862216,604.0264282226562,484598499.47351074,20.000000000000007
ABFRL,2018-10-01,2019-01-01,178.3746,198.8586,13,61,rebalance_trim,11.4837,266.2917,2018-09-28,1.883031493980912,0.88,150,0.7558176810353691,1.2701240003068035,180.8772735595703,120481672.47628784,19.0
BERGEPAINT,2018-07-02,2019-01-01,232.9322,264.7979,11,122,rebalance_trim,13.6803,350.5229,2018-06-29,1.6093275561802751,0.8466666666666667,150,0.9186877965434183,0.5586943313686253,224.77955627441406,160886852.37670898,24.0
COALINDIA,2018-12-03,2019-01-01,128.5753,129.2548,211,20,rebalance_exit,0.5284,143.3629,2018-11-30,1.5677238369116135,0.8266666666666667,150,0.29740553770942624,-0.12474432933026566,127.77033233642578,514646988.8027344,27.0
CUB,2018-10-01,2019-01-01,125.745,139.7871,26,61,rebalance_trim,11.1671,365.0939,2018-09-28,1.9801982460385728,0.8866666666666667,150,1.3465519543971312,1.0541463173554821,127.86852264404297,91912912.38899231,17.999999999999993
CYIENT,2018-05-02,2019-01-01,585.1202,516.0196,54,165,rebalance_exit,-11.8097,-3731.4359,2018-04-30,1.8217369806539252,0.8733333333333333,150,1.0621297563794156,0.7315222088470342,622.161376953125,115303216.29272461,20.000000000000007
FSL,2018-05-02,2019-01-01,47.6724,37.2884,689,165,rebalance_exit,-21.782,-7154.5708,2018-04-30,1.6076607619795389,0.8133333333333334,150,0.5586355923246057,0.6883460727614087,49.49020767211914,267338379.03701782,28.999999999999996
GRANULES,2018-12-03,2019-01-01,86.4893,86.8027,314,20,rebalance_exit,0.3624,98.4182,2018-11-30,1.6837542656203293,0.8533333333333334,150,-0.49089485801672555,0.4991653159976205,85.84842681884766,372297576.55194855,22.999999999999993
GRAPHITE,2018-10-01,2019-01-01,686.566,617.6068,4,61,rebalance_trim,-10.0441,-275.8368,2018-09-28,2.6420162482301732,0.9666666666666667,150,3.566941193396463,0.6631692253078367,678.4110717773438,583191496.8344727,5.999999999999999
GUJFLUORO,2018-12-03,2019-01-01,903.1526,899.6114,30,20,rebalance_exit,-0.3921,-106.2357,2018-11-30,1.957894145939747,0.8866666666666667,150,0.1371447214235945,0.3684647158879248,892.1,99644580.0,17.999999999999993
INDHOTEL,2018-11-01,2019-01-01,122.3945,139.3188,23,40,rebalance_trim,13.8277,389.2594,2018-10-31,1.6149086635660852,0.8133333333333334,150,0.6354652827690689,-0.11559200606957568,121.50634002685547,110214398.01235199,28.999999999999996
MARICO,2018-08-01,2019-01-01,324.13,336.2788,10,100,rebalance_trim,3.7481,121.4876,2018-07-31,1.561251999536986,0.82,150,0.17098244115492348,0.38805841618907344,324.8248291015625,402359507.477478,28.000000000000007
MPHASIS,2018-03-01,2019-01-01,760.4642,848.226,5,205,rebalance_trim,11.5406,438.8089,2018-02-28,1.9014905224599379,0.9066666666666666,150,2.135845812201676,1.6934779605998802,705.9108276367188,109352649.9633789,15.000000000000007
OFSS,2018-10-01,2019-01-01,2658.9198,2591.9592,10,61,rebalance_exit,-2.5183,-669.6062,2018-09-28,1.4555934085919642,0.82,150,0.9216431386472539,0.5643430334570047,2753.142333984375,96170922.73730469,28.000000000000007
PRAJIND,2018-11-01,2019-01-01,99.7948,98.1955,26,40,rebalance_trim,-1.6026,-41.582,2018-10-31,1.5921560396953502,0.8066666666666666,150,0.5187454324584814,-0.07544614681765863,99.48590087890625,104504570.72277069,30.000000000000004
TATACHEM,2018-10-01,2019-01-01,261.0326,263.4396,9,61,rebalance_trim,0.9221,21.6624,2018-09-28,1.780270687316903,0.8666666666666667,150,1.3889245682661875,0.7451061568679341,258.5391845703125,300689370.7008972,20.999999999999996
BALRAMCHIN,2018-12-03,2019-01-03,93.4219,95.4142,31,22,rebalance_trim,2.1327,61.7638,2018-11-30,1.9755244957666962,0.9,150,-0.5450928241135997,0.8256890791497871,92.54676818847656,476917066.2026367,15.999999999999996
IBVENTURES,2018-08-01,2019-01-03,501.4576,400.5941,6,102,rebalance_trim,-20.1141,-605.1806,2018-07-31,3.4391272570894023,1.0,150,2.5157999654108916,1.4990309410286287,598.0,280761228.0,1.0
IPCALAB,2018-09-03,2019-01-03,373.9057,391.1015,6,81,rebalance_trim,4.599,103.1747,2018-08-31,1.9662596697818464,0.9066666666666666,150,2.123761072788852,0.3303341128780294,376.18994140625,75942149.66766357,15.000000000000007
LTTS,2018-08-01,2019-01-03,1357.8624,1556.0829,2,102,rebalance_trim,14.598,396.441,2018-07-31,1.5527759006769117,0.8133333333333334,150,1.4512289857168346,-0.19852814889372117,1321.002197265625,69242043.37011719,28.999999999999996
PRAJIND,2018-11-01,2019-01-04,99.7948,110.7617,31,43,rebalance_trim,10.9894,339.9719,2018-10-31,1.5921560396953502,0.8066666666666666,150,0.5187454324584814,-0.07544614681765863,99.48590087890625,104504570.72277069,30.000000000000004
TORNTPHARM,2018-09-03,2019-01-04,829.9378,812.4593,3,82,rebalance_trim,-2.106,-52.4355,2018-08-31,1.6292886303055123,0.8266666666666667,150,1.0212948512342555,0.45946635961547233,821.1083374023438,324153127.79833984,27.0
NAUKRI,2018-10-01,2019-01-08,279.4717,317.4289,9,66,rebalance_trim,13.5818,341.6154,2018-09-28,1.7356234295437167,0.8533333333333334,150,1.2148841175544676,0.7860071327007918,277.2635803222656,152950884.7970581,22.999999999999993
PRAJIND,2018-11-01,2019-01-10,99.7948,129.7007,30,47,rebalance_trim,29.9673,897.1756,2018-10-31,1.5921560396953502,0.8066666666666666,150,0.5187454324584814,-0.07544614681765863,99.48590087890625,104504570.72277069,30.000000000000004
PVR,2018-12-03,2019-01-10,1419.6155,1573.5248,2,27,rebalance_trim,10.8416,307.8187,2018-11-30,1.4825855234582968,0.8133333333333334,150,-0.030362939765077684,0.0013665244256254368,1403.3818359375,407099013.55407715,28.999999999999996
RADICO,2018-02-01,2019-01-10,369.7077,401.9289,6,231,rebalance_trim,8.7153,193.3272,2018-01-31,2.277744540173618,0.9333333333333333,150,3.0340135859630974,2.1188014643586306,353.5201110839844,495997430.2593994,10.999999999999998
LTI,2018-04-02,2019-01-21,1523.2025,1798.6877,2,200,rebalance_trim,18.0859,550.9703,2018-03-28,3.70453538906049,1.0,150,3.6885052227568007,2.849182675499163,1340.7,206018227.20000002,1.0
AARTIIND,2019-01-01,2019-01-29,344.2843,368.0544,6,20,rebalance_trim,6.9042,142.6206,2018-12-31,2.826787308231451,0.9933333333333333,150,1.3907264587857682,0.6188071180429446,341.59185791015625,59403974.06814575,2.000000000000006
MPHASIS,2018-03-01,2019-01-30,761.7847,815.7619,3,226,rebalance_trim,7.0856,161.9317,2018-02-28,1.9014905224599379,0.9066666666666666,150,2.135845812201676,1.6934779605998802,705.9108276367188,109352649.9633789,15.000000000000007
NAUKRI,2018-10-01,2019-01-30,279.4717,331.1689,7,82,rebalance_trim,18.4982,361.8809,2018-09-28,1.7356234295437167,0.8533333333333334,150,1.2148841175544676,0.7860071327007918,277.2635803222656,152950884.7970581,22.999999999999993
PRAJIND,2018-11-01,2019-01-30,101.0531,116.9745,19,61,rebalance_trim,15.7554,302.5053,2018-10-31,1.5921560396953502,0.8066666666666666,150,0.5187454324584814,-0.07544614681765863,99.48590087890625,104504570.72277069,30.000000000000004
TORNTPHARM,2018-09-03,2019-01-30,829.9378,846.3344,3,100,rebalance_trim,1.9756,49.1897,2018-08-31,1.6292886303055123,0.8266666666666667,150,1.0212948512342555,0.45946635961547233,821.1083374023438,324153127.79833984,27.0
ABB,2019-01-01,2019-02-01,1171.8262,1127.0219,22,23,rebalance_exit,-3.8235,-985.6947,2018-12-31,1.9240729430901835,0.88,150,0.023096142763100777,0.643481931123818,1171.9642333984375,85204478.31542969,19.0
APOLLOHOSP,2019-01-01,2019-02-01,1229.8528,1290.9591,19,23,rebalance_exit,4.9686,1161.0183,2018-12-31,1.9882072410429585,0.9,150,0.18559400348497562,0.596451278952459,1232.8350830078125,588787086.6485596,15.999999999999996
GRAPHITE,2018-10-01,2019-02-01,627.4611,503.8998,55,84,rebalance_exit,-19.6923,-6795.8717,2018-09-28,2.6420162482301732,0.9666666666666667,150,3.566941193396463,0.6631692253078367,678.4110717773438,583191496.8344727,5.999999999999999
PHILIPCARB,2018-02-01,2019-02-01,86.8564,70.3759,378,247,rebalance_exit,-18.9744,-6229.6125,2018-01-31,2.255911191830684,0.9266666666666666,150,5.157634804471037,1.2857958493280262,93.191162109375,286802830.01434326,12.000000000000004
RADICO,2018-02-01,2019-02-01,369.7077,402.4173,62,247,rebalance_exit,8.8474,2027.9928,2018-01-31,2.277744540173618,0.9333333333333333,150,3.0340135859630974,2.1188014643586306,353.5201110839844,495997430.2593994,10.999999999999998
STRTECH,2018-10-01,2019-02-01,283.5639,232.7068,95,84,rebalance_exit,-17.935,-4831.4278,2018-09-28,1.490862127827452,0.8333333333333334,150,1.3693183426529698,0.3462334253938175,276.72833251953125,282161701.59246826,25.999999999999993
WELCORP,2019-01-01,2019-02-01,117.5276,90.0367,248,23,rebalance_exit,-23.391,-6817.7403,2018-12-31,1.9765258342243845,0.8933333333333333,150,0.3105085449972152,0.49793656018346577,119.85618591308594,60882479.844573975,17.000000000000004
PRAJIND,2018-11-01,2019-02-06,101.9536,124.0774,26,66,rebalance_trim,21.7,575.2207,2018-10-31,1.5921560396953502,0.8066666666666666,150,0.5187454324584814,-0.07544614681765863,99.48590087890625,104504570.72277069,30.000000000000004
INTELLECT,2018-08-01,2019-02-07,202.649,178.3443,14,127,rebalance_trim,-11.9935,-340.2655,2018-07-31,1.91021914090628,0.8866666666666667,150,1.4696414622179748,0.20573068158006633,202.17730712890625,86265081.62445068,17.999999999999993
BALRAMCHIN,2018-12-03,2019-02-14,93.4219,104.7949,32,52,rebalance_trim,12.1738,363.9361,2018-11-30,1.9755244957666962,0.9,150,-0.5450928241135997,0.8256890791497871,92.54676818847656,476917066.2026367,15.999999999999996
ICICIGI,2018-11-01,2019-02-14,773.0538,850.6419,3,72,rebalance_trim,10.0366,232.7643,2018-10-31,1.9711030567946515,0.8933333333333333,150,0.6238980317180949,0.25598931419156856,768.1310424804688,178391806.97998047,17.000000000000004
IBVENTURES,2018-08-01,2019-02-15,446.6847,299.9474,7,133,rebalance_trim,-32.8503,-1027.161,2018-07-31,3.4391272570894023,1.0,150,2.5157999654108916,1.4990309410286287,598.0,280761228.0,1.0
ABFRL,2018-10-01,2019-02-18,178.3746,216.0972,15,95,rebalance_trim,21.148,565.8396,2018-09-28,1.883031493980912,0.88,150,0.7558176810353691,1.2701240003068035,180.8772735595703,120481672.47628784,19.0
BALRAMCHIN,2018-12-03,2019-02-20,93.4219,116.6461,26,56,rebalance_trim,24.8596,603.8307,2018-11-30,1.9755244957666962,0.9,150,-0.5450928241135997,0.8256890791497871,92.54676818847656,476917066.2026367,15.999999999999996
LINDEINDIA,2019-02-01,2019-02-20,452.0823,423.4838,5,13,rebalance_trim,-6.326,-142.9926,2019-01-31,2.83326022409574,0.9866666666666667,150,0.45535955098586367,1.0370616156323373,462.3331298828125,91424968.36682129,2.9999999999999964
PTC,2019-02-01,2019-02-21,46.9618,48.9164,44,14,rebalance_trim,4.1621,86.0013,2019-01-31,1.7219606295536094,0.84,150,-0.4440726433651804,0.6438971659018562,47.09925079345703,61590637.97189331,25.000000000000004
IBVENTURES,2018-08-01,2019-02-25,428.3521,303.9334,9,139,rebalance_trim,-29.0459,-1119.769,2018-07-31,3.4391272570894023,1.0,150,2.5157999654108916,1.4990309410286287,598.0,280761228.0,1.0
INTELLECT,2018-08-01,2019-02-27,198.0007,175.3556,16,141,rebalance_trim,-11.4369,-362.3227,2018-07-31,1.91021914090628,0.8866666666666667,150,1.4696414622179748,0.20573068158006633,202.17730712890625,86265081.62445068,17.999999999999993
EXIDEIND,2018-07-02,2019-03-01,237.5771,206.2693,121,165,rebalance_exit,-13.178,-3788.2493,2018-06-29,1.7510501564973113,0.8866666666666667,150,0.9333707931263642,0.7394740187496084,239.32493591308594,351562597.72927856,17.999999999999993
HINDZINC,2019-02-01,2019-03-01,140.3618,145.41,178,20,rebalance_exit,3.5965,898.5699,2019-01-31,1.7084527144582746,0.8333333333333334,150,0.029279854562278888,0.29844774098334986,141.14666748046875,79021772.72491455,25.999999999999993
IBVENTURES,2018-08-01,2019-03-01,428.3521,283.9037,79,143,rebalance_exit,-33.7219,-11411.4302,2018-07-31,3.4391272570894023,1.0,150,2.5157999654108916,1.4990309410286287,598.0,280761228.0,1.0
INTELLECT,2018-08-01,2019-03-01,198.0007,183.9298,138,143,rebalance_exit,-7.1065,-1941.7903,2018-07-31,1.91021914090628,0.8866666666666667,150,1.4696414622179748,0.20573068158006633,202.17730712890625,86265081.62445068,17.999999999999993
MPHASIS,2018-03-01,2019-03-01,761.7847,868.6616,29,248,rebalance_exit,14.0298,3099.4295,2018-02-28,1.9014905224599379,0.9066666666666666,150,2.135845812201676,1.6934779605998802,705.9108276367188,109352649.9633789,15.000000000000007
PIDILITIND,2019-01-01,2019-03-01,538.8774,555.4228,44,43,rebalance_exit,3.0703,727.9981,2018-12-31,2.6494998429805827,0.9866666666666667,150,1.2575146846590002,0.5298295417011704,535.5641479492188,521256302.74072266,2.9999999999999964
PTC,2019-02-01,2019-03-01,46.9618,46.0106,488,20,rebalance_exit,-2.0256,-464.211,2019-01-31,1.7219606295536094,0.84,150,-0.4440726433651804,0.6438971659018562,47.09925079345703,61590637.97189331,25.000000000000004
TATACHEM,2018-10-01,2019-03-01,257.8121,208.3517,107,104,rebalance_exit,-19.1847,-5292.2633,2018-09-28,1.780270687316903,0.8666666666666667,150,1.3889245682661875,0.7451061568679341,258.5391845703125,300689370.7008972,20.999999999999996
LINDEINDIA,2019-02-01,2019-03-06,452.0823,522.4159,7,22,rebalance_trim,15.5577,492.335,2019-01-31,2.83326022409574,0.9866666666666667,150,0.45535955098586367,1.0370616156323373,462.3331298828125,91424968.36682129,2.9999999999999964
PRAJIND,2018-11-01,2019-03-07,101.9536,148.3383,28,86,rebalance_trim,45.4959,1298.7726,2018-10-31,1.5921560396953502,0.8066666666666666,150,0.5187454324584814,-0.07544614681765863,99.48590087890625,104504570.72277069,30.000000000000004
PIIND,2019-02-01,2019-03-08,844.6624,943.3053,3,24,rebalance_trim,11.6784,295.9287,2019-01-31,1.6073613380681988,0.8133333333333334,150,-0.3691321496752568,0.4853906073150072,835.3931884765625,53115231.044921875,28.999999999999996
ALBK,2019-03-01,2019-03-11,48.3187,57.2967,67,5,rebalance_trim,18.5809,601.5297,2019-02-28,1.6182918536085742,0.8066666666666666,150,-0.2986173492634036,0.22707344672410795,48.0,202451953.4,30.000000000000004
IPCALAB,2018-09-03,2019-03-12,373.9057,454.1877,7,128,rebalance_trim,21.4712,561.9745,2018-08-31,1.9662596697818464,0.9066666666666666,150,2.123761072788852,0.3303341128780294,376.18994140625,75942149.66766357,15.000000000000007
GODFRYPHLP,2019-01-01,2019-03-14,260.1911,312.7842,10,51,rebalance_trim,20.2133,525.9315,2018-12-31,1.8193421674098993,0.8466666666666667,150,-0.12049133853334168,0.6358925947502845,260.4574279785156,141109641.22558594,24.0
ORIENTBANK,2019-02-01,2019-03-15,97.8776,99.9492,25,29,rebalance_trim,2.1166,51.7917,2019-01-31,1.647938382622617,0.82,150,-0.5144362254416447,0.6250625372883145,95.7,455793072.0,28.000000000000007
PVR,2018-12-03,2019-03-19,1425.472,1660.3467,2,74,rebalance_trim,16.477,469.7495,2018-11-30,1.4825855234582968,0.8133333333333334,150,-0.030362939765077684,0.0013665244256254368,1403.3818359375,407099013.55407715,28.999999999999996
GODREJPROP,2019-03-01,2019-03-25,717.5045,838.0589,3,14,rebalance_trim,16.8019,361.6631,2019-02-28,1.7178750123414328,0.82,150,-0.06281573640030222,0.1674772582772627,709.4500122070312,133535143.46655273,28.000000000000007
ORIENTBANK,2019-02-01,2019-03-28,97.8776,113.5453,25,37,rebalance_trim,16.0075,391.6938,2019-01-31,1.647938382622617,0.82,150,-0.5144362254416447,0.6250625372883145,95.7,455793072.0,28.000000000000007
GODREJPROP,2019-03-01,2019-04-05,717.5045,940.305,3,23,rebalance_trim,31.0521,668.4014,2019-02-28,1.7178750123414328,0.82,150,-0.06281573640030222,0.1674772582772627,709.4500122070312,133535143.46655273,28.000000000000007
MUTHOOTFIN,2019-01-01,2019-04-08,452.3518,549.3445,5,67,rebalance_trim,21.4419,484.9632,2018-12-31,1.7695327973600161,0.82,150,0.07016833731536669,0.45282448609383624,451.53875732421875,336244576.0924072,28.000000000000007
LINDEINDIA,2019-02-01,2019-04-10,456.0514,490.3897,5,46,rebalance_trim,7.5295,171.6915,2019-01-31,2.83326022409574,0.9866666666666667,150,0.45535955098586367,1.0370616156323373,462.3331298828125,91424968.36682129,2.9999999999999964
ICICIGI,2018-11-01,2019-04-11,773.0538,1038.7127,3,110,rebalance_trim,34.3649,796.9768,2018-10-31,1.9711030567946515,0.8933333333333333,150,0.6238980317180949,0.25598931419156856,768.1310424804688,178391806.97998047,17.000000000000004
KSCL,2019-03-01,2019-04-15,389.4963,464.3556,6,29,rebalance_trim,19.2195,449.1554,2019-02-28,1.7076936045455482,0.8133333333333334,150,0.6017041996502042,-0.25242047244099597,387.3229064941406,268546357.83691406,28.999999999999996
LTTS,2018-08-01,2019-04-15,1366.0193,1504.0544,2,172,rebalance_trim,10.1049,276.0702,2018-07-31,1.5527759006769117,0.8133333333333334,150,1.4512289857168346,-0.19852814889372117,1321.002197265625,69242043.37011719,28.999999999999996
DCBBANK,2019-03-01,2019-04-25,173.4986,204.5188,12,35,rebalance_trim,17.8792,372.2422,2019-02-28,1.7660752321520836,0.8333333333333334,150,0.1537935591385045,0.07523867140941283,172.0410614013672,196598015.25416565,25.999999999999993
PVR,2018-12-03,2019-04-25,1438.8351,1677.5161,2,98,rebalance_trim,16.5885,477.3619,2018-11-30,1.4825855234582968,0.8133333333333334,150,-0.030362939765077684,0.0013665244256254368,1403.3818359375,407099013.55407715,28.999999999999996
BALRAMCHIN,2018-12-03,2019-05-02,93.4219,140.5352,24,101,rebalance_trim,50.4308,1130.7212,2018-11-30,1.9755244957666962,0.9,150,-0.5450928241135997,0.8256890791497871,92.54676818847656,476917066.2026367,15.999999999999996
BOSCHLTD,2018-12-03,2019-05-02,17457.163,16365.7796,1,101,rebalance_exit,-6.2518,-1091.3835,2018-11-30,1.9629960265765938,0.8933333333333333,150,0.16227455056741202,0.35737106603713786,17383.638671875,338190449.609375,17.000000000000004
CUMMINSIND,2019-01-01,2019-05-02,721.43,638.3284,40,81,rebalance_exit,-11.519,-3324.0632,2018-12-31,1.7990178300162376,0.8266666666666667,150,-0.19092820291041399,0.6639232501217102,743.255126953125,288493149.0563965,27.0
KSCL,2019-03-01,2019-05-02,389.4963,421.4912,57,38,rebalance_exit,8.2144,1823.7064,2019-02-28,1.7076936045455482,0.8133333333333334,150,0.6017041996502042,-0.25242047244099597,387.3229064941406,268546357.83691406,28.999999999999996
LALPATHLAB,2019-03-01,2019-05-02,480.6148,487.5659,51,38,rebalance_exit,1.4463,354.503,2019-02-28,1.9251673927502677,0.8733333333333333,150,0.45867630114997626,0.02446317892478387,478.9371643066406,63742412.61932373,20.000000000000007
LINDEINDIA,2019-02-01,2019-05-02,456.0514,467.2217,54,58,rebalance_exit,2.4494,603.1973,2019-01-31,2.83326022409574,0.9866666666666667,150,0.45535955098586367,1.0370616156323373,462.3331298828125,91424968.36682129,2.9999999999999964
LTI,2018-04-02,2019-05-02,1545.4287,1720.9604,15,267,rebalance_exit,11.3581,2632.9763,2018-03-28,3.70453538906049,1.0,150,3.6885052227568007,2.849182675499163,1340.7,206018227.20000002,1.0
LTTS,2018-08-01,2019-05-02,1366.0193,1579.4844,2,181,rebalance_trim,15.6268,426.9302,2018-07-31,1.5527759006769117,0.8133333333333334,150,1.4512289857168346,-0.19852814889372117,1321.002197265625,69242043.37011719,28.999999999999996
POWERGRID,2019-02-01,2019-05-02,71.9263,72.3706,347,58,rebalance_exit,0.6176,154.1495,2019-01-31,1.9350239316480264,0.86,150,0.12043259899434872,0.4434802401084164,70.9134521484375,441614494.50653076,22.000000000000004
RADICO,2019-03-01,2019-05-02,357.9054,346.5477,77,38,rebalance_exit,-3.1734,-874.5441,2019-02-28,1.767571057561598,0.84,150,0.4648517710133584,-0.11588847181573286,355.3111877441406,178061444.73980713,25.000000000000004
TORNTPHARM,2018-09-03,2019-05-02,825.3141,817.3632,4,160,rebalance_trim,-0.9634,-31.8039,2018-08-31,1.6292886303055123,0.8266666666666667,150,1.0212948512342555,0.45946635961547233,821.1083374023438,324153127.79833984,27.0
KAJARIACER,2019-03-01,2019-05-03,512.0829,570.4092,5,39,rebalance_trim,11.39,291.6317,2019-02-28,1.8043616891898,0.8466666666666667,150,-0.23533097341993517,0.34912309156330673,508.51263427734375,238241048.38409424,24.0
NAUKRI,2018-10-01,2019-05-06,279.4717,386.2037,7,144,rebalance_trim,38.1907,747.1244,2018-09-28,1.7356234295437167,0.8533333333333334,150,1.2148841175544676,0.7860071327007918,277.2635803222656,152950884.7970581,22.999999999999993
PIIND,2019-02-01,2019-05-07,844.6624,1035.0969,3,61,rebalance_trim,22.5456,571.3035,2019-01-31,1.6073613380681988,0.8133333333333334,150,-0.3691321496752568,0.4853906073150072,835.3931884765625,53115231.044921875,28.999999999999996
AARTIIND,2019-01-01,2019-05-08,343.6522,378.2596,7,85,rebalance_trim,10.0705,242.2518,2018-12-31,2.826787308231451,0.9933333333333333,150,1.3907264587857682,0.6188071180429446,341.59185791015625,59403974.06814575,2.000000000000006
MARICO,2018-08-01,2019-05-08,322.1944,324.4082,7,185,rebalance_trim,0.6871,15.4967,2018-07-31,1.561251999536986,0.82,150,0.17098244115492348,0.38805841618907344,324.8248291015625,402359507.477478,28.000000000000007
IPCALAB,2018-09-03,2019-05-09,373.9057,464.9491,5,165,rebalance_trim,24.3493,455.2173,2018-08-31,1.9662596697818464,0.9066666666666666,150,2.123761072788852,0.3303341128780294,376.18994140625,75942149.66766357,15.000000000000007
DCBBANK,2019-03-01,2019-05-10,173.4986,204.0936,12,44,rebalance_trim,17.6341,367.1398,2019-02-28,1.7660752321520836,0.8333333333333334,150,0.1537935591385045,0.07523867140941283,172.0410614013672,196598015.25416565,25.999999999999993
GODREJPROP,2019-03-01,2019-05-20,730.7366,851.0134,3,50,rebalance_trim,16.4597,360.8306,2019-02-28,1.7178750123414328,0.82,150,-0.06281573640030222,0.1674772582772627,709.4500122070312,133535143.46655273,28.000000000000007
ICICIGI,2018-11-01,2019-05-20,773.0538,1076.6563,3,133,rebalance_trim,39.2731,910.8074,2018-10-31,1.9711030567946515,0.8933333333333333,150,0.6238980317180949,0.25598931419156856,768.1310424804688,178391806.97998047,17.000000000000004
PVR,2018-12-03,2019-05-20,1438.8351,1785.1655,2,113,rebalance_trim,24.0702,692.6608,2018-11-30,1.4825855234582968,0.8133333333333334,150,-0.030362939765077684,0.0013665244256254368,1403.3818359375,407099013.55407715,28.999999999999996
CUB,2018-10-01,2019-05-24,125.745,154.0526,18,158,rebalance_trim,22.5119,509.5359,2018-09-28,1.9801982460385728,0.8866666666666667,150,1.3465519543971312,1.0541463173554821,127.86852264404297,91912912.38899231,17.999999999999993
MANAPPURAM,2019-05-02,2019-05-27,103.7226,121.4811,26,17,rebalance_trim,17.1211,461.7208,2019-04-30,2.517718946244184,0.9466666666666667,150,0.051576297680213254,1.958736019559132,103.66817474365234,283495771.57175446,9.000000000000002
AARTIIND,2019-01-01,2019-05-28,343.6522,444.4787,7,99,rebalance_trim,29.3397,705.7851,2018-12-31,2.826787308231451,0.9933333333333333,150,1.3907264587857682,0.6188071180429446,341.59185791015625,59403974.06814575,2.000000000000006
PIDILITIND,2019-05-02,2019-05-30,588.2057,612.7506,4,20,rebalance_trim,4.1728,98.1796,2019-04-30,2.066460570045594,0.8733333333333333,150,0.6321435837003918,0.9591584681267883,596.8143920898438,582675990.6212769,20.000000000000007
PRAJIND,2018-11-01,2019-05-31,107.4892,134.6646,18,142,rebalance_trim,25.282,489.1575,2018-10-31,1.5921560396953502,0.8066666666666666,150,0.5187454324584814,-0.07544614681765863,99.48590087890625,104504570.72277069,30.000000000000004
ALBK,2019-03-01,2019-06-03,48.8788,44.3444,543,60,rebalance_exit,-9.2769,-2462.2136,2019-02-28,1.6182918536085742,0.8066666666666666,150,-0.2986173492634036,0.22707344672410795,48.0,202451953.4,30.000000000000004
BERGEPAINT,2018-07-02,2019-06-03,234.1335,265.4794,104,225,rebalance_exit,13.3881,3259.9769,2018-06-29,1.6093275561802751,0.8466666666666667,150,0.9186877965434183,0.5586943313686253,224.77955627441406,160886852.37670898,24.0
COLPAL,2019-01-01,2019-06-03,1128.8618,973.1459,24,103,rebalance_exit,-13.7941,-3737.1814,2018-12-31,2.0483457010459936,0.92,150,0.7825463363117643,0.24424580761580547,1132.17138671875,462525305.3984375,12.999999999999995
GLENMARK,2018-11-01,2019-06-03,600.0626,529.7619,45,143,rebalance_exit,-11.7156,-3163.5343,2018-10-31,1.8868980284084103,0.8733333333333333,150,0.19396982659700204,0.4034556501862216,604.0264282226562,484598499.47351074,20.000000000000007
GSKCONS,2018-10-01,2019-06-03,7187.0875,7412.9848,3,164,rebalance_exit,3.1431,677.6919,2018-09-28,1.7732618961676538,0.86,150,1.8685720541640902,0.44786186957840285,7253.7,106518025.75,22.000000000000004
INDHOTEL,2018-11-01,2019-06-03,122.3945,148.5316,179,143,rebalance_exit,21.3547,4678.5271,2018-10-31,1.6149086635660852,0.8133333333333334,150,0.6354652827690689,-0.11559200606957568,121.50634002685547,110214398.01235199,28.999999999999996
MARICO,2018-08-01,2019-06-03,322.1944,337.5868,75,203,rebalance_exit,4.7774,1154.432,2018-07-31,1.561251999536986,0.82,150,0.17098244115492348,0.38805841618907344,324.8248291015625,402359507.477478,28.000000000000007
OBEROIRLTY,2019-05-02,2019-06-03,498.0388,545.1861,48,22,rebalance_exit,9.4666,2263.0714,2019-04-30,1.735571635872591,0.8266666666666667,150,0.055375261024398714,1.046721738391226,494.1572265625,220790473.33984375,27.0
ORIENTBANK,2019-02-01,2019-06-03,98.4878,99.2517,258,80,rebalance_exit,0.7756,197.0781,2019-01-31,1.647938382622617,0.82,150,-0.5144362254416447,0.6250625372883145,95.7,455793072.0,28.000000000000007
PIDILITIND,2019-05-02,2019-06-03,588.2057,626.2138,41,22,rebalance_exit,6.4617,1558.332,2019-04-30,2.066460570045594,0.8733333333333333,150,0.6321435837003918,0.9591584681267883,596.8143920898438,582675990.6212769,20.000000000000007
VIPIND,2018-02-01,2019-06-03,398.6927,422.8449,59,327,rebalance_exit,6.0579,1424.982,2018-01-31,2.8231188079726266,0.9733333333333334,150,4.373194920015278,2.4972868307938367,327.8094787597656,156788632.85272217,4.999999999999993
VAKRANGEE,2019-06-03,2019-06-07,41.5668,41.7933,75,3,rebalance_trim,0.5451,16.9922,2019-05-31,3.0649302441204664,0.9933333333333333,150,0.41376301825821804,1.9974968313642998,42.8005485534668,271770102.0853958,2.000000000000006
NAUKRI,2018-10-01,2019-06-10,279.4717,458.1893,6,168,rebalance_trim,63.9484,1072.3057,2018-09-28,1.7356234295437167,0.8533333333333334,150,1.2148841175544676,0.7860071327007918,277.2635803222656,152950884.7970581,22.999999999999993
BAJAJHLDNG,2019-05-02,2019-06-12,2757.2237,3353.6047,1,28,rebalance_trim,21.6298,596.381,2019-04-30,2.1227649019125168,0.8933333333333333,150,0.8632445949547614,0.8354345603489922,2747.643798828125,66444703.314453125,17.000000000000004
GODREJPROP,2019-03-01,2019-06-17,745.3826,915.1883,3,69,rebalance_trim,22.781,509.4169,2019-02-28,1.7178750123414328,0.82,150,-0.06281573640030222,0.1674772582772627,709.4500122070312,133535143.46655273,28.000000000000007
RECLTD,2019-06-03,2019-06-17,65.0981,70.0963,40,9,rebalance_trim,7.6779,199.9279,2019-05-31,2.1739131517751438,0.9066666666666666,150,1.0515141461304316,0.6866098883024199,64.73651885986328,576732464.5263672,15.000000000000007
MANAPPURAM,2019-05-02,2019-06-18,105.1363,123.8461,20,32,rebalance_trim,17.7958,374.1961,2019-04-30,2.517718946244184,0.9466666666666667,150,0.051576297680213254,1.958736019559132,103.66817474365234,283495771.57175446,9.000000000000002
MERCK,2019-06-03,2019-06-20,3364.3778,3258.9234,1,12,rebalance_trim,-3.1344,-105.4544,2019-05-31,2.4921733856604824,0.96,150,1.767904732999699,0.5426708328044768,3365.838623046875,75376361.625,7.000000000000005
VAKRANGEE,2019-06-03,2019-06-24,38.7733,31.2322,77,14,rebalance_trim,-19.4494,-580.67,2019-05-31,3.0649302441204664,0.9933333333333333,150,0.41376301825821804,1.9974968313642998,42.8005485534668,271770102.0853958,2.000000000000006
ABFRL,2018-10-01,2019-06-26,182.6857,210.793,11,180,rebalance_trim,15.3856,309.1806,2018-09-28,1.883031493980912,0.88,150,0.7558176810353691,1.2701240003068035,180.8772735595703,120481672.47628784,19.0
BANDHANBNK,2019-06-03,2019-07-01,573.3827,526.0221,47,19,rebalance_exit,-8.2599,-2225.9477,2019-05-31,2.0319381996011994,0.8866666666666667,150,0.6920723763731171,0.7766655560360353,572.93310546875,368527856.1229248,17.999999999999993
KTKBANK,2019-05-02,2019-07-01,92.733,77.9522,322,41,rebalance_exit,-15.939,-4759.3937,2019-04-30,1.955420912045378,0.86,150,0.2964737367908407,1.1048646567364044,95.00988006591797,224819195.5383606,22.000000000000004
MERCK,2019-06-03,2019-07-01,3351.5807,3381.9019,1,19,rebalance_trim,0.9047,30.3212,2019-05-31,2.4921733856604824,0.96,150,1.767904732999699,0.5426708328044768,3365.838623046875,75376361.625,7.000000000000005
MGL,2019-03-01,2019-07-01,758.0109,704.3237,36,79,rebalance_exit,-7.0826,-1932.7397,2019-02-28,1.8780454939938211,0.8666666666666667,150,-0.25176510810988073,0.4231243445766948,752.0471801757812,182587183.76489258,20.999999999999996
SUVEN,2019-05-02,2019-07-01,12.3346,12.5271,2171,41,rebalance_exit,1.5612,418.054,2019-04-30,2.5473735508975066,0.9533333333333334,150,1.6290140255812646,0.7020846487714608,12.305791854858398,76727042.60518646,7.999999999999995
TORNTPHARM,2018-09-03,2019-07-01,804.0387,710.1168,38,201,rebalance_exit,-11.6813,-3569.0327,2018-08-31,1.6292886303055123,0.8266666666666667,150,1.0212948512342555,0.45946635961547233,821.1083374023438,324153127.79833984,27.0
GODREJPROP,2019-03-01,2019-07-02,745.3826,1089.0369,4,80,rebalance_trim,46.1044,1374.6172,2019-02-28,1.7178750123414328,0.82,150,-0.06281573640030222,0.1674772582772627,709.4500122070312,133535143.46655273,28.000000000000007
NAUKRI,2018-10-01,2019-07-03,291.9246,446.7426,6,185,rebalance_trim,53.0335,928.9079,2018-09-28,1.7356234295437167,0.8533333333333334,150,1.2148841175544676,0.7860071327007918,277.2635803222656,152950884.7970581,22.999999999999993
PRESTIGE,2019-06-03,2019-07-04,284.4845,276.9336,9,22,rebalance_trim,-2.6542,-67.9579,2019-05-31,1.8090980540397283,0.8066666666666666,150,-0.12551630866594046,1.0823204155245922,280.6357116699219,89976900.83679199,30.000000000000004
BALRAMCHIN,2018-12-03,2019-07-09,97.3574,144.4545,21,148,rebalance_trim,48.3756,989.0405,2018-11-30,1.9755244957666962,0.9,150,-0.5450928241135997,0.8256890791497871,92.54676818847656,476917066.2026367,15.999999999999996
DCMSHRIRAM,2019-06-03,2019-07-09,510.1079,530.1036,5,25,rebalance_trim,3.9199,99.9785,2019-05-31,2.363194350800624,0.9466666666666667,150,1.5189674155682662,0.5741689909447277,506.50201416015625,75260056.6821289,9.000000000000002
VAKRANGEE,2019-06-03,2019-07-15,38.7733,34.3915,78,29,rebalance_trim,-11.3012,-341.7832,2019-05-31,3.0649302441204664,0.9933333333333333,150,0.41376301825821804,1.9974968313642998,42.8005485534668,271770102.0853958,2.000000000000006
MERCK,2019-06-03,2019-07-17,3351.5807,3841.0208,1,31,rebalance_trim,14.6033,489.4401,2019-05-31,2.4921733856604824,0.96,150,1.767904732999699,0.5426708328044768,3365.838623046875,75376361.625,7.000000000000005
RECLTD,2019-06-03,2019-07-17,64.855,68.9117,35,31,rebalance_trim,6.2549,141.9826,2019-05-31,2.1739131517751438,0.9066666666666666,150,1.0515141461304316,0.6866098883024199,64.73651885986328,576732464.5263672,15.000000000000007
COFORGE,2019-06-03,2019-07-23,241.9314,246.8977,10,35,rebalance_trim,2.0528,49.6629,2019-05-31,1.8854137812757803,0.8133333333333334,150,0.6938685055718642,0.6279276489296218,240.60360717773438,512439362.49801636,28.999999999999996
NAM-INDIA,2019-07-01,2019-07-23,183.1685,187.2321,12,16,rebalance_trim,2.2185,48.7628,2019-06-28,1.810948934112378,0.8066666666666666,150,0.15561363183350455,0.8398316168444871,182.4879150390625,124778024.98234558,30.000000000000004
IGL,2019-07-01,2019-07-24,138.4488,143.6081,17,17,rebalance_trim,3.7265,87.7085,2019-06-28,2.169306132680007,0.86,150,0.8054170395579727,0.7694110416781977,139.30679321289062,420661370.7797241,22.000000000000004
IPCALAB,2018-09-03,2019-07-25,385.8907,461.5483,6,219,rebalance_trim,19.606,453.9455,2018-08-31,1.9662596697818464,0.9066666666666666,150,2.123761072788852,0.3303341128780294,376.18994140625,75942149.66766357,15.000000000000007
ICICIGI,2018-11-01,2019-07-29,807.2316,1090.5483,3,182,rebalance_trim,35.0973,849.95,2018-10-31,1.9711030567946515,0.8933333333333333,150,0.6238980317180949,0.25598931419156856,768.1310424804688,178391806.97998047,17.000000000000004
VBL,2019-05-02,2019-07-29,51.1985,57.2615,40,61,rebalance_trim,11.8422,242.5208,2019-04-30,1.6721461354478655,0.8066666666666666,150,0.9177345271930925,0.26718762852498773,50.773380279541016,80783937.96904755,30.000000000000004
VAKRANGEE,2019-06-03,2019-07-30,37.7982,32.4056,88,40,rebalance_trim,-14.2667,-474.5463,2019-05-31,3.0649302441204664,0.9933333333333333,150,0.41376301825821804,1.9974968313642998,42.8005485534668,271770102.0853958,2.000000000000006
BAJAJHLDNG,2019-05-02,2019-07-31,2830.5837,3157.0752,1,63,rebalance_trim,11.5344,326.4914,2019-04-30,2.1227649019125168,0.8933333333333333,150,0.8632445949547614,0.8354345603489922,2747.643798828125,66444703.314453125,17.000000000000004
GUJGASLTD,2019-07-01,2019-07-31,164.7155,171.9764,20,22,rebalance_trim,4.4081,145.2163,2019-06-28,2.0627202743896262,0.84,150,0.32152080603801875,0.9856216867661955,163.4293670654297,56578327.81297302,25.000000000000004
COFORGE,2019-06-03,2019-08-01,239.9284,220.3755,113,42,rebalance_exit,-8.1495,-2209.481,2019-05-31,1.8854137812757803,0.8133333333333334,150,0.6938685055718642,0.6279276489296218,240.60360717773438,512439362.49801636,28.999999999999996
GODFRYPHLP,2019-01-01,2019-08-01,259.0344,203.2789,113,145,rebalance_exit,-21.5244,-6300.3783,2018-12-31,1.8193421674098993,0.8466666666666667,150,-0.12049133853334168,0.6358925947502845,260.4574279785156,141109641.22558594,24.0
GUJGASLTD,2019-07-01,2019-08-01,164.7155,162.3381,142,23,rebalance_exit,-1.4433,-337.5921,2019-06-28,2.0627202743896262,0.84,150,0.32152080603801875,0.9856216867661955,163.4293670654297,56578327.81297302,25.000000000000004
IGL,2019-07-01,2019-08-01,138.4488,134.3495,176,23,rebalance_exit,-2.9609,-721.4822,2019-06-28,2.169306132680007,0.86,150,0.8054170395579727,0.7694110416781977,139.30679321289062,420661370.7797241,22.000000000000004
PRESTIGE,2019-06-03,2019-08-01,284.4845,245.8808,96,42,rebalance_exit,-13.5697,-3705.9486,2019-05-31,1.8090980540397283,0.8066666666666666,150,-0.12551630866594046,1.0823204155245922,280.6357116699219,89976900.83679199,30.000000000000004
PVR,2018-12-03,2019-08-01,1471.1265,1470.6284,15,165,rebalance_exit,-0.0339,-7.4723,2018-11-30,1.4825855234582968,0.8133333333333334,150,-0.030362939765077684,0.0013665244256254368,1403.3818359375,407099013.55407715,28.999999999999996
VAKRANGEE,2019-06-03,2019-08-01,37.7982,31.1419,767,42,rebalance_exit,-17.6101,-5105.3823,2019-05-31,3.0649302441204664,0.9933333333333333,150,0.41376301825821804,1.9974968313642998,42.8005485534668,271770102.0853958,2.000000000000006
LTTS,2018-08-01,2019-08-06,1387.3655,1373.4258,2,248,rebalance_trim,-1.0048,-27.8793,2018-07-31,1.5527759006769117,0.8133333333333334,150,1.4512289857168346,-0.19852814889372117,1321.002197265625,69242043.37011719,28.999999999999996
ABFRL,2018-10-01,2019-08-07,182.7241,196.894,11,210,rebalance_trim,7.7548,155.8692,2018-09-28,1.883031493980912,0.88,150,0.7558176810353691,1.2701240003068035,180.8772735595703,120481672.47628784,19.0
AARTIIND,2019-01-01,2019-08-08,351.3063,431.9612,5,150,rebalance_trim,22.9586,403.2748,2018-12-31,2.826787308231451,0.9933333333333333,150,1.3907264587857682,0.6188071180429446,341.59185791015625,59403974.06814575,2.000000000000006
INOXLEISUR,2019-06-03,2019-08-08,354.0113,289.9823,8,47,rebalance_trim,-18.0867,-512.2314,2019-05-31,2.3310668377729247,0.94,150,0.5568834378163338,1.1655864778835014,376.25,73559264.4,10.000000000000007
MUTHOOTFIN,2019-01-01,2019-08-08,452.3518,561.2812,4,150,rebalance_trim,24.0807,435.7176,2018-12-31,1.7695327973600161,0.82,150,0.07016833731536669,0.45282448609383624,451.53875732421875,336244576.0924072,28.000000000000007
MANAPPURAM,2019-05-02,2019-08-13,104.8356,109.6646,23,71,rebalance_trim,4.6063,111.0676,2019-04-30,2.517718946244184,0.9466666666666667,150,0.051576297680213254,1.958736019559132,103.66817474365234,283495771.57175446,9.000000000000002
VINATIORGA,2019-08-01,2019-08-13,881.6695,1006.2525,3,7,rebalance_trim,14.1304,373.7492,2019-07-31,3.150366387691682,0.9932885906040269,149,2.970518841212406,0.8176181774767659,886.7181396484375,52450398.69580078,1.9999999999999987
NAM-INDIA,2019-07-01,2019-08-14,183.1685,205.187,12,31,rebalance_trim,12.0209,264.2215,2019-06-28,1.810948934112378,0.8066666666666666,150,0.15561363183350455,0.8398316168444871,182.4879150390625,124778024.98234558,30.000000000000004
SUNTECK,2019-05-02,2019-08-14,443.6656,427.8194,8,72,rebalance_trim,-3.5716,-126.7693,2019-04-30,2.300197551691503,0.9133333333333333,150,0.3474266662683065,1.4638127239719254,450.19903564453125,68079788.53363037,14.0
RECLTD,2019-06-03,2019-08-19,64.3831,66.6317,39,52,rebalance_trim,3.4926,87.6968,2019-05-31,2.1739131517751438,0.9066666666666666,150,1.0515141461304316,0.6866098883024199,64.73651885986328,576732464.5263672,15.000000000000007
DCBBANK,2019-03-01,2019-08-21,175.9785,201.1299,11,114,rebalance_trim,14.2923,276.6644,2019-02-28,1.7660752321520836,0.8333333333333334,150,0.1537935591385045,0.07523867140941283,172.0410614013672,196598015.25416565,25.999999999999993
MERCK,2019-06-03,2019-08-21,3387.6128,3639.9921,1,54,rebalance_trim,7.4501,252.3792,2019-05-31,2.4921733856604824,0.96,150,1.767904732999699,0.5426708328044768,3365.838623046875,75376361.625,7.000000000000005
PIIND,2019-02-01,2019-08-23,844.6624,1122.9825,2,136,rebalance_trim,32.9505,556.6403,2019-01-31,1.6073613380681988,0.8133333333333334,150,-0.3691321496752568,0.4853906073150072,835.3931884765625,53115231.044921875,28.999999999999996
VBL,2019-05-02,2019-08-23,51.2226,55.5326,42,78,rebalance_trim,8.4142,181.0197,2019-04-30,1.6721461354478655,0.8066666666666666,150,0.9177345271930925,0.26718762852498773,50.773380279541016,80783937.96904755,30.000000000000004
MERCK,2019-06-03,2019-08-26,3412.6003,3508.9795,1,57,rebalance_trim,2.8242,96.3793,2019-05-31,2.4921733856604824,0.96,150,1.767904732999699,0.5426708328044768,3365.838623046875,75376361.625,7.000000000000005
RAJESHEXPO,2019-08-01,2019-08-26,689.4622,732.0718,3,15,rebalance_trim,6.1801,127.8286,2019-07-31,2.1648510468201403,0.8657718120805369,149,1.0445530486531416,0.899023506075116,684.5720825195312,191770129.9758911,21.000000000000004
SUNTECK,2019-05-02,2019-08-27,443.6656,464.7146,5,80,rebalance_trim,4.7443,105.2451,2019-04-30,2.300197551691503,0.9133333333333333,150,0.3474266662683065,1.4638127239719254,450.19903564453125,68079788.53363037,14.0
BALRAMCHIN,2018-12-03,2019-08-28,101.8516,127.1442,23,182,rebalance_trim,24.8329,581.7315,2018-11-30,1.9755244957666962,0.9,150,-0.5450928241135997,0.8256890791497871,92.54676818847656,476917066.2026367,15.999999999999996
NAM-INDIA,2019-07-01,2019-08-29,183.1685,227.5382,12,41,rebalance_trim,24.2234,532.4355,2019-06-28,1.810948934112378,0.8066666666666666,150,0.15561363183350455,0.8398316168444871,182.4879150390625,124778024.98234558,30.000000000000004
OBEROIRLTY,2019-08-01,2019-08-29,530.5718,528.7149,5,18,rebalance_trim,-0.35,-9.2845,2019-07-31,2.171158138769518,0.87248322147651,149,0.873976301012088,1.0120836779289994,535.3613891601562,170200633.49853516,20.000000000000007
ABFRL,2018-10-01,2019-09-03,182.7241,185.6472,127,226,rebalance_exit,1.5997,371.2277,2018-09-28,1.883031493980912,0.88,150,0.7558176810353691,1.2701240003068035,180.8772735595703,120481672.47628784,19.0
ICICIGI,2018-11-01,2019-09-03,807.2316,1191.5953,2,205,rebalance_trim,47.615,768.7274,2018-10-31,1.9711030567946515,0.8933333333333333,150,0.6238980317180949,0.25598931419156856,768.1310424804688,178391806.97998047,17.000000000000004
INOXLEISUR,2019-06-03,2019-09-03,346.2501,277.9745,8,62,rebalance_trim,-19.7186,-546.2048,2019-05-31,2.3310668377729247,0.94,150,0.5568834378163338,1.1655864778835014,376.25,73559264.4,10.000000000000007
KAJARIACER,2019-03-01,2019-09-03,505.1227,443.0447,56,122,rebalance_exit,-12.2897,-3476.3677,2019-02-28,1.8043616891898,0.8466666666666667,150,-0.23533097341993517,0.34912309156330673,508.51263427734375,238241048.38409424,24.0
LTTS,2018-08-01,2019-09-03,1387.3655,1484.1978,17,265,rebalance_exit,6.9796,1646.1487,2018-07-31,1.5527759006769117,0.8133333333333334,150,1.4512289857168346,-0.19852814889372117,1321.002197265625,69242043.37011719,28.999999999999996
MANAPPURAM,2019-05-02,2019-09-03,104.8356,105.4874,233,84,rebalance_exit,0.6218,151.8776,2019-04-30,2.517718946244184,0.9466666666666667,150,0.051576297680213254,1.958736019559132,103.66817474365234,283495771.57175446,9.000000000000002
NAUKRI,2018-10-01,2019-09-03,301.313,396.0655,6,226,rebalance_trim,31.4465,568.5152,2018-09-28,1.7356234295437167,0.8533333333333334,150,1.2148841175544676,0.7860071327007918,277.2635803222656,152950884.7970581,22.999999999999993
OBEROIRLTY,2019-08-01,2019-09-03,530.5718,553.3652,4,20,rebalance_trim,4.296,91.1737,2019-07-31,2.171158138769518,0.87248322147651,149,0.873976301012088,1.0120836779289994,535.3613891601562,170200633.49853516,20.000000000000007
PIIND,2019-02-01,2019-09-03,867.6475,1117.3589,2,142,rebalance_trim,28.7803,499.4227,2019-01-31,1.6073613380681988,0.8133333333333334,150,-0.3691321496752568,0.4853906073150072,835.3931884765625,53115231.044921875,28.999999999999996
PRAJIND,2018-11-01,2019-09-03,106.747,92.7306,271,205,rebalance_exit,-13.1305,-3798.4478,2018-10-31,1.5921560396953502,0.8066666666666666,150,0.5187454324584814,-0.07544614681765863,99.48590087890625,104504570.72277069,30.000000000000004
SUNTECK,2019-05-02,2019-09-03,443.6656,444.0067,53,84,rebalance_exit,0.0769,18.0777,2019-04-30,2.300197551691503,0.9133333333333333,150,0.3474266662683065,1.4638127239719254,450.19903564453125,68079788.53363037,14.0
VINATIORGA,2019-08-01,2019-09-04,881.6695,1065.0048,3,21,rebalance_trim,20.7941,550.0058,2019-07-31,3.150366387691682,0.9932885906040269,149,2.970518841212406,0.8176181774767659,886.7181396484375,52450398.69580078,1.9999999999999987
BAJAJHLDNG,2019-05-02,2019-09-05,2860.0226,2935.0467,1,86,rebalance_trim,2.6232,75.0242,2019-04-30,2.1227649019125168,0.8933333333333333,150,0.8632445949547614,0.8354345603489922,2747.643798828125,66444703.314453125,17.000000000000004
NAUKRI,2018-10-01,2019-09-06,301.313,423.5765,5,229,rebalance_trim,40.5769,611.3176,2018-09-28,1.7356234295437167,0.8533333333333334,150,1.2148841175544676,0.7860071327007918,277.2635803222656,152950884.7970581,22.999999999999993
PIIND,2019-02-01,2019-09-06,867.6475,1180.2327,2,145,rebalance_trim,36.0268,625.1704,2019-01-31,1.6073613380681988,0.8133333333333334,150,-0.3691321496752568,0.4853906073150072,835.3931884765625,53115231.044921875,28.999999999999996
NAM-INDIA,2019-07-01,2019-09-09,183.1685,234.3585,10,47,rebalance_trim,27.9469,511.8999,2019-06-28,1.810948934112378,0.8066666666666666,150,0.15561363183350455,0.8398316168444871,182.4879150390625,124778024.98234558,30.000000000000004
NMDC,2019-08-01,2019-09-09,16.8949,13.6928,192,24,rebalance_trim,-18.9527,-614.791,2019-07-31,2.3859672552376274,0.9328859060402684,149,0.9582436715947669,1.2027006748629956,17.866424560546875,238976904.8746376,11.000000000000002
RECLTD,2019-06-03,2019-09-09,64.3831,67.6341,33,66,rebalance_trim,5.0495,107.2832,2019-05-31,2.1739131517751438,0.9066666666666666,150,1.0515141461304316,0.6866098883024199,64.73651885986328,576732464.5263672,15.000000000000007
MERCK,2019-06-03,2019-09-11,3425.4907,3483.5234,1,67,rebalance_trim,1.6941,58.0327,2019-05-31,2.4921733856604824,0.96,150,1.767904732999699,0.5426708328044768,3365.838623046875,75376361.625,7.000000000000005
BALRAMCHIN,2018-12-03,2019-09-12,101.8516,139.4154,28,191,rebalance_trim,36.881,1051.7875,2018-11-30,1.9755244957666962,0.9,150,-0.5450928241135997,0.8256890791497871,92.54676818847656,476917066.2026367,15.999999999999996
DCMSHRIRAM,2019-06-03,2019-09-12,479.6031,378.9668,6,68,rebalance_trim,-20.9832,-603.8174,2019-05-31,2.363194350800624,0.9466666666666667,150,1.5189674155682662,0.5741689909447277,506.50201416015625,75260056.6821289,9.000000000000002
BAJAJHLDNG,2019-05-02,2019-09-13,2875.9693,2994.0791,1,91,rebalance_trim,4.1068,118.1098,2019-04-30,2.1227649019125168,0.8933333333333333,150,0.8632445949547614,0.8354345603489922,2747.643798828125,66444703.314453125,17.000000000000004
INOXLEISUR,2019-06-03,2019-09-17,346.2501,307.6126,8,71,rebalance_trim,-11.1588,-309.0999,2019-05-31,2.3310668377729247,0.94,150,0.5568834378163338,1.1655864778835014,376.25,73559264.4,10.000000000000007
SIEMENS,2019-06-03,2019-09-18,723.3269,706.5853,4,72,rebalance_trim,-2.3145,-66.9663,2019-05-31,1.9602038409601492,0.8533333333333334,150,0.4094790121666085,0.8876393719088743,721.43115234375,448525296.8515625,22.999999999999993
VINATIORGA,2019-08-01,2019-09-18,881.6695,1141.4848,2,30,rebalance_trim,29.4686,519.6306,2019-07-31,3.150366387691682,0.9932885906040269,149,2.970518841212406,0.8176181774767659,886.7181396484375,52450398.69580078,1.9999999999999987
ICICIGI,2018-11-01,2019-09-20,832.7611,1122.772,2,217,rebalance_trim,34.8252,580.0218,2018-10-31,1.9711030567946515,0.8933333333333333,150,0.6238980317180949,0.25598931419156856,768.1310424804688,178391806.97998047,17.000000000000004
AARTIIND,2019-01-01,2019-09-23,355.5195,410.2856,6,178,rebalance_trim,15.4045,328.5961,2018-12-31,2.826787308231451,0.9933333333333333,150,1.3907264587857682,0.6188071180429446,341.59185791015625,59403974.06814575,2.000000000000006
CUB,2018-10-01,2019-09-23,128.3485,153.1483,19,239,rebalance_trim,19.3222,471.1953,2018-09-28,1.9801982460385728,0.8866666666666667,150,1.3465519543971312,1.0541463173554821,127.86852264404297,91912912.38899231,17.999999999999993
NAM-INDIA,2019-07-01,2019-09-23,186.6999,212.1216,11,56,rebalance_trim,13.6164,279.6392,2019-06-28,1.810948934112378,0.8066666666666666,150,0.15561363183350455,0.8398316168444871,182.4879150390625,124778024.98234558,30.000000000000004
TRENT,2019-09-03,2019-09-23,465.5465,497.8707,5,13,rebalance_trim,6.9433,161.6209,2019-08-30,2.1192405755924817,0.8428571428571429,140,0.31545902437089723,0.7332441712788964,466.3730163574219,65454108.05145264,23.0
ABB,2019-07-01,2019-09-24,1400.5118,1376.5171,2,57,rebalance_trim,-1.7133,-47.9894,2019-06-28,2.5264540384664436,0.9266666666666666,150,1.2378415292329072,0.8438072548909998,1409.898681640625,137804578.54016113,12.000000000000004
BAJAJHLDNG,2019-05-02,2019-09-24,2892.3502,3268.1015,1,98,rebalance_trim,12.9912,375.7512,2019-04-30,2.1227649019125168,0.8933333333333333,150,0.8632445949547614,0.8354345603489922,2747.643798828125,66444703.314453125,17.000000000000004
GODREJPROP,2019-03-01,2019-09-24,769.9665,1011.4504,3,136,rebalance_trim,31.3629,724.4518,2019-02-28,1.7178750123414328,0.82,150,-0.06281573640030222,0.1674772582772627,709.4500122070312,133535143.46655273,28.000000000000007
SIEMENS,2019-06-03,2019-09-24,723.3269,818.2042,3,76,rebalance_trim,13.1168,284.632,2019-05-31,1.9602038409601492,0.8533333333333334,150,0.4094790121666085,0.8876393719088743,721.43115234375,448525296.8515625,22.999999999999993
RITES,2019-08-01,2019-09-25,89.523,96.7728,24,35,rebalance_trim,8.0982,173.995,2019-07-31,1.9414870443949113,0.8187919463087249,149,1.2672375246295149,0.5081161577878391,89.66831970214844,65535954.317085266,27.999999999999993
BALRAMCHIN,2018-12-03,2019-09-26,101.8516,160.505,16,201,rebalance_trim,57.5872,938.4552,2018-11-30,1.9755244957666962,0.9,150,-0.5450928241135997,0.8256890791497871,92.54676818847656,476917066.2026367,15.999999999999996
BAJAJHLDNG,2019-05-02,2019-09-30,2926.2857,3178.5197,1,102,rebalance_trim,8.6196,252.234,2019-04-30,2.1227649019125168,0.8933333333333333,150,0.8632445949547614,0.8354345603489922,2747.643798828125,66444703.314453125,17.000000000000004
ABB,2019-07-01,2019-10-01,1400.5118,1341.4465,18,62,rebalance_exit,-4.2174,-1063.1771,2019-06-28,2.5264540384664436,0.9266666666666666,150,1.2378415292329072,0.8438072548909998,1409.898681640625,137804578.54016113,12.000000000000004
CUB,2018-10-01,2019-10-01,128.3485,155.987,159,245,rebalance_exit,21.534,4394.5225,2018-09-28,1.9801982460385728,0.8866666666666667,150,1.3465519543971312,1.0541463173554821,127.86852264404297,91912912.38899231,17.999999999999993
DCMSHRIRAM,2019-06-03,2019-10-01,479.6031,370.8028,63,81,rebalance_exit,-22.6855,-6854.4163,2019-05-31,2.363194350800624,0.9466666666666667,150,1.5189674155682662,0.5741689909447277,506.50201416015625,75260056.6821289,9.000000000000002
INOXLEISUR,2019-06-03,2019-10-01,346.2501,331.8355,78,81,rebalance_exit,-4.1631,-1124.3406,2019-05-31,2.3310668377729247,0.94,150,0.5568834378163338,1.1655864778835014,376.25,73559264.4,10.000000000000007
KEC,2019-09-03,2019-10-01,237.5602,262.5481,97,19,rebalance_exit,10.5185,2423.8232,2019-08-30,2.145777531657581,0.8642857142857143,140,0.15962343889449235,0.8698698263593888,233.86618041992188,61540643.58679199,19.999999999999993
MUTHOOTFIN,2019-01-01,2019-10-01,452.3518,605.0513,5,184,rebalance_trim,33.7568,763.4977,2018-12-31,1.7695327973600161,0.82,150,0.07016833731536669,0.45282448609383624,451.53875732421875,336244576.0924072,28.000000000000007
NMDC,2019-08-01,2019-10-01,16.8949,14.5281,1724,39,rebalance_exit,-14.0085,-4080.21,2019-07-31,2.3859672552376274,0.9328859060402684,149,0.9582436715947669,1.2027006748629956,17.866424560546875,238976904.8746376,11.000000000000002
SBILIFE,2019-09-03,2019-10-01,819.754,834.3016,31,19,rebalance_exit,1.7746,450.9775,2019-08-30,3.170664640558185,0.9928571428571429,140,0.8091569604014742,1.468055520580091,828.5934448242188,469411854.82580566,1.9999999999999964
SIEMENS,2019-06-03,2019-10-03,723.3269,873.695,3,82,rebalance_trim,20.7884,451.1042,2019-05-31,1.9602038409601492,0.8533333333333334,150,0.4094790121666085,0.8876393719088743,721.43115234375,448525296.8515625,22.999999999999993
NAM-INDIA,2019-07-01,2019-10-04,186.6999,227.5143,11,64,rebalance_trim,21.861,448.9582,2019-06-28,1.810948934112378,0.8066666666666666,150,0.15561363183350455,0.8398316168444871,182.4879150390625,124778024.98234558,30.000000000000004
NAUKRI,2018-10-01,2019-10-04,311.5654,416.7354,6,247,rebalance_trim,33.7554,631.02,2018-09-28,1.7356234295437167,0.8533333333333334,150,1.2148841175544676,0.7860071327007918,277.2635803222656,152950884.7970581,22.999999999999993
NAUKRI,2018-10-01,2019-10-09,311.5654,450.646,5,249,rebalance_trim,44.6393,695.4032,2018-09-28,1.7356234295437167,0.8533333333333334,150,1.2148841175544676,0.7860071327007918,277.2635803222656,152950884.7970581,22.999999999999993
BERGEPAINT,2019-10-01,2019-10-11,353.1238,379.5202,6,6,rebalance_trim,7.4751,158.3785,2019-09-30,2.3915941254698074,0.9343065693430657,137,0.6361556504242072,0.5964158799823133,351.8417663574219,256794813.77947998,10.000000000000004
RITES,2019-08-01,2019-10-11,89.523,101.5562,27,45,rebalance_trim,13.4415,324.8972,2019-07-31,1.9414870443949113,0.8187919463087249,149,1.2672375246295149,0.5081161577878391,89.66831970214844,65535954.317085266,27.999999999999993
NAM-INDIA,2019-07-01,2019-10-24,186.6999,281.5118,16,76,rebalance_trim,50.7831,1516.9908,2019-06-28,1.810948934112378,0.8066666666666666,150,0.15561363183350455,0.8398316168444871,182.4879150390625,124778024.98234558,30.000000000000004
MANAPPURAM,2019-10-01,2019-10-25,125.2296,146.4611,23,15,rebalance_trim,16.9541,488.3253,2019-09-30,2.0530113398797143,0.8613138686131386,137,1.0143090314534726,-0.004944634635186837,125.1817626953125,530512333.124176,20.000000000000007
PIIND,2019-02-01,2019-10-25,867.6475,1398.1409,2,176,rebalance_trim,61.1416,1060.9868,2019-01-31,1.6073613380681988,0.8133333333333334,150,-0.3691321496752568,0.4853906073150072,835.3931884765625,53115231.044921875,28.999999999999996
PFC,2019-05-02,2019-10-27,57.1615,53.9787,46,119,rebalance_trim,-5.5681,-146.4081,2019-04-30,2.2835391660462623,0.9066666666666666,150,0.8385760968429645,1.0424553117062694,58.42230224609375,506578021.94280624,15.000000000000007
LALPATHLAB,2019-10-01,2019-10-29,666.6802,767.5226,4,17,rebalance_trim,15.126,403.3694,2019-09-30,2.046631323786232,0.8540145985401459,137,0.6008632758661906,0.27084981755907256,661.7634887695312,63188252.03125,21.000000000000007
BERGEPAINT,2019-10-01,2019-11-01,353.1238,419.1807,62,20,rebalance_exit,18.7064,4095.5255,2019-09-30,2.3915941254698074,0.9343065693430657,137,0.6361556504242072,0.5964158799823133,351.8417663574219,256794813.77947998,10.000000000000004
DCBBANK,2019-03-01,2019-11-01,175.4248,172.3293,139,161,rebalance_exit,-1.7646,-430.2691,2019-02-28,1.7660752321520836,0.8333333333333334,150,0.1537935591385045,0.07523867140941283,172.0410614013672,196598015.25416565,25.999999999999993
GSKCONS,2019-10-01,2019-11-01,8559.8794,9205.6934,2,20,rebalance_exit,7.5447,1291.628,2019-09-30,2.1624935748283547,0.8759124087591241,137,0.20083023224879107,0.6613942494066962,8528.9,93636972.0,17.999999999999993
ICICIGI,2018-11-01,2019-11-01,832.7611,1285.7232,20,244,rebalance_exit,54.3928,9059.2416,2018-10-31,1.9711030567946515,0.8933333333333333,150,0.6238980317180949,0.25598931419156856,768.1310424804688,178391806.97998047,17.000000000000004
MARICO,2019-10-01,2019-11-01,354.7963,331.3585,75,20,rebalance_exit,-6.606,-1757.834,2019-09-30,2.458582488488763,0.9416058394160584,137,0.6343553570190829,0.6655455255000199,356.5066833496094,491515736.00097656,9.000000000000005
MERCK,2019-06-03,2019-11-01,3425.4907,3832.8217,6,101,rebalance_exit,11.8912,2443.9861,2019-05-31,2.4921733856604824,0.96,150,1.767904732999699,0.5426708328044768,3365.838623046875,75376361.625,7.000000000000005
NAUKRI,2018-10-01,2019-11-01,311.5654,497.8771,52,265,rebalance_exit,59.7986,9688.2107,2018-09-28,1.7356234295437167,0.8533333333333334,150,1.2148841175544676,0.7860071327007918,277.2635803222656,152950884.7970581,22.999999999999993
OBEROIRLTY,2019-08-01,2019-11-01,527.8376,496.952,49,59,rebalance_exit,-5.8514,-1513.3976,2019-07-31,2.171158138769518,0.87248322147651,149,0.873976301012088,1.0120836779289994,535.3613891601562,170200633.49853516,20.000000000000007
PFC,2019-05-02,2019-11-01,57.1615,54.8941,462,123,rebalance_exit,-3.9666,-1047.5194,2019-04-30,2.2835391660462623,0.9066666666666666,150,0.8385760968429645,1.0424553117062694,58.42230224609375,506578021.94280624,15.000000000000007
RAJESHEXPO,2019-08-01,2019-11-01,686.7019,674.1691,37,59,rebalance_exit,-1.8251,-463.7121,2019-07-31,2.1648510468201403,0.8657718120805369,149,1.0445530486531416,0.899023506075116,684.5720825195312,191770129.9758911,21.000000000000004
RECLTD,2019-06-03,2019-11-01,63.7042,62.3903,424,101,rebalance_exit,-2.0625,-557.1002,2019-05-31,2.1739131517751438,0.9066666666666666,150,1.0515141461304316,0.6866098883024199,64.73651885986328,576732464.5263672,15.000000000000007
SOBHA,2019-09-03,2019-11-01,495.0292,405.453,56,39,rebalance_exit,-18.0951,-5016.2637,2019-08-30,2.084195905708568,0.8214285714285714,140,0.44469176811631395,0.6065349321027079,510.5726318359375,91373703.67163086,26.000000000000004
TATACONSUM,2019-09-03,2019-11-01,261.1333,299.4975,12,39,rebalance_trim,14.6914,460.3705,2019-08-30,2.2893350265685033,0.8785714285714286,140,0.1701076250284146,1.0101368007161855,263.763916015625,455620393.1253052,18.0
VGUARD,2019-08-01,2019-11-01,223.2117,242.723,113,59,rebalance_exit,8.7412,2204.7793,2019-07-31,1.9870078235495654,0.8322147651006712,149,1.0634360041746294,0.6861588640163652,226.81689453125,109293386.64154053,25.999999999999996
CGCL,2019-11-01,2019-11-05,189.4006,210.1262,14,2,rebalance_trim,10.9428,290.159,2019-10-31,2.4573388479507434,0.9366197183098591,142,2.1155606012375214,0.5599798786595395,188.4092559814453,64909856.893951416,10.000000000000004
VBL,2019-05-02,2019-11-07,51.2226,65.9076,53,127,rebalance_trim,28.6689,778.3041,2019-04-30,1.6721461354478655,0.8066666666666666,150,0.9177345271930925,0.26718762852498773,50.773380279541016,80783937.96904755,30.000000000000004
IGL,2019-10-01,2019-11-11,158.3171,187.2814,16,26,rebalance_trim,18.2952,463.4297,2019-09-30,2.1397304080549118,0.8686131386861314,137,0.7056569507936185,0.29367354700080606,155.93667602539062,454225291.05267334,18.999999999999993
IPCALAB,2018-09-03,2019-11-14,385.8907,531.2112,6,291,rebalance_trim,37.6585,871.9231,2018-08-31,1.9662596697818464,0.9066666666666666,150,2.123761072788852,0.3303341128780294,376.18994140625,75942149.66766357,15.000000000000007
LALPATHLAB,2019-10-01,2019-11-15,670.6944,754.2649,4,29,rebalance_trim,12.4603,334.2817,2019-09-30,2.046631323786232,0.8540145985401459,137,0.6008632758661906,0.27084981755907256,661.7634887695312,63188252.03125,21.000000000000007
ADANIGREEN,2019-11-01,2019-11-21,90.5661,98.305,25,13,rebalance_trim,8.545,193.4719,2019-10-31,1.7847064400103172,0.823943661971831,142,0.8776325788894469,0.5133382580927224,89.69999694824219,50021456.4016037,26.0
NAM-INDIA,2019-07-01,2019-11-22,186.6999,315.5896,8,96,rebalance_trim,69.0358,1031.1175,2019-06-28,1.810948934112378,0.8066666666666666,150,0.15561363183350455,0.8398316168444871,182.4879150390625,124778024.98234558,30.000000000000004
ADANIGREEN,2019-11-01,2019-11-25,90.5661,107.3234,25,15,rebalance_trim,18.5027,418.9305,2019-10-31,1.7847064400103172,0.823943661971831,142,0.8776325788894469,0.5133382580927224,89.69999694824219,50021456.4016037,26.0
ADANIGREEN,2019-11-01,2019-11-28,90.5661,126.805,34,18,rebalance_trim,40.0137,1232.1211,2019-10-31,1.7847064400103172,0.823943661971831,142,0.8776325788894469,0.5133382580927224,89.69999694824219,50021456.4016037,26.0
AARTIIND,2019-01-01,2019-12-02,355.5195,412.3138,59,224,rebalance_exit,15.975,3350.8613,2018-12-31,2.826787308231451,0.9933333333333333,150,1.3907264587857682,0.6188071180429446,341.59185791015625,59403974.06814575,2.000000000000006
ATUL,2019-11-01,2019-12-02,4237.5435,3931.9775,6,20,rebalance_exit,-7.2109,-1833.3959,2019-10-31,1.9809778711333206,0.8591549295774648,142,0.9070783473561723,0.7326287566687751,4198.5576171875,52386065.299072266,21.000000000000004
BALRAMCHIN,2018-12-03,2019-12-02,108.4635,146.1977,190,244,rebalance_exit,34.7898,7169.512,2018-11-30,1.9755244957666962,0.9,150,-0.5450928241135997,0.8256890791497871,92.54676818847656,476917066.2026367,15.999999999999996
COLPAL,2019-11-01,2019-12-02,1332.4496,1261.7815,19,20,rebalance_exit,-5.3036,-1342.6933,2019-10-31,2.8653119350671,0.9859154929577465,142,1.8672938612183592,1.2076547154394193,1321.863037109375,467425252.85339355,2.9999999999999973
CUB,2019-11-01,2019-12-02,151.9806,160.9818,169,20,rebalance_exit,5.9226,1521.2061,2019-10-31,1.7498169711139346,0.8028169014084507,142,1.261696148568033,0.2330166765129228,152.82032775878906,127865916.5260315,28.999999999999993
GSPL,2019-09-03,2019-12-02,219.7753,214.7464,116,59,rebalance_exit,-2.2882,-583.3615,2019-08-30,2.3871622117184814,0.9071428571428571,140,0.2518013297196455,1.0534164864447786,219.85,77387842.0,14.0
PGHL,2019-11-01,2019-12-02,3823.1829,3554.0714,7,20,rebalance_exit,-7.0389,-1883.7804,2019-10-31,2.671626919279417,0.971830985915493,142,1.8113860586840242,1.0078993224365482,3843.39306640625,60610575.61279297,4.999999999999995
PHOENIXLTD,2019-11-01,2019-12-02,363.7658,372.5342,71,20,rebalance_exit,2.4105,622.5587,2019-10-31,1.76438488600546,0.8098591549295775,142,0.8815725738211126,0.48630076921217,356.88934326171875,50293543.693359375,27.999999999999996
RAMCOCEM,2019-07-01,2019-12-02,774.6774,783.8297,34,102,rebalance_exit,1.1814,311.178,2019-06-28,2.083480080104775,0.8466666666666667,150,0.464375565860306,0.9108528482769523,767.0322875976562,218892819.95581055,24.0
SHREECEM,2019-05-03,2019-12-02,19289.8478,20541.9082,1,142,rebalance_exit,6.4908,1252.0604,2019-05-02,1.7901106757769285,0.8266666666666667,150,0.17139392979530077,1.083192386047298,19375.814453125,396722035.828125,27.0
SIEMENS,2019-06-03,2019-12-02,735.0873,832.4166,30,121,rebalance_exit,13.2405,2919.8805,2019-05-31,1.9602038409601492,0.8533333333333334,150,0.4094790121666085,0.8876393719088743,721.43115234375,448525296.8515625,22.999999999999993
TATACONSUM,2019-09-03,2019-12-02,261.1333,307.0606,85,59,rebalance_exit,17.5877,3903.8205,2019-08-30,2.2893350265685033,0.8785714285714286,140,0.1701076250284146,1.0101368007161855,263.763916015625,455620393.1253052,18.0
TORNTPOWER,2019-09-03,2019-12-02,233.897,234.7809,99,59,rebalance_exit,0.3779,87.5111,2019-08-30,2.559229849295986,0.9428571428571428,140,0.8494444224987228,0.8110391508812472,233.92198181152344,236352695.56640625,9.000000000000004
VBL,2019-05-02,2019-12-02,51.2226,63.7717,388,143,rebalance_exit,24.4991,4869.0525,2019-04-30,1.6721461354478655,0.8066666666666666,150,0.9177345271930925,0.26718762852498773,50.773380279541016,80783937.96904755,30.000000000000004
PRESTIGE,2019-12-02,2019-12-03,299.2592,322.5627,8,1,rebalance_trim,7.7871,186.4277,2019-11-29,1.730135058455589,0.8299319727891157,147,1.5183956811680224,0.26285961614345504,297.7245788574219,50859168.74316406,25.999999999999996
PFIZER,2019-12-02,2019-12-04,3661.9293,3806.228,1,2,rebalance_trim,3.9405,144.2987,2019-11-29,2.316872973398421,0.9115646258503401,147,1.6384335970032162,0.975763536177862,3618.817138671875,70565915.30053711,13.999999999999998
PFIZER,2019-12-02,2019-12-09,3681.1004,3797.3439,1,5,rebalance_trim,3.1578,116.2435,2019-11-29,2.316872973398421,0.9115646258503401,147,1.6384335970032162,0.975763536177862,3618.817138671875,70565915.30053711,13.999999999999998
GUJGASLTD,2019-12-02,2019-12-11,204.0262,216.6674,11,7,rebalance_trim,6.1959,139.0528,2019-11-29,2.088827205043602,0.8775510204081632,147,1.7665182139900928,0.57781815771656,202.74183654785156,62725074.19656372,19.000000000000004
MANAPPURAM,2019-10-01,2019-12-12,126.7522,148.1544,17,48,rebalance_trim,16.8851,363.8376,2019-09-30,2.0530113398797143,0.8613138686131386,137,1.0143090314534726,-0.004944634635186837,125.1817626953125,530512333.124176,20.000000000000007
PFIZER,2019-12-02,2019-12-13,3689.7892,3758.3239,1,9,rebalance_trim,1.8574,68.5347,2019-11-29,2.316872973398421,0.9115646258503401,147,1.6384335970032162,0.975763536177862,3618.817138671875,70565915.30053711,13.999999999999998
CGCL,2019-11-01,2019-12-19,186.8326,187.0923,13,33,rebalance_trim,0.139,3.3753,2019-10-31,2.4573388479507434,0.9366197183098591,142,2.1155606012375214,0.5599798786595395,188.4092559814453,64909856.893951416,10.000000000000004
BAJAJHLDNG,2019-05-02,2019-12-20,2962.4687,2969.0478,1,157,rebalance_trim,0.2221,6.5791,2019-04-30,2.1227649019125168,0.8933333333333333,150,0.8632445949547614,0.8354345603489922,2747.643798828125,66444703.314453125,17.000000000000004
ADANIGREEN,2019-11-01,2019-12-24,90.5661,145.9378,19,36,rebalance_trim,61.1395,1052.0624,2019-10-31,1.7847064400103172,0.823943661971831,142,0.8776325788894469,0.5133382580927224,89.69999694824219,50021456.4016037,26.0
BAJAJHLDNG,2019-05-02,2019-12-24,2961.6099,3011.2197,1,159,rebalance_trim,1.6751,49.6098,2019-04-30,2.1227649019125168,0.8933333333333333,150,0.8632445949547614,0.8354345603489922,2747.643798828125,66444703.314453125,17.000000000000004
ADANIGREEN,2019-11-01,2019-12-31,90.5661,165.8679,20,40,rebalance_trim,83.1456,1506.0353,2019-10-31,1.7847064400103172,0.823943661971831,142,0.8776325788894469,0.5133382580927224,89.69999694824219,50021456.4016037,26.0
MUTHOOTFIN,2019-01-01,2019-12-31,466.0429,682.526,4,244,rebalance_trim,46.4513,865.9321,2018-12-31,1.7695327973600161,0.82,150,0.07016833731536669,0.45282448609383624,451.53875732421875,336244576.0924072,28.000000000000007
ADANIPOWER,2019-11-01,2020-01-01,13.0838,12.3168,2215,41,rebalance_exit,-5.8624,-1698.974,2019-10-31,2.046382690953532,0.8732394366197183,142,1.4754995830578395,0.45940202173463784,13.210000038146973,559466704.6822548,19.000000000000007
ASTRAL,2019-11-01,2020-01-01,632.7981,651.9553,40,41,rebalance_exit,3.0274,766.287,2019-10-31,2.1320207948840766,0.8873239436619719,142,1.5499787692378393,0.5168764075530328,621.6563110351562,71502769.88061523,16.999999999999993
BAJAJHLDNG,2019-05-02,2020-01-01,2961.6099,3052.7644,8,164,rebalance_exit,3.0779,729.2362,2019-04-30,2.1227649019125168,0.8933333333333333,150,0.8632445949547614,0.8354345603489922,2747.643798828125,66444703.314453125,17.000000000000004
CROMPTON,2019-11-01,2020-01-01,240.4681,227.6433,107,41,rebalance_exit,-5.3333,-1372.2499,2019-10-31,1.779379264599155,0.8169014084507042,142,1.0598714514087757,0.3939141975401703,236.96299743652344,141023472.35961914,26.999999999999996
GODREJPROP,2019-03-01,2020-01-01,790.0055,987.5343,27,202,rebalance_exit,25.0035,5333.2798,2019-02-28,1.7178750123414328,0.82,150,-0.06281573640030222,0.1674772582772627,709.4500122070312,133535143.46655273,28.000000000000007
GRSE,2019-12-02,2020-01-01,184.8034,172.1663,144,21,rebalance_exit,-6.8381,-1819.7414,2019-11-29,3.89212250850034,1.0,147,3.4014964208717386,1.8931787128650164,183.5068359375,51771358.434173584,1.0
KANSAINER,2019-11-01,2020-01-01,348.3862,323.4388,81,41,rebalance_exit,-7.1608,-2020.7383,2019-10-31,1.8155678126765042,0.8380281690140845,142,0.790816652171187,0.6045098332531718,345.3416442871094,68309352.94766235,24.0
KEI,2019-12-02,2020-01-01,508.4554,454.8501,58,21,rebalance_exit,-10.5428,-3109.1071,2019-11-29,1.8893802231882153,0.8571428571428571,147,1.4743331265896313,0.509358455213859,510.60009765625,55525908.18054199,22.000000000000007
VINATIORGA,2019-08-01,2020-01-01,919.8793,952.1938,28,100,rebalance_exit,3.5129,904.8053,2019-07-31,3.150366387691682,0.9932885906040269,149,2.970518841212406,0.8176181774767659,886.7181396484375,52450398.69580078,1.9999999999999987
ADANIGREEN,2019-11-01,2020-01-02,90.5661,178.5235,15,42,rebalance_trim,97.1195,1319.3602,2019-10-31,1.7847064400103172,0.823943661971831,142,0.8776325788894469,0.5133382580927224,89.69999694824219,50021456.4016037,26.0
ATGL,2019-12-02,2020-01-02,161.3172,176.9054,16,22,rebalance_trim,9.6631,249.4121,2019-11-29,1.751015247695774,0.8435374149659864,147,1.7031539486643583,0.16339152617110297,160.60479736328125,81484500.10748291,23.999999999999993
GUJGASLTD,2019-12-02,2020-01-02,204.0262,242.8005,11,22,rebalance_trim,19.0046,426.5173,2019-11-29,2.088827205043602,0.8775510204081632,147,1.7665182139900928,0.57781815771656,202.74183654785156,62725074.19656372,19.000000000000004
RITES,2019-08-01,2020-01-03,90.5585,111.675,26,102,rebalance_trim,23.318,549.0285,2019-07-31,1.9414870443949113,0.8187919463087249,149,1.2672375246295149,0.5081161577878391,89.66831970214844,65535954.317085266,27.999999999999993
ADANIGREEN,2019-11-01,2020-01-06,90.5661,199.3006,13,44,rebalance_trim,120.0608,1413.5477,2019-10-31,1.7847064400103172,0.823943661971831,142,0.8776325788894469,0.5133382580927224,89.69999694824219,50021456.4016037,26.0
DIXON,2020-01-01,2020-01-08,754.057,834.0049,3,5,rebalance_trim,10.6024,239.8437,2019-12-31,2.524169664144332,0.9246575342465754,146,1.7317558393719215,1.2759260801564625,757.2647705078125,84585337.83691406,11.999999999999995
ADANIGREEN,2019-11-01,2020-01-09,90.5661,231.3381,19,47,rebalance_trim,155.4356,2674.668,2019-10-31,1.7847064400103172,0.823943661971831,142,0.8776325788894469,0.5133382580927224,89.69999694824219,50021456.4016037,26.0
COFORGE,2019-10-01,2020-01-09,261.4576,321.8759,9,67,rebalance_trim,23.1083,543.7646,2019-09-30,2.1631349646887577,0.8832116788321168,137,0.4628265185965854,0.483178285177571,256.84393310546875,429328909.46273804,16.999999999999996
GMRAIRPORT,2019-12-02,2020-01-09,19.7994,22.1302,139,27,rebalance_trim,11.7719,323.9781,2019-11-29,1.6380480700972442,0.8027210884353742,147,0.7847265723142682,0.6454014506155773,19.73033332824707,298400697.2052269,30.0
MCX,2020-01-01,2020-01-13,219.5526,252.1099,12,8,rebalance_trim,14.8289,390.6878,2019-12-31,2.7598040475119157,0.9452054794520548,146,1.9289896321042135,1.4544838048044972,218.5242919921875,379450409.9810791,9.0
AVANTIFEED,2020-01-01,2020-01-16,552.1579,656.8619,4,11,rebalance_trim,18.9627,418.8161,2019-12-31,1.8105030507819793,0.821917808219178,146,0.7323578587945049,1.0184566696527912,542.7949829101562,202937533.55941772,27.000000000000007
GRANULES,2020-01-01,2020-01-17,120.9533,142.3377,22,12,rebalance_trim,17.6799,470.4563,2019-12-31,1.94066441613429,0.8424657534246576,146,1.2142769265594582,0.8542443240092886,120.43325805664062,119267312.35377502,23.999999999999993
ADANIGREEN,2019-11-01,2020-01-20,118.503,197.3574,18,54,rebalance_trim,66.5422,1419.3798,2019-10-31,1.7847064400103172,0.823943661971831,142,0.8776325788894469,0.5133382580927224,89.69999694824219,50021456.4016037,26.0
RELAXO,2019-12-02,2020-01-20,580.3157,668.3532,4,34,rebalance_trim,15.1706,352.1502,2019-11-29,2.4687238374900433,0.9387755102040817,147,1.4614347936310017,1.3041805252997265,574.611328125,55658883.44433594,9.999999999999993
PRESTIGE,2019-12-02,2020-01-21,299.2592,407.0364,13,35,rebalance_trim,36.0147,1401.1034,2019-11-29,1.730135058455589,0.8299319727891157,147,1.5183956811680224,0.26285961614345504,297.7245788574219,50859168.74316406,25.999999999999996
CANFINHOME,2019-09-03,2020-01-22,388.3889,446.1096,9,95,rebalance_trim,14.8616,519.4866,2019-08-30,2.4712331471582156,0.9214285714285714,140,0.5302801404458352,0.9444821979477044,393.12591552734375,161743385.2434082,12.000000000000007
MGL,2020-01-01,2020-01-22,901.2003,980.5667,3,15,rebalance_trim,8.8067,238.0993,2019-12-31,1.848335477166923,0.8287671232876712,146,0.7190328628749234,1.078832610331109,902.053955078125,379081541.1914673,26.000000000000004
ATGL,2019-12-02,2020-01-27,160.8893,172.537,20,39,rebalance_trim,7.2396,232.9547,2019-11-29,1.751015247695774,0.8435374149659864,147,1.7031539486643583,0.16339152617110297,160.60479736328125,81484500.10748291,23.999999999999993
PFIZER,2019-12-02,2020-01-27,3682.9558,3629.374,1,39,rebalance_trim,-1.4549,-53.5818,2019-11-29,2.316872973398421,0.9115646258503401,147,1.6384335970032162,0.975763536177862,3618.817138671875,70565915.30053711,13.999999999999998
VBL,2020-01-01,2020-01-27,61.8542,73.7682,39,18,rebalance_trim,19.2614,464.6458,2019-12-31,1.8918802361556497,0.8356164383561644,146,1.6102336781250923,0.509454600944368,61.865272521972656,107703174.22822952,25.0
LALPATHLAB,2019-10-01,2020-01-28,674.6523,845.8862,4,80,rebalance_trim,25.3811,684.9358,2019-09-30,2.046631323786232,0.8540145985401459,137,0.6008632758661906,0.27084981755907256,661.7634887695312,63188252.03125,21.000000000000007
IGL,2019-10-01,2020-01-31,158.3171,229.8565,13,83,rebalance_trim,45.1874,930.0126,2019-09-30,2.1397304080549118,0.8686131386861314,137,0.7056569507936185,0.29367354700080606,155.93667602539062,454225291.05267334,18.999999999999993
CANFINHOME,2019-09-03,2020-02-03,388.3889,449.4829,62,103,rebalance_exit,15.7301,3787.8294,2019-08-30,2.4712331471582156,0.9214285714285714,140,0.5302801404458352,0.9444821979477044,393.12591552734375,161743385.2434082,12.000000000000007
GLAXO,2019-12-02,2020-02-03,1399.2975,1365.285,20,44,rebalance_exit,-2.4307,-680.2508,2019-11-29,2.468571065662565,0.9319727891156463,147,1.1663365037382856,1.508085631784051,1396.7283935546875,53642021.24633789,10.999999999999995
IGL,2019-10-01,2020-02-03,158.3171,224.7377,123,84,rebalance_exit,41.9542,8169.7329,2019-09-30,2.1397304080549118,0.8686131386861314,137,0.7056569507936185,0.29367354700080606,155.93667602539062,454225291.05267334,18.999999999999993
INOXLEISUR,2019-12-02,2020-02-03,363.6694,384.6501,73,44,rebalance_exit,5.7692,1531.5887,2019-11-29,2.002909771688029,0.8707482993197279,147,1.9461864597777492,0.33699586775023477,359.2,59069881.65,20.000000000000004
VBL,2020-01-01,2020-02-03,62.2916,66.1208,429,23,rebalance_exit,6.1471,1642.7014,2019-12-31,1.8918802361556497,0.8356164383561644,146,1.6102336781250923,0.509454600944368,61.865272521972656,107703174.22822952,25.0
ADANIGREEN,2019-11-01,2020-02-04,126.6969,201.1939,14,65,rebalance_trim,58.7994,1042.9584,2019-10-31,1.7847064400103172,0.823943661971831,142,0.8776325788894469,0.5133382580927224,89.69999694824219,50021456.4016037,26.0
DEEPAKNTR,2020-01-01,2020-02-04,362.2651,407.4756,10,24,rebalance_trim,12.48,452.1058,2019-12-31,1.8041063687581602,0.815068493150685,146,1.351465313893249,0.5735285569349078,363.2445373535156,79265048.94885254,27.999999999999993
GODFRYPHLP,2020-01-01,2020-02-05,372.6396,372.4466,9,25,rebalance_trim,-0.0518,-1.7367,2019-12-31,2.113297364337363,0.8698630136986302,146,1.0587527549346014,1.1964987658392092,377.208740234375,85547024.1831665,19.999999999999996
SCI,2019-12-02,2020-02-05,55.3111,58.484,59,46,rebalance_trim,5.7365,187.201,2019-11-29,2.4898754622713897,0.9455782312925171,147,0.7652097126857036,1.8144355135673684,55.91655349731445,145895111.65494537,8.999999999999993
GRANULES,2020-01-01,2020-02-06,122.7119,150.7241,22,26,rebalance_trim,22.8276,616.2683,2019-12-31,1.94066441613429,0.8424657534246576,146,1.2142769265594582,0.8542443240092886,120.43325805664062,119267312.35377502,23.999999999999993
PRESTIGE,2019-12-02,2020-02-06,311.9908,368.95,8,47,rebalance_trim,18.2567,455.6734,2019-11-29,1.730135058455589,0.8299319727891157,147,1.5183956811680224,0.26285961614345504,297.7245788574219,50859168.74316406,25.999999999999996
CREDITACC,2019-12-02,2020-02-07,787.5222,821.5791,4,48,rebalance_trim,4.3246,136.2274,2019-11-29,2.23096030064135,0.8979591836734694,147,2.041374359040193,0.5805155068849507,795.6904907226562,69283869.71679688,16.0
GMRAIRPORT,2019-12-02,2020-02-07,19.802,20.9631,128,48,rebalance_trim,5.8637,148.6236,2019-11-29,1.6380480700972442,0.8027210884353742,147,0.7847265723142682,0.6454014506155773,19.73033332824707,298400697.2052269,30.0
AVANTIFEED,2020-01-01,2020-02-10,558.2072,602.773,5,28,rebalance_trim,7.9837,222.8289,2019-12-31,1.8105030507819793,0.821917808219178,146,0.7323578587945049,1.0184566696527912,542.7949829101562,202937533.55941772,27.000000000000007
TRENT,2019-09-03,2020-02-11,465.5465,693.7704,6,109,rebalance_trim,49.0228,1369.3433,2019-08-30,2.1192405755924817,0.8428571428571429,140,0.31545902437089723,0.7332441712788964,466.3730163574219,65454108.05145264,23.0
NAM-INDIA,2019-07-01,2020-02-12,207.0789,336.6403,10,153,rebalance_trim,62.5662,1295.6142,2019-06-28,1.810948934112378,0.8066666666666666,150,0.15561363183350455,0.8398316168444871,182.4879150390625,124778024.98234558,30.000000000000004
CGCL,2019-11-01,2020-02-13,186.0998,208.716,13,72,rebalance_trim,12.1527,294.0107,2019-10-31,2.4573388479507434,0.9366197183098591,142,2.1155606012375214,0.5599798786595395,188.4092559814453,64909856.893951416,10.000000000000004
PFIZER,2019-12-02,2020-02-13,3666.6226,3945.5866,1,52,rebalance_trim,7.6082,278.964,2019-11-29,2.316872973398421,0.9115646258503401,147,1.6384335970032162,0.975763536177862,3618.817138671875,70565915.30053711,13.999999999999998
GRANULES,2020-01-01,2020-02-17,122.7119,170.889,19,33,rebalance_trim,39.2603,915.3639,2019-12-31,1.94066441613429,0.8424657534246576,146,1.2142769265594582,0.8542443240092886,120.43325805664062,119267312.35377502,23.999999999999993
MUTHOOTFIN,2019-01-01,2020-02-18,485.0789,775.1927,4,279,rebalance_trim,59.8075,1160.4551,2018-12-31,1.7695327973600161,0.82,150,0.07016833731536669,0.45282448609383624,451.53875732421875,336244576.0924072,28.000000000000007
DEEPAKNTR,2020-01-01,2020-02-19,362.2651,470.5374,7,35,rebalance_trim,29.8876,757.9062,2019-12-31,1.8041063687581602,0.815068493150685,146,1.351465313893249,0.5735285569349078,363.2445373535156,79265048.94885254,27.999999999999993
NAVINFLUOR,2020-02-03,2020-02-19,1107.9861,1255.1278,3,12,rebalance_trim,13.2801,441.4249,2020-01-31,2.906251794544867,0.96,150,1.6240945185900026,2.2226372691048693,1118.3358154296875,59846493.34082031,7.000000000000005
CREDITACC,2019-12-02,2020-02-20,787.5222,952.0826,4,57,rebalance_trim,20.896,658.2414,2019-11-29,2.23096030064135,0.8979591836734694,147,2.041374359040193,0.5805155068849507,795.6904907226562,69283869.71679688,16.0
ATGL,2019-12-02,2020-02-24,161.2744,188.4115,15,58,rebalance_trim,16.8266,407.0558,2019-11-29,1.751015247695774,0.8435374149659864,147,1.7031539486643583,0.16339152617110297,160.60479736328125,81484500.10748291,23.999999999999993
IPCALAB,2018-09-03,2020-02-25,385.8907,719.3499,4,362,rebalance_trim,86.4128,1333.8366,2018-08-31,1.9662596697818464,0.9066666666666666,150,2.123761072788852,0.3303341128780294,376.18994140625,75942149.66766357,15.000000000000007
ISEC,2020-02-03,2020-02-25,447.1107,502.2374,6,15,rebalance_trim,12.3296,330.7605,2020-01-31,2.7712838232948798,0.9533333333333334,150,1.9345199031560507,1.8292258096297147,470.55,107207851.19999999,7.999999999999995
MANAPPURAM,2019-10-01,2020-02-25,130.8498,158.3937,19,99,rebalance_trim,21.05,523.3344,2019-09-30,2.0530113398797143,0.8613138686131386,137,1.0143090314534726,-0.004944634635186837,125.1817626953125,530512333.124176,20.000000000000007
TRENT,2019-09-03,2020-02-25,465.5465,784.3914,4,118,rebalance_trim,68.4883,1275.3798,2019-08-30,2.1192405755924817,0.8428571428571429,140,0.31545902437089723,0.7332441712788964,466.3730163574219,65454108.05145264,23.0
NAVINFLUOR,2020-02-03,2020-02-26,1107.9861,1436.2402,3,16,rebalance_trim,29.6262,984.7623,2020-01-31,2.906251794544867,0.96,150,1.6240945185900026,2.2226372691048693,1118.3358154296875,59846493.34082031,7.000000000000005
MCX,2020-01-01,2020-02-27,220.753,255.238,13,40,rebalance_trim,15.6215,448.3043,2019-12-31,2.7598040475119157,0.9452054794520548,146,1.9289896321042135,1.4544838048044972,218.5242919921875,379450409.9810791,9.0
ADANIENSOL,2020-01-01,2020-03-02,315.9083,258.0942,10,42,rebalance_trim,-18.3009,-578.1409,2019-12-31,2.007315533960332,0.863013698630137,146,1.112033261434774,1.0161223470058844,331.3999938964844,73020900.86151123,21.0
ATGL,2019-12-02,2020-03-02,158.2935,139.4007,220,63,rebalance_exit,-11.9352,-4156.3951,2019-11-29,1.751015247695774,0.8435374149659864,147,1.7031539486643583,0.16339152617110297,160.60479736328125,81484500.10748291,23.999999999999993
CGCL,2019-11-01,2020-03-02,186.6829,195.0836,162,83,rebalance_exit,4.5,1360.9139,2019-10-31,2.4573388479507434,0.9366197183098591,142,2.1155606012375214,0.5599798786595395,188.4092559814453,64909856.893951416,10.000000000000004
COFORGE,2019-10-01,2020-03-02,268.4161,315.5829,91,103,rebalance_exit,17.5723,4292.1755,2019-09-30,2.1631349646887577,0.8832116788321168,137,0.4628265185965854,0.483178285177571,256.84393310546875,429328909.46273804,16.999999999999996
GODFRYPHLP,2020-01-01,2020-03-02,368.3372,346.9568,90,42,rebalance_exit,-5.8046,-1924.2349,2019-12-31,2.113297364337363,0.8698630136986302,146,1.0587527549346014,1.1964987658392092,377.208740234375,85547024.1831665,19.999999999999996
ICICIGI,2019-12-02,2020-03-02,1295.0338,1182.3253,24,63,rebalance_exit,-8.7031,-2705.0032,2019-11-29,2.2988937785965096,0.9047619047619048,147,2.049009406378102,0.6673887537862412,1307.1268310546875,634127224.508667,15.0
LALPATHLAB,2019-10-01,2020-03-02,696.8508,785.0584,4,103,rebalance_trim,12.658,352.8306,2019-09-30,2.046631323786232,0.8540145985401459,137,0.6008632758661906,0.27084981755907256,661.7634887695312,63188252.03125,21.000000000000007
MGL,2020-01-01,2020-03-02,909.7978,862.2225,31,42,rebalance_exit,-5.2292,-1474.834,2019-12-31,1.848335477166923,0.8287671232876712,146,0.7190328628749234,1.078832610331109,902.053955078125,379081541.1914673,26.000000000000004
MUTHOOTFIN,2019-01-01,2020-03-02,485.0789,785.974,39,287,rebalance_exit,62.0301,11734.9098,2018-12-31,1.7695327973600161,0.82,150,0.07016833731536669,0.45282448609383624,451.53875732421875,336244576.0924072,28.000000000000007
PETRONET,2019-10-01,2020-03-02,195.1493,186.5816,154,103,rebalance_exit,-4.3904,-1319.433,2019-09-30,2.03634985481805,0.8467153284671532,137,0.45362499228669806,0.360948604528758,192.11056518554688,455988910.4903717,22.000000000000004
SCI,2019-12-02,2020-03-02,54.5462,41.7217,639,63,rebalance_exit,-23.5113,-8194.8648,2019-11-29,2.4898754622713897,0.9455782312925171,147,0.7652097126857036,1.8144355135673684,55.91655349731445,145895111.65494537,8.999999999999993
DEEPAKNTR,2020-01-01,2020-03-03,362.2651,498.3559,6,43,rebalance_trim,37.5667,816.5452,2019-12-31,1.8041063687581602,0.815068493150685,146,1.351465313893249,0.5735285569349078,363.2445373535156,79265048.94885254,27.999999999999993
PFIZER,2019-12-02,2020-03-03,3666.1456,3699.1838,1,64,rebalance_trim,0.9012,33.0382,2019-11-29,2.316872973398421,0.9115646258503401,147,1.6384335970032162,0.975763536177862,3618.817138671875,70565915.30053711,13.999999999999998
DIXON,2020-01-01,2020-03-09,771.671,869.9551,5,47,rebalance_trim,12.7365,491.4205,2019-12-31,2.524169664144332,0.9246575342465754,146,1.7317558393719215,1.2759260801564625,757.2647705078125,84585337.83691406,11.999999999999995
AAVAS,2020-01-01,2020-03-11,1973.9654,1894.3519,2,48,rebalance_trim,-4.0332,-159.2269,2019-12-31,2.835468316023622,0.952054794520548,146,3.3340896212491877,0.5662286016046635,1981.0999755859375,63611471.25,7.999999999999996
IPCALAB,2018-09-03,2020-03-11,385.8907,713.2009,4,372,rebalance_trim,84.8194,1309.2407,2018-08-31,1.9662596697818464,0.9066666666666666,150,2.123761072788852,0.3303341128780294,376.18994140625,75942149.66766357,15.000000000000007
LALPATHLAB,2019-10-01,2020-03-13,696.8508,730.1143,3,111,rebalance_trim,4.7734,99.7905,2019-09-30,2.046631323786232,0.8540145985401459,137,0.6008632758661906,0.27084981755907256,661.7634887695312,63188252.03125,21.000000000000007
ABBOTINDIA,2019-11-01,2020-03-16,10818.5399,13623.133,1,92,rebalance_trim,25.924,2804.5931,2019-10-31,3.1310344945452098,1.0,142,1.8542014890659937,1.5373720770131813,10803.1640625,81414927.63671875,1.0
PFIZER,2019-12-02,2020-03-16,3666.1456,3727.8394,1,72,rebalance_trim,1.6828,61.6937,2019-11-29,2.316872973398421,0.9115646258503401,147,1.6384335970032162,0.975763536177862,3618.817138671875,70565915.30053711,13.999999999999998
ADANIENSOL,2020-01-01,2020-03-17,282.5854,177.3775,13,52,rebalance_trim,-37.2305,-1367.7024,2019-12-31,2.007315533960332,0.863013698630137,146,1.112033261434774,1.0161223470058844,331.3999938964844,73020900.86151123,21.0
AVANTIFEED,2020-01-01,2020-03-17,485.6924,317.0047,14,52,rebalance_trim,-34.7314,-2361.628,2019-12-31,1.8105030507819793,0.821917808219178,146,0.7323578587945049,1.0184566696527912,542.7949829101562,202937533.55941772,27.000000000000007
GLAXO,2020-03-02,2020-03-17,1094.8859,1029.8565,3,10,rebalance_trim,-5.9394,-195.0882,2020-02-28,1.8635295985477074,0.82,150,1.1125401060256164,1.7460960662298732,1087.732421875,64666166.8527832,28.000000000000007
GRANULES,2020-01-01,2020-03-17,122.7119,150.9682,15,52,rebalance_trim,23.0265,423.8446,2019-12-31,1.94066441613429,0.8424657534246576,146,1.2142769265594582,0.8542443240092886,120.43325805664062,119267312.35377502,23.999999999999993
NAVINFLUOR,2020-02-03,2020-03-17,1107.9861,1271.7047,2,29,rebalance_trim,14.7762,327.4372,2020-01-31,2.906251794544867,0.96,150,1.6240945185900026,2.2226372691048693,1118.3358154296875,59846493.34082031,7.000000000000005
NH,2020-03-02,2020-03-17,335.2093,286.0808,8,10,rebalance_trim,-14.6561,-393.0277,2020-02-28,2.678260085732549,0.9466666666666667,150,2.721950960079419,1.950350194738452,329.5237731933594,73135368.85723877,9.000000000000002
COROMANDEL,2020-02-03,2020-03-18,571.0883,525.1433,6,30,rebalance_trim,-8.0452,-275.6699,2020-01-31,2.06930542038,0.8666666666666667,150,0.8127284401068879,1.6206656225617273,587.9855346679688,65054626.407714844,20.999999999999996
GMRAIRPORT,2019-12-02,2020-03-18,19.3889,15.0184,142,74,rebalance_trim,-22.5409,-620.5995,2019-11-29,1.6380480700972442,0.8027210884353742,147,0.7847265723142682,0.6454014506155773,19.73033332824707,298400697.2052269,30.0
RITES,2019-08-01,2020-03-18,92.781,100.7347,21,153,rebalance_trim,8.5725,167.0273,2019-07-31,1.9414870443949113,0.8187919463087249,149,1.2672375246295149,0.5081161577878391,89.66831970214844,65535954.317085266,27.999999999999993
WHIRLPOOL,2019-11-01,2020-03-18,2193.0235,2036.9472,2,94,rebalance_trim,-7.1169,-312.1526,2019-10-31,2.615027809048996,0.9577464788732394,142,1.1112107639976925,1.3734627372136141,2156.56982421875,79154774.77783203,7.000000000000008
ADANIENSOL,2020-01-01,2020-03-19,282.5854,191.478,21,54,rebalance_trim,-32.2407,-1913.2548,2019-12-31,2.007315533960332,0.863013698630137,146,1.112033261434774,1.0161223470058844,331.3999938964844,73020900.86151123,21.0
ADANIGREEN,2019-11-01,2020-03-19,137.6653,124.5629,28,95,rebalance_trim,-9.5176,-366.8675,2019-10-31,1.7847064400103172,0.823943661971831,142,0.8776325788894469,0.5133382580927224,89.69999694824219,50021456.4016037,26.0
GLAXO,2020-03-02,2020-03-19,1094.8859,1014.8677,2,12,rebalance_trim,-7.3084,-160.0363,2020-02-28,1.8635295985477074,0.82,150,1.1125401060256164,1.7460960662298732,1087.732421875,64666166.8527832,28.000000000000007
ADANIENSOL,2020-01-01,2020-03-20,282.5854,208.2691,13,55,rebalance_trim,-26.2987,-966.1118,2019-12-31,2.007315533960332,0.863013698630137,146,1.112033261434774,1.0161223470058844,331.3999938964844,73020900.86151123,21.0
ADANIGREEN,2019-11-01,2020-03-20,137.6653,141.902,28,96,rebalance_trim,3.0776,118.6285,2019-10-31,1.7847064400103172,0.823943661971831,142,0.8776325788894469,0.5133382580927224,89.69999694824219,50021456.4016037,26.0
CREDITACC,2019-12-02,2020-03-20,747.3029,563.7358,4,76,rebalance_trim,-24.564,-734.2687,2019-11-29,2.23096030064135,0.8979591836734694,147,2.041374359040193,0.5805155068849507,795.6904907226562,69283869.71679688,16.0
IPCALAB,2018-09-03,2020-03-20,385.8907,652.6854,6,379,rebalance_trim,69.1374,1600.7681,2018-08-31,1.9662596697818464,0.9066666666666666,150,2.123761072788852,0.3303341128780294,376.18994140625,75942149.66766357,15.000000000000007
NH,2020-03-02,2020-03-20,321.6857,263.8203,15,13,rebalance_trim,-17.9882,-867.9807,2020-02-28,2.678260085732549,0.9466666666666667,150,2.721950960079419,1.950350194738452,329.5237731933594,73135368.85723877,9.000000000000002
IPCALAB,2018-09-03,2020-03-23,385.8907,794.7867,5,380,rebalance_trim,105.9616,2044.4798,2018-08-31,1.9662596697818464,0.9066666666666666,150,2.123761072788852,0.3303341128780294,376.18994140625,75942149.66766357,15.000000000000007
BERGEPAINT,2020-03-02,2020-03-24,464.5286,331.7641,7,15,rebalance_trim,-28.5805,-929.3513,2020-02-28,3.1316239495636804,0.9733333333333334,150,3.562459468380888,2.097740988116861,458.454345703125,584804259.1130371,4.999999999999993
DEEPAKNTR,2020-01-01,2020-03-24,359.278,343.4389,6,57,rebalance_trim,-4.4086,-95.0349,2019-12-31,1.8041063687581602,0.815068493150685,146,1.351465313893249,0.5735285569349078,363.2445373535156,79265048.94885254,27.999999999999993
GMRAIRPORT,2019-12-02,2020-03-24,19.3889,14.6137,225,78,rebalance_trim,-24.6281,-1074.3988,2019-11-29,1.6380480700972442,0.8027210884353742,147,0.7847265723142682,0.6454014506155773,19.73033332824707,298400697.2052269,30.0
GRANULES,2020-01-01,2020-03-24,122.3624,121.8194,17,57,rebalance_trim,-0.4438,-9.2309,2019-12-31,1.94066441613429,0.8424657534246576,146,1.2142769265594582,0.8542443240092886,120.43325805664062,119267312.35377502,23.999999999999993
INOXLEISUR,2020-03-02,2020-03-24,414.0588,276.5295,15,15,rebalance_trim,-33.2149,-2062.939,2020-02-28,1.9955493591948623,0.8333333333333334,150,1.5775937197708487,1.6540593671104973,428.85,76979495.55,25.999999999999993
LALPATHLAB,2019-10-01,2020-03-24,696.8508,672.411,4,118,rebalance_trim,-3.5072,-97.7592,2019-09-30,2.046631323786232,0.8540145985401459,137,0.6008632758661906,0.27084981755907256,661.7634887695312,63188252.03125,21.000000000000007
MANAPPURAM,2019-10-01,2020-03-24,118.7134,76.0109,28,118,rebalance_trim,-35.9711,-1195.6694,2019-09-30,2.0530113398797143,0.8613138686131386,137,1.0143090314534726,-0.004944634635186837,125.1817626953125,530512333.124176,20.000000000000007
NAM-INDIA,2019-07-01,2020-03-24,215.0063,199.1954,13,180,rebalance_trim,-7.3537,-205.5415,2019-06-28,1.810948934112378,0.8066666666666666,150,0.15561363183350455,0.8398316168444871,182.4879150390625,124778024.98234558,30.000000000000004
NAVINFLUOR,2020-02-03,2020-03-24,1097.2504,1154.3162,4,34,rebalance_trim,5.2008,228.263,2020-01-31,2.906251794544867,0.96,150,1.6240945185900026,2.2226372691048693,1118.3358154296875,59846493.34082031,7.000000000000005
PRESTIGE,2019-12-02,2020-03-24,269.881,162.7162,21,78,rebalance_trim,-39.7082,-2250.4612,2019-11-29,1.730135058455589,0.8299319727891157,147,1.5183956811680224,0.26285961614345504,297.7245788574219,50859168.74316406,25.999999999999996
WHIRLPOOL,2019-11-01,2020-03-24,2142.1814,1800.8863,1,98,rebalance_trim,-15.9321,-341.2951,2019-10-31,2.615027809048996,0.9577464788732394,142,1.1112107639976925,1.3734627372136141,2156.56982421875,79154774.77783203,7.000000000000008
ADANIGREEN,2019-11-01,2020-03-25,137.6046,139.5104,13,99,rebalance_trim,1.385,24.7755,2019-10-31,1.7847064400103172,0.823943661971831,142,0.8776325788894469,0.5133382580927224,89.69999694824219,50021456.4016037,26.0
GLAXO,2020-03-02,2020-03-25,1087.3265,951.9043,2,16,rebalance_trim,-12.4546,-270.8445,2020-02-28,1.8635295985477074,0.82,150,1.1125401060256164,1.7460960662298732,1087.732421875,64666166.8527832,28.000000000000007
INOXLEISUR,2020-03-02,2020-03-26,385.2242,268.0593,9,17,rebalance_trim,-30.4147,-1054.4843,2020-02-28,1.9955493591948623,0.8333333333333334,150,1.5775937197708487,1.6540593671104973,428.85,76979495.55,25.999999999999993
ISEC,2020-02-03,2020-03-26,376.1671,242.1502,13,36,rebalance_trim,-35.627,-1742.2193,2020-01-31,2.7712838232948798,0.9533333333333334,150,1.9345199031560507,1.8292258096297147,470.55,107207851.19999999,7.999999999999995
MANAPPURAM,2019-10-01,2020-03-26,118.7134,93.0016,40,120,rebalance_trim,-21.6587,-1028.4722,2019-09-30,2.0530113398797143,0.8613138686131386,137,1.0143090314534726,-0.004944634635186837,125.1817626953125,530512333.124176,20.000000000000007
NAM-INDIA,2019-07-01,2020-03-26,210.3699,199.4859,10,182,rebalance_trim,-5.1737,-108.84,2019-06-28,1.810948934112378,0.8066666666666666,150,0.15561363183350455,0.8398316168444871,182.4879150390625,124778024.98234558,30.000000000000004
TRENT,2019-09-03,2020-03-26,472.6527,445.0827,7,139,rebalance_trim,-5.833,-192.9897,2019-08-30,2.1192405755924817,0.8428571428571429,140,0.31545902437089723,0.7332441712788964,466.3730163574219,65454108.05145264,23.0
AAVAS,2020-01-01,2020-03-27,1594.1755,1054.3,2,60,rebalance_trim,-33.8655,-1079.751,2019-12-31,2.835468316023622,0.952054794520548,146,3.3340896212491877,0.5662286016046635,1981.0999755859375,63611471.25,7.999999999999996
AVANTIFEED,2020-01-01,2020-03-27,471.2727,295.215,8,60,rebalance_trim,-37.3579,-1408.4614,2019-12-31,1.8105030507819793,0.821917808219178,146,0.7323578587945049,1.0184566696527912,542.7949829101562,202937533.55941772,27.000000000000007
BERGEPAINT,2020-03-02,2020-03-27,464.5286,401.1805,6,18,rebalance_trim,-13.6371,-380.0886,2020-02-28,3.1316239495636804,0.9733333333333334,150,3.562459468380888,2.097740988116861,458.454345703125,584804259.1130371,4.999999999999993
GUJGASLTD,2019-12-02,2020-03-27,204.0262,225.22,9,81,rebalance_trim,10.3878,190.7445,2019-11-29,2.088827205043602,0.8775510204081632,147,1.7665182139900928,0.57781815771656,202.74183654785156,62725074.19656372,19.000000000000004
ISEC,2020-02-03,2020-03-27,376.1671,280.4159,8,37,rebalance_trim,-25.4544,-766.0093,2020-01-31,2.7712838232948798,0.9533333333333334,150,1.9345199031560507,1.8292258096297147,470.55,107207851.19999999,7.999999999999995
NAUKRI,2020-03-02,2020-03-27,511.7994,420.3458,7,18,rebalance_trim,-17.869,-640.1756,2020-02-28,1.7993406157544523,0.8133333333333334,150,1.747343255886874,1.2634366307309093,508.1753845214844,560029094.2456055,28.999999999999996
NAVINFLUOR,2020-02-03,2020-03-27,1092.2245,1317.3934,3,37,rebalance_trim,20.6156,675.5068,2020-01-31,2.906251794544867,0.96,150,1.6240945185900026,2.2226372691048693,1118.3358154296875,59846493.34082031,7.000000000000005
PIIND,2019-02-01,2020-03-27,926.0715,1174.6755,2,282,rebalance_trim,26.845,497.2081,2019-01-31,1.6073613380681988,0.8133333333333334,150,-0.3691321496752568,0.4853906073150072,835.3931884765625,53115231.044921875,28.999999999999996
PRESTIGE,2019-12-02,2020-03-27,269.881,194.0968,11,81,rebalance_trim,-28.0806,-833.6261,2019-11-29,1.730135058455589,0.8299319727891157,147,1.5183956811680224,0.26285961614345504,297.7245788574219,50859168.74316406,25.999999999999996
RITES,2019-08-01,2020-03-27,91.6548,96.9151,31,160,rebalance_trim,5.7392,163.0674,2019-07-31,1.9414870443949113,0.8187919463087249,149,1.2672375246295149,0.5081161577878391,89.66831970214844,65535954.317085266,27.999999999999993
TRENT,2019-09-03,2020-03-27,472.6527,509.0126,4,140,rebalance_trim,7.6927,145.4397,2019-08-30,2.1192405755924817,0.8428571428571429,140,0.31545902437089723,0.7332441712788964,466.3730163574219,65454108.05145264,23.0
AAVAS,2020-01-01,2020-03-30,1594.1755,1159.8297,2,61,rebalance_trim,-27.2458,-868.6917,2019-12-31,2.835468316023622,0.952054794520548,146,3.3340896212491877,0.5662286016046635,1981.0999755859375,63611471.25,7.999999999999996
ISEC,2020-02-03,2020-03-31,365.3981,279.0208,9,39,rebalance_trim,-23.6392,-777.3954,2020-01-31,2.7712838232948798,0.9533333333333334,150,1.9345199031560507,1.8292258096297147,470.55,107207851.19999999,7.999999999999995
MCX,2020-01-01,2020-03-31,216.2958,200.4127,20,62,rebalance_trim,-7.3432,-317.661,2019-12-31,2.7598040475119157,0.9452054794520548,146,1.9289896321042135,1.4544838048044972,218.5242919921875,379450409.9810791,9.0
RELAXO,2019-12-02,2020-03-31,580.3157,593.5186,4,83,rebalance_trim,2.2751,52.8118,2019-11-29,2.4687238374900433,0.9387755102040817,147,1.4614347936310017,1.3041805252997265,574.611328125,55658883.44433594,9.999999999999993
ADANIENSOL,2020-01-01,2020-04-01,278.2595,189.4352,111,63,rebalance_exit,-31.9214,-9859.4999,2019-12-31,2.007315533960332,0.863013698630137,146,1.112033261434774,1.0161223470058844,331.3999938964844,73020900.86151123,21.0
AVANTIFEED,2020-01-01,2020-04-01,447.0289,272.7224,85,63,rebalance_exit,-38.9922,-14816.0464,2019-12-31,1.8105030507819793,0.821917808219178,146,0.7323578587945049,1.0184566696527912,542.7949829101562,202937533.55941772,27.000000000000007
DIXON,2020-01-01,2020-04-01,771.671,716.3494,3,63,rebalance_trim,-7.1691,-165.9648,2019-12-31,2.524169664144332,0.9246575342465754,146,1.7317558393719215,1.2759260801564625,757.2647705078125,84585337.83691406,11.999999999999995
GLAXO,2020-03-02,2020-04-01,1087.3265,1039.7215,21,21,rebalance_exit,-4.3782,-999.7067,2020-02-28,1.8635295985477074,0.82,150,1.1125401060256164,1.7460960662298732,1087.732421875,64666166.8527832,28.000000000000007
GMRAIRPORT,2019-12-02,2020-04-01,18.7635,14.6137,1594,84,rebalance_exit,-22.1161,-6614.727,2019-11-29,1.6380480700972442,0.8027210884353742,147,0.7847265723142682,0.6454014506155773,19.73033332824707,298400697.2052269,30.0
MANAPPURAM,2019-10-01,2020-04-01,118.7134,84.238,229,124,rebalance_exit,-29.0409,-7894.874,2019-09-30,2.0530113398797143,0.8613138686131386,137,1.0143090314534726,-0.004944634635186837,125.1817626953125,530512333.124176,20.000000000000007
NAM-INDIA,2019-07-01,2020-04-01,208.6038,207.3293,11,186,rebalance_trim,-0.611,-14.0196,2019-06-28,1.810948934112378,0.8066666666666666,150,0.15561363183350455,0.8398316168444871,182.4879150390625,124778024.98234558,30.000000000000004
PIIND,2019-02-01,2020-04-01,941.7648,1153.4158,2,285,rebalance_trim,22.4739,423.3019,2019-01-31,1.6073613380681988,0.8133333333333334,150,-0.3691321496752568,0.4853906073150072,835.3931884765625,53115231.044921875,28.999999999999996
PRESTIGE,2019-12-02,2020-04-01,269.881,167.4947,114,84,rebalance_exit,-37.9376,-11672.0347,2019-11-29,1.730135058455589,0.8299319727891157,147,1.5183956811680224,0.26285961614345504,297.7245788574219,50859168.74316406,25.999999999999996
RITES,2019-08-01,2020-04-01,91.6548,93.1145,230,163,rebalance_exit,1.5925,335.7166,2019-07-31,1.9414870443949113,0.8187919463087249,149,1.2672375246295149,0.5081161577878391,89.66831970214844,65535954.317085266,27.999999999999993
IPCALAB,2018-09-03,2020-04-03,434.6459,692.5962,3,388,rebalance_trim,59.3472,773.8509,2018-08-31,1.9662596697818464,0.9066666666666666,150,2.123761072788852,0.3303341128780294,376.18994140625,75942149.66766357,15.000000000000007
ALKEM,2020-04-01,2020-04-07,2225.6484,2213.5432,1,2,rebalance_trim,-0.5439,-12.1053,2020-03-31,3.104793927967397,0.9533333333333334,150,1.877264202825237,1.4287387518950283,2189.167724609375,201818317.1734619,7.999999999999995
GMMPFAUDLR,2020-04-01,2020-04-07,838.4462,908.1352,3,2,rebalance_trim,8.3117,209.067,2020-03-31,3.3959642984642704,0.9666666666666667,150,2.2097575716691407,1.5519721752069386,831.2354736328125,98252580.51635742,5.999999999999999
GRANULES,2020-01-01,2020-04-07,122.3624,145.0115,20,65,rebalance_trim,18.5098,452.9818,2019-12-31,1.94066441613429,0.8424657534246576,146,1.2142769265594582,0.8542443240092886,120.43325805664062,119267312.35377502,23.999999999999993
IPCALAB,2018-09-03,2020-04-07,434.6459,783.9574,4,389,rebalance_trim,80.3669,1397.2463,2018-08-31,1.9662596697818464,0.9066666666666666,150,2.123761072788852,0.3303341128780294,376.18994140625,75942149.66766357,15.000000000000007
NAVINFLUOR,2020-02-03,2020-04-07,1107.2352,1284.1898,2,42,rebalance_trim,15.9817,353.9092,2020-01-31,2.906251794544867,0.96,150,1.6240945185900026,2.2226372691048693,1118.3358154296875,59846493.34082031,7.000000000000005
NH,2020-03-02,2020-04-07,315.078,276.4067,12,23,rebalance_trim,-12.2736,-464.0566,2020-02-28,2.678260085732549,0.9466666666666667,150,2.721950960079419,1.950350194738452,329.5237731933594,73135368.85723877,9.000000000000002
ADANIGREEN,2019-11-01,2020-04-08,137.6046,166.2665,12,107,rebalance_trim,20.8292,343.943,2019-10-31,1.7847064400103172,0.823943661971831,142,0.8776325788894469,0.5133382580927224,89.69999694824219,50021456.4016037,26.0
DEEPAKNTR,2020-01-01,2020-04-08,359.278,430.9684,7,66,rebalance_trim,19.954,501.833,2019-12-31,1.8041063687581602,0.815068493150685,146,1.351465313893249,0.5735285569349078,363.2445373535156,79265048.94885254,27.999999999999993
PIIND,2019-02-01,2020-04-08,941.7648,1281.1216,2,288,rebalance_trim,36.0341,678.7136,2019-01-31,1.6073613380681988,0.8133333333333334,150,-0.3691321496752568,0.4853906073150072,835.3931884765625,53115231.044921875,28.999999999999996
ALKEM,2020-04-01,2020-04-09,2225.9927,2532.4428,1,4,rebalance_trim,13.7669,306.45,2020-03-31,3.104793927967397,0.9533333333333334,150,1.877264202825237,1.4287387518950283,2189.167724609375,201818317.1734619,7.999999999999995
GRANULES,2020-01-01,2020-04-09,122.3624,171.8167,15,67,rebalance_trim,40.4162,741.8135,2019-12-31,1.94066441613429,0.8424657534246576,146,1.2142769265594582,0.8542443240092886,120.43325805664062,119267312.35377502,23.999999999999993
MIDHANI,2020-04-01,2020-04-09,169.01,191.8739,12,4,rebalance_trim,13.5281,274.3661,2020-03-31,2.8984101629803796,0.94,150,1.3037002673846547,1.5582958168447665,168.23193359375,114259809.07154846,10.000000000000007
ISEC,2020-02-03,2020-04-13,365.3981,337.3162,9,45,rebalance_trim,-7.6853,-252.7367,2020-01-31,2.7712838232948798,0.9533333333333334,150,1.9345199031560507,1.8292258096297147,470.55,107207851.19999999,7.999999999999995
NAM-INDIA,2019-07-01,2020-04-13,208.6038,240.2851,9,191,rebalance_trim,15.1873,285.1324,2019-06-28,1.810948934112378,0.8066666666666666,150,0.15561363183350455,0.8398316168444871,182.4879150390625,124778024.98234558,30.000000000000004
PFIZER,2019-12-02,2020-04-13,3666.1456,3928.1675,1,89,rebalance_trim,7.1471,262.0219,2019-11-29,2.316872973398421,0.9115646258503401,147,1.6384335970032162,0.975763536177862,3618.817138671875,70565915.30053711,13.999999999999998
ADANIGREEN,2019-11-01,2020-04-15,137.6046,187.3425,11,110,rebalance_trim,36.1456,547.1174,2019-10-31,1.7847064400103172,0.823943661971831,142,0.8776325788894469,0.5133382580927224,89.69999694824219,50021456.4016037,26.0
CREDITACC,2019-12-02,2020-04-15,574.9434,355.6221,7,90,rebalance_trim,-38.1466,-1535.2485,2019-11-29,2.23096030064135,0.8979591836734694,147,2.041374359040193,0.5805155068849507,795.6904907226562,69283869.71679688,16.0
AMBER,2020-04-01,2020-04-16,1190.2918,1085.8891,2,7,rebalance_trim,-8.7712,-208.8054,2020-03-31,2.9069834554344087,0.9466666666666667,150,1.673531142891369,1.3307989916999956,1230.449951171875,81595641.79418945,9.000000000000002
BERGEPAINT,2020-03-02,2020-04-16,456.6078,418.2003,5,28,rebalance_trim,-8.4115,-192.0377,2020-02-28,3.1316239495636804,0.9733333333333334,150,3.562459468380888,2.097740988116861,458.454345703125,584804259.1130371,4.999999999999993
JKCEMENT,2020-03-02,2020-04-16,1289.6734,1054.1446,3,28,rebalance_trim,-18.2627,-706.5864,2020-02-28,2.5361223391039047,0.92,150,3.436599645054429,1.304904724120627,1349.2322998046875,74739844.36816406,12.999999999999995
SANOFI,2020-04-01,2020-04-17,4593.6199,6175.0556,1,8,rebalance_trim,34.4268,1581.4357,2020-03-31,2.4990023360302374,0.88,150,1.3778272716900388,1.0488827531468343,4558.88623046875,70016211.17578125,19.0
AUBANK,2020-03-02,2020-04-20,437.4696,277.6088,10,30,rebalance_trim,-36.5422,-1598.6079,2020-02-28,2.388427704965702,0.9,150,2.5052950548991215,1.659674292797727,578.5567626953125,327188339.4400635,15.999999999999996
GMMPFAUDLR,2020-04-01,2020-04-20,845.3887,1061.222,3,9,rebalance_trim,25.5307,647.5,2020-03-31,3.3959642984642704,0.9666666666666667,150,2.2097575716691407,1.5519721752069386,831.2354736328125,98252580.51635742,5.999999999999999
ALKEM,2020-04-01,2020-04-22,2249.2547,2421.4843,1,11,rebalance_trim,7.6572,172.2296,2020-03-31,3.104793927967397,0.9533333333333334,150,1.877264202825237,1.4287387518950283,2189.167724609375,201818317.1734619,7.999999999999995
CREDITACC,2019-12-02,2020-04-22,574.9434,418.2539,8,95,rebalance_trim,-27.253,-1253.5153,2019-11-29,2.23096030064135,0.8979591836734694,147,2.041374359040193,0.5805155068849507,795.6904907226562,69283869.71679688,16.0
GMMPFAUDLR,2020-04-01,2020-04-22,845.3887,1145.1822,2,11,rebalance_trim,35.4622,599.587,2020-03-31,3.3959642984642704,0.9666666666666667,150,2.2097575716691407,1.5519721752069386,831.2354736328125,98252580.51635742,5.999999999999999
IPCALAB,2018-09-03,2020-04-22,492.6,783.0265,3,398,rebalance_trim,58.9579,871.2795,2018-08-31,1.9662596697818464,0.9066666666666666,150,2.123761072788852,0.3303341128780294,376.18994140625,75942149.66766357,15.000000000000007
GMMPFAUDLR,2020-04-01,2020-04-23,845.3887,1265.8317,2,12,rebalance_trim,49.7337,840.8862,2020-03-31,3.3959642984642704,0.9666666666666667,150,2.2097575716691407,1.5519721752069386,831.2354736328125,98252580.51635742,5.999999999999999
NAVINFLUOR,2020-02-03,2020-04-23,1134.4554,1431.6521,2,52,rebalance_trim,26.1973,594.3935,2020-01-31,2.906251794544867,0.96,150,1.6240945185900026,2.2226372691048693,1118.3358154296875,59846493.34082031,7.000000000000005
VBL,2020-04-01,2020-04-23,46.8637,56.8117,46,12,rebalance_trim,21.2273,457.6043,2020-03-31,2.0713254281610345,0.8066666666666666,150,1.197572721749825,0.6700808758313217,46.224342346191406,144074426.7257309,30.000000000000004
ALKEM,2020-04-01,2020-04-27,2267.1302,2560.5807,1,14,rebalance_trim,12.9437,293.4505,2020-03-31,3.104793927967397,0.9533333333333334,150,1.877264202825237,1.4287387518950283,2189.167724609375,201818317.1734619,7.999999999999995
AJANTPHARM,2020-04-01,2020-04-28,865.5075,954.8443,3,15,rebalance_trim,10.3219,268.0103,2020-03-31,2.1975680619293847,0.8533333333333334,150,0.9632840640568258,0.9664526050918022,855.6746215820312,193396616.0991211,22.999999999999993
NAM-INDIA,2019-07-01,2020-04-28,204.6758,202.2664,12,201,rebalance_trim,-1.1772,-28.9132,2019-06-28,1.810948934112378,0.8066666666666666,150,0.15561363183350455,0.8398316168444871,182.4879150390625,124778024.98234558,30.000000000000004
PFIZER,2019-12-02,2020-04-28,3707.2737,4354.0812,1,99,rebalance_trim,17.447,646.8075,2019-11-29,2.316872973398421,0.9115646258503401,147,1.6384335970032162,0.975763536177862,3618.817138671875,70565915.30053711,13.999999999999998
AUBANK,2020-03-02,2020-04-30,416.4207,274.6082,8,38,rebalance_trim,-34.0551,-1134.5004,2020-02-28,2.388427704965702,0.9,150,2.5052950548991215,1.659674292797727,578.5567626953125,327188339.4400635,15.999999999999996
CREDITACC,2019-12-02,2020-04-30,574.9434,484.445,6,101,rebalance_trim,-15.7404,-542.9905,2019-11-29,2.23096030064135,0.8979591836734694,147,2.041374359040193,0.5805155068849507,795.6904907226562,69283869.71679688,16.0
AAVAS,2020-01-01,2020-05-04,1551.0143,1145.9783,21,81,rebalance_exit,-26.1143,-8505.7567,2019-12-31,2.835468316023622,0.952054794520548,146,3.3340896212491877,0.5662286016046635,1981.0999755859375,63611471.25,7.999999999999996
AUBANK,2020-03-02,2020-05-04,416.4207,256.339,91,39,rebalance_exit,-38.4423,-14567.4393,2020-02-28,2.388427704965702,0.9,150,2.5052950548991215,1.659674292797727,578.5567626953125,327188339.4400635,15.999999999999996
CREDITACC,2019-12-02,2020-05-04,574.9434,462.1012,51,102,rebalance_exit,-19.6267,-5754.9519,2019-11-29,2.23096030064135,0.8979591836734694,147,2.041374359040193,0.5805155068849507,795.6904907226562,69283869.71679688,16.0
DIXON,2020-01-01,2020-05-04,771.671,894.9022,3,81,rebalance_trim,15.9694,369.6938,2019-12-31,2.524169664144332,0.9246575342465754,146,1.7317558393719215,1.2759260801564625,757.2647705078125,84585337.83691406,11.999999999999995
INOXLEISUR,2020-03-02,2020-05-04,331.9824,207.2726,118,39,rebalance_exit,-37.5652,-14715.7577,2020-02-28,1.9955493591948623,0.8333333333333334,150,1.5775937197708487,1.6540593671104973,428.85,76979495.55,25.999999999999993
NAUKRI,2020-03-02,2020-05-04,511.7994,486.6545,53,39,rebalance_exit,-4.913,-1332.6802,2020-02-28,1.7993406157544523,0.8133333333333334,150,1.747343255886874,1.2634366307309093,508.1753845214844,560029094.2456055,28.999999999999996
WELCORP,2020-03-02,2020-05-04,122.8766,57.1985,415,39,rebalance_exit,-53.4504,-27256.4094,2020-02-28,1.9508393227143603,0.8266666666666667,150,2.1191279794343867,1.256993547891064,168.03976440429688,115177054.8223877,27.0
ADANIGREEN,2019-11-01,2020-05-05,137.6046,214.2481,12,123,rebalance_trim,55.6984,919.7222,2019-10-31,1.7847064400103172,0.823943661971831,142,0.8776325788894469,0.5133382580927224,89.69999694824219,50021456.4016037,26.0
ALKEM,2020-04-01,2020-05-05,2285.5219,2532.9989,1,19,rebalance_trim,10.828,247.477,2020-03-31,3.104793927967397,0.9533333333333334,150,1.877264202825237,1.4287387518950283,2189.167724609375,201818317.1734619,7.999999999999995
ISEC,2020-02-03,2020-05-05,360.8809,353.6589,8,59,rebalance_trim,-2.0012,-57.7761,2020-01-31,2.7712838232948798,0.9533333333333334,150,1.9345199031560507,1.8292258096297147,470.55,107207851.19999999,7.999999999999995
PIIND,2019-02-01,2020-05-05,941.7648,1503.7613,2,304,rebalance_trim,59.6748,1123.9929,2019-01-31,1.6073613380681988,0.8133333333333334,150,-0.3691321496752568,0.4853906073150072,835.3931884765625,53115231.044921875,28.999999999999996
RALLIS,2020-05-04,2020-05-05,194.5493,212.1978,14,1,rebalance_trim,9.0715,247.0786,2020-04-30,2.1061167066810462,0.8533333333333334,150,0.16547542266909537,0.10299226727602064,197.85133361816406,74354050.17749023,22.999999999999993
COROMANDEL,2020-02-03,2020-05-06,571.0883,579.3917,5,60,rebalance_trim,1.454,41.5167,2020-01-31,2.06930542038,0.8666666666666667,150,0.8127284401068879,1.6206656225617273,587.9855346679688,65054626.407714844,20.999999999999996
DEEPAKNTR,2020-01-01,2020-05-06,359.278,512.3127,6,83,rebalance_trim,42.5951,918.2079,2019-12-31,1.8041063687581602,0.815068493150685,146,1.351465313893249,0.5735285569349078,363.2445373535156,79265048.94885254,27.999999999999993
APLLTD,2020-05-04,2020-05-08,696.9267,763.2085,4,4,rebalance_trim,9.5106,265.1269,2020-04-30,1.9627629798665498,0.8333333333333334,150,0.07484649314445246,0.02711799604914897,698.0210571289062,117068282.22424316,25.999999999999993
ISEC,2020-02-03,2020-05-08,360.8809,428.4962,12,62,rebalance_trim,18.7362,811.3842,2020-01-31,2.7712838232948798,0.9533333333333334,150,1.9345199031560507,1.8292258096297147,470.55,107207851.19999999,7.999999999999995
MCX,2020-01-01,2020-05-11,212.6406,210.48,12,86,rebalance_trim,-1.0161,-25.9277,2019-12-31,2.7598040475119157,0.9452054794520548,146,1.9289896321042135,1.4544838048044972,218.5242919921875,379450409.9810791,9.0
GMMPFAUDLR,2020-04-01,2020-05-12,878.69,1208.787,2,24,rebalance_trim,37.5669,660.194,2020-03-31,3.3959642984642704,0.9666666666666667,150,2.2097575716691407,1.5519721752069386,831.2354736328125,98252580.51635742,5.999999999999999
ADANIGREEN,2019-11-01,2020-05-13,137.6046,232.1852,10,129,rebalance_trim,68.7336,945.8057,2019-10-31,1.7847064400103172,0.823943661971831,142,0.8776325788894469,0.5133382580927224,89.69999694824219,50021456.4016037,26.0
MIDHANI,2020-04-01,2020-05-13,170.2967,198.7165,13,25,rebalance_trim,16.6884,369.4564,2020-03-31,2.8984101629803796,0.94,150,1.3037002673846547,1.5582958168447665,168.23193359375,114259809.07154846,10.000000000000007
RALLIS,2020-05-04,2020-05-13,194.3397,208.5074,11,7,rebalance_trim,7.2902,155.8444,2020-04-30,2.1061167066810462,0.8533333333333334,150,0.16547542266909537,0.10299226727602064,197.85133361816406,74354050.17749023,22.999999999999993
RITES,2020-05-04,2020-05-13,86.4967,93.1145,30,7,rebalance_trim,7.6509,198.5324,2020-04-30,2.02060042464444,0.84,150,0.5653443829959912,-0.23543734536200442,87.93013763427734,103230031.5712738,25.000000000000004
INDIACEM,2020-05-04,2020-05-18,100.0117,113.7544,34,10,rebalance_trim,13.7411,467.2513,2020-04-30,2.290098488784456,0.8733333333333333,150,-0.15882521399189575,0.4849364529908197,102.32418823242188,182978810.05628204,20.000000000000007
APLLTD,2020-05-04,2020-05-19,696.9267,831.245,3,11,rebalance_trim,19.2729,402.9547,2020-04-30,1.9627629798665498,0.8333333333333334,150,0.07484649314445246,0.02711799604914897,698.0210571289062,117068282.22424316,25.999999999999993
INDIACEM,2020-05-04,2020-05-22,100.0117,124.9691,18,14,rebalance_trim,24.9545,449.2332,2020-04-30,2.290098488784456,0.8733333333333333,150,-0.15882521399189575,0.4849364529908197,102.32418823242188,182978810.05628204,20.000000000000007
RELAXO,2019-12-02,2020-05-22,581.438,648.2673,4,116,rebalance_trim,11.4938,267.3175,2019-11-29,2.4687238374900433,0.9387755102040817,147,1.4614347936310017,1.3041805252997265,574.611328125,55658883.44433594,9.999999999999993
MCX,2020-01-01,2020-05-28,212.6406,239.7682,11,98,rebalance_trim,12.7575,298.4033,2019-12-31,2.7598040475119157,0.9452054794520548,146,1.9289896321042135,1.4544838048044972,218.5242919921875,379450409.9810791,9.0
METROPOLIS,2020-05-04,2020-05-28,305.4431,329.94,7,17,rebalance_trim,8.0201,171.4783,2020-04-30,2.4938969242151323,0.9,150,0.9126237631930849,-0.01596932852405334,309.2164306640625,120569595.21240234,15.999999999999996
AMBER,2020-04-01,2020-05-29,1190.2918,1237.6566,2,36,rebalance_trim,3.9793,94.7295,2020-03-31,2.9069834554344087,0.9466666666666667,150,1.673531142891369,1.3307989916999956,1230.449951171875,81595641.79418945,9.000000000000002
DIXON,2020-01-01,2020-06-01,771.671,990.9949,3,100,rebalance_trim,28.422,657.972,2019-12-31,2.524169664144332,0.9246575342465754,146,1.7317558393719215,1.2759260801564625,757.2647705078125,84585337.83691406,11.999999999999995
NAM-INDIA,2019-07-01,2020-06-01,204.6758,214.4752,122,223,rebalance_exit,4.7878,1195.5281,2019-06-28,1.810948934112378,0.8066666666666666,150,0.15561363183350455,0.8398316168444871,182.4879150390625,124778024.98234558,30.000000000000004
NH,2020-03-02,2020-06-01,305.9167,272.3606,95,58,rebalance_exit,-10.969,-3187.8222,2020-02-28,2.678260085732549,0.9466666666666667,150,2.721950960079419,1.950350194738452,329.5237731933594,73135368.85723877,9.000000000000002
RALLIS,2020-05-04,2020-06-01,192.5693,202.5105,12,19,rebalance_trim,5.1624,119.2948,2020-04-30,2.1061167066810462,0.8533333333333334,150,0.16547542266909537,0.10299226727602064,197.85133361816406,74354050.17749023,22.999999999999993
RITES,2020-05-04,2020-06-01,86.5514,88.8388,284,19,rebalance_exit,2.6428,649.6149,2020-04-30,2.02060042464444,0.84,150,0.5653443829959912,-0.23543734536200442,87.93013763427734,103230031.5712738,25.000000000000004
VBL,2020-04-01,2020-06-01,47.3146,55.6807,482,37,rebalance_exit,17.6817,4032.4259,2020-03-31,2.0713254281610345,0.8066666666666666,150,1.197572721749825,0.6700808758313217,46.224342346191406,144074426.7257309,30.000000000000004
ADANIGREEN,2019-11-01,2020-06-02,137.6046,268.0593,11,142,rebalance_trim,94.804,1435.0014,2019-10-31,1.7847064400103172,0.823943661971831,142,0.8776325788894469,0.5133382580927224,89.69999694824219,50021456.4016037,26.0
JKCEMENT,2020-03-02,2020-06-02,1289.6734,1181.8074,2,59,rebalance_trim,-8.3638,-215.7318,2020-02-28,2.5361223391039047,0.92,150,3.436599645054429,1.304904724120627,1349.2322998046875,74739844.36816406,12.999999999999995
TRENT,2019-09-03,2020-06-02,468.7557,507.9232,6,181,rebalance_trim,8.3556,235.0046,2019-08-30,2.1192405755924817,0.8428571428571429,140,0.31545902437089723,0.7332441712788964,466.3730163574219,65454108.05145264,23.0
AMBER,2020-04-01,2020-06-03,1190.2918,1459.7272,2,39,rebalance_trim,22.6361,538.8707,2020-03-31,2.9069834554344087,0.9466666666666667,150,1.673531142891369,1.3307989916999956,1230.449951171875,81595641.79418945,9.000000000000002
RELAXO,2019-12-02,2020-06-03,581.438,749.1459,4,123,rebalance_trim,28.8437,670.8317,2019-11-29,2.4687238374900433,0.9387755102040817,147,1.4614347936310017,1.3041805252997265,574.611328125,55658883.44433594,9.999999999999993
GUJGASLTD,2019-12-02,2020-06-04,205.9665,259.3356,12,124,rebalance_trim,25.9116,640.4299,2019-11-29,2.088827205043602,0.8775510204081632,147,1.7665182139900928,0.57781815771656,202.74183654785156,62725074.19656372,19.000000000000004
GMMPFAUDLR,2020-04-01,2020-06-08,878.69,1417.4678,2,42,rebalance_trim,61.316,1077.5555,2020-03-31,3.3959642984642704,0.9666666666666667,150,2.2097575716691407,1.5519721752069386,831.2354736328125,98252580.51635742,5.999999999999999
TRENT,2019-09-03,2020-06-08,468.7557,579.3801,5,185,rebalance_trim,23.5996,553.1217,2019-08-30,2.1192405755924817,0.8428571428571429,140,0.31545902437089723,0.7332441712788964,466.3730163574219,65454108.05145264,23.0
ADANIGREEN,2019-11-01,2020-06-09,137.6046,311.5068,10,147,rebalance_trim,126.3782,1739.022,2019-10-31,1.7847064400103172,0.823943661971831,142,0.8776325788894469,0.5133382580927224,89.69999694824219,50021456.4016037,26.0
ISEC,2020-02-03,2020-06-09,362.0242,435.3721,7,83,rebalance_trim,20.2605,513.435,2020-01-31,2.7712838232948798,0.9533333333333334,150,1.9345199031560507,1.8292258096297147,470.55,107207851.19999999,7.999999999999995
ADANIGREEN,2019-11-01,2020-06-11,137.6046,343.3949,7,149,rebalance_trim,149.5519,1440.5321,2019-10-31,1.7847064400103172,0.823943661971831,142,0.8776325788894469,0.5133382580927224,89.69999694824219,50021456.4016037,26.0
GRANULES,2020-01-01,2020-06-11,125.9146,197.1017,16,108,rebalance_trim,56.536,1138.9938,2019-12-31,1.94066441613429,0.8424657534246576,146,1.2142769265594582,0.8542443240092886,120.43325805664062,119267312.35377502,23.999999999999993
AMBER,2020-04-01,2020-06-16,1200.0008,1415.0341,2,48,rebalance_trim,17.9194,430.0666,2020-03-31,2.9069834554344087,0.9466666666666667,150,1.673531142891369,1.3307989916999956,1230.449951171875,81595641.79418945,9.000000000000002
RALLIS,2020-05-04,2020-06-16,192.5693,237.5232,13,30,rebalance_trim,23.3443,584.4005,2020-04-30,2.1061167066810462,0.8533333333333334,150,0.16547542266909537,0.10299226727602064,197.85133361816406,74354050.17749023,22.999999999999993
ADANIGREEN,2019-11-01,2020-06-18,137.6046,399.2489,10,154,rebalance_trim,190.1421,2616.4427,2019-10-31,1.7847064400103172,0.823943661971831,142,0.8776325788894469,0.5133382580927224,89.69999694824219,50021456.4016037,26.0
JKCEMENT,2020-03-02,2020-06-18,1264.8975,1207.3887,2,71,rebalance_trim,-4.5465,-115.0176,2020-02-28,2.5361223391039047,0.92,150,3.436599645054429,1.304904724120627,1349.2322998046875,74739844.36816406,12.999999999999995
COROMANDEL,2020-02-03,2020-06-19,571.0883,694.8199,4,91,rebalance_trim,21.6659,494.9262,2020-01-31,2.06930542038,0.8666666666666667,150,0.8127284401068879,1.6206656225617273,587.9855346679688,65054626.407714844,20.999999999999996
ISEC,2020-02-03,2020-06-22,365.1841,450.8677,7,92,rebalance_trim,23.4631,599.7851,2020-01-31,2.7712838232948798,0.9533333333333334,150,1.9345199031560507,1.8292258096297147,470.55,107207851.19999999,7.999999999999995
JKCEMENT,2020-03-02,2020-06-22,1264.8975,1366.2851,2,73,rebalance_trim,8.0155,202.7752,2020-02-28,2.5361223391039047,0.92,150,3.436599645054429,1.304904724120627,1349.2322998046875,74739844.36816406,12.999999999999995
TRENT,2019-09-03,2020-06-22,473.5428,567.4954,5,195,rebalance_trim,19.8403,469.7626,2019-08-30,2.1192405755924817,0.8428571428571429,140,0.31545902437089723,0.7332441712788964,466.3730163574219,65454108.05145264,23.0
ADANIGREEN,2019-11-01,2020-06-23,137.6046,462.8657,7,157,rebalance_trim,236.3737,2276.8274,2019-10-31,1.7847064400103172,0.823943661971831,142,0.8776325788894469,0.5133382580927224,89.69999694824219,50021456.4016037,26.0
LAURUSLABS,2020-06-01,2020-06-23,92.2206,113.9478,31,16,rebalance_trim,23.5601,673.5444,2020-05-29,2.9952912808741794,0.9533333333333334,150,1.0245023279939278,1.3975890916393112,91.56617736816406,122599954.15325165,7.999999999999995
TRENT,2019-09-03,2020-06-24,473.5428,661.5827,6,197,rebalance_trim,39.7092,1128.2391,2019-08-30,2.1192405755924817,0.8428571428571429,140,0.31545902437089723,0.7332441712788964,466.3730163574219,65454108.05145264,23.0
PFIZER,2019-12-02,2020-06-26,3748.2624,3836.4406,1,140,rebalance_trim,2.3525,88.1781,2019-11-29,2.316872973398421,0.9115646258503401,147,1.6384335970032162,0.975763536177862,3618.817138671875,70565915.30053711,13.999999999999998
IPCALAB,2018-09-03,2020-06-29,521.7774,837.172,3,444,rebalance_trim,60.4462,946.184,2018-08-31,1.9662596697818464,0.9066666666666666,150,2.123761072788852,0.3303341128780294,376.18994140625,75942149.66766357,15.000000000000007
GUJGASLTD,2019-12-02,2020-06-30,205.9665,298.3453,10,142,rebalance_trim,44.8514,923.788,2019-11-29,2.088827205043602,0.8775510204081632,147,1.7665182139900928,0.57781815771656,202.74183654785156,62725074.19656372,19.000000000000004
ATUL,2020-04-01,2020-07-01,4010.4844,4461.5907,1,59,rebalance_trim,11.2482,451.1064,2020-03-31,2.43486483313388,0.8733333333333333,150,1.5357210342511691,0.8733631195162845,3924.6767578125,107442596.9296875,20.000000000000007
DIXON,2020-01-01,2020-07-01,771.671,1148.4181,3,122,rebalance_trim,48.8223,1130.2415,2019-12-31,2.524169664144332,0.9246575342465754,146,1.7317558393719215,1.2759260801564625,757.2647705078125,84585337.83691406,11.999999999999995
JBCHEPHARM,2020-06-01,2020-07-01,327.8941,334.1754,8,22,rebalance_trim,1.9156,50.25,2020-05-29,3.0242133813998606,0.9666666666666667,150,1.6906845203859227,1.0413860058851634,322.1940002441406,108309447.87902832,5.999999999999999
JKCEMENT,2020-03-02,2020-07-01,1264.8975,1350.6928,19,80,rebalance_exit,6.7828,1630.1113,2020-02-28,2.5361223391039047,0.92,150,3.436599645054429,1.304904724120627,1349.2322998046875,74739844.36816406,12.999999999999995
SUDARSCHEM,2020-06-01,2020-07-01,381.2348,376.387,71,22,rebalance_exit,-1.2716,-344.1946,2020-05-29,1.9140911995319057,0.8066666666666666,150,0.8083278965717017,0.2325241090279131,376.78778076171875,75765692.3338623,30.000000000000004
TRENT,2019-09-03,2020-07-01,473.5428,609.0919,40,202,rebalance_exit,28.6244,5421.9604,2019-08-30,2.1192405755924817,0.8428571428571429,140,0.31545902437089723,0.7332441712788964,466.3730163574219,65454108.05145264,23.0
WHIRLPOOL,2019-11-01,2020-07-01,2074.8177,2009.5268,13,163,rebalance_exit,-3.1468,-848.7822,2019-10-31,2.615027809048996,0.9577464788732394,142,1.1112107639976925,1.3734627372136141,2156.56982421875,79154774.77783203,7.000000000000008
GMMPFAUDLR,2020-04-01,2020-07-02,931.9387,1392.3984,2,60,rebalance_trim,49.4088,920.9193,2020-03-31,3.3959642984642704,0.9666666666666667,150,2.2097575716691407,1.5519721752069386,831.2354736328125,98252580.51635742,5.999999999999999
GUJGASLTD,2019-12-02,2020-07-02,205.9665,312.077,8,144,rebalance_trim,51.5184,848.8845,2019-11-29,2.088827205043602,0.8775510204081632,147,1.7665182139900928,0.57781815771656,202.74183654785156,62725074.19656372,19.000000000000004
INDIACEM,2020-05-04,2020-07-02,102.3427,126.9371,20,42,rebalance_trim,24.0314,491.888,2020-04-30,2.290098488784456,0.8733333333333333,150,-0.15882521399189575,0.4849364529908197,102.32418823242188,182978810.05628204,20.000000000000007
ISEC,2020-02-03,2020-07-02,365.1841,471.4455,6,100,rebalance_trim,29.098,637.5682,2020-01-31,2.7712838232948798,0.9533333333333334,150,1.9345199031560507,1.8292258096297147,470.55,107207851.19999999,7.999999999999995
NAVINFLUOR,2020-02-03,2020-07-02,1134.4554,1664.0761,2,100,rebalance_trim,46.685,1059.2414,2020-01-31,2.906251794544867,0.96,150,1.6240945185900026,2.2226372691048693,1118.3358154296875,59846493.34082031,7.000000000000005
NATCOPHARM,2020-06-01,2020-07-06,557.3495,637.4823,4,25,rebalance_trim,14.3775,320.5312,2020-05-29,1.9792867625699446,0.82,150,0.6598703476944565,0.3975029567013933,555.16455078125,111396205.23986816,28.000000000000007
RELAXO,2019-12-02,2020-07-06,595.2197,649.1487,4,146,rebalance_trim,9.0604,215.716,2019-11-29,2.4687238374900433,0.9387755102040817,147,1.4614347936310017,1.3041805252997265,574.611328125,55658883.44433594,9.999999999999993
PIIND,2019-02-01,2020-07-07,1011.5739,1611.5785,2,348,rebalance_trim,59.314,1200.0092,2019-01-31,1.6073613380681988,0.8133333333333334,150,-0.3691321496752568,0.4853906073150072,835.3931884765625,53115231.044921875,28.999999999999996
ADANIGREEN,2019-11-01,2020-07-08,185.8192,409.2623,8,168,rebalance_trim,120.2476,1787.5446,2019-10-31,1.7847064400103172,0.823943661971831,142,0.8776325788894469,0.5133382580927224,89.69999694824219,50021456.4016037,26.0
LALPATHLAB,2019-10-01,2020-07-09,698.1122,847.9053,3,189,rebalance_trim,21.4569,449.3793,2019-09-30,2.046631323786232,0.8540145985401459,137,0.6008632758661906,0.27084981755907256,661.7634887695312,63188252.03125,21.000000000000007
LAURUSLABS,2020-06-01,2020-07-09,93.3004,109.9636,25,28,rebalance_trim,17.8597,416.5801,2020-05-29,2.9952912808741794,0.9533333333333334,150,1.0245023279939278,1.3975890916393112,91.56617736816406,122599954.15325165,7.999999999999995
ALKYLAMINE,2020-07-01,2020-07-10,826.4538,929.0178,3,7,rebalance_trim,12.4101,307.692,2020-06-30,4.114202279314796,0.9866666666666667,150,2.798881450771114,1.745590127961205,818.1334838867188,77901096.12011719,2.9999999999999964
GRANULES,2020-01-01,2020-07-10,125.9146,223.5123,15,129,rebalance_trim,77.5111,1463.9663,2019-12-31,1.94066441613429,0.8424657534246576,146,1.2142769265594582,0.8542443240092886,120.43325805664062,119267312.35377502,23.999999999999993
METROPOLIS,2020-05-04,2020-07-14,305.4431,385.5319,7,50,rebalance_trim,26.2205,560.6217,2020-04-30,2.4938969242151323,0.9,150,0.9126237631930849,-0.01596932852405334,309.2164306640625,120569595.21240234,15.999999999999996
ALKEM,2020-04-01,2020-07-15,2275.9048,2344.8546,2,69,rebalance_trim,3.0296,137.8996,2020-03-31,3.104793927967397,0.9533333333333334,150,1.877264202825237,1.4287387518950283,2189.167724609375,201818317.1734619,7.999999999999995
APLLTD,2020-05-04,2020-07-15,705.8395,895.3195,3,51,rebalance_trim,26.8446,568.4401,2020-04-30,1.9627629798665498,0.8333333333333334,150,0.07484649314445246,0.02711799604914897,698.0210571289062,117068282.22424316,25.999999999999993
DEEPAKNTR,2020-01-01,2020-07-15,373.8993,544.596,5,132,rebalance_trim,45.6531,853.4837,2019-12-31,1.8041063687581602,0.815068493150685,146,1.351465313893249,0.5735285569349078,363.2445373535156,79265048.94885254,27.999999999999993
DIXON,2020-01-01,2020-07-15,771.671,1292.6365,2,132,rebalance_trim,67.5114,1041.9311,2019-12-31,2.524169664144332,0.9246575342465754,146,1.7317558393719215,1.2759260801564625,757.2647705078125,84585337.83691406,11.999999999999995
LAURUSLABS,2020-06-01,2020-07-15,93.3004,121.6833,21,32,rebalance_trim,30.421,596.0404,2020-05-29,2.9952912808741794,0.9533333333333334,150,1.0245023279939278,1.3975890916393112,91.56617736816406,122599954.15325165,7.999999999999995
RALLIS,2020-05-04,2020-07-15,192.5693,275.071,14,51,rebalance_trim,42.8426,1155.0242,2020-04-30,2.1061167066810462,0.8533333333333334,150,0.16547542266909537,0.10299226727602064,197.85133361816406,74354050.17749023,22.999999999999993
ISEC,2020-02-03,2020-07-17,365.1841,543.1937,5,111,rebalance_trim,48.7452,890.0479,2020-01-31,2.7712838232948798,0.9533333333333334,150,1.9345199031560507,1.8292258096297147,470.55,107207851.19999999,7.999999999999995
GRANULES,2020-01-01,2020-07-20,125.9146,260.7807,16,135,rebalance_trim,107.1092,2157.858,2019-12-31,1.94066441613429,0.8424657534246576,146,1.2142769265594582,0.8542443240092886,120.43325805664062,119267312.35377502,23.999999999999993
MCX,2020-01-01,2020-07-20,213.9632,252.6133,11,135,rebalance_trim,18.0639,425.151,2019-12-31,2.7598040475119157,0.9452054794520548,146,1.9289896321042135,1.4544838048044972,218.5242919921875,379450409.9810791,9.0
LALPATHLAB,2019-10-01,2020-07-22,698.1122,949.4823,3,198,rebalance_trim,36.0071,754.1103,2019-09-30,2.046631323786232,0.8540145985401459,137,0.6008632758661906,0.27084981755907256,661.7634887695312,63188252.03125,21.000000000000007
DIXON,2020-01-01,2020-07-23,771.671,1481.5605,2,138,rebalance_trim,91.9938,1419.779,2019-12-31,2.524169664144332,0.9246575342465754,146,1.7317558393719215,1.2759260801564625,757.2647705078125,84585337.83691406,11.999999999999995
LAURUSLABS,2020-06-01,2020-07-24,93.3004,140.9489,23,39,rebalance_trim,51.07,1095.9157,2020-05-29,2.9952912808741794,0.9533333333333334,150,1.0245023279939278,1.3975890916393112,91.56617736816406,122599954.15325165,7.999999999999995
GRANULES,2020-01-01,2020-07-27,125.9146,294.9189,9,140,rebalance_trim,134.2214,1521.0387,2019-12-31,1.94066441613429,0.8424657534246576,146,1.2142769265594582,0.8542443240092886,120.43325805664062,119267312.35377502,23.999999999999993
MCX,2020-01-01,2020-07-28,213.9632,296.556,13,141,rebalance_trim,38.6014,1073.7061,2019-12-31,2.7598040475119157,0.9452054794520548,146,1.9289896321042135,1.4544838048044972,218.5242919921875,379450409.9810791,9.0
LAURUSLABS,2020-06-01,2020-07-31,93.3004,161.28,23,44,rebalance_trim,72.8609,1563.5295,2020-05-29,2.9952912808741794,0.9533333333333334,150,1.0245023279939278,1.3975890916393112,91.56617736816406,122599954.15325165,7.999999999999995
MINDTREE,2020-05-04,2020-07-31,886.5936,1083.1475,3,63,rebalance_trim,22.1696,589.6619,2020-04-30,2.0525890653127794,0.8466666666666667,150,-0.3183442604886396,0.3652753587743832,915.95,665481526.6,24.0
ALKYLAMINE,2020-07-01,2020-08-03,832.2882,873.9828,30,23,rebalance_exit,5.0096,1250.8379,2020-06-30,4.114202279314796,0.9866666666666667,150,2.798881450771114,1.745590127961205,818.1334838867188,77901096.12011719,2.9999999999999964
AMBER,2020-04-01,2020-08-03,1200.0008,1484.7893,17,82,rebalance_exit,23.7324,4841.4042,2020-03-31,2.9069834554344087,0.9466666666666667,150,1.673531142891369,1.3307989916999956,1230.449951171875,81595641.79418945,9.000000000000002
ATUL,2020-04-01,2020-08-03,4010.4844,4955.7488,5,82,rebalance_exit,23.5698,4726.3225,2020-03-31,2.43486483313388,0.8733333333333333,150,1.5357210342511691,0.8733631195162845,3924.6767578125,107442596.9296875,20.000000000000007
IEX,2020-07-01,2020-08-03,54.8452,54.4716,507,23,rebalance_exit,-0.6812,-189.4242,2020-06-30,1.9756153800869456,0.8266666666666667,150,0.5568903745851342,0.5333265760844392,54.58681869506836,74531994.44766998,27.0
LALPATHLAB,2019-10-01,2020-08-03,698.1122,894.1635,27,206,rebalance_exit,28.083,5293.3825,2019-09-30,2.046631323786232,0.8540145985401459,137,0.6008632758661906,0.27084981755907256,661.7634887695312,63188252.03125,21.000000000000007
METROPOLIS,2020-05-04,2020-08-03,305.4431,378.0033,67,64,rebalance_exit,23.7557,4861.5336,2020-04-30,2.4938969242151323,0.9,150,0.9126237631930849,-0.01596932852405334,309.2164306640625,120569595.21240234,15.999999999999996
NATCOPHARM,2020-06-01,2020-08-03,557.3495,758.8619,39,45,rebalance_exit,36.1555,7858.9839,2020-05-29,1.9792867625699446,0.82,150,0.6598703476944565,0.3975029567013933,555.16455078125,111396205.23986816,28.000000000000007
TORNTPOWER,2020-05-04,2020-08-03,281.5397,285.9449,96,64,rebalance_exit,1.5647,422.8954,2020-04-30,2.4186133022958405,0.8866666666666667,150,0.4299418121474205,0.22518093912962667,288.0822448730469,296608697.2877197,17.999999999999993
LAURUSLABS,2020-06-01,2020-08-04,93.3004,197.6413,19,46,rebalance_trim,111.8332,1982.4769,2020-05-29,2.9952912808741794,0.9533333333333334,150,1.0245023279939278,1.3975890916393112,91.56617736816406,122599954.15325165,7.999999999999995
GRANULES,2020-01-01,2020-08-06,147.6857,312.8546,13,148,rebalance_trim,111.8381,2147.1957,2019-12-31,1.94066441613429,0.8424657534246576,146,1.2142769265594582,0.8542443240092886,120.43325805664062,119267312.35377502,23.999999999999993
APLLTD,2020-05-04,2020-08-07,726.9579,1033.6676,3,68,rebalance_trim,42.1908,920.1291,2020-04-30,1.9627629798665498,0.8333333333333334,150,0.07484649314445246,0.02711799604914897,698.0210571289062,117068282.22424316,25.999999999999993
BAYERCROP,2020-07-01,2020-08-07,5137.4566,5404.4172,1,27,rebalance_trim,5.1964,266.9606,2020-06-30,2.871960309240426,0.9266666666666666,150,1.4804038244104272,1.0502544617863374,5195.94189453125,84751414.31542969,12.000000000000004
ADANIGREEN,2019-11-01,2020-08-10,231.4386,382.6571,8,191,rebalance_trim,65.3385,1209.7479,2019-10-31,1.7847064400103172,0.823943661971831,142,0.8776325788894469,0.5133382580927224,89.69999694824219,50021456.4016037,26.0
GMMPFAUDLR,2020-04-01,2020-08-10,1010.6992,1747.5254,4,87,rebalance_trim,72.9026,2947.305,2020-03-31,3.3959642984642704,0.9666666666666667,150,2.2097575716691407,1.5519721752069386,831.2354736328125,98252580.51635742,5.999999999999999
NAVINFLUOR,2020-02-03,2020-08-11,1212.0763,2098.1403,2,128,rebalance_trim,73.103,1772.1278,2020-01-31,2.906251794544867,0.96,150,1.6240945185900026,2.2226372691048693,1118.3358154296875,59846493.34082031,7.000000000000005
GMMPFAUDLR,2020-04-01,2020-08-12,1010.6992,2169.5694,4,89,rebalance_trim,114.6603,4635.4809,2020-03-31,3.3959642984642704,0.9666666666666667,150,2.2097575716691407,1.5519721752069386,831.2354736328125,98252580.51635742,5.999999999999999
DEEPAKNTR,2020-01-01,2020-08-24,393.8155,654.4964,5,160,rebalance_trim,66.1937,1303.4047,2019-12-31,1.8041063687581602,0.815068493150685,146,1.351465313893249,0.5735285569349078,363.2445373535156,79265048.94885254,27.999999999999993
SCI,2020-08-03,2020-08-24,50.0838,60.7866,67,15,rebalance_trim,21.3697,717.0836,2020-07-31,1.9219136372809376,0.82,150,1.6897270799867108,0.00899202558658595,49.90899658203125,113376336.63765335,28.000000000000007
ADANIGREEN,2019-11-01,2020-08-25,242.8757,422.9158,12,202,rebalance_trim,74.1285,2160.4817,2019-10-31,1.7847064400103172,0.823943661971831,142,0.8776325788894469,0.5133382580927224,89.69999694824219,50021456.4016037,26.0
DEEPAKNTR,2020-01-01,2020-08-25,393.8155,780.097,7,161,rebalance_trim,98.0869,2703.9708,2019-12-31,1.8041063687581602,0.815068493150685,146,1.351465313893249,0.5735285569349078,363.2445373535156,79265048.94885254,27.999999999999993
LAURUSLABS,2020-06-01,2020-08-25,93.3004,235.371,13,61,rebalance_trim,152.2722,1846.9178,2020-05-29,2.9952912808741794,0.9533333333333334,150,1.0245023279939278,1.3975890916393112,91.56617736816406,122599954.15325165,7.999999999999995
PFIZER,2019-12-02,2020-08-25,3788.0125,4531.8596,1,182,rebalance_trim,19.6369,743.8471,2019-11-29,2.316872973398421,0.9115646258503401,147,1.6384335970032162,0.975763536177862,3618.817138671875,70565915.30053711,13.999999999999998
ABBOTINDIA,2019-11-01,2020-08-27,13281.4832,15771.7472,1,204,rebalance_trim,18.7499,2490.264,2019-10-31,3.1310344945452098,1.0,142,1.8542014890659937,1.5373720770131813,10803.1640625,81414927.63671875,1.0
ASTRAZEN,2020-07-01,2020-08-27,3474.3557,3501.7234,1,41,rebalance_trim,0.7877,27.3678,2020-06-30,1.9727706755452934,0.82,150,1.1313252787620087,0.21633927933409774,3494.879150390625,130472150.26367188,28.000000000000007
DMART,2020-07-01,2020-08-27,2276.7208,2435.6096,2,41,rebalance_trim,6.9788,317.7776,2020-06-30,2.6157969289164393,0.9066666666666666,150,1.8796332752080813,0.5403189511979851,2317.14990234375,724780000.0,15.000000000000007
ADANIGREEN,2019-11-01,2020-08-31,242.8757,461.9787,7,206,rebalance_trim,90.212,1533.7214,2019-10-31,1.7847064400103172,0.823943661971831,142,0.8776325788894469,0.5133382580927224,89.69999694824219,50021456.4016037,26.0
AARTIIND,2020-06-01,2020-09-01,482.3147,514.7841,56,66,rebalance_exit,6.732,1818.2848,2020-05-29,2.5385703752687023,0.9,150,1.0822485797800239,0.818006667767398,479.8973083496094,281150753.3300781,15.999999999999996
ABBOTINDIA,2019-11-01,2020-09-01,14499.1785,15194.3246,1,207,rebalance_trim,4.7944,695.1461,2019-10-31,3.1310344945452098,1.0,142,1.8542014890659937,1.5373720770131813,10803.1640625,81414927.63671875,1.0
ASTRAZEN,2020-07-01,2020-09-01,3474.3557,3486.744,1,44,rebalance_trim,0.3566,12.3883,2020-06-30,1.9727706755452934,0.82,150,1.1313252787620087,0.21633927933409774,3494.879150390625,130472150.26367188,28.000000000000007
BERGEPAINT,2020-03-02,2020-09-01,446.322,438.4619,64,124,rebalance_exit,-1.7611,-503.0478,2020-02-28,3.1316239495636804,0.9733333333333334,150,3.562459468380888,2.097740988116861,458.454345703125,584804259.1130371,4.999999999999993
DIXON,2020-01-01,2020-09-01,852.4875,1590.4605,2,166,rebalance_trim,86.567,1475.9461,2019-12-31,2.524169664144332,0.9246575342465754,146,1.7317558393719215,1.2759260801564625,757.2647705078125,84585337.83691406,11.999999999999995
DMART,2020-07-01,2020-09-01,2276.7208,2239.9623,12,44,rebalance_exit,-1.6145,-441.1021,2020-06-30,2.6157969289164393,0.9066666666666666,150,1.8796332752080813,0.5403189511979851,2317.14990234375,724780000.0,15.000000000000007
EIDPARRY,2020-08-03,2020-09-01,277.4222,270.2615,11,21,rebalance_trim,-2.5812,-78.7682,2020-07-31,1.941857480125345,0.8266666666666667,150,1.1180653143431465,0.28432644628343046,276.44384765625,132056147.32641602,27.0
GMMPFAUDLR,2020-04-01,2020-09-01,1138.0279,1830.3875,15,103,rebalance_exit,60.8385,10385.3936,2020-03-31,3.3959642984642704,0.9666666666666667,150,2.2097575716691407,1.5519721752069386,831.2354736328125,98252580.51635742,5.999999999999999
GRANULES,2020-01-01,2020-09-01,163.0386,310.405,14,166,rebalance_trim,90.3874,2063.1295,2019-12-31,1.94066441613429,0.8424657534246576,146,1.2142769265594582,0.8542443240092886,120.43325805664062,119267312.35377502,23.999999999999993
GUJGASLTD,2019-12-02,2020-09-01,222.92,309.8913,13,187,rebalance_trim,39.0146,1130.6271,2019-11-29,2.088827205043602,0.8775510204081632,147,1.7665182139900928,0.57781815771656,202.74183654785156,62725074.19656372,19.000000000000004
MIDHANI,2020-04-01,2020-09-01,173.5693,195.7639,152,103,rebalance_exit,12.7871,3373.5736,2020-03-31,2.8984101629803796,0.94,150,1.3037002673846547,1.5582958168447665,168.23193359375,114259809.07154846,10.000000000000007
MINDTREE,2020-05-04,2020-09-01,912.7517,1181.8696,4,85,rebalance_trim,29.4842,1076.4715,2020-04-30,2.0525890653127794,0.8466666666666667,150,-0.3183442604886396,0.3652753587743832,915.95,665481526.6,24.0
PFIZER,2019-12-02,2020-09-01,3887.0252,4287.6652,1,187,rebalance_trim,10.3071,400.64,2019-11-29,2.316872973398421,0.9115646258503401,147,1.6384335970032162,0.975763536177862,3618.817138671875,70565915.30053711,13.999999999999998
RELAXO,2019-12-02,2020-09-01,596.4839,638.963,48,187,rebalance_exit,7.1216,2038.999,2019-11-29,2.4687238374900433,0.9387755102040817,147,1.4614347936310017,1.3041805252997265,574.611328125,55658883.44433594,9.999999999999993
SCI,2020-08-03,2020-09-01,50.0838,54.3395,506,21,rebalance_exit,8.4971,2153.3762,2020-07-31,1.9219136372809376,0.82,150,1.6897270799867108,0.00899202558658595,49.90899658203125,113376336.63765335,28.000000000000007
SYNGENE,2020-08-03,2020-09-01,483.9615,465.694,7,21,rebalance_trim,-3.7746,-127.8722,2020-07-31,2.4246533335584295,0.9133333333333333,150,0.7368376316355141,0.9331339664981196,482.72442626953125,177342560.51229858,14.0
ADANIGREEN,2019-11-01,2020-09-02,242.8757,508.0342,12,208,rebalance_trim,109.1746,3181.9028,2019-10-31,1.7847064400103172,0.823943661971831,142,0.8776325788894469,0.5133382580927224,89.69999694824219,50021456.4016037,26.0
IPCALAB,2018-09-03,2020-09-02,521.7774,991.6702,3,491,rebalance_trim,90.0562,1409.6785,2018-08-31,1.9662596697818464,0.9066666666666666,150,2.123761072788852,0.3303341128780294,376.18994140625,75942149.66766357,15.000000000000007
CDSL,2020-09-01,2020-09-03,188.8491,224.3933,20,2,rebalance_trim,18.8215,710.8835,2020-08-31,2.2982107084237957,0.9,150,2.095593034452378,0.5402531474557066,191.64366149902344,235485604.17059326,15.999999999999996
ASTRAZEN,2020-07-01,2020-09-08,3474.3557,4619.4252,1,49,rebalance_trim,32.9578,1145.0695,2020-06-30,1.9727706755452934,0.82,150,1.1313252787620087,0.21633927933409774,3494.879150390625,130472150.26367188,28.000000000000007
GRANULES,2020-01-01,2020-09-08,163.0386,366.9403,11,171,rebalance_trim,125.0635,2242.9189,2019-12-31,1.94066441613429,0.8424657534246576,146,1.2142769265594582,0.8542443240092886,120.43325805664062,119267312.35377502,23.999999999999993
DIXON,2020-01-01,2020-09-09,852.4875,1909.3895,2,172,rebalance_trim,123.9786,2113.804,2019-12-31,2.524169664144332,0.9246575342465754,146,1.7317558393719215,1.2759260801564625,757.2647705078125,84585337.83691406,11.999999999999995
ADANIGREEN,2019-11-01,2020-09-10,242.8757,598.9204,8,214,rebalance_trim,146.5955,2848.3578,2019-10-31,1.7847064400103172,0.823943661971831,142,0.8776325788894469,0.5133382580927224,89.69999694824219,50021456.4016037,26.0
LAURUSLABS,2020-06-01,2020-09-10,93.3004,239.4763,15,73,rebalance_trim,156.6723,2192.6386,2020-05-29,2.9952912808741794,0.9533333333333334,150,1.0245023279939278,1.3975890916393112,91.56617736816406,122599954.15325165,7.999999999999995
ITI,2020-09-01,2020-09-11,132.4809,137.9658,28,8,rebalance_trim,4.1402,153.5784,2020-08-31,2.379611272250781,0.9066666666666666,150,1.6317762656421062,0.8557110496325673,133.85000610351562,215095470.0086975,15.000000000000007
ASTRAZEN,2020-07-01,2020-09-14,3501.3796,4329.217,1,53,rebalance_trim,23.6432,827.8374,2020-06-30,1.9727706755452934,0.82,150,1.1313252787620087,0.21633927933409774,3494.879150390625,130472150.26367188,28.000000000000007
JBCHEPHARM,2020-06-01,2020-09-14,330.1352,379.8304,8,75,rebalance_trim,15.053,397.5612,2020-05-29,3.0242133813998606,0.9666666666666667,150,1.6906845203859227,1.0413860058851634,322.1940002441406,108309447.87902832,5.999999999999999
SEQUENT,2020-09-01,2020-09-14,130.2045,147.9807,20,9,rebalance_trim,13.6525,355.5236,2020-08-31,2.097952530252621,0.86,150,1.4105735720542643,0.6455129516873918,129.7,162797182.25,22.000000000000004
SYNGENE,2020-08-03,2020-09-14,483.9615,555.3796,8,30,rebalance_trim,14.757,571.3447,2020-07-31,2.4246533335584295,0.9133333333333333,150,0.7368376316355141,0.9331339664981196,482.72442626953125,177342560.51229858,14.0
MCX,2020-01-01,2020-09-15,222.6922,336.2443,10,176,rebalance_trim,50.9906,1135.5213,2019-12-31,2.7598040475119157,0.9452054794520548,146,1.9289896321042135,1.4544838048044972,218.5242919921875,379450409.9810791,9.0
DEEPAKNTR,2020-01-01,2020-09-16,393.8155,848.196,4,177,rebalance_trim,115.3791,1817.5223,2019-12-31,1.8041063687581602,0.815068493150685,146,1.351465313893249,0.5735285569349078,363.2445373535156,79265048.94885254,27.999999999999993
MPHASIS,2020-09-01,2020-09-16,980.4134,1178.8992,3,11,rebalance_trim,20.2451,595.4573,2020-08-31,2.1021147716377993,0.8666666666666667,150,0.6201777653676457,1.0316716549977931,988.2290649414062,191109068.2489624,20.999999999999996
BSOFT,2020-09-01,2020-09-17,149.5478,185.6204,21,12,rebalance_trim,24.1211,757.5236,2020-08-31,1.952037629460701,0.8333333333333334,150,1.6665421936371743,0.3577705218070619,149.97964477539062,218274034.22839355,25.999999999999993
JBCHEPHARM,2020-06-01,2020-09-17,330.1352,457.7988,8,78,rebalance_trim,38.6701,1021.3089,2020-05-29,3.0242133813998606,0.9666666666666667,150,1.6906845203859227,1.0413860058851634,322.1940002441406,108309447.87902832,5.999999999999999
JBCHEPHARM,2020-06-01,2020-09-18,330.1352,509.1892,7,79,rebalance_trim,54.2365,1253.3776,2020-05-29,3.0242133813998606,0.9666666666666667,150,1.6906845203859227,1.0413860058851634,322.1940002441406,108309447.87902832,5.999999999999999
LAURUSLABS,2020-06-01,2020-09-21,93.3004,294.0183,13,80,rebalance_trim,215.1307,2609.3322,2020-05-29,2.9952912808741794,0.9533333333333334,150,1.0245023279939278,1.3975890916393112,91.56617736816406,122599954.15325165,7.999999999999995
ASTRAZEN,2020-07-01,2020-09-22,3617.6475,4378.462,1,59,rebalance_trim,21.0306,760.8145,2020-06-30,1.9727706755452934,0.82,150,1.1313252787620087,0.21633927933409774,3494.879150390625,130472150.26367188,28.000000000000007
NATCOPHARM,2020-09-01,2020-09-22,724.8491,870.7844,4,15,rebalance_trim,20.1332,583.7409,2020-08-31,2.054442330242962,0.8533333333333334,150,1.2170862103152025,0.689933939891954,722.0308837890625,249471763.30517578,22.999999999999993
ABBOTINDIA,2019-11-01,2020-09-23,14999.2128,15014.313,1,223,rebalance_trim,0.1007,15.1001,2019-10-31,3.1310344945452098,1.0,142,1.8542014890659937,1.5373720770131813,10803.1640625,81414927.63671875,1.0
ABBOTINDIA,2019-11-01,2020-09-25,14927.7457,14799.9689,1,225,rebalance_trim,-0.856,-127.7768,2019-10-31,3.1310344945452098,1.0,142,1.8542014890659937,1.5373720770131813,10803.1640625,81414927.63671875,1.0
ADANIGREEN,2019-11-01,2020-09-25,278.7603,646.5845,8,225,rebalance_trim,131.95,2942.5936,2019-10-31,1.7847064400103172,0.823943661971831,142,0.8776325788894469,0.5133382580927224,89.69999694824219,50021456.4016037,26.0
ASTRAZEN,2020-07-01,2020-09-28,3698.6848,4417.8188,1,63,rebalance_trim,19.443,719.134,2020-06-30,1.9727706755452934,0.82,150,1.1313252787620087,0.21633927933409774,3494.879150390625,130472150.26367188,28.000000000000007
FDC,2020-09-01,2020-09-29,301.1616,369.0299,10,20,rebalance_trim,22.5355,678.6837,2020-08-31,2.243567521040508,0.8933333333333333,150,2.0832058966681757,0.48474006315486723,304.068115234375,154853905.37857056,17.000000000000004
ADANIGREEN,2019-11-01,2020-09-30,278.7603,748.4508,5,228,rebalance_trim,168.4927,2348.4528,2019-10-31,1.7847064400103172,0.823943661971831,142,0.8776325788894469,0.5133382580927224,89.69999694824219,50021456.4016037,26.0
ABBOTINDIA,2019-11-01,2020-10-01,15146.4765,15282.4745,2,229,rebalance_exit,0.8979,271.9961,2019-10-31,3.1310344945452098,1.0,142,1.8542014890659937,1.5373720770131813,10803.1640625,81414927.63671875,1.0
AJANTPHARM,2020-04-01,2020-10-01,883.8082,1008.4528,31,125,rebalance_exit,14.1031,3863.9855,2020-03-31,2.1975680619293847,0.8533333333333334,150,0.9632840640568258,0.9664526050918022,855.6746215820312,193396616.0991211,22.999999999999993
ALKEM,2020-04-01,2020-10-01,2275.9048,2618.3125,10,125,rebalance_exit,15.0449,3424.0768,2020-03-31,3.104793927967397,0.9533333333333334,150,1.877264202825237,1.4287387518950283,2189.167724609375,201818317.1734619,7.999999999999995
ALKYLAMINE,2020-09-01,2020-10-01,1214.6359,1258.6049,23,22,rebalance_exit,3.6199,1011.2872,2020-08-31,3.098697256847421,0.9666666666666667,150,3.9951984044867763,0.5242430166553641,1209.986572265625,119333428.01696777,5.999999999999999
ASTRAZEN,2020-07-01,2020-10-01,3794.2288,4268.0659,7,66,rebalance_exit,12.4884,3316.86,2020-06-30,1.9727706755452934,0.82,150,1.1313252787620087,0.21633927933409774,3494.879150390625,130472150.26367188,28.000000000000007
DEEPAKNTR,2020-01-01,2020-10-01,393.8155,813.4596,36,188,rebalance_exit,106.5586,15107.1893,2019-12-31,1.8041063687581602,0.815068493150685,146,1.351465313893249,0.5735285569349078,363.2445373535156,79265048.94885254,27.999999999999993
GRANULES,2020-01-01,2020-10-01,163.0386,381.3436,78,188,rebalance_exit,133.8977,17027.7887,2019-12-31,1.94066441613429,0.8424657534246576,146,1.2142769265594582,0.8542443240092886,120.43325805664062,119267312.35377502,23.999999999999993
IDBI,2020-08-03,2020-10-01,36.6742,33.1834,872,43,rebalance_exit,-9.5185,-3043.9992,2020-07-31,2.0264770905820653,0.84,150,0.662792589908629,0.5717098214800684,36.62502670288086,99651680.02988052,25.000000000000004
INDIACEM,2020-05-04,2020-10-01,104.9695,116.461,260,107,rebalance_exit,10.9475,2987.7968,2020-04-30,2.290098488784456,0.8733333333333333,150,-0.15882521399189575,0.4849364529908197,102.32418823242188,182978810.05628204,20.000000000000007
KSCL,2020-08-03,2020-10-01,572.9213,513.4779,55,43,rebalance_exit,-10.3755,-3269.3873,2020-07-31,1.8335360378942156,0.8133333333333334,150,0.5228371437162967,0.44310680327274515,578.3499755859375,105073068.02154541,28.999999999999996
LALPATHLAB,2020-09-01,2020-10-01,845.2173,900.8398,33,22,rebalance_exit,6.5809,1835.5438,2020-08-31,1.9332677964654799,0.8266666666666667,150,1.5577328284080856,0.3891637786652217,849.37353515625,196838211.59362793,27.0
LAURUSLABS,2020-06-01,2020-10-01,93.3004,285.4167,105,88,rebalance_exit,205.9114,20172.2075,2020-05-29,2.9952912808741794,0.9533333333333334,150,1.0245023279939278,1.3975890916393112,91.56617736816406,122599954.15325165,7.999999999999995
MCX,2020-01-01,2020-10-01,222.6922,332.1002,89,188,rebalance_exit,49.1297,9737.3088,2019-12-31,2.7598040475119157,0.9452054794520548,146,1.9289896321042135,1.4544838048044972,218.5242919921875,379450409.9810791,9.0
MINDTREE,2020-05-04,2020-10-01,912.7517,1340.5835,23,107,rebalance_exit,46.8727,9840.1307,2020-04-30,2.0525890653127794,0.8466666666666667,150,-0.3183442604886396,0.3652753587743832,915.95,665481526.6,24.0
PFIZER,2019-12-02,2020-10-01,3887.0252,4580.4002,6,209,rebalance_exit,17.8382,4160.2495,2019-11-29,2.316872973398421,0.9115646258503401,147,1.6384335970032162,0.975763536177862,3618.817138671875,70565915.30053711,13.999999999999998
SANOFI,2020-04-01,2020-10-01,4896.3131,6632.3303,4,125,rebalance_exit,35.4556,6944.0689,2020-03-31,2.4990023360302374,0.88,150,1.3778272716900388,1.0488827531468343,4558.88623046875,70016211.17578125,19.0
TV18BRDCST,2020-08-03,2020-10-06,32.0645,31.5393,101,45,rebalance_trim,-1.638,-53.0461,2020-07-31,2.0335844354810098,0.8466666666666667,150,0.8780838525717881,0.4825015812269122,33.35,196018042.5,24.0
LTI,2020-09-01,2020-10-12,2501.1806,2931.9649,2,28,rebalance_trim,17.2232,861.5686,2020-08-31,1.979200788489047,0.84,150,1.337131393184212,0.5473240922563721,2458.35,298026042.25,25.000000000000004
LTI,2020-09-01,2020-10-13,2501.1806,3149.8222,1,29,rebalance_trim,25.9334,648.6416,2020-08-31,1.979200788489047,0.84,150,1.337131393184212,0.5473240922563721,2458.35,298026042.25,25.000000000000004
TATAELXSI,2020-10-01,2020-10-13,1216.4066,1392.5773,4,7,rebalance_trim,14.4829,704.6827,2020-09-30,1.8614153056762295,0.88,150,1.3855182439208023,1.7521239201263432,1206.7193603515625,443867044.81799316,19.0
JBCHEPHARM,2020-06-01,2020-10-16,354.2809,495.9762,8,98,rebalance_trim,39.9952,1133.5628,2020-05-29,3.0242133813998606,0.9666666666666667,150,1.6906845203859227,1.0413860058851634,322.1940002441406,108309447.87902832,5.999999999999999
PIIND,2019-02-01,2020-10-19,1166.8469,2063.0356,2,421,rebalance_trim,76.8043,1792.3775,2019-01-31,1.6073613380681988,0.8133333333333334,150,-0.3691321496752568,0.4853906073150072,835.3931884765625,53115231.044921875,28.999999999999996
DIXON,2020-01-01,2020-10-21,1048.5797,1912.5058,2,201,rebalance_trim,82.3901,1727.8521,2019-12-31,2.524169664144332,0.9246575342465754,146,1.7317558393719215,1.2759260801564625,757.2647705078125,84585337.83691406,11.999999999999995
HINDZINC,2020-10-01,2020-10-21,125.595,137.3093,30,13,rebalance_trim,9.327,351.4286,2020-09-30,1.5612272299599401,0.8066666666666666,150,0.5909877809001118,1.7919734415966393,124.82955932617188,141780262.5703125,30.000000000000004
TATAELXSI,2020-10-01,2020-10-26,1216.4066,1558.3312,2,16,rebalance_trim,28.1094,683.8491,2020-09-30,1.8614153056762295,0.88,150,1.3855182439208023,1.7521239201263432,1206.7193603515625,443867044.81799316,19.0
ADANIGREEN,2019-11-01,2020-10-28,373.4039,775.4522,6,247,rebalance_trim,107.6712,2412.2896,2019-10-31,1.7847064400103172,0.823943661971831,142,0.8776325788894469,0.5133382580927224,89.69999694824219,50021456.4016037,26.0
TV18BRDCST,2020-08-03,2020-10-28,31.628,31.0411,112,61,rebalance_trim,-1.8557,-65.7366,2020-07-31,2.0335844354810098,0.8466666666666667,150,0.8780838525717881,0.4825015812269122,33.35,196018042.5,24.0
APLAPOLLO,2020-10-01,2020-10-29,291.5056,314.5369,10,19,rebalance_trim,7.9008,230.3121,2020-09-30,1.941758155521964,0.9133333333333333,150,1.4042858174710093,1.8603892475530348,287.7163391113281,128272827.87689209,14.0
ADANIGREEN,2019-11-01,2020-10-30,373.4039,832.4993,4,249,rebalance_trim,122.9488,1836.3818,2019-10-31,1.7847064400103172,0.823943661971831,142,0.8776325788894469,0.5133382580927224,89.69999694824219,50021456.4016037,26.0
ATGL,2020-10-01,2020-11-02,192.978,220.2611,23,21,rebalance_trim,14.1379,627.512,2020-09-30,1.7435758408861177,0.8466666666666667,150,0.640799959913182,2.0332689039221705,188.88734436035156,272173823.6103821,24.0
EIDPARRY,2020-08-03,2020-11-02,275.6784,257.0804,129,64,rebalance_exit,-6.7463,-2399.141,2020-07-31,1.941857480125345,0.8266666666666667,150,1.1180653143431465,0.28432644628343046,276.44384765625,132056147.32641602,27.0
FDC,2020-09-01,2020-11-02,309.3872,339.377,99,43,rebalance_exit,9.6933,2968.9907,2020-08-31,2.243567521040508,0.8933333333333333,150,2.0832058966681757,0.48474006315486723,304.068115234375,154853905.37857056,17.000000000000004
HINDZINC,2020-10-01,2020-11-02,125.595,132.5649,250,21,rebalance_exit,5.5495,1742.4785,2020-09-30,1.5612272299599401,0.8066666666666666,150,0.5909877809001118,1.7919734415966393,124.82955932617188,141780262.5703125,30.000000000000004
ISEC,2020-02-03,2020-11-02,404.5085,465.1675,74,186,rebalance_exit,14.9957,4488.7678,2020-01-31,2.7712838232948798,0.9533333333333334,150,1.9345199031560507,1.8292258096297147,470.55,107207851.19999999,7.999999999999995
ITI,2020-09-01,2020-11-02,131.4036,118.534,278,43,rebalance_exit,-9.7939,-3577.7422,2020-08-31,2.379611272250781,0.9066666666666666,150,1.6317762656421062,0.8557110496325673,133.85000610351562,215095470.0086975,15.000000000000007
PIIND,2019-02-01,2020-11-02,1166.8469,2159.1106,16,431,rebalance_exit,85.038,15876.2196,2019-01-31,1.6073613380681988,0.8133333333333334,150,-0.3691321496752568,0.4853906073150072,835.3931884765625,53115231.044921875,28.999999999999996
TV18BRDCST,2020-08-03,2020-11-02,31.628,28.9484,1129,64,rebalance_exit,-8.4722,-3025.2575,2020-07-31,2.0335844354810098,0.8466666666666667,150,0.8780838525717881,0.4825015812269122,33.35,196018042.5,24.0
JBCHEPHARM,2020-06-01,2020-11-03,366.5991,471.5301,7,110,rebalance_trim,28.6228,734.5173,2020-05-29,3.0242133813998606,0.9666666666666667,150,1.6906845203859227,1.0413860058851634,322.1940002441406,108309447.87902832,5.999999999999999
IPCALAB,2018-09-03,2020-11-05,591.1714,1174.4907,3,536,rebalance_trim,98.6718,1749.9577,2018-08-31,1.9662596697818464,0.9066666666666666,150,2.123761072788852,0.3303341128780294,376.18994140625,75942149.66766357,15.000000000000007
NAVINFLUOR,2020-02-03,2020-11-05,1334.4038,2380.8268,2,189,rebalance_trim,78.4188,2092.846,2020-01-31,2.906251794544867,0.96,150,1.6240945185900026,2.2226372691048693,1118.3358154296875,59846493.34082031,7.000000000000005
DIXON,2020-01-01,2020-11-06,1128.1861,2029.5108,2,213,rebalance_trim,79.8915,1802.6494,2019-12-31,2.524169664144332,0.9246575342465754,146,1.7317558393719215,1.2759260801564625,757.2647705078125,84585337.83691406,11.999999999999995
GUJGASLTD,2019-12-02,2020-11-06,243.5543,302.5041,11,234,rebalance_trim,24.204,648.4476,2019-11-29,2.088827205043602,0.8775510204081632,147,1.7665182139900928,0.57781815771656,202.74183654785156,62725074.19656372,19.000000000000004
AFFLE,2020-10-01,2020-11-09,577.0141,585.9437,6,26,rebalance_trim,1.5475,53.5772,2020-09-30,3.10275791931958,0.9866666666666667,150,2.431286258335137,2.9612640933262795,575.010009765625,150735423.5684204,2.9999999999999964
ALKYLAMINE,2020-11-02,2020-11-09,1165.7375,1295.5086,3,5,rebalance_trim,11.1321,389.3134,2020-10-30,3.163578520629736,0.96,150,4.500731122002146,1.4305738213295383,1156.8541259765625,107933061.6430664,7.000000000000005
ADANIGREEN,2019-11-01,2020-11-13,373.4039,947.2924,4,259,rebalance_trim,153.6911,2295.5541,2019-10-31,1.7847064400103172,0.823943661971831,142,0.8776325788894469,0.5133382580927224,89.69999694824219,50021456.4016037,26.0
ADVENZYMES,2020-11-02,2020-11-13,296.5298,305.5684,12,9,rebalance_trim,3.0481,108.4624,2020-10-30,2.59301955022436,0.94,150,1.5554023752242492,2.2881314182596744,296.2236633300781,137439477.54833984,10.000000000000007
BALKRISIND,2020-07-01,2020-11-13,1225.1303,1503.868,3,96,rebalance_trim,22.7517,836.2133,2020-06-30,2.2533227344060602,0.8666666666666667,150,1.2595976398944424,0.4659523904066754,1202.00927734375,771866365.4406738,20.999999999999996
DEEPAKNTR,2020-11-02,2020-11-13,722.838,804.0886,4,9,rebalance_trim,11.2405,325.0026,2020-10-30,2.1141992031140058,0.8866666666666667,150,2.5220341608742793,1.0834269965952397,729.6488037109375,799189707.2642822,17.999999999999993
INDIAMART,2020-11-02,2020-11-14,2282.9788,4696.9088,8,10,rebalance_trim,105.736,19311.4402,2020-10-30,2.989529089951973,0.9533333333333334,150,3.085119127439647,1.9816007985588246,2275.010009765625,592793312.4975586,7.999999999999995
STAR,2020-10-01,2020-11-14,699.0045,674.3457,6,31,rebalance_trim,-3.5277,-147.9526,2020-09-30,1.6417232718763595,0.82,150,1.3164150954531955,1.4669891177787824,710.3091430664062,660367651.7807617,28.000000000000007
ATGL,2020-10-01,2020-11-18,192.978,301.4069,35,33,rebalance_trim,56.1872,3795.0113,2020-09-30,1.7435758408861177,0.8466666666666667,150,0.640799959913182,2.0332689039221705,188.88734436035156,272173823.6103821,24.0
ATGL,2020-10-01,2020-11-19,192.978,339.1762,13,34,rebalance_trim,75.759,1900.5761,2020-09-30,1.7435758408861177,0.8466666666666667,150,0.640799959913182,2.0332689039221705,188.88734436035156,272173823.6103821,24.0
ADANIGREEN,2019-11-01,2020-11-23,373.4039,1152.9218,5,265,rebalance_trim,208.76,3897.5893,2019-10-31,1.7847064400103172,0.823943661971831,142,0.8776325788894469,0.5133382580927224,89.69999694824219,50021456.4016037,26.0
AFFLE,2020-10-01,2020-11-24,577.0141,678.4191,5,37,rebalance_trim,17.5741,507.025,2020-09-30,3.10275791931958,0.9866666666666667,150,2.431286258335137,2.9612640933262795,575.010009765625,150735423.5684204,2.9999999999999964
EMAMILTD,2020-10-01,2020-11-26,318.5751,378.9946,10,39,rebalance_trim,18.9655,604.1944,2020-09-30,1.8715577989146257,0.8933333333333333,150,0.22942051128025184,2.47641620987149,315.1307678222656,167755126.3289795,17.000000000000004
BALKRISIND,2020-07-01,2020-12-01,1225.1303,1644.4077,23,107,rebalance_exit,34.2231,9643.3802,2020-06-30,2.2533227344060602,0.8666666666666667,150,1.2595976398944424,0.4659523904066754,1202.00927734375,771866365.4406738,20.999999999999996
BAYERCROP,2020-07-01,2020-12-01,5040.6792,4453.1695,8,107,rebalance_exit,-11.6554,-4700.078,2020-06-30,2.871960309240426,0.9266666666666666,150,1.4804038244104272,1.0502544617863374,5195.94189453125,84751414.31542969,12.000000000000004
GMMPFAUDLR,2020-10-01,2020-12-01,1328.4948,1271.8575,31,41,rebalance_exit,-4.2633,-1755.7552,2020-09-30,3.068244118154322,0.98,150,3.9860568679738373,1.9560850264149683,1318.5994873046875,142468068.7064209,4.000000000000003
GUJGASLTD,2019-12-02,2020-12-01,243.5543,336.3861,117,250,rebalance_exit,38.1154,10861.3223,2019-11-29,2.088827205043602,0.8775510204081632,147,1.7665182139900928,0.57781815771656,202.74183654785156,62725074.19656372,19.000000000000004
RALLIS,2020-05-04,2020-12-01,217.9553,263.8949,158,148,rebalance_exit,21.0775,7258.453,2020-04-30,2.1061167066810462,0.8533333333333334,150,0.16547542266909537,0.10299226727602064,197.85133361816406,74354050.17749023,22.999999999999993
STRTECH,2020-10-01,2020-12-01,148.8984,159.7772,260,41,rebalance_exit,7.3062,2828.478,2020-09-30,1.749888180702522,0.86,150,0.02387244534262434,2.421114185694752,147.55413818359375,200223755.02586365,22.000000000000004
AFFLE,2020-10-01,2020-12-03,577.0141,774.0834,5,43,rebalance_trim,34.1533,985.3463,2020-09-30,3.10275791931958,0.9866666666666667,150,2.431286258335137,2.9612640933262795,575.010009765625,150735423.5684204,2.9999999999999964
ALKYLAMINE,2020-11-02,2020-12-03,1165.7375,1612.1021,3,22,rebalance_trim,38.2903,1339.0938,2020-10-30,3.163578520629736,0.96,150,4.500731122002146,1.4305738213295383,1156.8541259765625,107933061.6430664,7.000000000000005
APLAPOLLO,2020-10-01,2020-12-07,294.1831,378.4272,17,45,rebalance_trim,28.6366,1432.1497,2020-09-30,1.941758155521964,0.9133333333333333,150,1.4042858174710093,1.8603892475530348,287.7163391113281,128272827.87689209,14.0
PIIND,2020-12-01,2020-12-08,2249.5727,2601.9298,2,5,rebalance_trim,15.6633,704.7144,2020-11-27,1.7832721378030372,0.8066666666666666,150,1.167412434104294,1.0052196875556731,2172.2490234375,683570910.2578125,30.000000000000004
STAR,2020-10-01,2020-12-08,699.0045,820.8227,5,46,rebalance_trim,17.4274,609.091,2020-09-30,1.6417232718763595,0.82,150,1.3164150954531955,1.4669891177787824,710.3091430664062,660367651.7807617,28.000000000000007
SEQUENT,2020-09-01,2020-12-09,135.2868,174.2385,21,69,rebalance_trim,28.7919,817.9855,2020-08-31,2.097952530252621,0.86,150,1.4105735720542643,0.6455129516873918,129.7,162797182.25,22.000000000000004
APLLTD,2020-05-04,2020-12-14,788.9042,1025.3608,5,157,rebalance_trim,29.9728,1182.2827,2020-04-30,1.9627629798665498,0.8333333333333334,150,0.07484649314445246,0.02711799604914897,698.0210571289062,117068282.22424316,25.999999999999993
DIXON,2020-01-01,2020-12-14,1128.1861,2547.6456,2,238,rebalance_trim,125.8178,2838.919,2019-12-31,2.524169664144332,0.9246575342465754,146,1.7317558393719215,1.2759260801564625,757.2647705078125,84585337.83691406,11.999999999999995
INDIAMART,2020-11-02,2020-12-18,2318.422,2727.3415,2,33,rebalance_trim,17.6378,817.839,2020-10-30,2.989529089951973,0.9533333333333334,150,3.085119127439647,1.9816007985588246,2275.010009765625,592793312.4975586,7.999999999999995
MPHASIS,2020-09-01,2020-12-22,1041.3454,1235.696,3,78,rebalance_trim,18.6634,583.0516,2020-08-31,2.1021147716377993,0.8666666666666667,150,0.6201777653676457,1.0316716549977931,988.2290649414062,191109068.2489624,20.999999999999996
BSOFT,2020-09-01,2020-12-23,155.2893,218.8661,24,79,rebalance_trim,40.9409,1525.8427,2020-08-31,1.952037629460701,0.8333333333333334,150,1.6665421936371743,0.3577705218070619,149.97964477539062,218274034.22839355,25.999999999999993
PERSISTENT,2020-10-01,2020-12-23,628.3393,664.8712,6,57,rebalance_trim,5.814,219.1916,2020-09-30,2.1213785743585696,0.9266666666666666,150,1.800773065864346,1.8849605929959365,641.496826171875,157184249.88427734,12.000000000000004
BSOFT,2020-09-01,2020-12-24,155.2893,246.6229,16,80,rebalance_trim,58.8151,1461.3373,2020-08-31,1.952037629460701,0.8333333333333334,150,1.6665421936371743,0.3577705218070619,149.97964477539062,218274034.22839355,25.999999999999993
FSL,2020-10-01,2020-12-28,64.2459,81.1424,96,59,rebalance_trim,26.2999,1622.0709,2020-09-30,1.9330091020040492,0.9066666666666666,150,0.5464853158872234,2.3735364247187176,63.42429733276367,183789084.89312363,15.000000000000007
STAR,2020-10-01,2020-12-28,705.2109,848.4133,5,59,rebalance_trim,20.3063,716.012,2020-09-30,1.6417232718763595,0.82,150,1.3164150954531955,1.4669891177787824,710.3091430664062,660367651.7807617,28.000000000000007
FSL,2020-10-01,2020-12-29,64.2459,96.3458,73,60,rebalance_trim,49.9642,2343.2946,2020-09-30,1.9330091020040492,0.9066666666666666,150,0.5464853158872234,2.3735364247187176,63.42429733276367,183789084.89312363,15.000000000000007
ADVENZYMES,2020-11-02,2021-01-01,295.277,315.9018,137,42,rebalance_exit,6.9849,2825.5938,2020-10-30,2.59301955022436,0.94,150,1.5554023752242492,2.2881314182596744,296.2236633300781,137439477.54833984,10.000000000000007
ALKYLAMINE,2020-11-02,2021-01-01,1201.379,1487.776,27,42,rebalance_exit,23.839,7732.7178,2020-10-30,3.163578520629736,0.96,150,4.500731122002146,1.4305738213295383,1156.8541259765625,107933061.6430664,7.000000000000005
APLLTD,2020-05-04,2021-01-01,810.0013,968.2923,42,170,rebalance_exit,19.5421,6648.2203,2020-04-30,1.9627629798665498,0.8333333333333334,150,0.07484649314445246,0.02711799604914897,698.0210571289062,117068282.22424316,25.999999999999993
BLUEDART,2020-12-01,2021-01-01,3841.3577,4015.7488,10,22,rebalance_exit,4.5398,1743.9107,2020-11-27,1.9564101290156823,0.8266666666666667,150,1.2007947677951951,1.2061535465948685,3908.110107421875,105615873.76757812,27.0
COROMANDEL,2020-02-03,2021-01-01,612.9711,768.2171,52,228,rebalance_exit,25.3268,8072.7929,2020-01-31,2.06930542038,0.8666666666666667,150,0.8127284401068879,1.6206656225617273,587.9855346679688,65054626.407714844,20.999999999999996
KEC,2020-11-02,2021-01-01,315.5099,349.6374,111,42,rebalance_exit,10.8166,3788.1617,2020-10-30,1.5941288914922378,0.8066666666666666,150,0.6111730168616359,1.4320034394966257,313.4922790527344,109781627.580719,30.000000000000004
AMBER,2020-11-02,2021-01-07,2218.0819,2690.5577,2,46,rebalance_trim,21.3011,944.9516,2020-10-30,2.2348875797692225,0.9,150,1.8698846911629874,1.6157075780289774,2180.39990234375,323671643.9033203,15.999999999999996
JKCEMENT,2020-12-01,2021-01-07,1993.814,2121.5427,2,26,rebalance_trim,6.4062,255.4574,2020-11-27,2.514433390811056,0.9066666666666666,150,1.6975566571474654,1.628347765255409,1985.18115234375,139508245.20263672,15.000000000000007
DEEPAKNTR,2020-11-02,2021-01-08,740.4822,1065.6419,4,47,rebalance_trim,43.9119,1300.639,2020-10-30,2.1141992031140058,0.8866666666666667,150,2.5220341608742793,1.0834269965952397,729.6488037109375,799189707.2642822,17.999999999999993
LTI,2020-09-01,2021-01-11,2669.6359,4142.5327,1,91,rebalance_trim,55.1722,1472.8968,2020-08-31,1.979200788489047,0.84,150,1.337131393184212,0.5473240922563721,2458.35,298026042.25,25.000000000000004
INDIAMART,2020-11-02,2021-01-12,2318.422,3758.9853,2,49,rebalance_trim,62.1355,2881.1266,2020-10-30,2.989529089951973,0.9533333333333334,150,3.085119127439647,1.9816007985588246,2275.010009765625,592793312.4975586,7.999999999999995
TATAELXSI,2020-10-01,2021-01-12,1243.904,2004.7721,2,70,rebalance_trim,61.1678,1521.7363,2020-09-30,1.8614153056762295,0.88,150,1.3855182439208023,1.7521239201263432,1206.7193603515625,443867044.81799316,19.0
LTI,2020-09-01,2021-01-13,2669.6359,4292.2628,1,93,rebalance_trim,60.7808,1622.6269,2020-08-31,1.979200788489047,0.84,150,1.337131393184212,0.5473240922563721,2458.35,298026042.25,25.000000000000004
TATAELXSI,2020-10-01,2021-01-14,1243.904,2245.2605,3,72,rebalance_trim,80.5011,3004.0695,2020-09-30,1.8614153056762295,0.88,150,1.3855182439208023,1.7521239201263432,1206.7193603515625,443867044.81799316,19.0
SEQUENT,2020-09-01,2021-01-15,139.8984,204.2831,31,95,rebalance_trim,46.0224,1995.9246,2020-08-31,2.097952530252621,0.86,150,1.4105735720542643,0.6455129516873918,129.7,162797182.25,22.000000000000004
METROPOLIS,2021-01-01,2021-01-20,484.3785,546.1579,8,13,rebalance_trim,12.7544,494.2353,2020-12-31,1.711096081976342,0.8066666666666666,150,1.034009551632509,1.1962438661000878,480.3122253417969,171297237.78222656,30.000000000000004
TATAELXSI,2020-10-01,2021-01-20,1243.904,2531.7503,2,76,rebalance_trim,103.5326,2575.6925,2020-09-30,1.8614153056762295,0.88,150,1.3855182439208023,1.7521239201263432,1206.7193603515625,443867044.81799316,19.0
PHILIPCARB,2020-12-01,2021-01-21,69.5843,81.5153,49,36,rebalance_trim,17.146,584.616,2020-11-27,1.8437578558541303,0.8133333333333334,150,0.3140380753357395,1.5764613812481543,69.9925765991211,116580689.20898438,28.999999999999996
SEQUENT,2020-09-01,2021-01-21,139.8984,220.2271,18,99,rebalance_trim,57.4193,1445.9168,2020-08-31,2.097952530252621,0.86,150,1.4105735720542643,0.6455129516873918,129.7,162797182.25,22.000000000000004
KAJARIACER,2021-01-01,2021-01-22,672.7029,772.0914,7,15,rebalance_trim,14.7745,695.7195,2020-12-31,1.9381677372624513,0.86,150,0.7533367924912835,1.620360918043765,668.0760498046875,198633039.2039795,22.000000000000004
CYIENT,2020-12-01,2021-01-25,442.1233,546.8346,23,38,rebalance_trim,23.6837,2408.3608,2020-11-27,2.0532993678133122,0.8533333333333334,150,0.1210568414197079,1.954822574033349,433.3594970703125,147999693.29718018,22.999999999999993
SUPREMEIND,2021-01-01,2021-01-25,1552.3139,1737.1249,3,16,rebalance_trim,11.9055,554.4331,2020-12-31,1.889948706251384,0.84,150,1.2841107949403001,1.2743277097467323,1545.85205078125,111979897.14331055,25.000000000000004
CYIENT,2020-12-01,2021-02-01,442.1233,540.2051,85,42,rebalance_exit,22.1843,8336.9557,2020-11-27,2.0532993678133122,0.8533333333333334,150,0.1210568414197079,1.954822574033349,433.3594970703125,147999693.29718018,22.999999999999993
EMAMILTD,2020-10-01,2021-02-01,324.682,448.8715,11,83,rebalance_trim,38.2496,1366.0845,2020-09-30,1.8715577989146257,0.8933333333333333,150,0.22942051128025184,2.47641620987149,315.1307678222656,167755126.3289795,17.000000000000004
JBCHEPHARM,2020-06-01,2021-02-01,386.9181,472.0484,93,171,rebalance_exit,22.0021,7917.1171,2020-05-29,3.0242133813998606,0.9666666666666667,150,1.6906845203859227,1.0413860058851634,322.1940002441406,108309447.87902832,5.999999999999999
LALPATHLAB,2020-12-01,2021-02-01,1104.4506,1085.5701,40,42,rebalance_exit,-1.7095,-755.217,2020-11-27,1.9974268895934968,0.8333333333333334,150,1.1165412158409214,1.3071371235220068,1099.2176513671875,295925175.5551758,25.999999999999993
METROPOLIS,2021-01-01,2021-02-01,485.6469,510.0403,93,20,rebalance_exit,5.0229,2268.5818,2020-12-31,1.711096081976342,0.8066666666666666,150,1.034009551632509,1.1962438661000878,480.3122253417969,171297237.78222656,30.000000000000004
NATCOPHARM,2020-09-01,2021-02-01,789.0999,859.1136,53,105,rebalance_exit,8.8726,3710.7218,2020-08-31,2.054442330242962,0.8533333333333334,150,1.2170862103152025,0.689933939891954,722.0308837890625,249471763.30517578,22.999999999999993
PIIND,2020-12-01,2021-02-01,2248.5686,2008.9352,21,42,rebalance_exit,-10.6572,-5032.2999,2020-11-27,1.7832721378030372,0.8066666666666666,150,1.167412434104294,1.0052196875556731,2172.2490234375,683570910.2578125,30.000000000000004
SEQUENT,2020-09-01,2021-02-01,139.8984,209.8635,213,105,rebalance_exit,50.0113,14902.5618,2020-08-31,2.097952530252621,0.86,150,1.4105735720542643,0.6455129516873918,129.7,162797182.25,22.000000000000004
SUPREMEIND,2021-01-01,2021-02-01,1552.3139,1715.3871,26,20,rebalance_exit,10.5052,4239.903,2020-12-31,1.889948706251384,0.84,150,1.2841107949403001,1.2743277097467323,1545.85205078125,111979897.14331055,25.000000000000004
PHILIPCARB,2020-12-01,2021-02-02,69.5843,87.9576,61,43,rebalance_trim,26.4044,1120.7734,2020-11-27,1.8437578558541303,0.8133333333333334,150,0.3140380753357395,1.5764613812481543,69.9925765991211,116580689.20898438,28.999999999999996
TATAELXSI,2020-10-01,2021-02-02,1243.904,2789.0853,2,84,rebalance_trim,124.2203,3090.3627,2020-09-30,1.8614153056762295,0.88,150,1.3855182439208023,1.7521239201263432,1206.7193603515625,443867044.81799316,19.0
VAKRANGEE,2021-02-01,2021-02-02,45.9829,50.6744,79,1,rebalance_trim,10.2027,370.6285,2021-01-29,2.3952516272010183,0.9266666666666666,150,0.44036476250924506,2.2500377326751777,48.221927642822266,307707148.69729614,12.000000000000004
STAR,2020-10-01,2021-02-03,729.056,899.6531,7,85,rebalance_trim,23.3997,1194.1801,2020-09-30,1.6417232718763595,0.82,150,1.3164150954531955,1.4669891177787824,710.3091430664062,660367651.7807617,28.000000000000007
ASTRAL,2021-02-01,2021-02-04,961.1034,1101.4692,4,3,rebalance_trim,14.6047,561.4634,2021-01-29,1.9863973852905852,0.8666666666666667,150,0.942939825217705,1.4826820605063875,956.7732543945312,229359517.09472656,20.999999999999996
LTI,2020-09-01,2021-02-04,2799.1562,4309.2322,1,108,rebalance_trim,53.9475,1510.076,2020-08-31,1.979200788489047,0.84,150,1.337131393184212,0.5473240922563721,2458.35,298026042.25,25.000000000000004
FSL,2020-10-01,2021-02-05,69.5387,86.0075,54,87,rebalance_trim,23.6829,889.3147,2020-09-30,1.9330091020040492,0.9066666666666666,150,0.5464853158872234,2.3735364247187176,63.42429733276367,183789084.89312363,15.000000000000007
INDIAMART,2020-11-02,2021-02-05,2318.422,4381.5661,2,66,rebalance_trim,88.9892,4126.2882,2020-10-30,2.989529089951973,0.9533333333333334,150,3.085119127439647,1.9816007985588246,2275.010009765625,592793312.4975586,7.999999999999995
KAJARIACER,2021-01-01,2021-02-05,672.7029,862.8373,5,24,rebalance_trim,28.2643,950.6722,2020-12-31,1.9381677372624513,0.86,150,0.7533367924912835,1.620360918043765,668.0760498046875,198633039.2039795,22.000000000000004
AFFLE,2020-10-01,2021-02-08,609.2504,876.9225,8,88,rebalance_trim,43.9347,2141.3773,2020-09-30,3.10275791931958,0.9866666666666667,150,2.431286258335137,2.9612640933262795,575.010009765625,150735423.5684204,2.9999999999999964
ADANIENSOL,2021-02-01,2021-02-09,467.1807,568.0066,12,6,rebalance_trim,21.5818,1209.9106,2021-01-29,1.8577573970004833,0.8133333333333334,150,0.5882619023975392,1.5537595603921308,460.1499938964844,236926197.75,28.999999999999996
DIXON,2020-01-01,2021-02-09,1128.1861,3506.0254,2,277,rebalance_trim,210.7666,4755.6785,2019-12-31,2.524169664144332,0.9246575342465754,146,1.7317558393719215,1.2759260801564625,757.2647705078125,84585337.83691406,11.999999999999995
TATASTLBSL,2021-02-01,2021-02-10,38.3338,44.8426,99,7,rebalance_trim,16.9793,644.3731,2021-01-29,1.8732244567253145,0.82,150,0.5775310821355328,1.5777417635966575,37.65,155103264.0,28.000000000000007
AFFLE,2020-10-01,2021-02-12,609.2504,1067.5058,8,92,rebalance_trim,75.2163,3666.0433,2020-09-30,3.10275791931958,0.9866666666666667,150,2.431286258335137,2.9612640933262795,575.010009765625,150735423.5684204,2.9999999999999964
AMBER,2020-11-02,2021-02-12,2218.0819,3158.3069,2,71,rebalance_trim,42.3891,1880.4499,2020-10-30,2.2348875797692225,0.9,150,1.8698846911629874,1.6157075780289774,2180.39990234375,323671643.9033203,15.999999999999996
DEEPAKNTR,2020-11-02,2021-02-12,759.6925,1116.471,4,71,rebalance_trim,46.9635,1427.1139,2020-10-30,2.1141992031140058,0.8866666666666667,150,2.5220341608742793,1.0834269965952397,729.6488037109375,799189707.2642822,17.999999999999993
JKCEMENT,2020-12-01,2021-02-15,1993.814,2650.7098,3,52,rebalance_trim,32.9467,1970.6872,2020-11-27,2.514433390811056,0.9066666666666666,150,1.6975566571474654,1.628347765255409,1985.18115234375,139508245.20263672,15.000000000000007
ADANIENSOL,2021-02-01,2021-02-16,467.1807,688.7584,12,11,rebalance_trim,47.4287,2658.9325,2021-01-29,1.8577573970004833,0.8133333333333334,150,0.5882619023975392,1.5537595603921308,460.1499938964844,236926197.75,28.999999999999996
VAKRANGEE,2021-02-01,2021-02-16,46.2718,55.6407,91,11,rebalance_trim,20.2475,852.5674,2021-01-29,2.3952516272010183,0.9266666666666666,150,0.44036476250924506,2.2500377326751777,48.221927642822266,307707148.69729614,12.000000000000004
ADANIENSOL,2021-02-01,2021-02-17,467.1807,765.6199,6,12,rebalance_trim,63.8809,1790.6349,2021-01-29,1.8577573970004833,0.8133333333333334,150,0.5882619023975392,1.5537595603921308,460.1499938964844,236926197.75,28.999999999999996
ATGL,2020-10-01,2021-02-17,210.9265,519.2031,25,95,rebalance_trim,146.1536,7706.9145,2020-09-30,1.7435758408861177,0.8466666666666667,150,0.640799959913182,2.0332689039221705,188.88734436035156,272173823.6103821,24.0
DEEPAKNTR,2020-11-02,2021-02-17,759.6925,1252.8161,4,74,rebalance_trim,64.9109,1972.4943,2020-10-30,2.1141992031140058,0.8866666666666667,150,2.5220341608742793,1.0834269965952397,729.6488037109375,799189707.2642822,17.999999999999993
HFCL,2021-02-01,2021-02-18,28.6728,30.1463,198,13,rebalance_trim,5.139,291.7501,2021-01-29,1.8990232487723548,0.84,150,0.7306076357813992,1.5135476553011116,28.618200302124023,258392966.11831284,25.000000000000004
CDSL,2020-09-01,2021-02-23,203.4406,288.1972,18,121,rebalance_trim,41.6616,1525.6183,2020-08-31,2.2982107084237957,0.9,150,2.095593034452378,0.5402531474557066,191.64366149902344,235485604.17059326,15.999999999999996
ADANIGREEN,2019-11-01,2021-02-24,576.0212,1207.5233,5,329,rebalance_trim,109.6318,3157.5106,2019-10-31,1.7847064400103172,0.823943661971831,142,0.8776325788894469,0.5133382580927224,89.69999694824219,50021456.4016037,26.0
TATASTLBSL,2021-02-01,2021-02-24,38.7296,46.7858,115,17,rebalance_trim,20.8011,926.4616,2021-01-29,1.8732244567253145,0.82,150,0.5775310821355328,1.5777417635966575,37.65,155103264.0,28.000000000000007
ADANIENSOL,2021-02-01,2021-03-01,467.1807,756.3366,6,20,rebalance_trim,61.8938,1734.9354,2021-01-29,1.8577573970004833,0.8133333333333334,150,0.5882619023975392,1.5537595603921308,460.1499938964844,236926197.75,28.999999999999996
APLAPOLLO,2020-10-01,2021-03-01,294.1831,552.8968,22,103,rebalance_trim,87.9431,5691.7031,2020-09-30,1.941758155521964,0.9133333333333333,150,1.4042858174710093,1.8603892475530348,287.7163391113281,128272827.87689209,14.0
ASTRAL,2021-02-01,2021-03-01,961.1034,1196.5126,4,20,rebalance_trim,24.4936,941.6367,2021-01-29,1.9863973852905852,0.8666666666666667,150,0.942939825217705,1.4826820605063875,956.7732543945312,229359517.09472656,20.999999999999996
ATGL,2020-10-01,2021-03-01,210.9265,521.4951,9,103,rebalance_trim,147.2402,2795.1178,2020-09-30,1.7435758408861177,0.8466666666666667,150,0.640799959913182,2.0332689039221705,188.88734436035156,272173823.6103821,24.0
CDSL,2020-09-01,2021-03-01,203.4406,300.2153,173,125,rebalance_exit,47.569,16742.0262,2020-08-31,2.2982107084237957,0.9,150,2.095593034452378,0.5402531474557066,191.64366149902344,235485604.17059326,15.999999999999996
CROMPTON,2021-02-01,2021-03-01,403.6416,372.5655,15,20,rebalance_trim,-7.6989,-466.1412,2021-01-29,1.8796187739774752,0.8266666666666667,150,1.0438689794752951,1.300756620611548,411.4746398925781,458354745.4760742,27.0
DEEPAKNTR,2020-11-02,2021-03-01,759.6925,1359.0369,7,82,rebalance_trim,78.893,4195.4107,2020-10-30,2.1141992031140058,0.8866666666666667,150,2.5220341608742793,1.0834269965952397,729.6488037109375,799189707.2642822,17.999999999999993
DIXON,2020-01-01,2021-03-01,1128.1861,4003.4426,2,291,rebalance_trim,254.8566,5750.513,2019-12-31,2.524169664144332,0.9246575342465754,146,1.7317558393719215,1.2759260801564625,757.2647705078125,84585337.83691406,11.999999999999995
IPCALAB,2018-09-03,2021-03-01,792.9536,905.3396,55,615,rebalance_exit,14.1731,6181.2253,2018-08-31,1.9662596697818464,0.9066666666666666,150,2.123761072788852,0.3303341128780294,376.18994140625,75942149.66766357,15.000000000000007
KAJARIACER,2021-01-01,2021-03-01,672.7029,907.0049,5,40,rebalance_trim,34.8299,1171.5102,2020-12-31,1.9381677372624513,0.86,150,0.7533367924912835,1.620360918043765,668.0760498046875,198633039.2039795,22.000000000000004
MPHASIS,2020-09-01,2021-03-01,1080.6904,1483.6989,3,125,rebalance_trim,37.2918,1209.0255,2020-08-31,2.1021147716377993,0.8666666666666667,150,0.6201777653676457,1.0316716549977931,988.2290649414062,191109068.2489624,20.999999999999996
NAVINFLUOR,2020-02-03,2021-03-01,1695.2811,2528.7772,20,268,rebalance_exit,49.1657,16669.9214,2020-01-31,2.906251794544867,0.96,150,1.6240945185900026,2.2226372691048693,1118.3358154296875,59846493.34082031,7.000000000000005
STAR,2020-10-01,2021-03-01,741.6403,830.5286,58,103,rebalance_exit,11.9854,5155.5229,2020-09-30,1.6417232718763595,0.82,150,1.3164150954531955,1.4669891177787824,710.3091430664062,660367651.7807617,28.000000000000007
TATAELXSI,2020-10-01,2021-03-01,1512.777,2509.9895,2,103,rebalance_trim,65.9193,1994.4251,2020-09-30,1.8614153056762295,0.88,150,1.3855182439208023,1.7521239201263432,1206.7193603515625,443867044.81799316,19.0
WOCKPHARMA,2021-01-01,2021-03-01,496.4056,465.4594,109,40,rebalance_exit,-6.2341,-3373.142,2020-12-31,1.7798764121671755,0.82,150,1.4581933413092345,1.0480793978528216,503.8279113769531,231966649.64019775,28.000000000000007
DEEPAKNTR,2020-11-02,2021-03-02,759.6925,1555.2875,3,83,rebalance_trim,104.7259,2386.785,2020-10-30,2.1141992031140058,0.8866666666666667,150,2.5220341608742793,1.0834269965952397,729.6488037109375,799189707.2642822,17.999999999999993
INDIACEM,2021-02-01,2021-03-02,153.8909,175.333,25,21,rebalance_trim,13.9333,536.0518,2021-01-29,2.07177630022589,0.8866666666666667,150,1.8311280071752953,1.037685455313454,153.2181396484375,289062513.08891296,17.999999999999993
LAURUSLABS,2021-02-01,2021-03-02,340.5826,358.7646,15,21,rebalance_trim,5.3385,272.7311,2021-01-29,4.750154895301994,0.9933333333333333,150,5.830809934376311,1.6206733459694835,339.1995544433594,1012867829.1902466,2.000000000000006
AFFLE,2020-10-01,2021-03-03,609.2504,1177.6572,6,105,rebalance_trim,93.2961,3410.441,2020-09-30,3.10275791931958,0.9866666666666667,150,2.431286258335137,2.9612640933262795,575.010009765625,150735423.5684204,2.9999999999999964
ATGL,2020-10-01,2021-03-03,210.9265,585.972,8,105,rebalance_trim,177.8086,3000.3643,2020-09-30,1.7435758408861177,0.8466666666666667,150,0.640799959913182,2.0332689039221705,188.88734436035156,272173823.6103821,24.0
BSOFT,2020-09-01,2021-03-03,175.8409,223.783,22,127,rebalance_trim,27.2645,1054.7264,2020-08-31,1.952037629460701,0.8333333333333334,150,1.6665421936371743,0.3577705218070619,149.97964477539062,218274034.22839355,25.999999999999993
AMBER,2020-11-02,2021-03-05,2218.0819,3493.7023,2,86,rebalance_trim,57.5101,2551.2407,2020-10-30,2.2348875797692225,0.9,150,1.8698846911629874,1.6157075780289774,2180.39990234375,323671643.9033203,15.999999999999996
APLAPOLLO,2020-10-01,2021-03-05,294.1831,645.4069,8,107,rebalance_trim,119.3895,2809.7906,2020-09-30,1.941758155521964,0.9133333333333333,150,1.4042858174710093,1.8603892475530348,287.7163391113281,128272827.87689209,14.0
ATGL,2020-10-01,2021-03-05,210.9265,695.5926,10,107,rebalance_trim,229.7796,4846.661,2020-09-30,1.7435758408861177,0.8466666666666667,150,0.640799959913182,2.0332689039221705,188.88734436035156,272173823.6103821,24.0
FSL,2020-10-01,2021-03-05,69.5387,97.8229,55,107,rebalance_trim,40.674,1555.6301,2020-09-30,1.9330091020040492,0.9066666666666666,150,0.5464853158872234,2.3735364247187176,63.42429733276367,183789084.89312363,15.000000000000007
TATAELXSI,2020-10-01,2021-03-08,1602.1505,2557.9097,2,108,rebalance_trim,59.6548,1911.5185,2020-09-30,1.8614153056762295,0.88,150,1.3855182439208023,1.7521239201263432,1206.7193603515625,443867044.81799316,19.0
PHILIPCARB,2020-12-01,2021-03-09,71.2094,93.078,54,68,rebalance_trim,30.7102,1180.9033,2020-11-27,1.8437578558541303,0.8133333333333334,150,0.3140380753357395,1.5764613812481543,69.9925765991211,116580689.20898438,28.999999999999996
JKCEMENT,2020-12-01,2021-03-10,1993.814,2816.3797,2,69,rebalance_trim,41.2559,1645.1313,2020-11-27,2.514433390811056,0.9066666666666666,150,1.6975566571474654,1.628347765255409,1985.18115234375,139508245.20263672,15.000000000000007
ASTRAL,2021-02-01,2021-03-12,961.1034,1404.6501,4,28,rebalance_trim,46.1497,1774.187,2021-01-29,1.9863973852905852,0.8666666666666667,150,0.942939825217705,1.4826820605063875,956.7732543945312,229359517.09472656,20.999999999999996
LTI,2020-09-01,2021-03-12,3076.4257,4160.5003,2,133,rebalance_trim,35.2381,2168.1492,2020-08-31,1.979200788489047,0.84,150,1.337131393184212,0.5473240922563721,2458.35,298026042.25,25.000000000000004
ATGL,2020-10-01,2021-03-16,210.9265,753.2431,6,113,rebalance_trim,257.1116,3253.8994,2020-09-30,1.7435758408861177,0.8466666666666667,150,0.640799959913182,2.0332689039221705,188.88734436035156,272173823.6103821,24.0
PERSISTENT,2020-10-01,2021-03-17,628.3393,912.2072,7,114,rebalance_trim,45.1775,1987.075,2020-09-30,2.1213785743585696,0.9266666666666666,150,1.800773065864346,1.8849605929959365,641.496826171875,157184249.88427734,12.000000000000004
APLAPOLLO,2020-10-01,2021-03-19,330.682,600.1152,9,116,rebalance_trim,81.478,2424.8983,2020-09-30,1.941758155521964,0.9133333333333333,150,1.4042858174710093,1.8603892475530348,287.7163391113281,128272827.87689209,14.0
ADANIGREEN,2019-11-01,2021-03-23,576.0212,1306.6447,5,347,rebalance_trim,126.8397,3653.1175,2019-10-31,1.7847064400103172,0.823943661971831,142,0.8776325788894469,0.5133382580927224,89.69999694824219,50021456.4016037,26.0
ATGL,2020-10-01,2021-03-23,210.9265,830.1271,7,118,rebalance_trim,293.5622,4334.404,2020-09-30,1.7435758408861177,0.8466666666666667,150,0.640799959913182,2.0332689039221705,188.88734436035156,272173823.6103821,24.0
ATGL,2020-10-01,2021-03-24,210.9265,921.8097,5,119,rebalance_trim,337.0289,3554.4161,2020-09-30,1.7435758408861177,0.8466666666666667,150,0.640799959913182,2.0332689039221705,188.88734436035156,272173823.6103821,24.0
ADANIENSOL,2021-02-01,2021-03-25,467.1807,873.4256,6,37,rebalance_trim,86.9567,2437.4689,2021-01-29,1.8577573970004833,0.8133333333333334,150,0.5882619023975392,1.5537595603921308,460.1499938964844,236926197.75,28.999999999999996
APLAPOLLO,2020-10-01,2021-03-30,330.682,670.8588,8,122,rebalance_trim,102.8713,2721.4144,2020-09-30,1.941758155521964,0.9133333333333333,150,1.4042858174710093,1.8603892475530348,287.7163391113281,128272827.87689209,14.0
BERGEPAINT,2021-02-01,2021-03-30,580.9839,620.3247,9,39,rebalance_trim,6.7714,354.0668,2021-01-29,1.775869129732374,0.8066666666666666,150,0.9857173589893169,1.219194218357098,574.205078125,674068355.4180908,30.000000000000004
TATASTLBSL,2021-02-01,2021-03-30,38.7296,49.8251,119,39,rebalance_trim,28.6487,1320.3671,2021-01-29,1.8732244567253145,0.82,150,0.5775310821355328,1.5777417635966575,37.65,155103264.0,28.000000000000007
AMBER,2020-11-02,2021-04-01,2347.4616,3307.393,15,103,rebalance_exit,40.8923,14398.9708,2020-10-30,2.2348875797692225,0.9,150,1.8698846911629874,1.6157075780289774,2180.39990234375,323671643.9033203,15.999999999999996
BERGEPAINT,2021-02-01,2021-04-01,580.9839,622.7572,76,41,rebalance_exit,7.1901,3174.7724,2021-01-29,1.775869129732374,0.8066666666666666,150,0.9857173589893169,1.219194218357098,574.205078125,674068355.4180908,30.000000000000004
BSOFT,2020-09-01,2021-04-01,175.8409,237.0761,211,146,rebalance_exit,34.8242,12920.6242,2020-08-31,1.952037629460701,0.8333333333333334,150,1.6665421936371743,0.3577705218070619,149.97964477539062,218274034.22839355,25.999999999999993
CROMPTON,2021-02-01,2021-04-01,403.6416,375.4462,123,41,rebalance_exit,-6.9853,-3468.034,2021-01-29,1.8796187739774752,0.8266666666666667,150,1.0438689794752951,1.300756620611548,411.4746398925781,458354745.4760742,27.0
DIXON,2020-01-01,2021-04-01,1519.9438,3687.7509,13,312,rebalance_exit,142.6242,28181.4929,2019-12-31,2.524169664144332,0.9246575342465754,146,1.7317558393719215,1.2759260801564625,757.2647705078125,84585337.83691406,11.999999999999995
EMAMILTD,2020-10-01,2021-04-01,336.9249,439.0729,110,124,rebalance_exit,30.3177,11236.2808,2020-09-30,1.8715577989146257,0.8933333333333333,150,0.22942051128025184,2.47641620987149,315.1307678222656,167755126.3289795,17.000000000000004
GRANULES,2020-12-01,2021-04-01,394.7971,300.0937,146,83,rebalance_exit,-23.9879,-13826.6981,2020-11-27,3.6342160561958687,0.9933333333333333,150,3.5573394499725124,1.9757357787405552,405.21429443359375,753825473.352356,2.000000000000006
HFCL,2021-02-01,2021-04-01,28.3803,25.0644,1857,41,rebalance_exit,-11.6838,-6157.6053,2021-01-29,1.8990232487723548,0.84,150,0.7306076357813992,1.5135476553011116,28.618200302124023,258392966.11831284,25.000000000000004
INDIACEM,2021-02-01,2021-04-01,154.3886,166.6971,298,41,rebalance_exit,7.9724,3667.9391,2021-01-29,2.07177630022589,0.8866666666666667,150,1.8311280071752953,1.037685455313454,153.2181396484375,289062513.08891296,17.999999999999993
INDIAMART,2020-11-02,2021-04-01,2674.8136,3636.9338,13,103,rebalance_exit,35.9696,12507.5629,2020-10-30,2.989529089951973,0.9533333333333334,150,3.085119127439647,1.9816007985588246,2275.010009765625,592793312.4975586,7.999999999999995
LTI,2020-09-01,2021-04-01,3076.4257,4074.6551,11,146,rebalance_exit,32.4477,10980.5228,2020-08-31,1.979200788489047,0.84,150,1.337131393184212,0.5473240922563721,2458.35,298026042.25,25.000000000000004
LTTS,2021-03-01,2021-04-01,2436.1732,2507.9457,19,21,rebalance_exit,2.9461,1363.6759,2021-02-26,2.036296825678043,0.86,150,0.9294378999515581,1.1858226435738062,2407.23193359375,494374423.1020508,22.000000000000004
MPHASIS,2020-09-01,2021-04-01,1080.6904,1595.5193,31,146,rebalance_exit,47.6389,15959.6954,2020-08-31,2.1021147716377993,0.8666666666666667,150,0.6201777653676457,1.0316716549977931,988.2290649414062,191109068.2489624,20.999999999999996
PAGEIND,2021-03-01,2021-04-01,26896.8179,28775.0479,1,21,rebalance_exit,6.9831,1878.2301,2021-02-26,1.9263614269499136,0.84,150,0.7440368639100818,1.176668592038188,26458.482421875,1151299040.4296875,25.000000000000004
SYNGENE,2020-08-03,2021-04-01,519.4925,542.652,96,167,rebalance_exit,4.4581,2223.3097,2020-07-31,2.4246533335584295,0.9133333333333333,150,0.7368376316355141,0.9331339664981196,482.72442626953125,177342560.51229858,14.0
TATAELXSI,2020-10-01,2021-04-01,1602.1505,2533.575,18,124,rebalance_exit,58.1359,16765.6408,2020-09-30,1.8614153056762295,0.88,150,1.3855182439208023,1.7521239201263432,1206.7193603515625,443867044.81799316,19.0
VAKRANGEE,2021-02-01,2021-04-01,46.711,52.6517,981,41,rebalance_exit,12.7181,5827.8501,2021-01-29,2.3952516272010183,0.9266666666666666,150,0.44036476250924506,2.2500377326751777,48.221927642822266,307707148.69729614,12.000000000000004
ADANIENSOL,2021-02-01,2021-04-06,467.1807,1108.0027,9,43,rebalance_trim,137.1679,5767.3978,2021-01-29,1.8577573970004833,0.8133333333333334,150,0.5882619023975392,1.5537595603921308,460.1499938964844,236926197.75,28.999999999999996
ATGL,2020-10-01,2021-04-06,210.9265,1188.7857,10,126,rebalance_trim,463.6019,9778.5923,2020-09-30,1.7435758408861177,0.8466666666666667,150,0.640799959913182,2.0332689039221705,188.88734436035156,272173823.6103821,24.0
HINDCOPPER,2021-04-01,2021-04-06,117.3186,132.4186,45,2,rebalance_trim,12.8709,679.5001,2021-03-31,5.9115387805830775,1.0,150,9.975498359479431,5.285824914264511,116.2330322265625,322032719.4121628,1.0
GRAPHITE,2021-04-01,2021-04-07,475.6784,533.2151,9,3,rebalance_trim,12.0957,517.8307,2021-03-31,3.1813925357666584,0.9666666666666667,150,6.044615053370889,2.757991100229073,467.5184326171875,495162637.3908081,5.999999999999999
HEG,2021-04-01,2021-04-07,276.4229,344.5198,32,3,rebalance_trim,24.635,2179.0988,2021-03-31,1.8061373841297748,0.8133333333333334,150,3.656174006671253,1.664433092337982,273.136962890625,544714372.8286743,28.999999999999996
GRAPHITE,2021-04-01,2021-04-08,475.6784,592.4613,8,4,rebalance_trim,24.5508,934.2629,2021-03-31,3.1813925357666584,0.9666666666666667,150,6.044615053370889,2.757991100229073,467.5184326171875,495162637.3908081,5.999999999999999
HEG,2021-04-01,2021-04-08,276.4229,404.1124,20,4,rebalance_trim,46.1935,2553.7893,2021-03-31,1.8061373841297748,0.8133333333333334,150,3.656174006671253,1.664433092337982,273.136962890625,544714372.8286743,28.999999999999996
HEG,2021-04-01,2021-04-09,276.4229,455.3248,13,5,rebalance_trim,64.7203,2325.7239,2021-03-31,1.8061373841297748,0.8133333333333334,150,3.656174006671253,1.664433092337982,273.136962890625,544714372.8286743,28.999999999999996
LAURUSLABS,2021-02-01,2021-04-15,340.5826,435.3763,14,49,rebalance_trim,27.8328,1327.1126,2021-01-29,4.750154895301994,0.9933333333333333,150,5.830809934376311,1.6206733459694835,339.1995544433594,1012867829.1902466,2.000000000000006
ATGL,2020-10-01,2021-04-16,384.7469,1141.8482,9,133,rebalance_trim,196.779,6813.9115,2020-09-30,1.7435758408861177,0.8466666666666667,150,0.640799959913182,2.0332689039221705,188.88734436035156,272173823.6103821,24.0
BAJAJELEC,2021-04-01,2021-04-19,917.6272,1040.4962,5,10,rebalance_trim,13.3899,614.3448,2021-03-31,2.223517911487345,0.8666666666666667,150,4.613246214720844,1.894087306564819,906.5339965820312,186888019.52661133,20.999999999999996
PRAJIND,2021-04-01,2021-04-19,187.0928,216.8012,29,10,rebalance_trim,15.8789,861.5425,2021-03-31,2.33256056668038,0.8933333333333333,150,3.8797464742538645,2.3871250676428892,185.61341857910156,271773074.8943176,17.000000000000004
ADANIENSOL,2021-02-01,2021-04-20,558.1186,1033.1377,6,52,rebalance_trim,85.1108,2850.1147,2021-01-29,1.8577573970004833,0.8133333333333334,150,0.5882619023975392,1.5537595603921308,460.1499938964844,236926197.75,28.999999999999996
ASTRAL,2021-02-01,2021-04-20,1014.3786,1257.2321,4,52,rebalance_trim,23.9411,971.4142,2021-01-29,1.9863973852905852,0.8666666666666667,150,0.942939825217705,1.4826820605063875,956.7732543945312,229359517.09472656,20.999999999999996
ATGL,2020-10-01,2021-04-20,453.2577,1170.9473,6,135,rebalance_trim,158.3403,4306.1375,2020-09-30,1.7435758408861177,0.8466666666666667,150,0.640799959913182,2.0332689039221705,188.88734436035156,272173823.6103821,24.0
TATASTLBSL,2021-02-01,2021-04-22,38.7296,58.8439,82,53,rebalance_trim,51.9352,1649.3732,2021-01-29,1.8732244567253145,0.82,150,0.5775310821355328,1.5777417635966575,37.65,155103264.0,28.000000000000007
DEEPAKNTR,2020-11-02,2021-04-26,849.8505,1617.4992,3,117,rebalance_trim,90.3275,2302.9463,2020-10-30,2.1141992031140058,0.8866666666666667,150,2.5220341608742793,1.0834269965952397,729.6488037109375,799189707.2642822,17.999999999999993
INDIANB,2021-04-01,2021-04-27,99.479,92.9961,51,15,rebalance_trim,-6.5168,-330.6276,2021-03-31,2.3193465344535453,0.8866666666666667,150,3.63399659523878,2.474713937663431,99.40127563476562,334982554.77290344,17.999999999999993
GRAPHITE,2021-04-01,2021-04-28,475.6784,656.0369,8,16,rebalance_trim,37.9161,1442.8682,2021-03-31,3.1813925357666584,0.9666666666666667,150,6.044615053370889,2.757991100229073,467.5184326171875,495162637.3908081,5.999999999999999
HINDCOPPER,2021-04-01,2021-04-28,117.3186,153.0817,38,16,rebalance_trim,30.4838,1358.9987,2021-03-31,5.9115387805830775,1.0,150,9.975498359479431,5.285824914264511,116.2330322265625,322032719.4121628,1.0
TATASTLBSL,2021-02-01,2021-04-30,38.7296,69.1753,101,59,rebalance_trim,78.6108,3075.0141,2021-01-29,1.8732244567253145,0.82,150,0.5775310821355328,1.5777417635966575,37.65,155103264.0,28.000000000000007
ATGL,2020-10-01,2021-05-03,453.2577,1131.0854,43,143,rebalance_exit,149.5458,29146.5913,2020-09-30,1.7435758408861177,0.8466666666666667,150,0.640799959913182,2.0332689039221705,188.88734436035156,272173823.6103821,24.0
BAJAJELEC,2021-04-01,2021-05-03,917.6272,1060.9853,49,19,rebalance_exit,15.6227,7024.5425,2021-03-31,2.223517911487345,0.8666666666666667,150,4.613246214720844,1.894087306564819,906.5339965820312,186888019.52661133,20.999999999999996
CEATLTD,2021-03-01,2021-05-03,1512.1619,1314.1109,40,40,rebalance_exit,-13.0972,-7922.0375,2021-02-26,2.407797552961139,0.9133333333333333,150,1.18074494078673,1.4146734889773578,1525.8138427734375,388617468.95410156,14.0
CHAMBLFERT,2021-03-01,2021-05-03,218.3521,191.9712,254,40,rebalance_exit,-12.0818,-6700.7555,2021-02-26,2.5013045115259485,0.92,150,1.4394741316114894,1.3691661679192233,218.49183654785156,201205747.3791504,12.999999999999995
DEEPAKNTR,2020-11-02,2021-05-03,849.8505,1830.6274,31,122,rebalance_exit,115.4058,30404.086,2020-10-30,2.1141992031140058,0.8866666666666667,150,2.5220341608742793,1.0834269965952397,729.6488037109375,799189707.2642822,17.999999999999993
HEG,2021-04-01,2021-05-03,290.7135,424.4111,130,19,rebalance_exit,45.9895,17380.6896,2021-03-31,1.8061373841297748,0.8133333333333334,150,3.656174006671253,1.664433092337982,273.136962890625,544714372.8286743,28.999999999999996
JKTYRE,2021-03-01,2021-05-03,117.3201,112.7826,479,40,rebalance_exit,-3.8676,-2173.4471,2021-02-26,2.9515713463099322,0.9466666666666667,150,1.5562621021946919,1.7455998836452007,118.02891540527344,300424998.99090576,9.000000000000002
LAURUSLABS,2021-02-01,2021-05-03,340.5826,449.3637,116,60,rebalance_exit,31.9397,12618.6112,2021-01-29,4.750154895301994,0.9933333333333333,150,5.830809934376311,1.6206733459694835,339.1995544433594,1012867829.1902466,2.000000000000006
MMTC,2021-04-01,2021-05-03,42.3158,40.8566,1349,19,rebalance_exit,-3.4484,-1968.4834,2021-03-31,2.4251500688525347,0.9066666666666666,150,4.336582475755958,2.3304095840426773,42.349998474121094,169947392.0,15.000000000000007
PHILIPCARB,2020-12-01,2021-05-03,72.3152,89.3679,573,102,rebalance_exit,23.5812,9771.2259,2020-11-27,1.8437578558541303,0.8133333333333334,150,0.3140380753357395,1.5764613812481543,69.9925765991211,116580689.20898438,28.999999999999996
PNCINFRA,2021-04-01,2021-05-03,255.3617,235.6957,217,19,rebalance_exit,-7.7012,-4267.5114,2021-03-31,1.831350078707635,0.8333333333333334,150,4.081418087273325,1.5165310933843712,255.86932373046875,175536624.306427,25.999999999999993
TATACOMM,2021-04-01,2021-05-03,983.7327,1014.6908,51,19,rebalance_exit,3.147,1578.8582,2021-03-31,1.9725520741117353,0.8533333333333334,150,6.894237914772029,0.4983338268427258,981.9644165039062,277467154.4830322,22.999999999999993
TRIDENT,2021-03-01,2021-05-03,12.7646,12.4368,4005,40,rebalance_exit,-2.5678,-1312.7025,2021-02-26,3.330499490789753,0.9666666666666667,150,2.2429999834877368,1.7519952707453494,12.525829315185547,178823719.83312893,5.999999999999999
TATASTLBSL,2021-02-01,2021-05-04,38.7296,92.4833,114,61,rebalance_trim,138.7921,6127.9183,2021-01-29,1.8732244567253145,0.82,150,0.5775310821355328,1.5777417635966575,37.65,155103264.0,28.000000000000007
TATAELXSI,2021-05-03,2021-05-05,3264.1023,3646.3077,2,2,rebalance_trim,11.7094,764.4107,2021-04-30,2.356819497056443,0.9133333333333333,150,5.62800644367775,1.3911144448434507,3263.017578125,1068003879.6044922,14.0
TATASTLBSL,2021-02-01,2021-05-05,38.7296,104.1123,69,62,rebalance_trim,168.8183,4511.4068,2021-01-29,1.8732244567253145,0.82,150,0.5775310821355328,1.5777417635966575,37.65,155103264.0,28.000000000000007
FSL,2020-10-01,2021-05-06,74.3278,115.0904,50,146,rebalance_trim,54.8416,2038.1275,2020-09-30,1.9330091020040492,0.9066666666666666,150,0.5464853158872234,2.3735364247187176,63.42429733276367,183789084.89312363,15.000000000000007
NBCC,2021-05-03,2021-05-06,25.5496,28.3655,181,3,rebalance_trim,11.0214,509.6825,2021-04-30,1.854927036513179,0.8533333333333334,150,2.70613886807144,1.9499615119845557,25.681833267211914,451108460.8204136,22.999999999999993
PERSISTENT,2020-10-01,2021-05-06,672.8258,1080.8994,5,146,rebalance_trim,60.6507,2040.3681,2020-09-30,2.1213785743585696,0.9266666666666666,150,1.800773065864346,1.8849605929959365,641.496826171875,157184249.88427734,12.000000000000004
SCI,2021-05-03,2021-05-06,97.3702,109.7106,55,3,rebalance_trim,12.6738,678.7265,2021-04-30,2.0581655474010763,0.8866666666666667,150,2.898530994857076,2.1907123443954957,97.8263931274414,330334937.0851364,17.999999999999993
ADANIENSOL,2021-02-01,2021-05-07,630.0748,1160.9074,5,64,rebalance_trim,84.2491,2654.1627,2021-01-29,1.8577573970004833,0.8133333333333334,150,0.5882619023975392,1.5537595603921308,460.1499938964844,236926197.75,28.999999999999996
INTELLECT,2021-04-01,2021-05-07,727.5318,783.9309,11,23,rebalance_trim,7.7521,620.3904,2021-03-31,5.010927868849175,0.9933333333333333,150,14.381763378865378,1.941008905247801,727.680908203125,167670260.87347412,2.000000000000006
PRAJIND,2021-04-01,2021-05-07,190.9093,256.7382,25,23,rebalance_trim,34.4818,1645.7225,2021-03-31,2.33256056668038,0.8933333333333333,150,3.8797464742538645,2.3871250676428892,185.61341857910156,271773074.8943176,17.000000000000004
HINDCOPPER,2021-04-01,2021-05-10,121.6444,179.4684,48,24,rebalance_trim,47.5352,2775.5496,2021-03-31,5.9115387805830775,1.0,150,9.975498359479431,5.285824914264511,116.2330322265625,322032719.4121628,1.0
TATASTLBSL,2021-02-01,2021-05-10,46.1094,102.6649,74,65,rebalance_trim,122.6552,4185.1108,2021-01-29,1.8732244567253145,0.82,150,0.5775310821355328,1.5777417635966575,37.65,155103264.0,28.000000000000007
PRAJIND,2021-04-01,2021-05-11,190.9093,290.5421,21,25,rebalance_trim,52.1885,2092.2881,2021-03-31,2.33256056668038,0.8933333333333333,150,3.8797464742538645,2.3871250676428892,185.61341857910156,271773074.8943176,17.000000000000004
ALKYLAMINE,2021-05-03,2021-05-12,3325.0207,3639.2536,2,7,rebalance_trim,9.4506,628.4659,2021-04-30,2.027712114093722,0.88,150,3.812054979027944,1.7104237592211076,3308.64892578125,184085465.88134766,19.0
TATAMTRDVR,2021-03-01,2021-05-12,129.5028,147.2831,39,47,rebalance_trim,13.7297,693.4344,2021-02-26,2.4032748852716157,0.9,150,1.120177645086762,1.442221710320514,128.7,645232331.1,15.999999999999996
FSL,2020-10-01,2021-05-14,78.1342,116.5435,47,151,rebalance_trim,49.1581,1805.2356,2020-09-30,1.9330091020040492,0.9066666666666666,150,0.5464853158872234,2.3735364247187176,63.42429733276367,183789084.89312363,15.000000000000007
INDIANB,2021-04-01,2021-05-14,98.6951,110.9128,61,27,rebalance_trim,12.3792,745.2792,2021-03-31,2.3193465344535453,0.8866666666666667,150,3.63399659523878,2.474713937663431,99.40127563476562,334982554.77290344,17.999999999999993
RCF,2021-04-01,2021-05-14,68.7404,76.1213,88,27,rebalance_trim,10.7374,649.5218,2021-03-31,1.82216305511816,0.8266666666666667,150,3.864805334547056,1.5975726974900935,68.87409210205078,170875326.24657822,27.0
ASTRAL,2021-02-01,2021-05-17,1057.3029,1259.8281,5,69,rebalance_trim,19.1549,1012.6258,2021-01-29,1.9863973852905852,0.8666666666666667,150,0.942939825217705,1.4826820605063875,956.7732543945312,229359517.09472656,20.999999999999996
DALBHARAT,2021-04-01,2021-05-17,1545.7914,1698.8107,3,28,rebalance_trim,9.8991,459.0578,2021-03-31,2.431430378630893,0.92,150,4.845115844276933,2.1163051989975985,1549.704345703125,223648993.2319336,12.999999999999995
ADANIENSOL,2021-02-01,2021-05-18,670.4109,1207.8228,5,70,rebalance_trim,80.1616,2687.0594,2021-01-29,1.8577573970004833,0.8133333333333334,150,0.5882619023975392,1.5537595603921308,460.1499938964844,236926197.75,28.999999999999996
CDSL,2021-05-03,2021-05-18,384.4109,413.7461,14,10,rebalance_trim,7.6312,410.6926,2021-04-30,1.7465325094075492,0.8333333333333334,150,4.507497092785753,0.9240510972571842,383.9403991699219,494822820.94592285,25.999999999999993
ADANIGREEN,2019-11-01,2021-05-19,767.456,1241.7616,5,383,rebalance_trim,61.8023,2371.5282,2019-10-31,1.7847064400103172,0.823943661971831,142,0.8776325788894469,0.5133382580927224,89.69999694824219,50021456.4016037,26.0
PRAJIND,2021-04-01,2021-05-19,190.9093,348.9263,32,30,rebalance_trim,82.7707,5056.5418,2021-03-31,2.33256056668038,0.8933333333333333,150,3.8797464742538645,2.3871250676428892,185.61341857910156,271773074.8943176,17.000000000000004
ADANIENSOL,2021-02-01,2021-05-20,670.4109,1335.5925,4,72,rebalance_trim,99.22,2660.7263,2021-01-29,1.8577573970004833,0.8133333333333334,150,0.5882619023975392,1.5537595603921308,460.1499938964844,236926197.75,28.999999999999996
ADANIENSOL,2021-02-01,2021-05-24,670.4109,1461.3658,4,74,rebalance_trim,117.9806,3163.8194,2021-01-29,1.8577573970004833,0.8133333333333334,150,0.5882619023975392,1.5537595603921308,460.1499938964844,236926197.75,28.999999999999996
ADANIGREEN,2019-11-01,2021-05-25,767.456,1387.4989,5,387,rebalance_trim,80.792,3100.2147,2019-10-31,1.7847064400103172,0.823943661971831,142,0.8776325788894469,0.5133382580927224,89.69999694824219,50021456.4016037,26.0
ABB,2021-04-01,2021-05-28,1376.2606,1525.0073,4,37,rebalance_trim,10.808,594.9867,2021-03-31,1.7963066022814966,0.8066666666666666,150,2.28154732827725,2.254328881281689,1373.8116455078125,199078125.63354492,30.000000000000004
ALKYLAMINE,2021-05-03,2021-05-28,3346.712,3801.0417,2,18,rebalance_trim,13.5754,908.6593,2021-04-30,2.027712114093722,0.88,150,3.812054979027944,1.7104237592211076,3308.64892578125,184085465.88134766,19.0
CDSL,2021-05-03,2021-05-31,384.4109,472.6491,14,19,rebalance_trim,22.9541,1235.3343,2021-04-30,1.7465325094075492,0.8333333333333334,150,4.507497092785753,0.9240510972571842,383.9403991699219,494822820.94592285,25.999999999999993
ABB,2021-04-01,2021-06-01,1376.2606,1641.9407,44,39,rebalance_exit,19.3045,11689.925,2021-03-31,1.7963066022814966,0.8066666666666666,150,2.28154732827725,2.254328881281689,1373.8116455078125,199078125.63354492,30.000000000000004
ABCAPITAL,2021-04-01,2021-06-01,119.3106,121.5808,523,39,rebalance_exit,1.9028,1187.3154,2021-03-31,1.8214599744901505,0.82,150,3.4957322978130074,1.7589740295843288,119.30000305175781,356551642.0938873,28.000000000000007
ADANIENSOL,2021-02-01,2021-06-01,670.4109,1487.2192,5,80,rebalance_trim,121.837,4084.0413,2021-01-29,1.8577573970004833,0.8133333333333334,150,0.5882619023975392,1.5537595603921308,460.1499938964844,236926197.75,28.999999999999996
ADANIGREEN,2019-11-01,2021-06-01,815.365,1267.7148,6,392,rebalance_trim,55.4782,2714.0987,2019-10-31,1.7847064400103172,0.823943661971831,142,0.8776325788894469,0.5133382580927224,89.69999694824219,50021456.4016037,26.0
APLAPOLLO,2020-10-01,2021-06-01,427.7687,647.2578,12,163,rebalance_trim,51.3102,2633.8692,2020-09-30,1.941758155521964,0.9133333333333333,150,1.4042858174710093,1.8603892475530348,287.7163391113281,128272827.87689209,14.0
ASTRAL,2021-02-01,2021-06-01,1057.3029,1390.7435,7,80,rebalance_trim,31.5369,2334.0839,2021-01-29,1.9863973852905852,0.8666666666666667,150,0.942939825217705,1.4826820605063875,956.7732543945312,229359517.09472656,20.999999999999996
BEML,2021-05-03,2021-06-01,477.1666,539.2072,14,20,rebalance_trim,13.0019,868.5693,2021-04-30,2.0820636271078765,0.8933333333333333,150,2.7133468396393896,2.3169791842740417,477.62890625,564820101.5762329,17.000000000000004
CDSL,2021-05-03,2021-06-01,384.4109,470.2265,15,20,rebalance_trim,22.3239,1287.2335,2021-04-30,1.7465325094075492,0.8333333333333334,150,4.507497092785753,0.9240510972571842,383.9403991699219,494822820.94592285,25.999999999999993
CYIENT,2021-03-01,2021-06-01,592.3807,732.7619,14,60,rebalance_trim,23.6978,1965.3373,2021-02-26,1.949248034342102,0.8466666666666667,150,0.9556145020096867,1.0873305615140696,578.0341796875,238599709.6640625,24.0
FSL,2020-10-01,2021-06-01,78.1342,128.3954,86,163,rebalance_trim,64.3267,4322.4588,2020-09-30,1.9330091020040492,0.9066666666666666,150,0.5464853158872234,2.3735364247187176,63.42429733276367,183789084.89312363,15.000000000000007
GRAPHITE,2021-04-01,2021-06-01,509.9208,683.6092,10,39,rebalance_trim,34.0618,1736.8836,2021-03-31,3.1813925357666584,0.9666666666666667,150,6.044615053370889,2.757991100229073,467.5184326171875,495162637.3908081,5.999999999999999
GUJGASLTD,2021-05-03,2021-06-01,508.2438,517.2221,13,20,rebalance_trim,1.7665,116.7173,2021-04-30,1.9498545592112035,0.8666666666666667,150,2.8231682150118926,2.049603441992985,508.52886962890625,545299566.8170166,20.999999999999996
INDIANB,2021-04-01,2021-06-01,98.6951,120.5027,82,39,rebalance_trim,22.0959,1788.2207,2021-03-31,2.3193465344535453,0.8866666666666667,150,3.63399659523878,2.474713937663431,99.40127563476562,334982554.77290344,17.999999999999993
JKCEMENT,2020-12-01,2021-06-01,2231.5736,2786.1696,23,122,rebalance_exit,24.8522,12755.7067,2020-11-27,2.514433390811056,0.9066666666666666,150,1.6975566571474654,1.628347765255409,1985.18115234375,139508245.20263672,15.000000000000007
KAJARIACER,2021-01-01,2021-06-01,732.3943,928.9846,10,100,rebalance_trim,26.8421,1965.9025,2020-12-31,1.9381677372624513,0.86,150,0.7533367924912835,1.620360918043765,668.0760498046875,198633039.2039795,22.000000000000004
NBCC,2021-05-03,2021-06-01,25.5496,30.3081,2162,20,rebalance_exit,18.6246,10287.8934,2021-04-30,1.854927036513179,0.8533333333333334,150,2.70613886807144,1.9499615119845557,25.681833267211914,451108460.8204136,22.999999999999993
NCC,2021-04-01,2021-06-01,73.2726,77.0411,95,39,rebalance_trim,5.1431,358.0061,2021-03-31,2.855701910030222,0.9466666666666667,150,6.001888529583088,2.268782673562063,73.58560180664062,443313680.53178406,9.000000000000002
PERSISTENT,2020-10-01,2021-06-01,672.8258,1221.6568,8,163,rebalance_trim,81.571,4390.6477,2020-09-30,2.1213785743585696,0.9266666666666666,150,1.800773065864346,1.8849605929959365,641.496826171875,157184249.88427734,12.000000000000004
PRAJIND,2021-04-01,2021-06-01,205.3807,322.5393,27,39,rebalance_trim,57.0446,3163.2814,2021-03-31,2.33256056668038,0.8933333333333333,150,3.8797464742538645,2.3871250676428892,185.61341857910156,271773074.8943176,17.000000000000004
RCF,2021-04-01,2021-06-01,68.7404,73.8543,843,39,rebalance_exit,7.4394,4311.0201,2021-03-31,1.82216305511816,0.8266666666666667,150,3.864805334547056,1.5975726974900935,68.87409210205078,170875326.24657822,27.0
SCI,2021-05-03,2021-06-01,98.0614,107.0461,55,20,rebalance_trim,9.1624,494.1604,2021-04-30,2.0581655474010763,0.8866666666666667,150,2.898530994857076,2.1907123443954957,97.8263931274414,330334937.0851364,17.999999999999993
TATAELXSI,2021-05-03,2021-06-01,3286.1761,3433.9443,3,20,rebalance_trim,4.4967,443.3045,2021-04-30,2.356819497056443,0.9133333333333333,150,5.62800644367775,1.3911144448434507,3263.017578125,1068003879.6044922,14.0
TATAMTRDVR,2021-03-01,2021-06-01,129.5028,151.4769,43,60,rebalance_trim,16.9681,944.8904,2021-02-26,2.4032748852716157,0.9,150,1.120177645086762,1.442221710320514,128.7,645232331.1,15.999999999999996
TATASTLBSL,2021-02-01,2021-06-01,50.7807,98.1231,57,80,rebalance_trim,93.2292,2698.5185,2021-01-29,1.8732244567253145,0.82,150,0.5775310821355328,1.5777417635966575,37.65,155103264.0,28.000000000000007
DALBHARAT,2021-04-01,2021-06-02,1545.7914,1764.8973,4,40,rebalance_trim,14.1743,876.4235,2021-03-31,2.431430378630893,0.92,150,4.845115844276933,2.1163051989975985,1549.704345703125,223648993.2319336,12.999999999999995
DBL,2021-04-01,2021-06-02,568.5938,537.4802,11,40,rebalance_trim,-5.472,-342.2492,2021-03-31,2.2378905742984867,0.88,150,4.300921066982551,2.054018808140454,576.1719360351562,174028811.4638672,19.0
JSWENERGY,2021-06-01,2021-06-03,114.2648,126.9764,47,2,rebalance_trim,11.1247,597.4437,2021-05-31,1.909815171657102,0.82,150,3.6525278930331573,1.5810812331261268,113.81776428222656,559932861.2170944,28.000000000000007
PRAJIND,2021-04-01,2021-06-03,205.3807,355.107,16,41,rebalance_trim,72.9018,2395.6199,2021-03-31,2.33256056668038,0.8933333333333333,150,3.8797464742538645,2.3871250676428892,185.61341857910156,271773074.8943176,17.000000000000004
BALRAMCHIN,2021-06-01,2021-06-10,295.7867,339.1184,19,7,rebalance_trim,14.6496,823.3018,2021-05-31,1.9402537616604025,0.8333333333333334,150,3.69284007806385,1.6121817704525265,294.3840026855469,618606473.4992981,25.999999999999993
FSL,2020-10-01,2021-06-10,78.1342,146.1283,45,170,rebalance_trim,87.0221,3059.7326,2020-09-30,1.9330091020040492,0.9066666666666666,150,0.5464853158872234,2.3735364247187176,63.42429733276367,183789084.89312363,15.000000000000007
GUJGASLTD,2021-05-03,2021-06-11,508.2438,590.3598,10,28,rebalance_trim,16.1568,821.1597,2021-04-30,1.9498545592112035,0.8666666666666667,150,2.8231682150118926,2.049603441992985,508.52886962890625,545299566.8170166,20.999999999999996
JSWENERGY,2021-06-01,2021-06-11,114.2648,146.0807,45,8,rebalance_trim,27.844,1431.7156,2021-05-31,1.909815171657102,0.82,150,3.6525278930331573,1.5810812331261268,113.81776428222656,559932861.2170944,28.000000000000007
APLAPOLLO,2020-10-01,2021-06-16,427.7687,747.8605,9,174,rebalance_trim,74.8282,2880.826,2020-09-30,1.941758155521964,0.9133333333333333,150,1.4042858174710093,1.8603892475530348,287.7163391113281,128272827.87689209,14.0
CUMMINSIND,2021-05-03,2021-06-18,773.1081,784.5175,8,33,rebalance_trim,1.4758,91.2752,2021-04-30,2.4472064435811123,0.9333333333333333,150,3.5117541264504855,2.5360955625479713,779.0488891601562,889927359.3405762,10.999999999999998
IEX,2021-05-03,2021-06-18,113.1406,114.8577,51,33,rebalance_trim,1.5177,87.5741,2021-04-30,2.0201533570404173,0.8733333333333333,150,3.113280508562953,2.0274913668233228,113.63794708251953,699793669.5569,20.000000000000007
POLYCAB,2021-06-01,2021-06-18,1629.2495,1878.3064,3,13,rebalance_trim,15.2866,747.1709,2021-05-31,2.3043976497562992,0.8933333333333333,150,4.161436221574388,1.989748638893168,1620.7548828125,406628328.04089355,17.000000000000004
DIXON,2021-06-01,2021-06-21,4065.1298,4407.5324,2,14,rebalance_trim,8.4229,684.8051,2021-05-31,3.5059318789882843,0.9666666666666667,150,8.181367545210446,2.2394125862833674,4020.038818359375,1030908368.9074707,5.999999999999999
APLAPOLLO,2020-10-01,2021-06-22,427.7687,809.3431,8,178,rebalance_trim,89.2011,3052.5947,2020-09-30,1.941758155521964,0.9133333333333333,150,1.4042858174710093,1.8603892475530348,287.7163391113281,128272827.87689209,14.0
GUJGASLTD,2021-05-03,2021-06-22,508.2438,660.5816,12,35,rebalance_trim,29.9734,1828.0528,2021-04-30,1.9498545592112035,0.8666666666666667,150,2.8231682150118926,2.049603441992985,508.52886962890625,545299566.8170166,20.999999999999996
ADANIENSOL,2021-02-01,2021-06-23,799.6262,1400.4755,7,96,rebalance_trim,75.1413,4205.9452,2021-01-29,1.8577573970004833,0.8133333333333334,150,0.5882619023975392,1.5537595603921308,460.1499938964844,236926197.75,28.999999999999996
BALRAMCHIN,2021-06-01,2021-06-25,296.6857,342.983,20,18,rebalance_trim,15.6048,925.9456,2021-05-31,1.9402537616604025,0.8333333333333334,150,3.69284007806385,1.6121817704525265,294.3840026855469,618606473.4992981,25.999999999999993
FSL,2020-10-01,2021-06-30,78.1342,167.8568,52,184,rebalance_trim,114.8313,4665.5711,2020-09-30,1.9330091020040492,0.9066666666666666,150,0.5464853158872234,2.3735364247187176,63.42429733276367,183789084.89312363,15.000000000000007
JSWENERGY,2021-06-01,2021-06-30,114.2648,158.7205,36,21,rebalance_trim,38.9058,1600.4043,2021-05-31,1.909815171657102,0.82,150,3.6525278930331573,1.5810812331261268,113.81776428222656,559932861.2170944,28.000000000000007
BEML,2021-05-03,2021-07-01,477.1666,548.3778,111,42,rebalance_exit,14.9238,7904.4446,2021-04-30,2.0820636271078765,0.8933333333333333,150,2.7133468396393896,2.3169791842740417,477.62890625,564820101.5762329,17.000000000000004
CYIENT,2021-03-01,2021-07-01,592.3807,783.5511,81,82,rebalance_exit,32.2715,15484.7997,2021-02-26,1.949248034342102,0.8466666666666667,150,0.9556145020096867,1.0873305615140696,578.0341796875,238599709.6640625,24.0
DBL,2021-04-01,2021-07-01,568.5938,570.9891,110,61,rebalance_exit,0.4213,263.4926,2021-03-31,2.2378905742984867,0.88,150,4.300921066982551,2.054018808140454,576.1719360351562,174028811.4638672,19.0
INDIANB,2021-04-01,2021-07-01,98.6951,124.6049,497,61,rebalance_exit,26.2523,12877.1608,2021-03-31,2.3193465344535453,0.8866666666666667,150,3.63399659523878,2.474713937663431,99.40127563476562,334982554.77290344,17.999999999999993
KAJARIACER,2021-01-01,2021-07-01,732.3943,942.7278,64,122,rebalance_exit,28.7186,13461.3416,2020-12-31,1.9381677372624513,0.86,150,0.7533367924912835,1.620360918043765,668.0760498046875,198633039.2039795,22.000000000000004
KPITTECH,2021-06-01,2021-07-01,239.8688,256.8244,248,22,rebalance_exit,7.0687,4204.9802,2021-05-31,2.6095542460692034,0.92,150,6.173552393333542,1.6540209993625117,236.88954162597656,221953868.70037842,12.999999999999995
LTTS,2021-06-01,2021-07-01,2547.0922,2722.2954,22,22,rebalance_exit,6.8786,3854.4707,2021-05-31,1.7651160495992109,0.8133333333333334,150,3.481517161542623,1.4249295739514962,2541.435546875,767618094.2167969,28.999999999999996
NCC,2021-04-01,2021-07-01,73.2726,81.2634,776,61,rebalance_exit,10.9056,6200.8681,2021-03-31,2.855701910030222,0.9466666666666667,150,6.001888529583088,2.268782673562063,73.58560180664062,443313680.53178406,9.000000000000002
SCI,2021-05-03,2021-07-01,98.0614,103.8308,559,42,rebalance_exit,5.8835,3225.0982,2021-04-30,2.0581655474010763,0.8866666666666667,150,2.898530994857076,2.1907123443954957,97.8263931274414,330334937.0851364,17.999999999999993
TATASTLBSL,2021-02-01,2021-07-01,54.7485,89.7351,674,102,rebalance_exit,63.9043,23580.974,2021-01-29,1.8732244567253145,0.82,150,0.5775310821355328,1.5777417635966575,37.65,155103264.0,28.000000000000007
HIKAL,2021-07-01,2021-07-06,483.1212,539.323,15,3,rebalance_trim,11.6331,843.0267,2021-06-30,2.4039633537730722,0.9133333333333333,150,3.754137099106367,2.441935737141848,481.43475341796875,340798667.28845215,14.0
ADANIGREEN,2019-11-01,2021-07-07,902.1352,1009.1809,8,418,rebalance_trim,11.8658,856.3653,2019-10-31,1.7847064400103172,0.823943661971831,142,0.8776325788894469,0.5133382580927224,89.69999694824219,50021456.4016037,26.0
DALBHARAT,2021-04-01,2021-07-07,1578.9657,1951.3969,3,65,rebalance_trim,23.587,1117.2936,2021-03-31,2.431430378630893,0.92,150,4.845115844276933,2.1163051989975985,1549.704345703125,223648993.2319336,12.999999999999995
ADANIENSOL,2021-02-01,2021-07-09,900.4939,996.5029,7,108,rebalance_trim,10.6618,672.0624,2021-01-29,1.8577573970004833,0.8133333333333334,150,0.5882619023975392,1.5537595603921308,460.1499938964844,236926197.75,28.999999999999996
BSE,2021-07-01,2021-07-09,94.7974,101.9407,56,6,rebalance_trim,7.5353,400.0221,2021-06-30,1.5851817680502776,0.8333333333333334,150,3.0935560998146046,1.408148540158227,93.95008087158203,402781146.1948471,25.999999999999993
BALAMINES,2021-07-01,2021-07-13,2654.8915,2871.1505,2,8,rebalance_trim,8.1457,432.518,2021-06-30,3.7723240128157487,0.9733333333333334,150,7.2618127973628575,3.3460374970253577,2624.812255859375,275884069.6496582,4.999999999999993
CDSL,2021-05-03,2021-07-13,395.393,519.6765,14,50,rebalance_trim,31.4329,1739.9685,2021-04-30,1.7465325094075492,0.8333333333333334,150,4.507497092785753,0.9240510972571842,383.9403991699219,494822820.94592285,25.999999999999993
BSE,2021-07-01,2021-07-14,94.7974,113.4173,58,9,rebalance_trim,19.6417,1079.9506,2021-06-30,1.5851817680502776,0.8333333333333334,150,3.0935560998146046,1.408148540158227,93.95008087158203,402781146.1948471,25.999999999999993
CDSL,2021-05-03,2021-07-14,395.393,591.2626,15,51,rebalance_trim,49.538,2938.0441,2021-04-30,1.7465325094075492,0.8333333333333334,150,4.507497092785753,0.9240510972571842,383.9403991699219,494822820.94592285,25.999999999999993
IEX,2021-05-03,2021-07-14,113.4121,127.1092,45,51,rebalance_trim,12.0773,616.368,2021-04-30,2.0201533570404173,0.8733333333333333,150,3.113280508562953,2.0274913668233228,113.63794708251953,699793669.5569,20.000000000000007
CDSL,2021-05-03,2021-07-16,395.393,669.7842,12,53,rebalance_trim,69.3971,3292.6939,2021-04-30,1.7465325094075492,0.8333333333333334,150,4.507497092785753,0.9240510972571842,383.9403991699219,494822820.94592285,25.999999999999993
DALBHARAT,2021-04-01,2021-07-16,1578.9657,2231.3898,3,72,rebalance_trim,41.3197,1957.2724,2021-03-31,2.431430378630893,0.92,150,4.845115844276933,2.1163051989975985,1549.704345703125,223648993.2319336,12.999999999999995
JSWENERGY,2021-06-01,2021-07-16,118.1993,183.3245,43,33,rebalance_trim,55.0978,2800.3861,2021-05-31,1.909815171657102,0.82,150,3.6525278930331573,1.5810812331261268,113.81776428222656,559932861.2170944,28.000000000000007
FSL,2020-10-01,2021-07-19,85.8728,201.8411,51,197,rebalance_trim,135.0467,5914.3855,2020-09-30,1.9330091020040492,0.9066666666666666,150,0.5464853158872234,2.3735364247187176,63.42429733276367,183789084.89312363,15.000000000000007
BSE,2021-07-01,2021-07-20,94.7974,141.1142,105,13,rebalance_trim,48.8587,4863.2592,2021-06-30,1.5851817680502776,0.8333333333333334,150,3.0935560998146046,1.408148540158227,93.95008087158203,402781146.1948471,25.999999999999993
MASTEK,2021-07-01,2021-07-20,2190.4653,2455.235,3,13,rebalance_trim,12.0874,794.3091,2021-06-30,2.472400280528647,0.92,150,7.1088179234452475,1.3978485196956942,2174.279541015625,281235259.1340332,12.999999999999995
JSWENERGY,2021-06-01,2021-07-23,118.1993,211.5469,47,37,rebalance_trim,78.9748,4387.3371,2021-05-31,1.909815171657102,0.82,150,3.6525278930331573,1.5810812331261268,113.81776428222656,559932861.2170944,28.000000000000007
INTELLECT,2021-04-01,2021-07-26,729.2055,838.5121,10,77,rebalance_trim,14.9898,1093.0655,2021-03-31,5.010927868849175,0.9933333333333333,150,14.381763378865378,1.941008905247801,727.680908203125,167670260.87347412,2.000000000000006
JSWENERGY,2021-06-01,2021-07-26,118.1993,232.4845,28,38,rebalance_trim,96.6886,3199.9851,2021-05-31,1.909815171657102,0.82,150,3.6525278930331573,1.5810812331261268,113.81776428222656,559932861.2170944,28.000000000000007
ALKYLAMINE,2021-05-03,2021-07-27,3364.689,4364.2775,3,59,rebalance_trim,29.7082,2998.7655,2021-04-30,2.027712114093722,0.88,150,3.812054979027944,1.7104237592211076,3308.64892578125,184085465.88134766,19.0
APLAPOLLO,2020-10-01,2021-07-28,495.429,875.7886,10,203,rebalance_trim,76.7738,3803.5956,2020-09-30,1.941758155521964,0.9133333333333333,150,1.4042858174710093,1.8603892475530348,287.7163391113281,128272827.87689209,14.0
BALAMINES,2021-07-01,2021-07-28,2654.8915,3334.4478,2,18,rebalance_trim,25.5964,1359.1127,2021-06-30,3.7723240128157487,0.9733333333333334,150,7.2618127973628575,3.3460374970253577,2624.812255859375,275884069.6496582,4.999999999999993
HINDCOPPER,2021-04-01,2021-07-28,130.1507,149.2983,41,79,rebalance_trim,14.7118,785.0501,2021-03-31,5.9115387805830775,1.0,150,9.975498359479431,5.285824914264511,116.2330322265625,322032719.4121628,1.0
AFFLE,2020-10-01,2021-08-02,793.365,841.0484,80,206,rebalance_exit,6.0103,3814.6756,2020-09-30,3.10275791931958,0.9866666666666667,150,2.431286258335137,2.9612640933262795,575.010009765625,150735423.5684204,2.9999999999999964
ASTRAL,2021-02-01,2021-08-02,1104.0685,1544.2466,4,123,rebalance_trim,39.8687,1760.7124,2021-01-29,1.9863973852905852,0.8666666666666667,150,0.942939825217705,1.4826820605063875,956.7732543945312,229359517.09472656,20.999999999999996
BALAMINES,2021-07-01,2021-08-02,2698.3327,3224.8206,2,21,rebalance_trim,19.5116,1052.9758,2021-06-30,3.7723240128157487,0.9733333333333334,150,7.2618127973628575,3.3460374970253577,2624.812255859375,275884069.6496582,4.999999999999993
BALRAMCHIN,2021-06-01,2021-08-02,303.9023,370.8525,30,43,rebalance_trim,22.0302,2008.5057,2021-05-31,1.9402537616604025,0.8333333333333334,150,3.69284007806385,1.6121817704525265,294.3840026855469,618606473.4992981,25.999999999999993
BSE,2021-07-01,2021-08-02,97.8077,131.835,552,21,rebalance_exit,34.79,18783.0592,2021-06-30,1.5851817680502776,0.8333333333333334,150,3.0935560998146046,1.408148540158227,93.95008087158203,402781146.1948471,25.999999999999993
CDSL,2021-05-03,2021-08-02,417.7986,650.3082,12,63,rebalance_trim,55.6511,2790.1152,2021-04-30,1.7465325094075492,0.8333333333333334,150,4.507497092785753,0.9240510972571842,383.9403991699219,494822820.94592285,25.999999999999993
DIXON,2021-06-01,2021-08-02,4127.5257,4304.8409,2,43,rebalance_trim,4.2959,354.6304,2021-05-31,3.5059318789882843,0.9666666666666667,150,8.181367545210446,2.2394125862833674,4020.038818359375,1030908368.9074707,5.999999999999999
FORTIS,2021-07-01,2021-08-02,243.6557,249.4758,281,21,rebalance_exit,2.3887,1635.4437,2021-06-30,1.5174654457182086,0.8133333333333334,150,2.624652405020133,1.4645920188619705,241.87615966796875,811421997.9468384,28.999999999999996
GNFC,2021-06-01,2021-08-02,324.6154,335.3776,221,43,rebalance_exit,3.3154,2378.4472,2021-05-31,2.114166654499229,0.86,150,3.8881954494304463,1.803959319316376,326.2679138183594,309535662.18130493,22.000000000000004
GRAPHITE,2021-04-01,2021-08-02,530.8307,654.8064,13,82,rebalance_trim,23.355,1611.684,2021-03-31,3.1813925357666584,0.9666666666666667,150,6.044615053370889,2.757991100229073,467.5184326171875,495162637.3908081,5.999999999999999
JSWENERGY,2021-06-01,2021-08-02,118.1993,245.1805,31,43,rebalance_trim,107.4298,3936.4183,2021-05-31,1.909815171657102,0.82,150,3.6525278930331573,1.5810812331261268,113.81776428222656,559932861.2170944,28.000000000000007
MMTC,2021-06-01,2021-08-02,58.3681,50.1241,120,43,rebalance_trim,-14.1241,-989.2766,2021-05-31,1.9285707041982798,0.8266666666666667,150,2.6198360951020154,2.026105544897991,60.099998474121094,250336278.0,27.0
PERSISTENT,2020-10-01,2021-08-02,672.8258,1531.1075,4,206,rebalance_trim,127.5637,3433.1267,2020-09-30,2.1213785743585696,0.9266666666666666,150,1.800773065864346,1.8849605929959365,641.496826171875,157184249.88427734,12.000000000000004
TATAMTRDVR,2021-03-01,2021-08-02,133.1092,141.5034,53,103,rebalance_trim,6.3063,444.8953,2021-02-26,2.4032748852716157,0.9,150,1.120177645086762,1.442221710320514,128.7,645232331.1,15.999999999999996
GUJGASLTD,2021-05-03,2021-08-03,525.2298,724.3978,12,64,rebalance_trim,37.9202,2390.0164,2021-04-30,1.9498545592112035,0.8666666666666667,150,2.8231682150118926,2.049603441992985,508.52886962890625,545299566.8170166,20.999999999999996
HIKAL,2021-07-01,2021-08-03,485.322,541.3755,12,22,rebalance_trim,11.5498,672.6428,2021-06-30,2.4039633537730722,0.9133333333333333,150,3.754137099106367,2.441935737141848,481.43475341796875,340798667.28845215,14.0
AARTIIND,2021-07-01,2021-08-04,863.3784,964.0598,8,23,rebalance_trim,11.6613,805.4506,2021-06-30,1.4909480323730682,0.8066666666666666,150,2.7876508169522847,1.3679330840046102,859.1163940429688,878339867.7163086,30.000000000000004
APLAPOLLO,2020-10-01,2021-08-04,495.429,896.8968,7,208,rebalance_trim,81.0344,2810.2744,2020-09-30,1.941758155521964,0.9133333333333333,150,1.4042858174710093,1.8603892475530348,287.7163391113281,128272827.87689209,14.0
PRAJIND,2021-04-01,2021-08-04,229.5943,368.5368,19,84,rebalance_trim,60.5166,2639.9089,2021-03-31,2.33256056668038,0.8933333333333333,150,3.8797464742538645,2.3871250676428892,185.61341857910156,271773074.8943176,17.000000000000004
ASTRAL,2021-02-01,2021-08-05,1104.0685,1672.6011,4,126,rebalance_trim,51.4943,2274.1301,2021-01-29,1.9863973852905852,0.8666666666666667,150,0.942939825217705,1.4826820605063875,956.7732543945312,229359517.09472656,20.999999999999996
HIKAL,2021-07-01,2021-08-06,485.322,605.541,15,25,rebalance_trim,24.771,1803.2859,2021-06-30,2.4039633537730722,0.9133333333333333,150,3.754137099106367,2.441935737141848,481.43475341796875,340798667.28845215,14.0
ADANIENSOL,2021-02-01,2021-08-09,903.1095,960.6288,7,128,rebalance_trim,6.369,402.6349,2021-01-29,1.8577573970004833,0.8133333333333334,150,0.5882619023975392,1.5537595603921308,460.1499938964844,236926197.75,28.999999999999996
BALAMINES,2021-07-01,2021-08-10,2698.3327,3381.2329,2,27,rebalance_trim,25.3082,1365.8003,2021-06-30,3.7723240128157487,0.9733333333333334,150,7.2618127973628575,3.3460374970253577,2624.812255859375,275884069.6496582,4.999999999999993
CUMMINSIND,2021-05-03,2021-08-10,775.9061,855.1708,8,69,rebalance_trim,10.2158,634.1171,2021-04-30,2.4472064435811123,0.9333333333333333,150,3.5117541264504855,2.5360955625479713,779.0488891601562,889927359.3405762,10.999999999999998
HEG,2021-06-01,2021-08-12,396.9446,425.7043,14,51,rebalance_trim,7.2453,402.6365,2021-05-31,2.7109227921279047,0.9266666666666666,150,3.366389608797744,2.9420817970453794,390.79266357421875,846399924.520874,12.000000000000004
HIKAL,2021-07-01,2021-08-12,485.322,640.3011,11,29,rebalance_trim,31.9333,1704.7707,2021-06-30,2.4039633537730722,0.9133333333333333,150,3.754137099106367,2.441935737141848,481.43475341796875,340798667.28845215,14.0
RENUKA,2021-08-02,2021-08-12,32.8807,27.0052,216,8,rebalance_trim,-17.8692,-1269.1107,2021-07-30,4.5928958890180285,1.0,150,5.960902602665087,5.663774045118276,34.25,234050885.08301735,1.0
POLYCAB,2021-06-01,2021-08-16,1673.578,1862.9483,4,53,rebalance_trim,11.3153,757.4812,2021-05-31,2.3043976497562992,0.8933333333333333,150,4.161436221574388,1.989748638893168,1620.7548828125,406628328.04089355,17.000000000000004
TATAELXSI,2021-05-03,2021-08-17,3286.1761,4209.6316,2,74,rebalance_trim,28.1012,1846.9109,2021-04-30,2.356819497056443,0.9133333333333333,150,5.62800644367775,1.3911144448434507,3263.017578125,1068003879.6044922,14.0
CUMMINSIND,2021-05-03,2021-08-18,775.9061,956.33,9,75,rebalance_trim,23.2533,1623.8148,2021-04-30,2.4472064435811123,0.9333333333333333,150,3.5117541264504855,2.5360955625479713,779.0488891601562,889927359.3405762,10.999999999999998
ADANIENSOL,2021-02-01,2021-08-20,903.1095,1095.1566,10,136,rebalance_trim,21.2651,1920.4715,2021-01-29,1.8577573970004833,0.8133333333333334,150,0.5882619023975392,1.5537595603921308,460.1499938964844,236926197.75,28.999999999999996
ADANIGREEN,2019-11-01,2021-08-23,905.657,933.3176,7,449,rebalance_trim,3.0542,193.6242,2019-10-31,1.7847064400103172,0.823943661971831,142,0.8776325788894469,0.5133382580927224,89.69999694824219,50021456.4016037,26.0
LUXIND,2021-08-02,2021-08-23,4109.4168,4149.7223,2,14,rebalance_trim,0.9808,80.6111,2021-07-30,3.024255831171072,0.9733333333333334,150,5.434597185886052,3.106924538831085,4125.0810546875,230525758.34399414,4.999999999999993
MASTEK,2021-07-01,2021-08-23,2190.4653,2505.0486,3,35,rebalance_trim,14.3615,943.7501,2021-06-30,2.472400280528647,0.92,150,7.1088179234452475,1.3978485196956942,2174.279541015625,281235259.1340332,12.999999999999995
ADANIENSOL,2021-02-01,2021-08-24,903.1095,1234.2187,9,138,rebalance_trim,36.6632,2979.9826,2021-01-29,1.8577573970004833,0.8133333333333334,150,0.5882619023975392,1.5537595603921308,460.1499938964844,236926197.75,28.999999999999996
BALRAMCHIN,2021-06-01,2021-08-24,307.0852,344.6738,19,58,rebalance_trim,12.2404,714.1831,2021-05-31,1.9402537616604025,0.8333333333333334,150,3.69284007806385,1.6121817704525265,294.3840026855469,618606473.4992981,25.999999999999993
IEX,2021-05-03,2021-08-24,113.4121,129.117,52,78,rebalance_trim,13.8476,816.6534,2021-04-30,2.0201533570404173,0.8733333333333333,150,3.113280508562953,2.0274913668233228,113.63794708251953,699793669.5569,20.000000000000007
ADANIGREEN,2019-11-01,2021-08-26,905.657,1038.1287,6,452,rebalance_trim,14.6271,794.83,2019-10-31,1.7847064400103172,0.823943661971831,142,0.8776325788894469,0.5133382580927224,89.69999694824219,50021456.4016037,26.0
ADANIENSOL,2021-02-01,2021-08-27,903.1095,1428.6861,5,141,rebalance_trim,58.1963,2627.8831,2021-01-29,1.8577573970004833,0.8133333333333334,150,0.5882619023975392,1.5537595603921308,460.1499938964844,236926197.75,28.999999999999996
RENUKA,2021-08-02,2021-08-27,31.7121,27.2544,325,18,rebalance_trim,-14.0569,-1448.7627,2021-07-30,4.5928958890180285,1.0,150,5.960902602665087,5.663774045118276,34.25,234050885.08301735,1.0
JSWENERGY,2021-06-01,2021-08-30,126.1946,244.2076,30,62,rebalance_trim,93.5166,3540.388,2021-05-31,1.909815171657102,0.82,150,3.6525278930331573,1.5810812331261268,113.81776428222656,559932861.2170944,28.000000000000007
BALAMINES,2021-07-01,2021-08-31,2698.3327,3925.9341,2,41,rebalance_trim,45.4948,2455.2027,2021-06-30,3.7723240128157487,0.9733333333333334,150,7.2618127973628575,3.3460374970253577,2624.812255859375,275884069.6496582,4.999999999999993
HFCL,2021-08-02,2021-08-31,74.1756,70.7526,94,20,rebalance_trim,-4.6148,-321.7638,2021-07-30,2.7238457859020397,0.92,150,7.081049218951768,1.8605016614496104,74.21916961669922,1005906907.4249268,12.999999999999995
ADANIENSOL,2021-02-01,2021-09-01,903.1095,1653.7961,46,144,rebalance_exit,83.1224,34531.585,2021-01-29,1.8577573970004833,0.8133333333333334,150,0.5882619023975392,1.5537595603921308,460.1499938964844,236926197.75,28.999999999999996
ADANIGREEN,2019-11-01,2021-09-01,905.657,1073.0657,63,456,rebalance_exit,18.4848,10546.7474,2019-10-31,1.7847064400103172,0.823943661971831,142,0.8776325788894469,0.5133382580927224,89.69999694824219,50021456.4016037,26.0
ASTRAL,2021-02-01,2021-09-01,1139.7894,1523.8075,44,144,rebalance_exit,33.692,16896.7937,2021-01-29,1.9863973852905852,0.8666666666666667,150,0.942939825217705,1.4826820605063875,956.7732543945312,229359517.09472656,20.999999999999996
CUMMINSIND,2021-05-03,2021-09-01,775.9061,936.6602,69,84,rebalance_exit,20.7182,11092.0269,2021-04-30,2.4472064435811123,0.9333333333333333,150,3.5117541264504855,2.5360955625479713,779.0488891601562,889927359.3405762,10.999999999999998
DALBHARAT,2021-04-01,2021-09-01,1627.1481,2175.8072,3,103,rebalance_trim,33.7191,1645.9773,2021-03-31,2.431430378630893,0.92,150,4.845115844276933,2.1163051989975985,1549.704345703125,223648993.2319336,12.999999999999995
DIXON,2021-06-01,2021-09-01,4097.1741,4143.8829,17,64,rebalance_exit,1.14,794.0488,2021-05-31,3.5059318789882843,0.9666666666666667,150,8.181367545210446,2.2394125862833674,4020.038818359375,1030908368.9074707,5.999999999999999
GUJGASLTD,2021-05-03,2021-09-01,525.2298,694.0433,95,84,rebalance_exit,32.1409,16037.2826,2021-04-30,1.9498545592112035,0.8666666666666667,150,2.8231682150118926,2.049603441992985,508.52886962890625,545299566.8170166,20.999999999999996
IEX,2021-05-03,2021-09-01,113.4121,155.8627,51,84,rebalance_trim,37.4304,2164.9796,2021-04-30,2.0201533570404173,0.8733333333333333,150,3.113280508562953,2.0274913668233228,113.63794708251953,699793669.5569,20.000000000000007
INTELLECT,2021-04-01,2021-09-01,716.7024,639.7856,108,103,rebalance_exit,-10.732,-8307.0118,2021-03-31,5.010927868849175,0.9933333333333333,150,14.381763378865378,1.941008905247801,727.680908203125,167670260.87347412,2.000000000000006
IOB,2021-08-02,2021-09-01,24.2225,19.7806,3244,21,rebalance_exit,-18.338,-14409.577,2021-07-30,2.1422194725670285,0.8533333333333334,150,2.7467108318262614,2.70521711588843,24.450000762939453,276518906.6031723,22.999999999999993
MMTC,2021-06-01,2021-09-01,56.8272,43.7465,1516,64,rebalance_exit,-23.0184,-19830.3818,2021-05-31,1.9285707041982798,0.8266666666666667,150,2.6198360951020154,2.026105544897991,60.099998474121094,250336278.0,27.0
PRAJIND,2021-04-01,2021-09-01,239.0299,317.9346,208,103,rebalance_exit,33.0104,16412.1701,2021-03-31,2.33256056668038,0.8933333333333333,150,3.8797464742538645,2.3871250676428892,185.61341857910156,271773074.8943176,17.000000000000004
RENUKA,2021-08-02,2021-09-01,31.1139,25.1617,2705,21,rebalance_exit,-19.1304,-16100.7898,2021-07-30,4.5928958890180285,1.0,150,5.960902602665087,5.663774045118276,34.25,234050885.08301735,1.0
TATAMTRDVR,2021-03-01,2021-09-01,133.1092,136.0725,482,124,rebalance_exit,2.2262,1428.3157,2021-02-26,2.4032748852716157,0.9,150,1.120177645086762,1.442221710320514,128.7,645232331.1,15.999999999999996
IEX,2021-05-03,2021-09-02,113.4121,173.1551,44,85,rebalance_trim,52.6778,2628.6929,2021-04-30,2.0201533570404173,0.8733333333333333,150,3.113280508562953,2.0274913668233228,113.63794708251953,699793669.5569,20.000000000000007
POLYCAB,2021-06-01,2021-09-03,1673.578,2156.2798,3,66,rebalance_trim,28.8425,1448.1054,2021-05-31,2.3043976497562992,0.8933333333333333,150,4.161436221574388,1.989748638893168,1620.7548828125,406628328.04089355,17.000000000000004
TRIDENT,2021-09-01,2021-09-03,19.3152,21.4452,346,2,rebalance_trim,11.0273,736.963,2021-08-31,1.670162678107833,0.82,150,3.8869536634479185,0.9077088888978269,19.155048370361328,246313565.39108086,28.000000000000007
WELSPUNLIV,2021-09-01,2021-09-08,126.1855,139.0864,45,5,rebalance_trim,10.2238,580.5415,2021-08-31,1.952274366016273,0.8666666666666667,150,3.153074137461574,1.953266238673916,124.90838623046875,263373378.54318237,20.999999999999996
APLAPOLLO,2020-10-01,2021-09-09,524.1843,910.2156,7,233,rebalance_trim,73.6442,2702.2191,2020-09-30,1.941758155521964,0.9133333333333333,150,1.4042858174710093,1.8603892475530348,287.7163391113281,128272827.87689209,14.0
JSWENERGY,2021-06-01,2021-09-13,126.1946,284.5861,24,71,rebalance_trim,125.5137,3801.3958,2021-05-31,1.909815171657102,0.82,150,3.6525278930331573,1.5810812331261268,113.81776428222656,559932861.2170944,28.000000000000007
TRIDENT,2021-09-01,2021-09-13,19.3152,24.2132,274,7,rebalance_trim,25.3582,1342.0518,2021-08-31,1.670162678107833,0.82,150,3.8869536634479185,0.9077088888978269,19.155048370361328,246313565.39108086,28.000000000000007
BALAMINES,2021-07-01,2021-09-14,2698.3327,4645.4292,2,50,rebalance_trim,72.1592,3894.193,2021-06-30,3.7723240128157487,0.9733333333333334,150,7.2618127973628575,3.3460374970253577,2624.812255859375,275884069.6496582,4.999999999999993
CDSL,2021-05-03,2021-09-14,431.0286,687.0767,12,92,rebalance_trim,59.4039,3072.5764,2021-04-30,1.7465325094075492,0.8333333333333334,150,4.507497092785753,0.9240510972571842,383.9403991699219,494822820.94592285,25.999999999999993
PERSISTENT,2020-10-01,2021-09-17,672.8258,1793.0474,4,238,rebalance_trim,166.495,4480.8864,2020-09-30,2.1213785743585696,0.9266666666666666,150,1.800773065864346,1.8849605929959365,641.496826171875,157184249.88427734,12.000000000000004
POLYCAB,2021-06-01,2021-09-20,1673.578,2457.1881,3,76,rebalance_trim,46.8224,2350.8302,2021-05-31,2.3043976497562992,0.8933333333333333,150,4.161436221574388,1.989748638893168,1620.7548828125,406628328.04089355,17.000000000000004
JSWENERGY,2021-06-01,2021-09-21,126.1946,325.1858,33,77,rebalance_trim,157.6859,6566.7078,2021-05-31,1.909815171657102,0.82,150,3.6525278930331573,1.5810812331261268,113.81776428222656,559932861.2170944,28.000000000000007
TATAELXSI,2021-05-03,2021-09-21,3286.1761,5583.5966,3,97,rebalance_trim,69.9117,6892.2614,2021-04-30,2.356819497056443,0.9133333333333333,150,5.62800644367775,1.3911144448434507,3263.017578125,1068003879.6044922,14.0
LTTS,2021-09-01,2021-09-22,3720.765,4333.0998,2,14,rebalance_trim,16.4572,1224.6696,2021-08-31,1.6637851511341895,0.8133333333333334,150,3.42752052090234,1.1826810390084483,3692.92529296875,779652910.7363281,28.999999999999996
KPITTECH,2021-09-01,2021-09-24,330.5115,348.4645,21,16,rebalance_trim,5.4319,377.0139,2021-08-31,2.2724214716160684,0.9066666666666666,150,4.171900151294848,1.9782540348110256,329.340087890625,272750020.48553467,15.000000000000007
WELSPUNLIV,2021-09-01,2021-09-24,126.7325,157.2055,89,16,rebalance_trim,24.0451,2712.0963,2021-08-31,1.952274366016273,0.8666666666666667,150,3.153074137461574,1.953266238673916,124.90838623046875,263373378.54318237,20.999999999999996
BSOFT,2021-08-02,2021-09-27,383.1038,421.8622,16,38,rebalance_trim,10.1169,620.1337,2021-07-30,1.8569822451143592,0.82,150,4.940171117857183,1.2488120448924673,379.74578857421875,618061903.0726166,28.000000000000007
JSWENERGY,2021-06-01,2021-09-29,126.1946,368.1165,24,83,rebalance_trim,191.7054,5806.1253,2021-05-31,1.909815171657102,0.82,150,3.6525278930331573,1.5810812331261268,113.81776428222656,559932861.2170944,28.000000000000007
TRIDENT,2021-09-01,2021-09-29,19.5986,23.8429,272,19,rebalance_trim,21.6559,1154.4364,2021-08-31,1.670162678107833,0.82,150,3.8869536634479185,0.9077088888978269,19.155048370361328,246313565.39108086,28.000000000000007
HIKAL,2021-07-01,2021-10-01,497.6354,591.3003,111,63,rebalance_exit,18.822,10396.807,2021-06-30,2.4039633537730722,0.9133333333333333,150,3.754137099106367,2.441935737141848,481.43475341796875,340798667.28845215,14.0
HINDCOPPER,2021-04-01,2021-10-01,127.3658,106.7324,618,124,rebalance_exit,-16.2001,-12751.422,2021-03-31,5.9115387805830775,1.0,150,9.975498359479431,5.285824914264511,116.2330322265625,322032719.4121628,1.0
IEX,2021-05-03,2021-10-01,113.4121,197.9794,398,105,rebalance_exit,74.5664,33657.7952,2021-04-30,2.0201533570404173,0.8733333333333333,150,3.113280508562953,2.0274913668233228,113.63794708251953,699793669.5569,20.000000000000007
LTTS,2021-09-01,2021-10-01,3720.765,4405.2344,16,21,rebalance_exit,18.3959,10951.5098,2021-08-31,1.6637851511341895,0.8133333333333334,150,3.42752052090234,1.1826810390084483,3692.92529296875,779652910.7363281,28.999999999999996
LUXIND,2021-08-02,2021-10-01,4046.031,3460.2421,19,42,rebalance_exit,-14.4781,-11129.9887,2021-07-30,3.024255831171072,0.9733333333333334,150,5.434597185886052,3.106924538831085,4125.0810546875,230525758.34399414,4.999999999999993
TRIDENT,2021-09-01,2021-10-01,19.5986,25.8336,355,21,rebalance_trim,31.8136,2213.4302,2021-08-31,1.670162678107833,0.82,150,3.8869536634479185,0.9077088888978269,19.155048370361328,246313565.39108086,28.000000000000007
WELSPUNLIV,2021-09-01,2021-10-01,126.7325,164.5745,464,21,rebalance_exit,29.8597,17558.684,2021-08-31,1.952274366016273,0.8666666666666667,150,3.153074137461574,1.953266238673916,124.90838623046875,263373378.54318237,20.999999999999996
JSL,2021-09-01,2021-10-04,148.8516,166.5778,53,22,rebalance_trim,11.9086,939.4864,2021-08-31,2.211535292257963,0.8866666666666667,150,3.636919165281802,2.1875475193054275,147.98785400390625,338223551.2241821,17.999999999999993
AARTIIND,2021-07-01,2021-10-05,867.144,1014.8904,9,65,rebalance_trim,17.0383,1329.7169,2021-06-30,1.4909480323730682,0.8066666666666666,150,2.7876508169522847,1.3679330840046102,859.1163940429688,878339867.7163086,30.000000000000004
BALRAMCHIN,2021-06-01,2021-10-05,310.8445,380.4976,18,87,rebalance_trim,22.4077,1253.7561,2021-05-31,1.9402537616604025,0.8333333333333334,150,3.69284007806385,1.6121817704525265,294.3840026855469,618606473.4992981,25.999999999999993
HEG,2021-06-01,2021-10-05,398.9342,474.339,19,87,rebalance_trim,18.9015,1432.6895,2021-05-31,2.7109227921279047,0.9266666666666666,150,3.366389608797744,2.9420817970453794,390.79266357421875,846399924.520874,12.000000000000004
TRIDENT,2021-09-01,2021-10-05,19.5986,29.954,309,23,rebalance_trim,52.8376,3199.828,2021-08-31,1.670162678107833,0.82,150,3.8869536634479185,0.9077088888978269,19.155048370361328,246313565.39108086,28.000000000000007
HFCL,2021-08-02,2021-10-06,74.1756,81.0804,93,45,rebalance_trim,9.3087,642.1453,2021-07-30,2.7238457859020397,0.92,150,7.081049218951768,1.8605016614496104,74.21916961669922,1005906907.4249268,12.999999999999995
PERSISTENT,2020-10-01,2021-10-11,672.8258,1948.3115,4,254,rebalance_trim,189.5715,5101.9426,2020-09-30,2.1213785743585696,0.9266666666666666,150,1.800773065864346,1.8849605929959365,641.496826171875,157184249.88427734,12.000000000000004
PRINCEPIPE,2021-07-01,2021-10-11,714.0624,765.8773,12,69,rebalance_trim,7.2564,621.7785,2021-06-30,4.334948612425034,0.9933333333333333,150,10.357124600745836,3.151382859328029,710.3080444335938,237458758.8269043,2.000000000000006
BSE,2021-09-01,2021-10-12,127.6819,150.8457,60,28,rebalance_trim,18.1418,1389.8268,2021-08-31,2.439626824435086,0.9333333333333333,150,3.5970680824603862,2.685686118897588,127.17646789550781,575017944.5420837,10.999999999999998
RADICO,2021-09-01,2021-10-12,871.3883,1025.4267,9,28,rebalance_trim,17.6773,1386.3451,2021-08-31,1.8397751048165016,0.8533333333333334,150,3.2565478079101817,1.654995375904793,864.5390014648438,415211352.2687988,22.999999999999993
TRIDENT,2021-09-01,2021-10-12,19.5986,34.0745,223,28,rebalance_trim,73.8616,3228.1135,2021-08-31,1.670162678107833,0.82,150,3.8869536634479185,0.9077088888978269,19.155048370361328,246313565.39108086,28.000000000000007
ISEC,2021-09-01,2021-10-13,723.5256,841.4831,9,29,rebalance_trim,16.3032,1061.6183,2021-08-31,1.6408356760213276,0.8066666666666666,150,1.3694833050698745,2.4260778565138303,721.6,450708542.40000004,30.000000000000004
RADICO,2021-09-01,2021-10-13,871.3883,1163.0083,8,29,rebalance_trim,33.4661,2332.9599,2021-08-31,1.8397751048165016,0.8533333333333334,150,3.2565478079101817,1.654995375904793,864.5390014648438,415211352.2687988,22.999999999999993
TRIDENT,2021-09-01,2021-10-14,19.5986,37.6856,188,30,rebalance_trim,92.2872,3400.3562,2021-08-31,1.670162678107833,0.82,150,3.8869536634479185,0.9077088888978269,19.155048370361328,246313565.39108086,28.000000000000007
CYIENT,2021-10-01,2021-10-20,961.4707,1130.8137,9,12,rebalance_trim,17.6129,1524.087,2021-09-30,1.5779322602204808,0.8133333333333334,150,3.893056024317515,1.2684427199908574,961.6122436523438,256764722.0921631,28.999999999999996
CDSL,2021-05-03,2021-10-22,448.9685,654.6089,10,119,rebalance_trim,45.8029,2056.4041,2021-04-30,1.7465325094075492,0.8333333333333334,150,4.507497092785753,0.9240510972571842,383.9403991699219,494822820.94592285,25.999999999999993
KNRCON,2021-10-01,2021-10-22,285.8409,304.6216,22,14,rebalance_trim,6.5703,413.1758,2021-09-30,1.9985756415963447,0.9133333333333333,150,4.725172290543884,1.726202163020674,285.6201171875,250897505.996521,14.0
MAXHEALTH,2021-10-01,2021-10-22,355.3835,343.7626,19,14,rebalance_trim,-3.27,-220.7987,2021-09-30,2.599713294405761,0.96,150,6.129122009893866,2.264221780353429,357.92059326171875,394210775.6188965,7.000000000000005
TRIDENT,2021-09-01,2021-10-25,19.5986,38.8893,175,36,rebalance_trim,98.429,3375.8759,2021-08-31,1.670162678107833,0.82,150,3.8869536634479185,0.9077088888978269,19.155048370361328,246313565.39108086,28.000000000000007
ATGL,2021-09-01,2021-10-26,1509.9186,1431.618,5,37,rebalance_trim,-5.1858,-391.5033,2021-08-31,2.4300510380599745,0.9266666666666666,150,5.901381773462706,1.220332094239985,1450.374755859375,233725887.99853516,12.000000000000004
BALAMINES,2021-07-01,2021-10-26,2933.8332,3758.9931,2,79,rebalance_trim,28.1257,1650.3198,2021-06-30,3.7723240128157487,0.9733333333333334,150,7.2618127973628575,3.3460374970253577,2624.812255859375,275884069.6496582,4.999999999999993
JSL,2021-09-01,2021-10-27,148.8516,186.4924,42,38,rebalance_trim,25.2874,1580.9119,2021-08-31,2.211535292257963,0.8866666666666667,150,3.636919165281802,2.1875475193054275,147.98785400390625,338223551.2241821,17.999999999999993
AARTIIND,2021-07-01,2021-11-01,867.144,955.7705,69,83,rebalance_exit,10.2205,6115.2256,2021-06-30,1.4909480323730682,0.8066666666666666,150,2.7876508169522847,1.3679330840046102,859.1163940429688,878339867.7163086,30.000000000000004
ALKYLAMINE,2021-05-03,2021-11-01,3428.6493,3547.4363,18,125,rebalance_exit,3.4645,2138.1659,2021-04-30,2.027712114093722,0.88,150,3.812054979027944,1.7104237592211076,3308.64892578125,184085465.88134766,19.0
APLAPOLLO,2020-10-01,2021-11-01,556.8589,787.3251,86,268,rebalance_exit,41.3868,19820.0913,2020-09-30,1.941758155521964,0.9133333333333333,150,1.4042858174710093,1.8603892475530348,287.7163391113281,128272827.87689209,14.0
BALRAMCHIN,2021-06-01,2021-11-01,314.2544,313.9985,227,105,rebalance_exit,-0.0814,-58.0852,2021-05-31,1.9402537616604025,0.8333333333333334,150,3.69284007806385,1.6121817704525265,294.3840026855469,618606473.4992981,25.999999999999993
GRAPHITE,2021-04-01,2021-11-01,531.4534,494.5713,140,144,rebalance_exit,-6.9399,-5163.4902,2021-03-31,3.1813925357666584,0.9666666666666667,150,6.044615053370889,2.757991100229073,467.5184326171875,495162637.3908081,5.999999999999999
GUJGASLTD,2021-10-01,2021-11-01,614.4296,606.2039,114,20,rebalance_exit,-1.3388,-937.7289,2021-09-30,1.5618779408943542,0.8066666666666666,150,4.099712387460792,1.1220288895074626,612.2913208007812,936599313.3391113,30.000000000000004
HEG,2021-06-01,2021-11-01,403.8836,385.6748,167,105,rebalance_exit,-4.5084,-3040.8712,2021-05-31,2.7109227921279047,0.9266666666666666,150,3.366389608797744,2.9420817970453794,390.79266357421875,846399924.520874,12.000000000000004
HFCL,2021-08-02,2021-11-01,74.276,72.1813,977,62,rebalance_exit,-2.8201,-2046.4886,2021-07-30,2.7238457859020397,0.92,150,7.081049218951768,1.8605016614496104,74.21916961669922,1005906907.4249268,12.999999999999995
JKLAKSHMI,2021-09-01,2021-11-01,684.0866,576.3362,120,41,rebalance_exit,-15.751,-12930.0587,2021-08-31,2.317103408057767,0.9133333333333333,150,3.830596804658708,2.2850384904031094,686.6798095703125,271468685.8984375,14.0
JKPAPER,2021-09-01,2021-11-01,228.3503,210.3061,330,41,rebalance_exit,-7.902,-5954.5881,2021-08-31,1.8614807134647438,0.86,150,3.3828006444986327,1.6208221492908628,228.47537231445312,452052510.88064575,22.000000000000004
KNRCON,2021-10-01,2021-11-01,285.8409,275.9362,228,20,rebalance_exit,-3.4651,-2258.2793,2021-09-30,1.9985756415963447,0.9133333333333333,150,4.725172290543884,1.726202163020674,285.6201171875,250897505.996521,14.0
OFSS,2021-10-01,2021-11-01,3639.7811,3576.2887,18,20,rebalance_exit,-1.7444,-1142.8627,2021-09-30,1.65019130465772,0.8666666666666667,150,2.5000041536983666,2.177795748969039,3639.41162109375,541871996.2646484,20.999999999999996
PRINCEPIPE,2021-07-01,2021-11-01,714.0624,721.3082,93,83,rebalance_exit,1.0147,673.8562,2021-06-30,4.334948612425034,0.9933333333333333,150,10.357124600745836,3.151382859328029,710.3080444335938,237458758.8269043,2.000000000000006
REDINGTON,2021-09-01,2021-11-01,135.217,122.1709,558,41,rebalance_exit,-9.6483,-7279.7206,2021-08-31,1.7502369076728075,0.84,150,3.4131962807270266,1.3709972108146793,134.12057495117188,230882599.8010254,25.000000000000004
VENKEYS,2021-08-02,2021-11-01,3026.2706,2679.4905,24,62,rebalance_exit,-11.459,-8322.7241,2021-07-30,2.752119692891239,0.9266666666666666,150,5.052215786056232,2.7894179991598924,3031.308837890625,406631171.2792969,12.000000000000004
ALLCARGO,2021-11-01,2021-11-03,64.6607,79.0054,197,2,rebalance_trim,22.1846,2825.9127,2021-10-29,2.3378177526440913,0.9333333333333333,150,3.203265301690047,2.8886249935902373,63.91278076171875,302880460.4393463,10.999999999999998
KPITTECH,2021-09-01,2021-11-04,325.8536,339.8327,24,44,rebalance_trim,4.29,335.4989,2021-08-31,2.2724214716160684,0.9066666666666666,150,4.171900151294848,1.9782540348110256,329.340087890625,272750020.48553467,15.000000000000007
ALLCARGO,2021-11-01,2021-11-09,64.6607,88.8548,93,5,rebalance_trim,37.4171,2250.0549,2021-10-29,2.3378177526440913,0.9333333333333333,150,3.203265301690047,2.8886249935902373,63.91278076171875,302880460.4393463,10.999999999999998
PRESTIGE,2021-11-01,2021-11-09,428.2661,484.3207,14,5,rebalance_trim,13.0887,784.7639,2021-10-29,1.4860024944572006,0.8066666666666666,150,2.1507328528840763,1.7902120888000457,422.7833251953125,445736491.83984375,30.000000000000004
ATGL,2021-09-01,2021-11-11,1487.8427,1626.6798,6,48,rebalance_trim,9.3314,833.0221,2021-08-31,2.4300510380599745,0.9266666666666666,150,5.901381773462706,1.220332094239985,1450.374755859375,233725887.99853516,12.000000000000004
FLUOROCHEM,2021-10-01,2021-11-11,1894.305,2158.9124,4,27,rebalance_trim,13.9686,1058.4299,2021-09-30,3.6246455965189788,0.9933333333333333,150,5.833151134566128,4.636213234466166,1903.8707275390625,235793160.30566406,2.000000000000006
KPITTECH,2021-09-01,2021-11-11,325.8536,394.3035,25,48,rebalance_trim,21.0063,1711.2465,2021-08-31,2.2724214716160684,0.9066666666666666,150,4.171900151294848,1.9782540348110256,329.340087890625,272750020.48553467,15.000000000000007
CDSL,2021-05-03,2021-11-16,470.4303,759.9657,13,135,rebalance_trim,61.5469,3763.9609,2021-04-30,1.7465325094075492,0.8333333333333334,150,4.507497092785753,0.9240510972571842,383.9403991699219,494822820.94592285,25.999999999999993
BSE,2021-09-01,2021-11-17,129.1941,165.4906,46,52,rebalance_trim,28.0946,1669.6394,2021-08-31,2.439626824435086,0.9333333333333333,150,3.5970680824603862,2.685686118897588,127.17646789550781,575017944.5420837,10.999999999999998
BSOFT,2021-08-02,2021-11-18,383.738,456.5534,20,74,rebalance_trim,18.9753,1456.3073,2021-07-30,1.8569822451143592,0.82,150,4.940171117857183,1.2488120448924673,379.74578857421875,618061903.0726166,28.000000000000007
KPITTECH,2021-09-01,2021-11-18,325.8536,462.6672,28,53,rebalance_trim,41.9862,3830.781,2021-08-31,2.2724214716160684,0.9066666666666666,150,4.171900151294848,1.9782540348110256,329.340087890625,272750020.48553467,15.000000000000007
TRIDENT,2021-09-01,2021-11-22,22.2226,42.2397,196,54,rebalance_trim,90.0758,3923.364,2021-08-31,1.670162678107833,0.82,150,3.8869536634479185,0.9077088888978269,19.155048370361328,246313565.39108086,28.000000000000007
KEI,2021-11-01,2021-11-23,923.6055,1023.1959,7,14,rebalance_trim,10.7828,697.1326,2021-10-29,1.8579696490356674,0.8733333333333333,150,3.7943420445720406,1.6609932374438523,906.4092407226562,438412751.2871094,20.000000000000007
TRIDENT,2021-09-01,2021-11-23,22.2226,45.7441,196,55,rebalance_trim,105.8454,4610.2279,2021-08-31,1.670162678107833,0.82,150,3.8869536634479185,0.9077088888978269,19.155048370361328,246313565.39108086,28.000000000000007
HIKAL,2021-11-01,2021-11-24,560.8003,528.6459,13,15,rebalance_trim,-5.7337,-418.0078,2021-10-29,2.638770943155727,0.9533333333333334,150,4.853562317878162,2.619270565467248,565.5731811523438,264726333.2845459,7.999999999999995
JSWENERGY,2021-06-01,2021-11-24,185.4656,306.4756,34,120,rebalance_trim,65.2466,4114.342,2021-05-31,1.909815171657102,0.82,150,3.6525278930331573,1.5810812331261268,113.81776428222656,559932861.2170944,28.000000000000007
TRIDENT,2021-09-01,2021-11-26,22.2226,52.239,152,58,rebalance_trim,135.0716,4562.4922,2021-08-31,1.670162678107833,0.82,150,3.8869536634479185,0.9077088888978269,19.155048370361328,246313565.39108086,28.000000000000007
ALKEM,2021-11-01,2021-11-29,3437.6146,3415.5067,2,18,rebalance_trim,-0.6431,-44.216,2021-10-29,1.6501966533544776,0.8333333333333334,150,2.4289406743700397,1.9632045929252038,3436.558349609375,459418789.5048828,25.999999999999993
MAXHEALTH,2021-10-01,2021-11-29,352.6162,373.9791,21,38,rebalance_trim,6.0584,448.6198,2021-09-30,2.599713294405761,0.96,150,6.129122009893866,2.264221780353429,357.92059326171875,394210775.6188965,7.000000000000005
WELSPUNLIV,2021-11-01,2021-11-29,135.3381,136.4381,54,18,rebalance_trim,0.8128,59.3982,2021-10-29,1.675453441967798,0.8466666666666667,150,2.352011569632893,2.0513827715258937,135.53887939453125,322792928.6737366,24.0
ALLCARGO,2021-11-01,2021-12-01,66.0546,80.9171,984,20,rebalance_exit,22.5003,14624.7015,2021-10-29,2.3378177526440913,0.9333333333333333,150,3.203265301690047,2.8886249935902373,63.91278076171875,302880460.4393463,10.999999999999998
DALBHARAT,2021-04-01,2021-12-01,1717.7684,1826.6722,43,164,rebalance_exit,6.3398,4682.8652,2021-03-31,2.431430378630893,0.92,150,4.845115844276933,2.1163051989975985,1549.704345703125,223648993.2319336,12.999999999999995
FLUOROCHEM,2021-10-01,2021-12-01,1894.305,1975.132,37,40,rebalance_exit,4.2668,2990.5999,2021-09-30,3.6246455965189788,0.9933333333333333,150,5.833151134566128,4.636213234466166,1903.8707275390625,235793160.30566406,2.000000000000006
HIKAL,2021-11-01,2021-12-01,560.8003,490.466,150,20,rebalance_exit,-12.5418,-10550.1491,2021-10-29,2.638770943155727,0.9533333333333334,150,4.853562317878162,2.619270565467248,565.5731811523438,264726333.2845459,7.999999999999995
ISEC,2021-09-01,2021-12-01,725.1987,730.3868,104,61,rebalance_exit,0.7154,539.5546,2021-08-31,1.6408356760213276,0.8066666666666666,150,1.3694833050698745,2.4260778565138303,721.6,450708542.40000004,30.000000000000004
KEI,2021-11-01,2021-12-01,923.6055,1107.9658,7,20,rebalance_trim,19.9609,1290.5218,2021-10-29,1.8579696490356674,0.8733333333333333,150,3.7943420445720406,1.6609932374438523,906.4092407226562,438412751.2871094,20.000000000000007
KPITTECH,2021-09-01,2021-12-01,325.8536,491.9011,21,61,rebalance_trim,50.9577,3486.9972,2021-08-31,2.2724214716160684,0.9066666666666666,150,4.171900151294848,1.9782540348110256,329.340087890625,272750020.48553467,15.000000000000007
LINDEINDIA,2021-10-01,2021-12-01,2526.8416,2490.3947,3,40,rebalance_trim,-1.4424,-109.3407,2021-09-30,1.7120783331786709,0.88,150,5.273798669519579,0.8111926303352748,2577.7705078125,488784085.4511719,19.0
PRESTIGE,2021-11-01,2021-12-01,428.6951,420.9331,179,20,rebalance_exit,-1.8106,-1389.3954,2021-10-29,1.4860024944572006,0.8066666666666666,150,2.1507328528840763,1.7902120888000457,422.7833251953125,445736491.83984375,30.000000000000004
RADICO,2021-09-01,2021-12-01,907.1319,1116.2686,7,61,rebalance_trim,23.0547,1463.9566,2021-08-31,1.8397751048165016,0.8533333333333334,150,3.2565478079101817,1.654995375904793,864.5390014648438,415211352.2687988,22.999999999999993
SONATSOFTW,2021-11-01,2021-12-01,294.3768,309.3487,285,20,rebalance_exit,5.086,4266.989,2021-10-29,1.6900139040564353,0.8533333333333334,150,3.6052952346276834,1.4349088854281835,291.0843200683594,235966048.6418152,22.999999999999993
BSE,2021-09-01,2021-12-02,129.1941,177.3284,61,62,rebalance_trim,37.2574,2936.1923,2021-08-31,2.439626824435086,0.9333333333333333,150,3.5970680824603862,2.685686118897588,127.17646789550781,575017944.5420837,10.999999999999998
BSE,2021-09-01,2021-12-03,129.1941,202.9637,47,63,rebalance_trim,57.0998,3467.1701,2021-08-31,2.439626824435086,0.9333333333333333,150,3.5970680824603862,2.685686118897588,127.17646789550781,575017944.5420837,10.999999999999998
CDSL,2021-05-03,2021-12-03,488.418,745.1629,11,147,rebalance_trim,52.5666,2824.1935,2021-04-30,1.7465325094075492,0.8333333333333334,150,4.507497092785753,0.9240510972571842,383.9403991699219,494822820.94592285,25.999999999999993
MASTEK,2021-07-01,2021-12-03,2273.4498,2828.6808,4,105,rebalance_trim,24.4224,2220.9239,2021-06-30,2.472400280528647,0.92,150,7.1088179234452475,1.3978485196956942,2174.279541015625,281235259.1340332,12.999999999999995
PERSISTENT,2020-10-01,2021-12-03,802.0959,2130.0278,4,290,rebalance_trim,165.5578,5311.7277,2020-09-30,2.1213785743585696,0.9266666666666666,150,1.800773065864346,1.8849605929959365,641.496826171875,157184249.88427734,12.000000000000004
HAPPSTMNDS,2021-11-01,2021-12-06,1227.7865,1268.2649,7,23,rebalance_trim,3.2969,283.3485,2021-10-29,2.861404781112305,0.9733333333333334,150,6.884073495302475,2.0036321823134147,1236.4986572265625,811960927.5700684,4.999999999999993
HFCL,2021-12-01,2021-12-07,72.1905,80.228,94,4,rebalance_trim,11.1338,755.5307,2021-11-30,1.8839975560905942,0.9266666666666666,150,4.670561909559286,0.9225466749658403,71.2439193725586,303084481.34226227,12.000000000000004
TRIDENT,2021-09-01,2021-12-09,24.6544,50.6036,172,67,rebalance_trim,105.2521,4463.2674,2021-08-31,1.670162678107833,0.82,150,3.8869536634479185,0.9077088888978269,19.155048370361328,246313565.39108086,28.000000000000007
HFCL,2021-12-01,2021-12-10,72.1905,91.5689,89,7,rebalance_trim,26.8435,1724.6804,2021-11-30,1.8839975560905942,0.9266666666666666,150,4.670561909559286,0.9225466749658403,71.2439193725586,303084481.34226227,12.000000000000004
ATGL,2021-09-01,2021-12-13,1487.8427,1863.9039,7,69,rebalance_trim,25.2756,2632.4282,2021-08-31,2.4300510380599745,0.9266666666666666,150,5.901381773462706,1.220332094239985,1450.374755859375,233725887.99853516,12.000000000000004
BSE,2021-09-01,2021-12-15,129.1941,245.6115,54,71,rebalance_trim,90.1104,6286.5386,2021-08-31,2.439626824435086,0.9333333333333333,150,3.5970680824603862,2.685686118897588,127.17646789550781,575017944.5420837,10.999999999999998
APLAPOLLO,2021-12-01,2021-12-16,913.0536,1081.881,8,11,rebalance_trim,18.4904,1350.6197,2021-11-30,1.387533000241635,0.8133333333333334,150,3.4367705571186398,0.5504923036102657,911.4125366210938,464037748.11279297,28.999999999999996
ZENSARTECH,2021-11-01,2021-12-17,435.1712,459.6378,18,32,rebalance_trim,5.6223,440.3988,2021-10-29,1.7484955486959513,0.8666666666666667,150,3.298061846978484,1.7054764018546054,433.6037902832031,425016026.5182495,20.999999999999996
APLAPOLLO,2021-12-01,2021-12-21,917.8358,1018.0789,7,14,rebalance_trim,10.9217,701.7017,2021-11-30,1.387533000241635,0.8133333333333334,150,3.4367705571186398,0.5504923036102657,911.4125366210938,464037748.11279297,28.999999999999996
MASTEK,2021-07-01,2021-12-22,2315.0274,2780.7369,3,118,rebalance_trim,20.1168,1397.1286,2021-06-30,2.472400280528647,0.92,150,7.1088179234452475,1.3978485196956942,2174.279541015625,281235259.1340332,12.999999999999995
ABREL,2021-10-01,2021-12-23,890.131,876.3685,9,56,rebalance_trim,-1.5461,-123.8632,2021-09-30,1.6023677895008117,0.8333333333333334,150,3.4293823621129005,1.5719478451735083,924.235107421875,514590947.43914795,25.999999999999993
BRIGADE,2021-12-01,2021-12-23,375.535,359.3603,22,16,rebalance_trim,-4.3071,-355.8431,2021-11-30,1.6287242513548812,0.88,150,2.394046722933557,1.5901164041083167,372.8276672363281,287069338.84002686,19.0
BSOFT,2021-08-02,2021-12-23,383.738,484.0224,14,98,rebalance_trim,26.1335,1403.981,2021-07-30,1.8569822451143592,0.82,150,4.940171117857183,1.2488120448924673,379.74578857421875,618061903.0726166,28.000000000000007
RADICO,2021-09-01,2021-12-24,922.3031,1169.0955,7,78,rebalance_trim,26.7583,1727.5465,2021-08-31,1.8397751048165016,0.8533333333333334,150,3.2565478079101817,1.654995375904793,864.5390014648438,415211352.2687988,22.999999999999993
FSL,2020-10-01,2021-12-27,113.9408,165.208,61,306,rebalance_trim,44.9946,3127.3006,2020-09-30,1.9330091020040492,0.9066666666666666,150,0.5464853158872234,2.3735364247187176,63.42429733276367,183789084.89312363,15.000000000000007
MAXHEALTH,2021-10-01,2021-12-28,352.6162,425.9397,20,59,rebalance_trim,20.7941,1466.4687,2021-09-30,2.599713294405761,0.96,150,6.129122009893866,2.264221780353429,357.92059326171875,394210775.6188965,7.000000000000005
KPITTECH,2021-09-01,2021-12-31,325.8536,593.5609,16,83,rebalance_trim,82.1557,4283.3159,2021-08-31,2.2724214716160684,0.9066666666666666,150,4.171900151294848,1.9782540348110256,329.340087890625,272750020.48553467,15.000000000000007
ADANIENSOL,2021-12-01,2022-01-03,1712.9721,1728.9325,48,23,rebalance_exit,0.9317,766.097,2021-11-30,2.1768429771571345,0.96,150,6.736166555454775,0.442281977254012,1799.5,250236147.3359375,7.000000000000005
ALKEM,2021-11-01,2022-01-03,3437.6146,3464.7078,22,43,rebalance_exit,0.7881,596.0501,2021-10-29,1.6501966533544776,0.8333333333333334,150,2.4289406743700397,1.9632045929252038,3436.558349609375,459418789.5048828,25.999999999999993
BRIGADE,2021-12-01,2022-01-03,375.535,363.575,219,23,rebalance_exit,-3.1848,-2619.2368,2021-11-30,1.6287242513548812,0.88,150,2.394046722933557,1.5901164041083167,372.8276672363281,287069338.84002686,19.0
BSE,2021-09-01,2022-01-03,144.0696,203.3874,404,84,rebalance_exit,41.173,23964.3938,2021-08-31,2.439626824435086,0.9333333333333333,150,3.5970680824603862,2.685686118897588,127.17646789550781,575017944.5420837,10.999999999999998
FSL,2020-10-01,2022-01-03,113.9408,165.1631,485,311,rebalance_exit,44.9552,24842.8208,2020-09-30,1.9330091020040492,0.9066666666666666,150,0.5464853158872234,2.3735364247187176,63.42429733276367,183789084.89312363,15.000000000000007
GUJALKALI,2021-12-01,2022-01-03,563.5359,591.5092,134,23,rebalance_exit,4.9639,3748.4242,2021-11-30,1.9221984256292084,0.9333333333333333,150,2.9689537261735,1.8908149519878525,557.348876953125,279355760.2739868,10.999999999999998
HAPPSTMNDS,2021-11-01,2022-01-03,1227.7865,1266.3287,61,43,rebalance_exit,3.1392,2351.0744,2021-10-29,2.861404781112305,0.9733333333333334,150,6.884073495302475,2.0036321823134147,1236.4986572265625,811960927.5700684,4.999999999999993
HFCL,2021-12-01,2022-01-03,73.316,78.6433,1011,23,rebalance_exit,7.2662,5385.8629,2021-11-30,1.8839975560905942,0.9266666666666666,150,4.670561909559286,0.9225466749658403,71.2439193725586,303084481.34226227,12.000000000000004
JSL,2021-09-01,2022-01-03,155.1673,195.1899,38,84,rebalance_trim,25.7933,1520.8619,2021-08-31,2.211535292257963,0.8866666666666667,150,3.636919165281802,2.1875475193054275,147.98785400390625,338223551.2241821,17.999999999999993
LINDEINDIA,2021-10-01,2022-01-03,2518.455,2475.107,33,63,rebalance_exit,-1.7212,-1430.4821,2021-09-30,1.7120783331786709,0.88,150,5.273798669519579,0.8111926303352748,2577.7705078125,488784085.4511719,19.0
PERSISTENT,2020-10-01,2022-01-03,802.0959,2382.3709,36,311,rebalance_exit,197.0182,56889.9017,2020-09-30,2.1213785743585696,0.9266666666666666,150,1.800773065864346,1.8849605929959365,641.496826171875,157184249.88427734,12.000000000000004
BALAMINES,2021-07-01,2022-01-04,3059.7312,3700.2283,4,127,rebalance_trim,20.9331,2561.9885,2021-06-30,3.7723240128157487,0.9733333333333334,150,7.2618127973628575,3.3460374970253577,2624.812255859375,275884069.6496582,4.999999999999993
BSOFT,2021-08-02,2022-01-04,383.738,539.9076,14,106,rebalance_trim,40.6969,2186.3734,2021-07-30,1.8569822451143592,0.82,150,4.940171117857183,1.2488120448924673,379.74578857421875,618061903.0726166,28.000000000000007
WELSPUNLIV,2021-11-01,2022-01-05,135.3381,154.8783,49,45,rebalance_trim,14.438,957.4687,2021-10-29,1.675453441967798,0.8466666666666667,150,2.352011569632893,2.0513827715258937,135.53887939453125,322792928.6737366,24.0
TTML,2022-01-03,2022-01-06,217.0401,250.2489,37,3,rebalance_trim,15.3008,1228.7254,2021-12-31,7.16954788876688,0.9933333333333333,150,24.295321810495395,2.8245926256765084,206.35000610351562,378592394.7753334,2.000000000000006
POONAWALLA,2022-01-03,2022-01-07,218.6362,247.7593,29,4,rebalance_trim,13.3204,844.5705,2021-12-31,2.218070252192426,0.9333333333333333,150,6.8223819708093005,0.6147984602782683,216.80938720703125,692309836.1691284,10.999999999999998
BCG,2022-01-03,2022-01-10,104.7786,106.0961,101,5,rebalance_trim,1.2574,133.0669,2021-12-31,12.968970227158174,1.0,150,33.224128580626285,9.265326930766516,106.61725616455078,367419122.38656616,1.0
KAJARIACER,2021-12-01,2022-01-10,1100.0632,1315.9,6,28,rebalance_trim,19.6204,1295.0206,2021-11-30,1.4847284205618494,0.8333333333333334,150,3.2187655672410647,0.8636886126168655,1103.9144287109375,321816071.7092285,25.999999999999993
KPITTECH,2021-09-01,2022-01-10,325.8536,707.666,22,89,rebalance_trim,117.173,8399.8724,2021-08-31,2.2724214716160684,0.9066666666666666,150,4.171900151294848,1.9782540348110256,329.340087890625,272750020.48553467,15.000000000000007
POONAWALLA,2022-01-03,2022-01-11,218.6362,292.5732,45,6,rebalance_trim,33.8173,3327.1634,2021-12-31,2.218070252192426,0.9333333333333333,150,6.8223819708093005,0.6147984602782683,216.80938720703125,692309836.1691284,10.999999999999998
TTML,2022-01-03,2022-01-11,217.0401,289.6279,37,6,rebalance_trim,33.4444,2685.7489,2021-12-31,7.16954788876688,0.9933333333333333,150,24.295321810495395,2.8245926256765084,206.35000610351562,378592394.7753334,2.000000000000006
TRIDENT,2021-09-01,2022-01-14,24.6544,59.3412,145,93,rebalance_trim,140.6927,5029.5972,2021-08-31,1.670162678107833,0.82,150,3.8869536634479185,0.9077088888978269,19.155048370361328,246313565.39108086,28.000000000000007
TANLA,2022-01-03,2022-01-17,1766.9594,1931.2416,4,10,rebalance_trim,9.2975,657.1287,2021-12-31,2.033115862928012,0.9266666666666666,150,2.54868068831787,1.7414768067327944,1755.935546875,419837514.2238159,12.000000000000004
ANGELONE,2021-11-01,2022-01-18,113.0279,127.7337,87,54,rebalance_trim,13.0108,1279.405,2021-10-29,4.070459773361943,0.9933333333333333,150,7.267336451818163,4.133875917133416,113.7081527709961,451259132.6641846,2.000000000000006
TRIDENT,2021-09-01,2022-01-18,24.6544,65.4155,115,95,rebalance_trim,165.3305,4687.5351,2021-08-31,1.670162678107833,0.82,150,3.8869536634479185,0.9077088888978269,19.155048370361328,246313565.39108086,28.000000000000007
SOBHA,2021-12-01,2022-01-20,857.9298,1004.3641,13,36,rebalance_trim,17.0683,1903.6459,2021-11-30,1.454731484052913,0.8266666666666667,150,2.652133630723777,1.0985822613723122,845.8521728515625,345719503.2183838,27.0
TATAELXSI,2021-05-03,2022-01-20,3634.9316,6691.841,2,181,rebalance_trim,84.0981,6113.8189,2021-04-30,2.356819497056443,0.9133333333333333,150,5.62800644367775,1.3911144448434507,3263.017578125,1068003879.6044922,14.0
TRIDENT,2021-09-01,2022-01-21,28.1582,63.0793,123,98,rebalance_trim,124.0172,4295.2875,2021-08-31,1.670162678107833,0.82,150,3.8869536634479185,0.9077088888978269,19.155048370361328,246313565.39108086,28.000000000000007
ANGELONE,2021-11-01,2022-01-24,113.0279,138.8362,76,58,rebalance_trim,22.8336,1961.4313,2021-10-29,4.070459773361943,0.9933333333333333,150,7.267336451818163,4.133875917133416,113.7081527709961,451259132.6641846,2.000000000000006
HAL,2022-01-03,2022-01-24,566.4808,664.827,13,15,rebalance_trim,17.3609,1278.5006,2021-12-31,1.4011528368244703,0.8333333333333334,150,1.96893953643715,0.9083128141514045,563.9021606445312,769720892.2155762,25.999999999999993
IOC,2021-11-01,2022-01-25,64.9427,62.1128,122,59,rebalance_trim,-4.3575,-345.2482,2021-10-29,1.7208932661675977,0.86,150,3.165870825462185,1.7203234413253146,63.861793518066406,943357471.9225159,22.000000000000004
ATGL,2021-09-01,2022-01-28,1508.339,1825.9072,4,102,rebalance_trim,21.0542,1270.2728,2021-08-31,2.4300510380599745,0.9266666666666666,150,5.901381773462706,1.220332094239985,1450.374755859375,233725887.99853516,12.000000000000004
BORORENEW,2022-01-03,2022-01-28,640.0903,640.7513,14,18,rebalance_trim,0.1033,9.2552,2021-12-31,2.493285777368905,0.96,150,2.9975408765391514,2.3392314279719892,624.25,253381745.06985474,7.000000000000005
KAJARIACER,2021-12-01,2022-01-28,1104.1947,1234.9213,6,41,rebalance_trim,11.8391,784.3594,2021-11-30,1.4847284205618494,0.8333333333333334,150,3.2187655672410647,0.8636886126168655,1103.9144287109375,321816071.7092285,25.999999999999993
BCG,2022-01-03,2022-01-31,104.7786,112.6493,78,19,rebalance_trim,7.5117,613.9117,2021-12-31,12.968970227158174,1.0,150,33.224128580626285,9.265326930766516,106.61725616455078,367419122.38656616,1.0
POLYCAB,2021-06-01,2022-01-31,1754.3084,2466.1728,3,167,rebalance_trim,40.5781,2135.5931,2021-05-31,2.3043976497562992,0.8933333333333333,150,4.161436221574388,1.989748638893168,1620.7548828125,406628328.04089355,17.000000000000004
TATAELXSI,2021-05-03,2022-01-31,3634.9316,7051.7918,1,187,rebalance_trim,94.0007,3416.8602,2021-04-30,2.356819497056443,0.9133333333333333,150,5.62800644367775,1.3911144448434507,3263.017578125,1068003879.6044922,14.0
BEL,2021-12-01,2022-02-01,64.168,66.335,1184,43,rebalance_exit,3.3772,2565.8065,2021-11-30,1.380700474936777,0.8066666666666666,150,2.436256797618124,1.059786518862242,63.97413635253906,1115120117.1890259,30.000000000000004
BSOFT,2021-08-02,2022-02-01,402.2427,456.8376,182,125,rebalance_exit,13.5726,9936.2693,2021-07-30,1.8569822451143592,0.82,150,4.940171117857183,1.2488120448924673,379.74578857421875,618061903.0726166,28.000000000000007
CYIENT,2021-10-01,2022-02-01,953.5669,860.1615,94,83,rebalance_exit,-9.7954,-8780.1064,2021-09-30,1.5779322602204808,0.8133333333333334,150,3.893056024317515,1.2684427199908574,961.6122436523438,256764722.0921631,28.999999999999996
FLUOROCHEM,2022-01-03,2022-02-01,2448.9612,2808.8195,4,20,rebalance_trim,14.6943,1439.4334,2021-12-31,3.0099369178054345,0.9733333333333334,150,6.39658192764624,2.04355639994715,2405.450439453125,254192373.51586914,4.999999999999993
HAL,2022-01-03,2022-02-01,566.4808,677.7292,124,20,rebalance_exit,19.6385,13794.812,2021-12-31,1.4011528368244703,0.8333333333333334,150,1.96893953643715,0.9083128141514045,563.9021606445312,769720892.2155762,25.999999999999993
IOC,2021-11-01,2022-02-01,64.9427,65.1099,1267,63,rebalance_exit,0.2575,211.8621,2021-10-29,1.7208932661675977,0.86,150,3.165870825462185,1.7203234413253146,63.861793518066406,943357471.9225159,22.000000000000004
KPITTECH,2021-09-01,2022-02-01,352.7544,639.3397,128,104,rebalance_exit,81.2421,36682.9159,2021-08-31,2.2724214716160684,0.9066666666666666,150,4.171900151294848,1.9782540348110256,329.340087890625,272750020.48553467,15.000000000000007
MASTEK,2021-07-01,2022-02-01,2358.2264,2638.0499,30,146,rebalance_exit,11.8658,8394.7048,2021-06-30,2.472400280528647,0.92,150,7.1088179234452475,1.3978485196956942,2174.279541015625,281235259.1340332,12.999999999999995
POONAWALLA,2022-01-03,2022-02-01,218.6362,282.5542,284,20,rebalance_exit,29.2349,18152.713,2021-12-31,2.218070252192426,0.9333333333333333,150,6.8223819708093005,0.6147984602782683,216.80938720703125,692309836.1691284,10.999999999999998
TATAELXSI,2021-05-03,2022-02-01,3634.9316,7374.3917,1,188,rebalance_trim,102.8757,3739.4601,2021-04-30,2.356819497056443,0.9133333333333333,150,5.62800644367775,1.3911144448434507,3263.017578125,1068003879.6044922,14.0
UNOMINDA,2022-01-03,2022-02-01,591.6633,556.2179,17,20,rebalance_trim,-5.9908,-602.5702,2021-12-31,1.6827589644696292,0.8933333333333333,150,3.0219933286010345,1.0141836399129667,605.0216674804688,262527169.3571167,17.000000000000004
WELSPUNLIV,2021-11-01,2022-02-01,136.5492,140.2635,584,63,rebalance_exit,2.7201,2169.1302,2021-10-29,1.675453441967798,0.8466666666666667,150,2.352011569632893,2.0513827715258937,135.53887939453125,322792928.6737366,24.0
APLAPOLLO,2021-12-01,2022-02-03,910.8699,910.7571,10,45,rebalance_trim,-0.0124,-1.1276,2021-11-30,1.387533000241635,0.8133333333333334,150,3.4367705571186398,0.5504923036102657,911.4125366210938,464037748.11279297,28.999999999999996
BALAMINES,2021-07-01,2022-02-04,3111.8508,3567.0275,2,149,rebalance_trim,14.6272,910.3534,2021-06-30,3.7723240128157487,0.9733333333333334,150,7.2618127973628575,3.3460374970253577,2624.812255859375,275884069.6496582,4.999999999999993
IRB,2022-02-01,2022-02-04,12.5172,14.2985,724,3,rebalance_trim,14.2303,1289.6133,2022-01-31,1.4064310255894836,0.8466666666666667,150,1.8412382238543032,0.7756920815318641,12.385106086730957,294574714.3712044,24.0
TTML,2022-01-03,2022-02-04,203.7659,163.4265,69,23,rebalance_trim,-19.7969,-2783.4176,2021-12-31,7.16954788876688,0.9933333333333333,150,24.295321810495395,2.8245926256765084,206.35000610351562,378592394.7753334,2.000000000000006
JSL,2021-09-01,2022-02-08,155.1673,217.041,42,109,rebalance_trim,39.8755,2598.6987,2021-08-31,2.211535292257963,0.8866666666666667,150,3.636919165281802,2.1875475193054275,147.98785400390625,338223551.2241821,17.999999999999993
TTML,2022-01-03,2022-02-08,203.7659,180.1677,52,25,rebalance_trim,-11.581,-1227.103,2021-12-31,7.16954788876688,0.9933333333333333,150,24.295321810495395,2.8245926256765084,206.35000610351562,378592394.7753334,2.000000000000006
JSWENERGY,2021-06-01,2022-02-09,194.4228,299.8353,23,174,rebalance_trim,54.2181,2424.4863,2021-05-31,1.909815171657102,0.82,150,3.6525278930331573,1.5810812331261268,113.81776428222656,559932861.2170944,28.000000000000007
TATAELXSI,2021-05-03,2022-02-09,3960.0885,7261.5814,1,194,rebalance_trim,83.3692,3301.4929,2021-04-30,2.356819497056443,0.9133333333333333,150,5.62800644367775,1.3911144448434507,3263.017578125,1068003879.6044922,14.0
PAGEIND,2022-02-01,2022-02-10,40751.5208,39849.7036,1,7,rebalance_trim,-2.213,-901.8172,2022-01-31,1.3027225325817167,0.82,150,1.1188356564643993,0.8052426430662419,40182.0390625,758177874.8320312,28.000000000000007
JSWENERGY,2021-06-01,2022-02-14,194.4228,328.2939,26,177,rebalance_trim,68.8556,3480.6472,2021-05-31,1.909815171657102,0.82,150,3.6525278930331573,1.5810812331261268,113.81776428222656,559932861.2170944,28.000000000000007
AFFLE,2022-02-01,2022-02-15,1293.9925,1186.8606,10,10,rebalance_trim,-8.2792,-1071.3193,2022-01-31,1.2617530892821294,0.8133333333333334,150,1.0559694977435805,0.7595844137603863,1310.3499755859375,455121102.8565674,28.999999999999996
PAGEIND,2022-02-01,2022-02-15,39779.989,37195.6288,1,10,rebalance_trim,-6.4966,-2584.3602,2022-01-31,1.3027225325817167,0.82,150,1.1188356564643993,0.8052426430662419,40182.0390625,758177874.8320312,28.000000000000007
VTL,2022-02-01,2022-02-15,471.7469,477.0944,15,10,rebalance_trim,1.1335,80.212,2022-01-31,1.4974474107645623,0.8733333333333333,150,3.0022653638902894,0.6139651512278926,467.10992431640625,316090523.3312988,20.000000000000007
RADICO,2021-09-01,2022-02-16,937.513,987.8146,7,115,rebalance_trim,5.3654,352.1112,2021-08-31,1.8397751048165016,0.8533333333333334,150,3.2565478079101817,1.654995375904793,864.5390014648438,415211352.2687988,22.999999999999993
SIEMENS,2022-02-01,2022-02-16,1354.339,1402.0866,5,11,rebalance_trim,3.5255,238.7382,2022-01-31,1.3067816413493807,0.8333333333333334,150,1.4855762546617692,0.7168786466356435,1346.8656005859375,740761504.2773438,25.999999999999993
TANLA,2022-01-03,2022-02-16,1725.6308,1546.7789,5,31,rebalance_trim,-10.3644,-894.2594,2021-12-31,2.033115862928012,0.9266666666666666,150,2.54868068831787,1.7414768067327944,1755.935546875,419837514.2238159,12.000000000000004
UNOMINDA,2022-01-03,2022-02-16,575.8922,513.7826,17,31,rebalance_trim,-10.7849,-1055.8626,2021-12-31,1.6827589644696292,0.8933333333333333,150,3.0219933286010345,1.0141836399129667,605.0216674804688,262527169.3571167,17.000000000000004
BCG,2022-01-03,2022-02-21,99.8044,88.2751,147,34,rebalance_trim,-11.5519,-1694.8078,2021-12-31,12.968970227158174,1.0,150,33.224128580626285,9.265326930766516,106.61725616455078,367419122.38656616,1.0
ANGELONE,2021-11-01,2022-02-23,113.9078,120.291,60,79,rebalance_trim,5.6038,382.9877,2021-10-29,4.070459773361943,0.9933333333333333,150,7.267336451818163,4.133875917133416,113.7081527709961,451259132.6641846,2.000000000000006
JSL,2021-09-01,2022-02-23,157.8742,190.9765,35,120,rebalance_trim,20.9675,1158.5798,2021-08-31,2.211535292257963,0.8866666666666667,150,3.636919165281802,2.1875475193054275,147.98785400390625,338223551.2241821,17.999999999999993
POLYCAB,2021-06-01,2022-02-23,1803.3773,2319.4579,3,184,rebalance_trim,28.6175,1548.2418,2021-05-31,2.3043976497562992,0.8933333333333333,150,4.161436221574388,1.989748638893168,1620.7548828125,406628328.04089355,17.000000000000004
UNOMINDA,2022-01-03,2022-02-23,563.9033,485.9105,15,36,rebalance_trim,-13.8309,-1169.8922,2021-12-31,1.6827589644696292,0.8933333333333333,150,3.0219933286010345,1.0141836399129667,605.0216674804688,262527169.3571167,17.000000000000004
ATGL,2021-09-01,2022-02-25,1513.3145,1558.4889,4,122,rebalance_trim,2.9851,180.6976,2021-08-31,2.4300510380599745,0.9266666666666666,150,5.901381773462706,1.220332094239985,1450.374755859375,233725887.99853516,12.000000000000004
BORORENEW,2022-01-03,2022-02-25,628.6218,553.0591,13,38,rebalance_trim,-12.0204,-982.3152,2021-12-31,2.493285777368905,0.96,150,2.9975408765391514,2.3392314279719892,624.25,253381745.06985474,7.000000000000005
KEI,2021-11-01,2022-02-25,937.6587,1013.3228,7,81,rebalance_trim,8.0695,529.6488,2021-10-29,1.8579696490356674,0.8733333333333333,150,3.7943420445720406,1.6609932374438523,906.4092407226562,438412751.2871094,20.000000000000007
VTL,2022-02-01,2022-02-25,471.7469,487.9476,14,18,rebalance_trim,3.4342,226.809,2022-01-31,1.4974474107645623,0.8733333333333333,150,3.0022653638902894,0.6139651512278926,467.10992431640625,316090523.3312988,20.000000000000007
ABREL,2021-10-01,2022-03-02,877.0216,737.3529,98,103,rebalance_exit,-15.9253,-13687.5348,2021-09-30,1.6023677895008117,0.8333333333333334,150,3.4293823621129005,1.5719478451735083,924.235107421875,514590947.43914795,25.999999999999993
APLAPOLLO,2021-12-01,2022-03-02,910.8699,826.5931,89,63,rebalance_exit,-9.2523,-7500.6352,2021-11-30,1.387533000241635,0.8133333333333334,150,3.4367705571186398,0.5504923036102657,911.4125366210938,464037748.11279297,28.999999999999996
BALAMINES,2021-07-01,2022-03-02,3111.0114,2777.6199,25,166,rebalance_exit,-10.7165,-8334.7874,2021-06-30,3.7723240128157487,0.9733333333333334,150,7.2618127973628575,3.3460374970253577,2624.812255859375,275884069.6496582,4.999999999999993
JSWENERGY,2021-06-01,2022-03-02,194.4228,330.7221,236,188,rebalance_exit,70.1046,32166.6271,2021-05-31,1.909815171657102,0.82,150,3.6525278930331573,1.5810812331261268,113.81776428222656,559932861.2170944,28.000000000000007
KAJARIACER,2021-12-01,2022-03-02,1104.1947,1036.3314,63,63,rebalance_exit,-6.146,-4275.3869,2021-11-30,1.4847284205618494,0.8333333333333334,150,3.2187655672410647,0.8636886126168655,1103.9144287109375,321816071.7092285,25.999999999999993
MAXHEALTH,2021-10-01,2022-03-02,357.1453,370.4079,210,103,rebalance_exit,3.7135,2785.1472,2021-09-30,2.599713294405761,0.96,150,6.129122009893866,2.264221780353429,357.92059326171875,394210775.6188965,7.000000000000005
SCI,2022-01-03,2022-03-02,126.7473,97.2074,705,40,rebalance_exit,-23.3062,-20825.6444,2021-12-31,1.3465986740879112,0.8066666666666666,150,1.659832762081286,0.9229018188960074,126.70038604736328,283056447.7317047,30.000000000000004
SIEMENS,2022-02-01,2022-03-02,1354.339,1357.3064,54,20,rebalance_exit,0.2191,160.2426,2022-01-31,1.3067816413493807,0.8333333333333334,150,1.4855762546617692,0.7168786466356435,1346.8656005859375,740761504.2773438,25.999999999999993
SUZLON,2022-02-01,2022-03-02,11.051,8.524,8812,20,rebalance_exit,-22.8664,-22267.5956,2022-01-31,1.3924642564085934,0.84,150,0.9772226829585826,0.9772226829585826,10.97265625,356185513.1617346,25.000000000000004
TATAELXSI,2021-05-03,2022-03-02,4244.8743,6042.4696,11,208,rebalance_exit,42.3474,19773.5482,2021-04-30,2.356819497056443,0.9133333333333333,150,5.62800644367775,1.3911144448434507,3263.017578125,1068003879.6044922,14.0
TORNTPOWER,2022-01-03,2022-03-02,492.4875,429.2839,177,40,rebalance_exit,-12.8335,-11187.0378,2021-12-31,1.3885439121081165,0.8266666666666667,150,2.5503757895003067,0.693659484810483,496.8699951171875,409206634.3569641,27.0
TTML,2022-01-03,2022-03-02,184.2914,113.402,625,40,rebalance_exit,-38.4659,-44305.8803,2021-12-31,7.16954788876688,0.9933333333333333,150,24.295321810495395,2.8245926256765084,206.35000610351562,378592394.7753334,2.000000000000006
ZENSARTECH,2021-11-01,2022-03-02,415.5491,324.9594,239,83,rebalance_exit,-21.8,-21650.9591,2021-10-29,1.7484955486959513,0.8666666666666667,150,3.298061846978484,1.7054764018546054,433.6037902832031,425016026.5182495,20.999999999999996
ADANIENSOL,2022-03-02,2022-03-03,2118.3945,2291.9566,3,1,rebalance_trim,8.1931,520.6861,2022-02-28,1.740442269049533,0.8666666666666667,150,3.1491720852403984,0.7518286727524064,2134.39990234375,289469456.10180664,20.999999999999996
ATGL,2021-09-01,2022-03-07,1513.3145,1760.3337,4,127,rebalance_trim,16.3231,988.0769,2021-08-31,2.4300510380599745,0.9266666666666666,150,5.901381773462706,1.220332094239985,1450.374755859375,233725887.99853516,12.000000000000004
GNFC,2022-03-02,2022-03-08,483.9272,544.2345,21,4,rebalance_trim,12.4621,1266.453,2022-02-28,1.6505339347478518,0.84,150,2.033474256804141,0.9420875907425198,491.049072265625,550752507.1913147,25.000000000000004
RENUKA,2022-03-02,2022-03-08,32.8647,34.2299,178,4,rebalance_trim,4.1539,242.9972,2022-02-28,1.6098830504809334,0.82,150,3.8310441954368235,0.3679848331748984,32.900001525878906,284287434.1049309,28.000000000000007
PRAJIND,2022-03-02,2022-03-09,322.0909,348.9643,24,5,rebalance_trim,8.3434,644.9619,2022-02-28,1.6655071707735236,0.8466666666666667,150,3.7345758157473843,0.4758768227631583,325.3259582519531,277619153.75634766,24.0
AFFLE,2022-02-01,2022-03-10,1293.9925,1285.3829,6,26,rebalance_trim,-0.6653,-51.6575,2022-01-31,1.2617530892821294,0.8133333333333334,150,1.0559694977435805,0.7595844137603863,1310.3499755859375,455121102.8565674,28.999999999999996
TV18BRDCST,2022-03-02,2022-03-10,60.108,67.678,138,6,rebalance_trim,12.5939,1044.6552,2022-02-28,1.712961964042874,0.86,150,1.655910363297388,1.1403999546304533,61.35,626094638.4,22.000000000000004
CDSL,2021-05-03,2022-03-11,507.0909,707.8569,10,215,rebalance_trim,39.5917,2007.6592,2021-04-30,1.7465325094075492,0.8333333333333334,150,4.507497092785753,0.9240510972571842,383.9403991699219,494822820.94592285,25.999999999999993
GNFC,2022-03-02,2022-03-15,483.9272,644.6164,14,9,rebalance_trim,33.2052,2249.6491,2022-02-28,1.6505339347478518,0.84,150,2.033474256804141,0.9420875907425198,491.049072265625,550752507.1913147,25.000000000000004
BCG,2022-01-03,2022-03-16,88.4894,66.7178,166,50,rebalance_trim,-24.6036,-3614.0854,2021-12-31,12.968970227158174,1.0,150,33.224128580626285,9.265326930766516,106.61725616455078,367419122.38656616,1.0
FLUOROCHEM,2022-01-03,2022-03-16,2448.9612,2826.9842,3,50,rebalance_trim,15.4361,1134.0691,2021-12-31,3.0099369178054345,0.9733333333333334,150,6.39658192764624,2.04355639994715,2405.450439453125,254192373.51586914,4.999999999999993
ANGELONE,2021-11-01,2022-03-21,113.9078,153.05,103,95,rebalance_trim,34.363,4031.6403,2021-10-29,4.070459773361943,0.9933333333333333,150,7.267336451818163,4.133875917133416,113.7081527709961,451259132.6641846,2.000000000000006
BCG,2022-01-03,2022-03-22,88.4894,77.1456,107,53,rebalance_trim,-12.8194,-1213.7915,2021-12-31,12.968970227158174,1.0,150,33.224128580626285,9.265326930766516,106.61725616455078,367419122.38656616,1.0
ATGL,2021-09-01,2022-03-23,1525.5811,1879.6396,4,138,rebalance_trim,23.2081,1416.2342,2021-08-31,2.4300510380599745,0.9266666666666666,150,5.901381773462706,1.220332094239985,1450.374755859375,233725887.99853516,12.000000000000004
BCG,2022-01-03,2022-03-24,88.4894,85.0034,87,55,rebalance_trim,-3.9394,-303.2794,2021-12-31,12.968970227158174,1.0,150,33.224128580626285,9.265326930766516,106.61725616455078,367419122.38656616,1.0
BCG,2022-01-03,2022-03-28,88.4894,93.1084,75,57,rebalance_trim,5.2198,346.4256,2021-12-31,12.968970227158174,1.0,150,33.224128580626285,9.265326930766516,106.61725616455078,367419122.38656616,1.0
INDHOTEL,2022-03-02,2022-03-28,194.8471,226.1605,30,17,rebalance_trim,16.0708,939.4028,2022-02-28,1.7961344481913883,0.9,150,1.8215163766096327,1.2128736302973346,196.51670837402344,888029610.3558655,15.999999999999996
ATGL,2021-09-01,2022-03-29,1525.5811,2168.2026,5,142,rebalance_trim,42.1231,3213.1076,2021-08-31,2.4300510380599745,0.9266666666666666,150,5.901381773462706,1.220332094239985,1450.374755859375,233725887.99853516,12.000000000000004
PAGEIND,2022-02-01,2022-03-29,39159.6381,38389.1845,1,38,rebalance_trim,-1.9675,-770.4536,2022-01-31,1.3027225325817167,0.82,150,1.1188356564643993,0.8052426430662419,40182.0390625,758177874.8320312,28.000000000000007
BCG,2022-01-03,2022-03-30,87.6585,92.8613,111,59,rebalance_trim,5.9353,577.5101,2021-12-31,12.968970227158174,1.0,150,33.224128580626285,9.265326930766516,106.61725616455078,367419122.38656616,1.0
GNFC,2022-03-02,2022-03-30,483.9272,744.4222,10,19,rebalance_trim,53.8294,2604.9499,2022-02-28,1.6505339347478518,0.84,150,2.033474256804141,0.9420875907425198,491.049072265625,550752507.1913147,25.000000000000004
WELCORP,2022-03-02,2022-03-30,134.6505,156.1375,44,19,rebalance_trim,15.9576,945.4278,2022-02-28,1.5352622775805322,0.8066666666666666,150,1.0931066027317815,1.0454864239716222,134.18051147460938,272942649.31155396,30.000000000000004
POONAWALLA,2022-03-02,2022-03-31,229.1371,270.4624,28,20,rebalance_trim,18.0352,1157.108,2022-02-28,1.8646974031080192,0.92,150,2.6084236250637947,1.0861113313730224,234.5595703125,950574815.4171753,12.999999999999995
BORORENEW,2022-01-03,2022-04-01,628.6218,576.2776,124,61,rebalance_exit,-8.3268,-6490.681,2021-12-31,2.493285777368905,0.96,150,2.9975408765391514,2.3392314279719892,624.25,253381745.06985474,7.000000000000005
FLUOROCHEM,2022-01-03,2022-04-01,2448.9612,2779.2666,25,61,rebalance_exit,13.4876,8257.6351,2021-12-31,3.0099369178054345,0.9733333333333334,150,6.39658192764624,2.04355639994715,2405.450439453125,254192373.51586914,4.999999999999993
GNFC,2022-03-02,2022-04-01,483.9272,741.5859,104,21,rebalance_exit,53.2433,26796.5052,2022-02-28,1.6505339347478518,0.84,150,2.033474256804141,0.9420875907425198,491.049072265625,550752507.1913147,25.000000000000004
JSL,2021-09-01,2022-04-01,159.7543,199.8933,420,145,rebalance_exit,25.1254,16858.3698,2021-08-31,2.211535292257963,0.8866666666666667,150,3.636919165281802,2.1875475193054275,147.98785400390625,338223551.2241821,17.999999999999993
KEI,2021-11-01,2022-04-01,937.6587,1269.1325,68,104,rebalance_exit,35.3512,22540.2154,2021-10-29,1.8579696490356674,0.8733333333333333,150,3.7943420445720406,1.6609932374438523,906.4092407226562,438412751.2871094,20.000000000000007
PRESTIGE,2022-01-03,2022-04-01,472.9536,486.4632,166,61,rebalance_exit,2.8564,2242.5943,2021-12-31,1.5291958596198132,0.8733333333333333,150,1.557020801301762,1.2539052397101296,471.0545959472656,417297715.7102051,20.000000000000007
RADICO,2021-09-01,2022-04-01,926.8057,881.1972,87,145,rebalance_exit,-4.921,-3967.9416,2021-08-31,1.8397751048165016,0.8533333333333334,150,3.2565478079101817,1.654995375904793,864.5390014648438,415211352.2687988,22.999999999999993
RAJESHEXPO,2022-03-02,2022-04-01,701.5501,687.9253,115,21,rebalance_exit,-1.9421,-1566.8581,2022-02-28,1.5794792707147312,0.8133333333333334,150,1.645629098054278,0.9508211130842437,700.6221923828125,219659986.46472168,28.999999999999996
SOBHA,2021-12-01,2022-04-01,846.3284,698.4837,101,84,rebalance_exit,-17.469,-14932.3192,2021-11-30,1.454731484052913,0.8266666666666667,150,2.652133630723777,1.0985822613723122,845.8521728515625,345719503.2183838,27.0
WELCORP,2022-03-02,2022-04-01,134.6505,158.3002,495,21,rebalance_exit,17.5638,11706.5947,2022-02-28,1.5352622775805322,0.8066666666666666,150,1.0931066027317815,1.0454864239716222,134.18051147460938,272942649.31155396,30.000000000000004
EASEMYTRIP,2022-04-01,2022-04-06,21.4874,24.8858,395,3,rebalance_trim,15.8154,1342.3398,2022-03-31,1.7668646411363906,0.8859060402684564,149,3.455839628403554,-0.06755891089088982,21.2462100982666,334263544.77996826,17.999999999999993
RENUKA,2022-03-02,2022-04-07,33.0056,43.6214,218,25,rebalance_trim,32.1633,2314.2273,2022-02-28,1.6098830504809334,0.82,150,3.8310441954368235,0.3679848331748984,32.900001525878906,284287434.1049309,28.000000000000007
POONAWALLA,2022-03-02,2022-04-08,233.3997,308.3666,27,26,rebalance_trim,32.1195,2024.1063,2022-02-28,1.8646974031080192,0.92,150,2.6084236250637947,1.0861113313730224,234.5595703125,950574815.4171753,12.999999999999995
RENUKA,2022-03-02,2022-04-08,33.0056,52.3057,327,26,rebalance_trim,58.475,6311.1223,2022-02-28,1.6098830504809334,0.82,150,3.8310441954368235,0.3679848331748984,32.900001525878906,284287434.1049309,28.000000000000007
ADANIENSOL,2022-03-02,2022-04-12,2148.7764,2782.9834,3,28,rebalance_trim,29.5148,1902.6212,2022-02-28,1.740442269049533,0.8666666666666667,150,3.1491720852403984,0.7518286727524064,2134.39990234375,289469456.10180664,20.999999999999996
ADANIGREEN,2022-03-02,2022-04-12,1809.252,2834.8898,8,28,rebalance_trim,56.6885,8205.103,2022-02-28,2.300983678890229,0.9533333333333334,150,1.6413003228301621,1.9927152900200167,1843.4000244140625,933954957.8585205,7.999999999999995
RENUKA,2022-03-02,2022-04-12,33.0056,58.8439,156,28,rebalance_trim,78.2844,4030.7719,2022-02-28,1.6098830504809334,0.82,150,3.8310441954368235,0.3679848331748984,32.900001525878906,284287434.1049309,28.000000000000007
ADANIGREEN,2022-03-02,2022-04-19,1809.252,3029.539,3,31,rebalance_trim,67.447,3660.861,2022-02-28,2.300983678890229,0.9533333333333334,150,1.6413003228301621,1.9927152900200167,1843.4000244140625,933954957.8585205,7.999999999999995
CHAMBLFERT,2022-04-01,2022-04-19,389.283,468.5351,26,10,rebalance_trim,20.3585,2060.5533,2022-03-31,1.5720147954933175,0.8456375838926175,149,1.5365765565295748,0.3232440691346185,386.8876037597656,677625992.6929932,24.0
MAXHEALTH,2022-04-01,2022-04-21,349.0412,409.5937,25,12,rebalance_trim,17.3482,1513.8117,2022-03-31,1.4905758161184948,0.8053691275167785,149,2.1511730189468614,0.0323895084293199,346.0744934082031,420085310.83013916,30.000000000000007
ANGELONE,2021-11-01,2022-04-22,116.5175,175.8855,43,117,rebalance_trim,50.952,2552.8253,2021-10-29,4.070459773361943,0.9933333333333333,150,7.267336451818163,4.133875917133416,113.7081527709961,451259132.6641846,2.000000000000006
POLYCAB,2021-06-01,2022-04-22,1871.7492,2679.6153,3,222,rebalance_trim,43.161,2423.5983,2021-05-31,2.3043976497562992,0.8933333333333333,150,4.161436221574388,1.989748638893168,1620.7548828125,406628328.04089355,17.000000000000004
RENUKA,2022-03-02,2022-04-25,35.1081,60.6906,265,35,rebalance_trim,72.8678,6779.3612,2022-02-28,1.6098830504809334,0.82,150,3.8310441954368235,0.3679848331748984,32.900001525878906,284287434.1049309,28.000000000000007
KPITTECH,2022-03-02,2022-04-28,552.7293,581.3864,27,38,rebalance_trim,5.1847,773.7421,2022-02-28,3.343856794879823,0.98,150,7.612332847897352,1.7846392987626731,557.0557250976562,972991148.7643433,4.000000000000003
ABB,2022-02-01,2022-05-02,2215.6922,2041.6762,7,60,rebalance_trim,-7.8538,-1218.1124,2022-01-31,1.5864485785577433,0.88,150,1.962078848460847,1.0163488703960062,2250.11669921875,463697798.66845703,19.0
ABFRL,2022-03-02,2022-05-02,270.4528,283.8883,31,40,rebalance_trim,4.9678,416.4998,2022-02-28,1.6126838867200797,0.8266666666666667,150,1.6975708558638636,0.9838185772189622,268.3999938964844,841155983.5162354,27.0
ADANIENSOL,2022-03-02,2022-05-02,2148.7764,2769.0086,5,40,rebalance_trim,28.8644,3101.1613,2022-02-28,1.740442269049533,0.8666666666666667,150,3.1491720852403984,0.7518286727524064,2134.39990234375,289469456.10180664,20.999999999999996
ADANIGREEN,2022-03-02,2022-05-02,1809.252,2854.8539,29,40,rebalance_exit,57.7919,30322.4547,2022-02-28,2.300983678890229,0.9533333333333334,150,1.6413003228301621,1.9927152900200167,1843.4000244140625,933954957.8585205,7.999999999999995
AFFLE,2022-02-01,2022-05-02,1284.4638,1197.5473,69,60,rebalance_exit,-6.7668,-5997.2399,2022-01-31,1.2617530892821294,0.8133333333333334,150,1.0559694977435805,0.7595844137603863,1310.3499755859375,455121102.8565674,28.999999999999996
ANGELONE,2021-11-01,2022-05-02,116.5175,178.1876,85,123,rebalance_trim,52.9278,5241.963,2021-10-29,4.070459773361943,0.9933333333333333,150,7.267336451818163,4.133875917133416,113.7081527709961,451259132.6641846,2.000000000000006
ATGL,2021-09-01,2022-05-02,1525.5811,2443.0101,5,164,rebalance_trim,60.1364,4587.1449,2021-08-31,2.4300510380599745,0.9266666666666666,150,5.901381773462706,1.220332094239985,1450.374755859375,233725887.99853516,12.000000000000004
BCG,2022-01-03,2022-05-02,87.9649,82.6313,1083,80,rebalance_exit,-6.0634,-5776.3441,2021-12-31,12.968970227158174,1.0,150,33.224128580626285,9.265326930766516,106.61725616455078,367419122.38656616,1.0
CDSL,2021-05-03,2022-05-02,544.6292,650.9413,12,248,rebalance_trim,19.5201,1275.7458,2021-04-30,1.7465325094075492,0.8333333333333334,150,4.507497092785753,0.9240510972571842,383.9403991699219,494822820.94592285,25.999999999999993
CGPOWER,2022-03-02,2022-05-02,165.3494,193.6633,49,40,rebalance_trim,17.1237,1387.3821,2022-02-28,3.454117496541749,0.9866666666666667,150,5.249923746732734,2.621115966456076,169.1681365966797,251866808.47375488,2.9999999999999964
CHAMBLFERT,2022-04-01,2022-05-02,392.1426,417.2075,29,19,rebalance_trim,6.3918,726.8827,2022-03-31,1.5720147954933175,0.8456375838926175,149,1.5365765565295748,0.3232440691346185,386.8876037597656,677625992.6929932,24.0
EASEMYTRIP,2022-04-01,2022-05-02,21.4874,25.2031,519,19,rebalance_trim,17.2924,1928.4499,2022-03-31,1.7668646411363906,0.8859060402684564,149,3.455839628403554,-0.06755891089088982,21.2462100982666,334263544.77996826,17.999999999999993
INDHOTEL,2022-03-02,2022-05-02,198.3817,249.6666,378,40,rebalance_exit,25.8516,19385.6953,2022-02-28,1.7961344481913883,0.9,150,1.8215163766096327,1.2128736302973346,196.51670837402344,888029610.3558655,15.999999999999996
IRB,2022-02-01,2022-05-02,12.3585,11.3125,7712,60,rebalance_exit,-8.4635,-8066.4481,2022-01-31,1.4064310255894836,0.8466666666666667,150,1.8412382238543032,0.7756920815318641,12.385106086730957,294574714.3712044,24.0
MAXHEALTH,2022-04-01,2022-05-02,349.0412,405.4202,29,19,rebalance_trim,16.1525,1634.9911,2022-03-31,1.4905758161184948,0.8053691275167785,149,2.1511730189468614,0.0323895084293199,346.0744934082031,420085310.83013916,30.000000000000007
OIL,2022-04-01,2022-05-02,131.9454,125.6212,98,19,rebalance_trim,-4.793,-619.7694,2022-03-31,1.5512017920827508,0.8322147651006712,149,2.479566355864282,-0.003042191819558948,131.55258178710938,262220265.2574463,25.999999999999996
PAGEIND,2022-02-01,2022-05-02,40118.8964,43072.9577,1,60,rebalance_trim,7.3633,2954.0613,2022-01-31,1.3027225325817167,0.82,150,1.1188356564643993,0.8052426430662419,40182.0390625,758177874.8320312,28.000000000000007
POLYCAB,2021-06-01,2022-05-02,1920.8031,2408.8172,5,228,rebalance_trim,25.4068,2440.0706,2021-05-31,2.3043976497562992,0.8933333333333333,150,4.161436221574388,1.989748638893168,1620.7548828125,406628328.04089355,17.000000000000004
POONAWALLA,2022-03-02,2022-05-02,233.3997,298.5944,35,40,rebalance_trim,27.9326,2281.8145,2022-02-28,1.8646974031080192,0.92,150,2.6084236250637947,1.0861113313730224,234.5595703125,950574815.4171753,12.999999999999995
PRAJIND,2022-03-02,2022-05-02,324.7708,388.1489,27,40,rebalance_trim,19.5147,1711.2092,2022-02-28,1.6655071707735236,0.8466666666666667,150,3.7345758157473843,0.4758768227631583,325.3259582519531,277619153.75634766,24.0
REDINGTON,2022-04-01,2022-05-02,126.7375,132.9245,664,19,rebalance_exit,4.8818,4108.2051,2022-03-31,1.5426449192638116,0.825503355704698,149,2.1009611095403304,0.10847457738526058,126.03421020507812,421396070.22753906,26.999999999999996
SIEMENS,2022-04-01,2022-05-02,1366.5263,1306.6869,11,19,rebalance_trim,-4.3789,-658.2332,2022-03-31,1.5674950706307809,0.8389261744966443,149,1.122079406348312,0.4509183560751236,1371.714111328125,628606415.8300781,25.0
TATAMTRDVR,2022-02-01,2022-05-02,245.4986,217.1086,408,60,rebalance_exit,-11.5642,-11583.1094,2022-01-31,1.7344029793877795,0.9066666666666666,150,1.9149646386892956,1.2518708208408442,260.7,775330508.6,15.000000000000007
TRIDENT,2021-09-01,2022-05-02,32.7875,47.7188,1666,164,rebalance_exit,45.5394,24875.4463,2021-08-31,1.670162678107833,0.82,150,3.8869536634479185,0.9077088888978269,19.155048370361328,246313565.39108086,28.000000000000007
TV18BRDCST,2022-03-02,2022-05-02,61.7338,52.6052,1426,40,rebalance_exit,-14.7871,-13017.4522,2022-02-28,1.712961964042874,0.86,150,1.655910363297388,1.1403999546304533,61.35,626094638.4,22.000000000000004
UNOMINDA,2022-01-03,2022-05-02,545.0549,448.1487,16,80,rebalance_trim,-17.7792,-1550.4991,2021-12-31,1.6827589644696292,0.8933333333333333,150,3.0219933286010345,1.0141836399129667,605.0216674804688,262527169.3571167,17.000000000000004
VIPIND,2022-04-01,2022-05-02,740.2474,657.306,11,19,rebalance_trim,-11.2045,-912.3548,2022-03-31,1.8743856372329506,0.8993288590604027,149,1.6233701537238716,0.6437755608689901,738.2218627929688,273048402.47387695,15.999999999999995
KPRMILL,2022-02-01,2022-05-04,667.4443,616.5315,16,61,rebalance_trim,-7.628,-814.6039,2022-01-31,2.6088074777587056,0.98,150,5.85643852487069,1.5565141663023196,657.0452880859375,278586513.11187744,4.000000000000003
RENUKA,2022-03-02,2022-05-04,35.1081,56.0989,144,41,rebalance_trim,59.789,3022.6714,2022-02-28,1.6098830504809334,0.82,150,3.8310441954368235,0.3679848331748984,32.900001525878906,284287434.1049309,28.000000000000007
KPITTECH,2022-03-02,2022-05-05,552.7293,527.6884,14,42,rebalance_trim,-4.5304,-350.5723,2022-02-28,3.343856794879823,0.98,150,7.612332847897352,1.7846392987626731,557.0557250976562,972991148.7643433,4.000000000000003
TANLA,2022-01-03,2022-05-05,1653.3663,1375.1209,8,82,rebalance_trim,-16.829,-2225.9631,2021-12-31,2.033115862928012,0.9266666666666666,150,2.54868068831787,1.7414768067327944,1755.935546875,419837514.2238159,12.000000000000004
ABB,2022-02-01,2022-05-09,2215.6922,2205.5376,4,64,rebalance_trim,-0.4583,-40.6186,2022-01-31,1.5864485785577433,0.88,150,1.962078848460847,1.0163488703960062,2250.11669921875,463697798.66845703,19.0
HFCL,2022-04-01,2022-05-09,78.3516,68.3424,132,23,rebalance_trim,-12.7748,-1321.2195,2022-03-31,1.646843683407735,0.8590604026845637,149,2.67187202283575,0.04549493859989008,78.0904769897461,841116292.9076843,22.000000000000004
VTL,2022-02-01,2022-05-09,451.4323,365.0966,24,64,rebalance_trim,-19.1248,-2072.0577,2022-01-31,1.4974474107645623,0.8733333333333333,150,3.0022653638902894,0.6139651512278926,467.10992431640625,316090523.3312988,20.000000000000007
OIL,2022-04-01,2022-05-10,131.9454,128.5081,59,24,rebalance_trim,-2.6051,-202.8019,2022-03-31,1.5512017920827508,0.8322147651006712,149,2.479566355864282,-0.003042191819558948,131.55258178710938,262220265.2574463,25.999999999999996
TTML,2022-05-02,2022-05-10,134.4917,145.7373,79,5,rebalance_trim,8.3615,888.3991,2022-04-29,6.803271769016757,1.0,150,15.903972576496916,2.7063897855504964,139.6999969482422,382216774.73168945,1.0
POLYCAB,2021-06-01,2022-05-11,1920.8031,2357.5815,3,234,rebalance_trim,22.7394,1310.3354,2021-05-31,2.3043976497562992,0.8933333333333333,150,4.161436221574388,1.989748638893168,1620.7548828125,406628328.04089355,17.000000000000004
SIEMENS,2022-04-01,2022-05-11,1366.5263,1301.0495,5,25,rebalance_trim,-4.7915,-327.3839,2022-03-31,1.5674950706307809,0.8389261744966443,149,1.122079406348312,0.4509183560751236,1371.714111328125,628606415.8300781,25.0
VBL,2022-05-02,2022-05-11,142.8877,142.2427,46,6,rebalance_trim,-0.4514,-29.6703,2022-04-29,1.561914873234697,0.8133333333333334,150,1.5958241450487307,0.3770166670074338,142.8351287841797,456748245.34778595,28.999999999999996
ABB,2022-02-01,2022-05-13,2215.6922,2200.7428,3,68,rebalance_trim,-0.6747,-44.8483,2022-01-31,1.5864485785577433,0.88,150,1.962078848460847,1.0163488703960062,2250.11669921875,463697798.66845703,19.0
CUMMINSIND,2022-05-02,2022-05-13,958.2428,923.0056,7,8,rebalance_trim,-3.6773,-246.6609,2022-04-29,1.9790957579768826,0.9,150,1.0426714294008521,1.0103077645007985,974.9223022460938,615557773.7353516,15.999999999999996
ATGL,2021-09-01,2022-05-17,1525.5811,2406.2802,3,174,rebalance_trim,57.7288,2642.0975,2021-08-31,2.4300510380599745,0.9266666666666666,150,5.901381773462706,1.220332094239985,1450.374755859375,233725887.99853516,12.000000000000004
JKPAPER,2022-05-02,2022-05-17,328.9454,315.2036,34,10,rebalance_trim,-4.1775,-467.2228,2022-04-29,2.110418585562035,0.92,150,2.658670215343565,0.7357971036612901,334.69842529296875,303605886.362854,12.999999999999995
RENUKA,2022-03-02,2022-05-17,36.3763,47.3147,139,50,rebalance_trim,30.0702,1520.4409,2022-02-28,1.6098830504809334,0.82,150,3.8310441954368235,0.3679848331748984,32.900001525878906,284287434.1049309,28.000000000000007
BDL,2022-05-02,2022-05-20,362.5621,363.2067,19,13,rebalance_trim,0.1778,12.2478,2022-04-29,1.9904698524715432,0.9066666666666666,150,1.7627546891030006,0.8329691921303554,364.9344482421875,384067725.6188965,15.000000000000007
CGPOWER,2022-03-02,2022-05-20,164.9852,173.2524,42,53,rebalance_trim,5.0109,347.2231,2022-02-28,3.454117496541749,0.9866666666666667,150,5.249923746732734,2.621115966456076,169.1681365966797,251866808.47375488,2.9999999999999964
EASEMYTRIP,2022-04-01,2022-05-20,21.4874,26.4446,428,32,rebalance_trim,23.0702,2121.6778,2022-03-31,1.7668646411363906,0.8859060402684564,149,3.455839628403554,-0.06755891089088982,21.2462100982666,334263544.77996826,17.999999999999993
VTL,2022-02-01,2022-05-20,430.2054,331.1139,20,73,rebalance_trim,-23.0335,-1981.8309,2022-01-31,1.4974474107645623,0.8733333333333333,150,3.0022653638902894,0.6139651512278926,467.10992431640625,316090523.3312988,20.000000000000007
GUJALKALI,2022-05-02,2022-05-23,875.0664,833.3057,11,14,rebalance_trim,-4.7723,-459.3674,2022-04-29,1.7225978366865062,0.8533333333333334,150,2.1555414769522403,0.4163777518030693,911.866943359375,352514053.3093262,22.999999999999993
UNOMINDA,2022-01-03,2022-05-26,545.0549,438.2254,20,97,rebalance_trim,-19.5998,-2136.5897,2021-12-31,1.6827589644696292,0.8933333333333333,150,3.0219933286010345,1.0141836399129667,605.0216674804688,262527169.3571167,17.000000000000004
TANLA,2022-01-03,2022-05-27,1593.1924,1227.3883,6,98,rebalance_trim,-22.9604,-2194.8249,2021-12-31,2.033115862928012,0.9266666666666666,150,2.54868068831787,1.7414768067327944,1755.935546875,419837514.2238159,12.000000000000004
INOXLEISUR,2022-05-02,2022-05-31,497.7374,506.2235,14,20,rebalance_trim,1.7049,118.8045,2022-04-29,1.8302092930609923,0.8733333333333333,150,2.1574796036209176,0.5414515247362006,501.2,257855303.70000002,20.000000000000007
ABB,2022-02-01,2022-06-01,2215.6922,2375.1678,29,81,rebalance_exit,7.1976,4624.7922,2022-01-31,1.5864485785577433,0.88,150,1.962078848460847,1.0163488703960062,2250.11669921875,463697798.66845703,19.0
ANGELONE,2021-11-01,2022-06-01,120.8988,137.4472,515,144,rebalance_exit,13.6878,8522.4365,2021-10-29,4.070459773361943,0.9933333333333333,150,7.267336451818163,4.133875917133416,113.7081527709961,451259132.6641846,2.000000000000006
CDSL,2021-05-03,2022-06-01,541.6916,604.4524,129,269,rebalance_exit,11.5861,8096.1545,2021-04-30,1.7465325094075492,0.8333333333333334,150,4.507497092785753,0.9240510972571842,383.9403991699219,494822820.94592285,25.999999999999993
DELTACORP,2022-05-02,2022-06-01,253.2993,211.3921,295,21,rebalance_exit,-16.5445,-12362.6259,2022-04-29,1.8664919024389173,0.88,150,2.262814357656296,0.5559116929208933,256.801513671875,911389021.6519775,19.0
HFCL,2022-04-01,2022-06-01,78.3516,63.2822,1043,40,rebalance_exit,-19.233,-15717.3869,2022-03-31,1.646843683407735,0.8590604026845637,149,2.67187202283575,0.04549493859989008,78.0904769897461,841116292.9076843,22.000000000000004
INTELLECT,2022-05-02,2022-06-01,754.7174,667.4766,109,21,rebalance_exit,-11.5594,-9509.2514,2022-04-29,1.622654145128763,0.8266666666666667,150,0.5676387259446053,0.7200718256365792,777.6351928710938,345337893.1513672,27.0
SIEMENS,2022-04-01,2022-06-01,1366.5263,1407.348,52,40,rebalance_exit,2.9873,2122.7286,2022-03-31,1.5674950706307809,0.8389261744966443,149,1.122079406348312,0.4509183560751236,1371.714111328125,628606415.8300781,25.0
TANLA,2022-01-03,2022-06-01,1593.1924,1234.357,53,101,rebalance_exit,-22.523,-19018.2768,2021-12-31,2.033115862928012,0.9266666666666666,150,2.54868068831787,1.7414768067327944,1755.935546875,419837514.2238159,12.000000000000004
TIINDIA,2022-05-02,2022-06-01,1826.7242,1547.0683,44,21,rebalance_exit,-15.3092,-12304.8625,2022-04-29,1.5439934468477148,0.8066666666666666,150,1.1915183802931466,0.46312506949757903,1856.4991455078125,272806760.0439453,30.000000000000004
POLYPLEX,2022-05-02,2022-06-03,2483.3001,2443.6414,3,23,rebalance_trim,-1.597,-118.976,2022-04-29,2.637097537187467,0.9866666666666667,150,4.168817398564728,0.9507025105354606,2520.857177734375,333526314.10375977,2.9999999999999964
MRPL,2022-06-01,2022-06-07,79.2084,91.9173,129,4,rebalance_trim,16.0449,1639.4499,2022-05-31,2.1305050732525466,0.9066666666666666,150,0.8408713064687952,1.2019068242500415,78.24642181396484,300145391.6611481,15.000000000000007
OIL,2022-04-01,2022-06-07,131.9454,153.6793,65,44,rebalance_trim,16.4719,1412.702,2022-03-31,1.5512017920827508,0.8322147651006712,149,2.479566355864282,-0.003042191819558948,131.55258178710938,262220265.2574463,25.999999999999996
MRPL,2022-06-01,2022-06-08,79.2084,105.9696,109,5,rebalance_trim,33.7858,2916.9692,2022-05-31,2.1305050732525466,0.9066666666666666,150,0.8408713064687952,1.2019068242500415,78.24642181396484,300145391.6611481,15.000000000000007
TTML,2022-05-02,2022-06-13,132.2963,137.3524,74,29,rebalance_trim,3.8218,374.1491,2022-04-29,6.803271769016757,1.0,150,15.903972576496916,2.7063897855504964,139.6999969482422,382216774.73168945,1.0
VBL,2022-05-02,2022-06-14,142.6046,147.2428,49,30,rebalance_trim,3.2525,227.2725,2022-04-29,1.561914873234697,0.8133333333333334,150,1.5958241450487307,0.3770166670074338,142.8351287841797,456748245.34778595,28.999999999999996
VIPIND,2022-04-01,2022-06-14,699.9088,547.8455,14,49,rebalance_trim,-21.7262,-2128.8861,2022-03-31,1.8743856372329506,0.8993288590604027,149,1.6233701537238716,0.6437755608689901,738.2218627929688,273048402.47387695,15.999999999999995
ADANIENSOL,2022-03-02,2022-06-15,2127.8435,2082.2466,3,71,rebalance_trim,-2.1429,-136.7909,2022-02-28,1.740442269049533,0.8666666666666667,150,3.1491720852403984,0.7518286727524064,2134.39990234375,289469456.10180664,20.999999999999996
BDL,2022-05-02,2022-06-17,362.5621,396.314,16,33,rebalance_trim,9.3093,540.0306,2022-04-29,1.9904698524715432,0.9066666666666666,150,1.7627546891030006,0.8329691921303554,364.9344482421875,384067725.6188965,15.000000000000007
PRAJIND,2022-03-02,2022-06-17,320.0893,314.1156,22,73,rebalance_trim,-1.8663,-131.4232,2022-02-28,1.6655071707735236,0.8466666666666667,150,3.7345758157473843,0.4758768227631583,325.3259582519531,277619153.75634766,24.0
MAXHEALTH,2022-04-01,2022-06-20,349.6081,355.7761,19,53,rebalance_trim,1.7643,117.192,2022-03-31,1.4905758161184948,0.8053691275167785,149,2.1511730189468614,0.0323895084293199,346.0744934082031,420085310.83013916,30.000000000000007
UNOMINDA,2022-01-03,2022-06-20,533.6487,438.7917,14,114,rebalance_trim,-17.7752,-1327.9977,2021-12-31,1.6827589644696292,0.8933333333333333,150,3.0219933286010345,1.0141836399129667,605.0216674804688,262527169.3571167,17.000000000000004
VIPIND,2022-04-01,2022-06-20,699.9088,588.1964,13,53,rebalance_trim,-15.961,-1452.2606,2022-03-31,1.8743856372329506,0.8993288590604027,149,1.6233701537238716,0.6437755608689901,738.2218627929688,273048402.47387695,15.999999999999995
CGPOWER,2022-03-02,2022-06-21,165.0589,164.8851,52,75,rebalance_trim,-0.1053,-9.0359,2022-02-28,3.454117496541749,0.9866666666666667,150,5.249923746732734,2.621115966456076,169.1681365966797,251866808.47375488,2.9999999999999964
CUMMINSIND,2022-05-02,2022-06-21,957.7004,911.692,7,35,rebalance_trim,-4.804,-322.0587,2022-04-29,1.9790957579768826,0.9,150,1.0426714294008521,1.0103077645007985,974.9223022460938,615557773.7353516,15.999999999999996
INOXLEISUR,2022-05-02,2022-06-21,494.6427,455.6011,15,35,rebalance_trim,-7.8929,-585.6246,2022-04-29,1.8302092930609923,0.8733333333333333,150,2.1574796036209176,0.5414515247362006,501.2,257855303.70000002,20.000000000000007
VBL,2022-05-02,2022-06-21,142.6046,149.8087,47,35,rebalance_trim,5.0518,338.5928,2022-04-29,1.561914873234697,0.8133333333333334,150,1.5958241450487307,0.3770166670074338,142.8351287841797,456748245.34778595,28.999999999999996
ADANIENSOL,2022-03-02,2022-06-22,2127.8435,2176.0774,3,76,rebalance_trim,2.2668,144.7017,2022-02-28,1.740442269049533,0.8666666666666667,150,3.1491720852403984,0.7518286727524064,2134.39990234375,289469456.10180664,20.999999999999996
GSFC,2022-05-02,2022-06-22,147.0095,123.8603,59,36,rebalance_trim,-15.7467,-1365.8027,2022-04-29,1.7649711840163778,0.86,150,1.9024667924552177,0.5328202900074633,153.50137329101562,368413725.4582443,22.000000000000004
PRAJIND,2022-03-02,2022-06-23,320.0893,344.1905,24,77,rebalance_trim,7.5295,578.4269,2022-02-28,1.6655071707735236,0.8466666666666667,150,3.7345758157473843,0.4758768227631583,325.3259582519531,277619153.75634766,24.0
KPITTECH,2022-03-02,2022-06-24,545.9788,491.0094,15,78,rebalance_trim,-10.068,-824.5411,2022-02-28,3.343856794879823,0.98,150,7.612332847897352,1.7846392987626731,557.0557250976562,972991148.7643433,4.000000000000003
TTML,2022-05-02,2022-06-27,129.9801,128.4684,53,39,rebalance_trim,-1.163,-80.1182,2022-04-29,6.803271769016757,1.0,150,15.903972576496916,2.7063897855504964,139.6999969482422,382216774.73168945,1.0
GAEL,2022-06-01,2022-06-29,160.231,138.1511,48,20,rebalance_trim,-13.7801,-1059.8363,2022-05-31,3.039929793138114,0.98,150,1.6825672766956832,1.9378772147455916,166.61065673828125,251215658.71844482,4.000000000000003
LINDEINDIA,2022-05-02,2022-06-29,3475.5648,3184.3149,2,41,rebalance_trim,-8.3799,-582.4998,2022-04-29,2.356270482356484,0.9666666666666667,150,2.013871168456469,1.193400134288811,3544.96044921875,421874893.92041016,5.999999999999999
MRPL,2022-06-01,2022-06-30,79.672,90.4736,74,21,rebalance_trim,13.5575,799.3129,2022-05-31,2.1305050732525466,0.9066666666666666,150,0.8408713064687952,1.2019068242500415,78.24642181396484,300145391.6611481,15.000000000000007
OIL,2022-04-01,2022-06-30,131.0167,143.2136,51,61,rebalance_trim,9.3094,622.043,2022-03-31,1.5512017920827508,0.8322147651006712,149,2.479566355864282,-0.003042191819558948,131.55258178710938,262220265.2574463,25.999999999999996
CHAMBLFERT,2022-04-01,2022-07-01,351.6684,244.9265,288,62,rebalance_exit,-30.353,-30741.6839,2022-03-31,1.5720147954933175,0.8456375838926175,149,1.5365765565295748,0.3232440691346185,386.8876037597656,677625992.6929932,24.0
GAEL,2022-06-01,2022-07-01,160.231,138.1511,506,22,rebalance_exit,-13.7801,-11172.4422,2022-05-31,3.039929793138114,0.98,150,1.6825672766956832,1.9378772147455916,166.61065673828125,251215658.71844482,4.000000000000003
MRPL,2022-06-01,2022-07-01,79.672,84.7468,776,22,rebalance_exit,6.3695,3938.0039,2022-05-31,2.1305050732525466,0.9066666666666666,150,0.8408713064687952,1.2019068242500415,78.24642181396484,300145391.6611481,15.000000000000007
NMDC,2022-06-01,2022-07-01,27.33,23.227,2911,22,rebalance_exit,-15.0129,-11943.8515,2022-05-31,1.6298680770640979,0.8133333333333334,150,0.09060317105209903,0.8809655552731365,27.384023666381836,1078236269.626999,28.999999999999996
POONAWALLA,2022-03-02,2022-07-01,234.1135,224.5628,283,83,rebalance_exit,-4.0795,-2702.8672,2022-02-28,1.8646974031080192,0.92,150,2.6084236250637947,1.0861113313730224,234.5595703125,950574815.4171753,12.999999999999995
PRAJIND,2022-03-02,2022-07-01,320.0893,348.3914,192,83,rebalance_exit,8.8419,5433.9963,2022-02-28,1.6655071707735236,0.8466666666666667,150,3.7345758157473843,0.4758768227631583,325.3259582519531,277619153.75634766,24.0
RENUKA,2022-03-02,2022-07-01,36.3763,46.4163,1413,83,rebalance_exit,27.6005,14186.5788,2022-02-28,1.6098830504809334,0.82,150,3.8310441954368235,0.3679848331748984,32.900001525878906,284287434.1049309,28.000000000000007
UNOMINDA,2022-01-03,2022-07-01,533.6487,455.5358,153,123,rebalance_exit,-14.6375,-11951.2686,2021-12-31,1.6827589644696292,0.8933333333333333,150,3.0219933286010345,1.0141836399129667,605.0216674804688,262527169.3571167,17.000000000000004
VIPIND,2022-04-01,2022-07-01,699.9088,618.0896,114,62,rebalance_exit,-11.69,-9327.3823,2022-03-31,1.8743856372329506,0.8993288590604027,149,1.6233701537238716,0.6437755608689901,738.2218627929688,273048402.47387695,15.999999999999995
VTL,2022-02-01,2022-07-01,399.3898,257.0005,260,103,rebalance_exit,-35.6517,-37021.2149,2022-01-31,1.4974474107645623,0.8733333333333333,150,3.0022653638902894,0.6139651512278926,467.10992431640625,316090523.3312988,20.000000000000007
BCG,2022-07-01,2022-07-05,32.7472,35.7805,192,2,rebalance_trim,9.2629,582.3997,2022-06-30,4.381630369493984,0.9933333333333333,150,7.801945442167896,-0.6457143467155145,31.09546661376953,202428559.1079712,2.000000000000006
ABB,2022-07-01,2022-07-07,2223.5984,2485.4991,3,4,rebalance_trim,11.7782,785.702,2022-06-30,1.8368504824012604,0.8333333333333334,150,1.0397533015918776,0.34373292890172813,2255.587890625,352009792.50683594,25.999999999999993
BCG,2022-07-01,2022-07-08,32.7472,41.365,227,5,rebalance_trim,26.3163,1956.254,2022-06-30,4.381630369493984,0.9933333333333333,150,7.801945442167896,-0.6457143467155145,31.09546661376953,202428559.1079712,2.000000000000006
ATGL,2021-09-01,2022-07-12,1611.1927,2681.2309,3,214,rebalance_trim,66.4128,3210.1148,2021-08-31,2.4300510380599745,0.9266666666666666,150,5.901381773462706,1.220332094239985,1450.374755859375,233725887.99853516,12.000000000000004
M&MFIN,2022-07-01,2022-07-12,163.0284,184.6889,36,7,rebalance_trim,13.2864,779.7791,2022-06-30,1.7581041408711853,0.8133333333333334,150,0.38622705632407783,0.6261419741011002,161.85946655273438,590134880.0206299,28.999999999999996
ADANIENSOL,2022-03-02,2022-07-13,2127.8435,2768.0104,4,91,rebalance_trim,30.0852,2560.6675,2022-02-28,1.740442269049533,0.8666666666666667,150,3.1491720852403984,0.7518286727524064,2134.39990234375,289469456.10180664,20.999999999999996
BCG,2022-07-01,2022-07-13,32.7472,47.7897,214,8,rebalance_trim,45.9353,3219.1027,2022-06-30,4.381630369493984,0.9933333333333333,150,7.801945442167896,-0.6457143467155145,31.09546661376953,202428559.1079712,2.000000000000006
NHPC,2022-07-01,2022-07-15,27.2385,30.6226,217,10,rebalance_trim,12.424,734.3519,2022-06-30,1.9073392456892122,0.8533333333333334,150,1.01453287059362,0.43677579085821966,27.232009887695312,264868717.49301147,22.999999999999993
KPRMILL,2022-02-01,2022-07-21,629.1562,543.8089,13,117,rebalance_trim,-13.5654,-1109.515,2022-01-31,2.6088074777587056,0.98,150,5.85643852487069,1.5565141663023196,657.0452880859375,278586513.11187744,4.000000000000003
CGPOWER,2022-03-02,2022-07-22,165.0589,220.4046,36,98,rebalance_trim,33.5309,1992.4467,2022-02-28,3.454117496541749,0.9866666666666667,150,5.249923746732734,2.621115966456076,169.1681365966797,251866808.47375488,2.9999999999999964
GSFC,2022-05-02,2022-07-22,143.7497,139.2816,51,58,rebalance_trim,-3.1083,-227.8754,2022-04-29,1.7649711840163778,0.86,150,1.9024667924552177,0.5328202900074633,153.50137329101562,368413725.4582443,22.000000000000004
BCG,2022-07-01,2022-07-25,32.7472,55.7959,158,16,rebalance_trim,70.3837,3641.6912,2022-06-30,4.381630369493984,0.9933333333333333,150,7.801945442167896,-0.6457143467155145,31.09546661376953,202428559.1079712,2.000000000000006
ABFRL,2022-03-02,2022-08-01,265.1067,269.0558,302,104,rebalance_exit,1.4896,1192.6049,2022-02-28,1.6126838867200797,0.8266666666666667,150,1.6975708558638636,0.9838185772189622,268.3999938964844,841155983.5162354,27.0
ADANIENSOL,2022-03-02,2022-08-01,2127.8435,3124.2681,26,104,rebalance_exit,46.8279,25907.0392,2022-02-28,1.740442269049533,0.8666666666666667,150,3.1491720852403984,0.7518286727524064,2134.39990234375,289469456.10180664,20.999999999999996
ATGL,2021-09-01,2022-08-01,1611.1927,3134.044,27,228,rebalance_exit,94.517,41116.9861,2021-08-31,2.4300510380599745,0.9266666666666666,150,5.901381773462706,1.220332094239985,1450.374755859375,233725887.99853516,12.000000000000004
BCG,2022-07-01,2022-08-01,35.5717,49.4206,1733,21,rebalance_exit,38.9325,24000.2216,2022-06-30,4.381630369493984,0.9933333333333333,150,7.801945442167896,-0.6457143467155145,31.09546661376953,202428559.1079712,2.000000000000006
BDL,2022-05-02,2022-08-01,358.6599,395.8272,22,64,rebalance_trim,10.3628,817.68,2022-04-29,1.9904698524715432,0.9066666666666666,150,1.7627546891030006,0.8329691921303554,364.9344482421875,384067725.6188965,15.000000000000007
IIFL,2022-07-01,2022-08-01,317.1405,337.7457,225,21,rebalance_exit,6.4972,4636.1737,2022-06-30,1.755831047084564,0.8066666666666666,150,0.7103201197312679,0.4399239464761576,316.8150939941406,239438711.9300537,30.000000000000004
JKPAPER,2022-05-02,2022-08-01,320.9617,326.9151,23,64,rebalance_trim,1.8548,136.9269,2022-04-29,2.110418585562035,0.92,150,2.658670215343565,0.7357971036612901,334.69842529296875,303605886.362854,12.999999999999995
KPRMILL,2022-02-01,2022-08-01,629.1562,575.924,140,124,rebalance_exit,-8.4609,-7452.5151,2022-01-31,2.6088074777587056,0.98,150,5.85643852487069,1.5565141663023196,657.0452880859375,278586513.11187744,4.000000000000003
LINDEINDIA,2022-05-02,2022-08-01,3475.5648,3632.3381,21,64,rebalance_exit,4.5107,3292.2394,2022-04-29,2.356270482356484,0.9666666666666667,150,2.013871168456469,1.193400134288811,3544.96044921875,421874893.92041016,5.999999999999999
NLCINDIA,2022-06-01,2022-08-01,67.298,62.1205,1291,43,rebalance_exit,-7.6934,-6684.15,2022-05-31,1.7387992963411942,0.86,150,0.9605956061013858,0.743368902107743,68.76378631591797,344074244.6571121,22.000000000000004
POLYCAB,2021-06-01,2022-08-01,1956.7052,2284.3245,32,292,rebalance_exit,16.7434,10483.8181,2021-05-31,2.3043976497562992,0.8933333333333333,150,4.161436221574388,1.989748638893168,1620.7548828125,406628328.04089355,17.000000000000004
RCF,2022-06-01,2022-08-01,87.1666,81.1102,916,43,rebalance_exit,-6.9481,-5547.6496,2022-05-31,1.7383990798717508,0.8533333333333334,150,0.46686797474144726,0.8878446853495655,88.56723022460938,538916131.6210327,22.999999999999993
ABBOTINDIA,2022-08-01,2022-08-02,19035.3635,19530.7474,1,1,rebalance_trim,2.6024,495.3839,2022-07-29,1.8516149261358121,0.8333333333333334,150,0.14136589862720295,0.518898498523841,18934.95703125,206305530.48828125,25.999999999999993
POLYPLEX,2022-05-02,2022-08-02,2393.5337,2291.6613,4,65,rebalance_trim,-4.2561,-407.4894,2022-04-29,2.637097537187467,0.9866666666666667,150,4.168817398564728,0.9507025105354606,2520.857177734375,333526314.10375977,2.9999999999999964
WELCORP,2022-07-01,2022-08-02,209.4324,223.6226,33,22,rebalance_trim,6.7755,468.2764,2022-06-30,2.0096342100926483,0.8733333333333333,150,1.1093167122661984,0.4973402125172256,210.96029663085938,331517444.927948,20.000000000000007
JKPAPER,2022-05-02,2022-08-03,320.9617,367.5898,22,66,rebalance_trim,14.5276,1025.8171,2022-04-29,2.110418585562035,0.92,150,2.658670215343565,0.7357971036612901,334.69842529296875,303605886.362854,12.999999999999995
NHPC,2022-07-01,2022-08-03,27.4376,31.6816,224,23,rebalance_trim,15.4679,950.6629,2022-06-30,1.9073392456892122,0.8533333333333334,150,1.01453287059362,0.43677579085821966,27.232009887695312,264868717.49301147,22.999999999999993
INOXLEISUR,2022-05-02,2022-08-04,494.6427,615.8388,14,67,rebalance_trim,24.5017,1696.7443,2022-04-29,1.8302092930609923,0.8733333333333333,150,2.1574796036209176,0.5414515247362006,501.2,257855303.70000002,20.000000000000007
EASEMYTRIP,2022-04-01,2022-08-05,21.9591,26.1988,298,87,rebalance_trim,19.3074,1263.44,2022-03-31,1.7668646411363906,0.8859060402684564,149,3.455839628403554,-0.06755891089088982,21.2462100982666,334263544.77996826,17.999999999999993
GUJALKALI,2022-05-02,2022-08-05,825.2915,749.6137,10,68,rebalance_trim,-9.1698,-756.7784,2022-04-29,1.7225978366865062,0.8533333333333334,150,2.1555414769522403,0.4163777518030693,911.866943359375,352514053.3093262,22.999999999999993
KEI,2022-07-01,2022-08-05,1150.792,1384.3458,6,25,rebalance_trim,20.295,1401.3228,2022-06-30,2.0995048900344977,0.88,150,1.722988921162274,0.24994628510952563,1146.7750244140625,202152666.89868164,19.0
VBL,2022-05-02,2022-08-05,142.6046,201.0674,38,68,rebalance_trim,40.9964,2221.5853,2022-04-29,1.561914873234697,0.8133333333333334,150,1.5958241450487307,0.3770166670074338,142.8351287841797,456748245.34778595,28.999999999999996
FINEORG,2022-08-01,2022-08-10,5425.9241,6739.1968,3,6,rebalance_trim,24.2037,3939.8181,2022-07-29,2.7395694042662,0.96,150,1.4720425042469738,0.663426006123603,5347.95947265625,249605281.25976562,7.000000000000005
JKPAPER,2022-05-02,2022-08-12,320.9617,402.2962,18,72,rebalance_trim,25.3409,1464.0204,2022-04-29,2.110418585562035,0.92,150,2.658670215343565,0.7357971036612901,334.69842529296875,303605886.362854,12.999999999999995
TRENT,2022-05-02,2022-08-18,1217.077,1473.1844,7,75,rebalance_trim,21.0428,1792.7522,2022-04-29,1.9077947902917516,0.8866666666666667,150,1.9416854346426151,0.6891195387024289,1223.254150390625,678093713.1361084,17.999999999999993
GUJALKALI,2022-05-02,2022-08-23,825.2915,829.1849,12,78,rebalance_trim,0.4718,46.7202,2022-04-29,1.7225978366865062,0.8533333333333334,150,2.1555414769522403,0.4163777518030693,911.866943359375,352514053.3093262,22.999999999999993
WELCORP,2022-07-01,2022-08-24,208.6556,225.7359,46,36,rebalance_trim,8.1859,785.6915,2022-06-30,2.0096342100926483,0.8733333333333333,150,1.1093167122661984,0.4973402125172256,210.96029663085938,331517444.927948,20.000000000000007
ABB,2022-07-01,2022-08-25,2223.5984,2984.556,3,37,rebalance_trim,34.2219,2282.8727,2022-06-30,1.8368504824012604,0.8333333333333334,150,1.0397533015918776,0.34373292890172813,2255.587890625,352009792.50683594,25.999999999999993
PHOENIXLTD,2022-07-01,2022-08-30,589.4795,704.8444,11,40,rebalance_trim,19.5707,1269.0148,2022-06-30,1.825242884990225,0.8266666666666667,150,1.0861385089705025,0.3044764022861593,587.4218139648438,218897571.5888672,27.0
ABBOTINDIA,2022-08-01,2022-09-01,19195.6368,17915.4468,4,20,rebalance_exit,-6.6692,-5120.7603,2022-07-29,1.8516149261358121,0.8333333333333334,150,0.14136589862720295,0.518898498523841,18934.95703125,206305530.48828125,25.999999999999993
KPITTECH,2022-03-02,2022-09-01,541.0918,549.5862,150,124,rebalance_exit,1.5699,1274.1679,2022-02-28,3.343856794879823,0.98,150,7.612332847897352,1.7846392987626731,557.0557250976562,972991148.7643433,4.000000000000003
MAXHEALTH,2022-04-01,2022-09-01,351.0707,374.1194,208,103,rebalance_exit,6.5653,4794.1423,2022-03-31,1.4905758161184948,0.8053691275167785,149,2.1511730189468614,0.0323895084293199,346.0744934082031,420085310.83013916,30.000000000000007
OIL,2022-04-01,2022-09-01,124.9953,104.4781,700,103,rebalance_exit,-16.4143,-14361.9968,2022-03-31,1.5512017920827508,0.8322147651006712,149,2.479566355864282,-0.003042191819558948,131.55258178710938,262220265.2574463,25.999999999999996
RAYMOND,2022-08-01,2022-09-01,957.8603,947.8099,80,20,rebalance_exit,-1.0493,-804.0296,2022-07-29,2.425768968186116,0.9266666666666666,150,1.7102242467936595,0.23274889325417072,952.3790893554688,377061980.5153198,12.000000000000004
TRIDENT,2022-08-01,2022-09-01,37.2839,34.5651,2337,20,rebalance_exit,-7.292,-6353.7127,2022-07-29,1.7813796343516888,0.82,150,2.3465160906810674,-0.7305129092748803,37.16682434082031,185248968.63955688,28.000000000000007
TTML,2022-05-02,2022-09-01,119.9892,111.7486,162,84,rebalance_trim,-6.8678,-1334.9815,2022-04-29,6.803271769016757,1.0,150,15.903972576496916,2.7063897855504964,139.6999969482422,382216774.73168945,1.0
VBL,2022-05-02,2022-09-01,142.6046,202.8163,390,84,rebalance_exit,42.2229,23482.5835,2022-04-29,1.561914873234697,0.8133333333333334,150,1.5958241450487307,0.3770166670074338,142.8351287841797,456748245.34778595,28.999999999999996
TTML,2022-05-02,2022-09-02,119.9892,131.5129,105,85,rebalance_trim,9.604,1209.9937,2022-04-29,6.803271769016757,1.0,150,15.903972576496916,2.7063897855504964,139.6999969482422,382216774.73168945,1.0
PATANJALI,2022-08-01,2022-09-06,372.0223,431.4082,20,23,rebalance_trim,15.963,1187.7166,2022-07-29,1.7214906792318279,0.8133333333333334,150,-0.06836735576010858,0.5056120698385029,368.6587829589844,442107297.5899658,28.999999999999996
TIINDIA,2022-08-01,2022-09-06,2094.8505,2509.7569,4,23,rebalance_trim,19.806,1659.6254,2022-07-29,2.382591297844664,0.9133333333333333,150,1.6405296252263986,0.22839442516936317,2073.16162109375,254683792.72155762,14.0
RENUKA,2022-08-01,2022-09-07,49.0932,51.1578,180,24,rebalance_trim,4.2054,371.6226,2022-07-29,2.1157175977151956,0.88,150,0.3979373284912906,0.6364773068994198,49.45000076293945,758647735.1282425,19.0
SCHAEFFLER,2022-09-01,2022-09-08,2961.1339,3289.1293,3,5,rebalance_trim,11.0767,983.9862,2022-08-30,3.4652198605746127,0.9866666666666667,150,2.5222959384998673,1.51673039729532,2943.58544921875,258767158.25830078,2.9999999999999964
FINEORG,2022-08-01,2022-09-13,5520.6299,7095.5455,2,28,rebalance_trim,28.5278,3149.8313,2022-07-29,2.7395694042662,0.96,150,1.4720425042469738,0.663426006123603,5347.95947265625,249605281.25976562,7.000000000000005
MRF,2022-09-14,2022-09-15,83499.8584,85919.8226,1,1,rebalance_exit,2.8982,2419.9642,2022-09-13,1.6240236228982086,0.7733333333333333,150,0.08252985786418299,1.0039576842171272,85142.4296875,669563409.65625,35.0
EASEMYTRIP,2022-04-01,2022-09-19,22.0946,26.0744,307,115,rebalance_trim,18.0126,1221.798,2022-03-31,1.7668646411363906,0.8859060402684564,149,3.455839628403554,-0.06755891089088982,21.2462100982666,334263544.77996826,17.999999999999993
EIDPARRY,2022-08-01,2022-09-19,545.7255,584.8099,16,32,rebalance_trim,7.1619,625.3504,2022-07-29,1.8987981321483933,0.8466666666666667,150,0.5667973413813631,0.3365074816962163,546.1350708007812,199361365.33676147,24.0
WELCORP,2022-07-01,2022-09-20,208.6556,258.7396,29,54,rebalance_trim,24.0032,1452.4347,2022-06-30,2.0096342100926483,0.8733333333333333,150,1.1093167122661984,0.4973402125172256,210.96029663085938,331517444.927948,20.000000000000007
CGPOWER,2022-03-02,2022-09-22,165.0589,258.7436,33,139,rebalance_trim,56.7584,3091.5976,2022-02-28,3.454117496541749,0.9866666666666667,150,5.249923746732734,2.621115966456076,169.1681365966797,251866808.47375488,2.9999999999999964
RENUKA,2022-08-01,2022-09-22,49.0932,57.0971,153,35,rebalance_trim,16.3034,1224.5913,2022-07-29,2.1157175977151956,0.88,150,0.3979373284912906,0.6364773068994198,49.45000076293945,758647735.1282425,19.0
PATANJALI,2022-08-01,2022-09-23,372.0223,484.8883,16,36,rebalance_trim,30.3385,1805.8557,2022-07-29,1.7214906792318279,0.8133333333333334,150,-0.06836735576010858,0.5056120698385029,368.6587829589844,442107297.5899658,28.999999999999996
TIINDIA,2022-08-01,2022-09-26,2094.8505,2721.223,3,37,rebalance_trim,29.9006,1879.1174,2022-07-29,2.382591297844664,0.9133333333333333,150,1.6405296252263986,0.22839442516936317,2073.16162109375,254683792.72155762,14.0
FLUOROCHEM,2022-09-01,2022-09-27,3349.9453,3603.4115,2,18,rebalance_trim,7.5663,506.9325,2022-08-30,2.286628640934214,0.9,150,1.965492475435833,0.587054978368973,3333.915771484375,335769298.78466797,15.999999999999996
ABB,2022-07-01,2022-10-03,2223.5984,3008.7746,26,63,rebalance_exit,35.3111,20414.5812,2022-06-30,1.8368504824012604,0.8333333333333334,150,1.0397533015918776,0.34373292890172813,2255.587890625,352009792.50683594,25.999999999999993
BORORENEW,2022-06-01,2022-10-03,650.5766,580.2636,140,85,rebalance_exit,-10.8078,-9843.8252,2022-05-31,1.8952168058662706,0.88,150,2.831525888146345,0.3633268098663824,656.7999877929688,281587070.9178467,19.0
BSE,2022-06-01,2022-10-03,239.4231,197.4612,398,85,rebalance_exit,-17.5263,-16700.8469,2022-05-31,3.0752273512384125,0.9866666666666667,150,3.6330437366187684,1.403568564987509,240.63668823242188,952503724.005249,2.9999999999999964
EASEMYTRIP,2022-04-01,2022-10-03,22.2422,23.4794,3445,125,rebalance_exit,5.5624,4262.1788,2022-03-31,1.7668646411363906,0.8859060402684564,149,3.455839628403554,-0.06755891089088982,21.2462100982666,334263544.77996826,17.999999999999993
EIDPARRY,2022-08-01,2022-10-03,545.7255,579.3662,139,42,rebalance_exit,6.1644,4676.0589,2022-07-29,1.8987981321483933,0.8466666666666667,150,0.5667973413813631,0.3365074816962163,546.1350708007812,199361365.33676147,24.0
GSFC,2022-05-02,2022-10-03,140.735,118.2072,687,106,rebalance_exit,-16.0072,-15476.584,2022-04-29,1.7649711840163778,0.86,150,1.9024667924552177,0.5328202900074633,153.50137329101562,368413725.4582443,22.000000000000004
GUJALKALI,2022-05-02,2022-10-03,820.0363,780.1249,102,106,rebalance_exit,-4.867,-4070.9596,2022-04-29,1.7225978366865062,0.8533333333333334,150,2.1555414769522403,0.4163777518030693,911.866943359375,352514053.3093262,22.999999999999993
INOXLEISUR,2022-05-02,2022-10-03,499.5352,508.2165,161,106,rebalance_exit,1.7379,1397.6829,2022-04-29,1.8302092930609923,0.8733333333333333,150,2.1574796036209176,0.5414515247362006,501.2,257855303.70000002,20.000000000000007
PATANJALI,2022-08-01,2022-10-03,372.0223,444.5977,172,42,rebalance_exit,19.5083,12482.9583,2022-07-29,1.7214906792318279,0.8133333333333334,150,-0.06836735576010858,0.5056120698385029,368.6587829589844,442107297.5899658,28.999999999999996
POLYPLEX,2022-05-02,2022-10-03,2311.6888,1839.0042,43,106,rebalance_exit,-20.4476,-20325.4396,2022-04-29,2.637097537187467,0.9866666666666667,150,4.168817398564728,0.9507025105354606,2520.857177734375,333526314.10375977,2.9999999999999964
PVR,2022-09-01,2022-10-03,1810.7755,1789.7738,48,22,rebalance_exit,-1.1598,-1008.0855,2022-08-30,2.3533900964247083,0.92,150,1.4797747441859304,0.9425180144307145,1830.0,896438825.4711914,12.999999999999995
SIEMENS,2022-08-01,2022-10-03,1577.9732,1602.0212,49,42,rebalance_exit,1.524,1178.3525,2022-07-29,1.905887673972514,0.8533333333333334,150,0.8559703881734506,0.188407123160719,1560.54052734375,642001777.409668,22.999999999999993
SKFINDIA,2022-09-01,2022-10-03,4705.2772,4548.9438,18,22,rebalance_exit,-3.3225,-2814.0002,2022-08-30,2.152225826790001,0.88,150,1.3903459679967307,0.7805565472829779,4705.10205078125,185005292.72851562,19.0
TIMKEN,2022-08-01,2022-10-03,2941.0336,3043.4068,29,42,rebalance_exit,3.4809,2968.8244,2022-07-29,2.5390032347714135,0.9333333333333333,150,1.305204555620868,0.5591258107395831,2936.5390625,194906120.38476562,10.999999999999998
M&MFIN,2022-07-01,2022-10-06,166.3249,189.6419,41,65,rebalance_trim,14.0189,955.996,2022-06-30,1.7581041408711853,0.8133333333333334,150,0.38622705632407783,0.6261419741011002,161.85946655273438,590134880.0206299,28.999999999999996
CGPOWER,2022-03-02,2022-10-11,179.1511,253.8626,32,151,rebalance_trim,41.7031,2390.7691,2022-02-28,3.454117496541749,0.9866666666666667,150,5.249923746732734,2.621115966456076,169.1681365966797,251866808.47375488,2.9999999999999964
RENUKA,2022-08-01,2022-10-11,49.9694,66.1807,146,47,rebalance_trim,32.4425,2366.8549,2022-07-29,2.1157175977151956,0.88,150,0.3979373284912906,0.6364773068994198,49.45000076293945,758647735.1282425,19.0
TEJASNET,2022-10-03,2022-10-11,681.0804,760.3911,12,5,rebalance_trim,11.6448,951.7287,2022-09-30,2.2597978795171345,0.9133333333333333,150,0.8523049284817522,1.2188195909515327,671.5361938476562,299025670.9512329,14.0
TTML,2022-05-02,2022-10-17,116.7223,113.0532,71,115,rebalance_trim,-3.1434,-260.5057,2022-04-29,6.803271769016757,1.0,150,15.903972576496916,2.7063897855504964,139.6999969482422,382216774.73168945,1.0
CUB,2022-10-03,2022-10-18,126.9244,142.0033,71,10,rebalance_trim,11.8802,1070.602,2022-09-30,2.1793810981725557,0.9066666666666666,150,0.6063605966860969,1.286053185772042,127.20772552490234,430300789.92214966,15.000000000000007
DEEPAKFERT,2022-09-01,2022-10-18,881.6872,943.1555,11,32,rebalance_trim,6.9717,676.1505,2022-08-30,1.9875488883671155,0.8133333333333334,150,1.3066230402709003,0.6541271203691292,887.045166015625,256421331.15545654,28.999999999999996
NHPC,2022-07-01,2022-10-18,28.1607,35.602,225,73,rebalance_trim,26.4244,1674.2906,2022-06-30,1.9073392456892122,0.8533333333333334,150,1.01453287059362,0.43677579085821966,27.232009887695312,264868717.49301147,22.999999999999993
KARURVYSYA,2022-10-03,2022-10-19,65.4321,75.1009,152,11,rebalance_trim,14.7767,1469.6451,2022-09-30,2.612105429558925,0.96,150,1.2485192595299728,1.3684363424902115,65.47521209716797,367346922.67404556,7.000000000000005
INDIANB,2022-09-01,2022-10-21,175.803,201.1238,49,35,rebalance_trim,14.4029,1240.7184,2022-08-30,2.065245560479229,0.8466666666666667,150,1.159618075067905,0.8229585535679771,175.88784790039062,185607472.86730957,24.0
BDL,2022-05-02,2022-10-24,366.4549,470.2266,16,120,rebalance_trim,28.3177,1660.3468,2022-04-29,1.9904698524715432,0.9066666666666666,150,1.7627546891030006,0.8329691921303554,364.9344482421875,384067725.6188965,15.000000000000007
ELGIEQUIP,2022-10-03,2022-10-24,417.298,493.9684,30,14,rebalance_trim,18.373,2300.1109,2022-09-30,3.1762948643054183,0.9933333333333333,150,2.3443464425575598,1.3072649756991708,417.9826354980469,236368996.94940186,2.000000000000006
FLUOROCHEM,2022-09-01,2022-10-24,3435.4385,3855.6782,2,36,rebalance_trim,12.2325,840.4794,2022-08-30,2.286628640934214,0.9,150,1.965492475435833,0.587054978368973,3333.915771484375,335769298.78466797,15.999999999999996
KEI,2022-07-01,2022-10-27,1188.8868,1636.5363,6,79,rebalance_trim,37.6528,2685.8968,2022-06-30,2.0995048900344977,0.88,150,1.722988921162274,0.24994628510952563,1146.7750244140625,202152666.89868164,19.0
NHPC,2022-07-01,2022-10-27,28.1607,40.4894,264,79,rebalance_trim,43.7799,3254.7795,2022-06-30,1.9073392456892122,0.8533333333333334,150,1.01453287059362,0.43677579085821966,27.232009887695312,264868717.49301147,22.999999999999993
INDIANB,2022-09-01,2022-10-31,175.803,222.4182,42,40,rebalance_trim,26.5156,1957.8372,2022-08-30,2.065245560479229,0.8466666666666667,150,1.159618075067905,0.8229585535679771,175.88784790039062,185607472.86730957,24.0
APOLLOTYRE,2022-10-03,2022-11-01,269.4046,280.3329,51,19,rebalance_trim,4.0565,557.3452,2022-09-30,1.7782445076880486,0.8333333333333334,150,0.30568957104317646,1.0176061639933744,267.8631896972656,617318361.6108398,25.999999999999993
ASAHIINDIA,2022-10-03,2022-11-01,628.5553,611.3449,161,19,rebalance_exit,-2.7381,-2770.8774,2022-09-30,2.286683703148818,0.92,150,1.4578152656838712,0.8551768626479149,629.5474853515625,245788693.59832764,12.999999999999995
BDL,2022-05-02,2022-11-01,366.4549,467.6919,26,125,rebalance_trim,27.6261,2632.1629,2022-04-29,1.9904698524715432,0.9066666666666666,150,1.7627546891030006,0.8329691921303554,364.9344482421875,384067725.6188965,15.000000000000007
CGPOWER,2022-03-02,2022-11-01,179.1511,256.3771,51,165,rebalance_trim,43.1066,3938.5256,2022-02-28,3.454117496541749,0.9866666666666667,150,5.249923746732734,2.621115966456076,169.1681365966797,251866808.47375488,2.9999999999999964
COROMANDEL,2022-07-01,2022-11-01,931.8716,932.9843,9,82,rebalance_trim,0.1194,10.0136,2022-06-30,1.9614062752147314,0.8666666666666667,150,0.16868516164064756,0.9765599640748505,921.5071411132812,421679589.6929321,20.999999999999996
CUB,2022-10-03,2022-11-01,126.9244,136.1686,56,19,rebalance_trim,7.2832,517.6737,2022-09-30,2.1793810981725557,0.9066666666666666,150,0.6063605966860969,1.286053185772042,127.20772552490234,430300789.92214966,15.000000000000007
CUMMINSIND,2022-05-02,2022-11-01,984.0374,1284.0915,18,125,rebalance_trim,30.4921,5400.9737,2022-04-29,1.9790957579768826,0.9,150,1.0426714294008521,1.0103077645007985,974.9223022460938,615557773.7353516,15.999999999999996
DEEPAKFERT,2022-09-01,2022-11-01,881.6872,934.3777,11,41,rebalance_trim,5.9761,579.5949,2022-08-30,1.9875488883671155,0.8133333333333334,150,1.3066230402709003,0.6541271203691292,887.045166015625,256421331.15545654,28.999999999999996
ELGIEQUIP,2022-10-03,2022-11-01,417.298,481.4466,22,19,rebalance_trim,15.3724,1411.2698,2022-09-30,3.1762948643054183,0.9933333333333333,150,2.3443464425575598,1.3072649756991708,417.9826354980469,236368996.94940186,2.000000000000006
ESCORTS,2022-10-03,2022-11-01,2074.5112,2001.242,8,19,rebalance_trim,-3.5319,-586.154,2022-09-30,1.9422168337950105,0.8533333333333334,150,1.1370664914957695,0.6654376391171939,2082.968017578125,712602805.3203125,22.999999999999993
FLUOROCHEM,2022-09-01,2022-11-01,3435.4385,3779.965,2,41,rebalance_trim,10.0286,689.0531,2022-08-30,2.286628640934214,0.9,150,1.965492475435833,0.587054978368973,3333.915771484375,335769298.78466797,15.999999999999996
INDIANB,2022-09-01,2022-11-01,175.803,230.0878,73,41,rebalance_trim,30.8782,3962.7883,2022-08-30,2.065245560479229,0.8466666666666667,150,1.159618075067905,0.8229585535679771,175.88784790039062,185607472.86730957,24.0
JKPAPER,2022-05-02,2022-11-01,332.6338,393.5498,49,125,rebalance_trim,18.3132,2984.8863,2022-04-29,2.110418585562035,0.92,150,2.658670215343565,0.7357971036612901,334.69842529296875,303605886.362854,12.999999999999995
KARURVYSYA,2022-10-03,2022-11-01,65.4321,83.7617,287,19,rebalance_trim,28.0131,5260.5877,2022-09-30,2.612105429558925,0.96,150,1.2485192595299728,1.3684363424902115,65.47521209716797,367346922.67404556,7.000000000000005
KEI,2022-07-01,2022-11-01,1188.8868,1599.3051,8,82,rebalance_trim,34.5212,3283.3463,2022-06-30,2.0995048900344977,0.88,150,1.722988921162274,0.24994628510952563,1146.7750244140625,202152666.89868164,19.0
KRBL,2022-10-03,2022-11-01,359.3791,389.0395,47,19,rebalance_trim,8.2532,1394.0368,2022-09-30,2.0218543312067254,0.8666666666666667,150,0.25634596435384743,1.3318518851032726,358.7331848144531,281825300.99694824,20.999999999999996
M&MFIN,2022-07-01,2022-11-01,166.3249,190.2509,495,82,rebalance_exit,14.3851,11843.3789,2022-06-30,1.7581041408711853,0.8133333333333334,150,0.38622705632407783,0.6261419741011002,161.85946655273438,590134880.0206299,28.999999999999996
MRF,2022-10-03,2022-11-01,81854.7855,90203.4816,1,19,rebalance_exit,10.1994,8348.6961,2022-09-30,1.8232546388443605,0.8466666666666667,150,0.15905882167191385,1.1653219403269506,81264.3359375,941716029.515625,24.0
MRPL,2022-08-01,2022-11-01,67.2236,51.4053,1756,61,rebalance_exit,-23.5308,-27776.8456,2022-07-29,3.8150440089523396,1.0,150,1.4892970881413756,1.6928195701021937,70.1951904296875,804176276.6328278,1.0
NHPC,2022-07-01,2022-11-01,28.1607,38.2026,218,82,rebalance_trim,35.6594,2189.1416,2022-06-30,1.9073392456892122,0.8533333333333334,150,1.01453287059362,0.43677579085821966,27.232009887695312,264868717.49301147,22.999999999999993
PAGEIND,2022-02-01,2022-11-01,44440.4797,47528.9884,1,185,rebalance_trim,6.9498,3088.5087,2022-01-31,1.3027225325817167,0.82,150,1.1188356564643993,0.8052426430662419,40182.0390625,758177874.8320312,28.000000000000007
PHOENIXLTD,2022-07-01,2022-11-01,607.7603,708.4114,20,82,rebalance_trim,16.561,2013.022,2022-06-30,1.825242884990225,0.8266666666666667,150,1.0861385089705025,0.3044764022861593,587.4218139648438,218897571.5888672,27.0
PIDILITIND,2022-10-03,2022-11-01,1320.4358,1275.4628,77,19,rebalance_exit,-3.4059,-3462.9173,2022-09-30,1.6216949016068956,0.8066666666666666,150,0.6649425304212774,0.6021160783539304,1323.6668701171875,880656654.5761719,30.000000000000004
SCHAEFFLER,2022-09-01,2022-11-01,2949.1873,2661.9561,5,41,rebalance_trim,-9.7393,-1436.1557,2022-08-30,3.4652198605746127,0.9866666666666667,150,2.5222959384998673,1.51673039729532,2943.58544921875,258767158.25830078,2.9999999999999964
TEJASNET,2022-10-03,2022-11-01,682.352,686.1921,15,19,rebalance_trim,0.5628,57.6009,2022-09-30,2.2597978795171345,0.9133333333333333,150,0.8523049284817522,1.2188195909515327,671.5361938476562,299025670.9512329,14.0
TIINDIA,2022-08-01,2022-11-01,2184.1898,2718.4893,4,61,rebalance_trim,24.4621,2137.1982,2022-07-29,2.382591297844664,0.9133333333333333,150,1.6405296252263986,0.22839442516936317,2073.16162109375,254683792.72155762,14.0
TRENT,2022-05-02,2022-11-01,1253.3543,1536.797,12,125,rebalance_trim,22.6147,3401.3127,2022-04-29,1.9077947902917516,0.8866666666666667,150,1.9416854346426151,0.6891195387024289,1223.254150390625,678093713.1361084,17.999999999999993
TTML,2022-05-02,2022-11-01,115.6201,101.6433,99,125,rebalance_trim,-12.0885,-1383.702,2022-04-29,6.803271769016757,1.0,150,15.903972576496916,2.7063897855504964,139.6999969482422,382216774.73168945,1.0
WELCORP,2022-07-01,2022-11-01,217.2663,212.768,49,82,rebalance_trim,-2.0704,-220.4131,2022-06-30,2.0096342100926483,0.8733333333333333,150,1.1093167122661984,0.4973402125172256,210.96029663085938,331517444.927948,20.000000000000007
RENUKA,2022-08-01,2022-11-02,51.0303,58.794,199,62,rebalance_trim,15.2139,1544.9802,2022-07-29,2.1157175977151956,0.88,150,0.3979373284912906,0.6364773068994198,49.45000076293945,758647735.1282425,19.0
MAZDOCK,2022-11-01,2022-11-03,307.3224,350.5606,33,2,rebalance_trim,14.0693,1426.86,2022-10-31,2.6174383078090244,0.9466666666666667,150,1.4466422922953992,0.8242523331441381,306.2646789550781,928303846.1391602,9.000000000000002
FINEORG,2022-08-01,2022-11-04,5813.3029,6191.8509,2,64,rebalance_trim,6.5118,757.096,2022-07-29,2.7395694042662,0.96,150,1.4720425042469738,0.663426006123603,5347.95947265625,249605281.25976562,7.000000000000005
COCHINSHIP,2022-11-01,2022-11-07,256.6719,288.4584,34,4,rebalance_trim,12.3841,1080.7421,2022-10-31,2.2948312716737,0.8733333333333333,150,0.8617819908240624,0.8462737483238988,255.5698699951172,325975638.57629395,20.000000000000007
MAZDOCK,2022-11-01,2022-11-09,307.3224,389.1381,21,5,rebalance_trim,26.6221,1718.1293,2022-10-31,2.6174383078090244,0.9466666666666667,150,1.4466422922953992,0.8242523331441381,306.2646789550781,928303846.1391602,9.000000000000002
PHOENIXLTD,2022-07-01,2022-11-09,607.7603,804.4894,13,87,rebalance_trim,32.3695,2557.4781,2022-06-30,1.825242884990225,0.8266666666666667,150,1.0861385089705025,0.3044764022861593,587.4218139648438,218897571.5888672,27.0
SCHAEFFLER,2022-09-01,2022-11-09,2949.1873,2938.5487,3,46,rebalance_trim,-0.3607,-31.9158,2022-08-30,3.4652198605746127,0.9866666666666667,150,2.5222959384998673,1.51673039729532,2943.58544921875,258767158.25830078,2.9999999999999964
COCHINSHIP,2022-11-01,2022-11-15,256.6719,315.9566,28,9,rebalance_trim,23.0975,1659.9721,2022-10-31,2.2948312716737,0.8733333333333333,150,0.8617819908240624,0.8462737483238988,255.5698699951172,325975638.57629395,20.000000000000007
MAZDOCK,2022-11-01,2022-11-18,307.3224,417.4828,18,12,rebalance_trim,35.8452,1982.8865,2022-10-31,2.6174383078090244,0.9466666666666667,150,1.4466422922953992,0.8242523331441381,306.2646789550781,928303846.1391602,9.000000000000002
MAZDOCK,2022-11-01,2022-11-23,313.9079,422.6597,25,15,rebalance_trim,34.6445,2718.7932,2022-10-31,2.6174383078090244,0.9466666666666667,150,1.4466422922953992,0.8242523331441381,306.2646789550781,928303846.1391602,9.000000000000002
ESCORTS,2022-10-03,2022-11-28,2074.5112,2232.3915,4,37,rebalance_trim,7.6105,631.5213,2022-09-30,1.9422168337950105,0.8533333333333334,150,1.1370664914957695,0.6654376391171939,2082.968017578125,712602805.3203125,22.999999999999993
WELCORP,2022-07-01,2022-11-29,217.2663,238.5596,37,101,rebalance_trim,9.8006,787.853,2022-06-30,2.0096342100926483,0.8733333333333333,150,1.1093167122661984,0.4973402125172256,210.96029663085938,331517444.927948,20.000000000000007
ABB,2022-11-01,2022-12-01,3017.367,2945.3653,27,21,rebalance_exit,-2.3862,-1944.0454,2022-10-31,3.191644322988356,0.9733333333333334,150,1.7622938331954028,1.2144216384717479,2989.690673828125,990532749.1782227,4.999999999999993
COROMANDEL,2022-07-01,2022-12-01,931.8716,905.7355,89,103,rebalance_exit,-2.8047,-2326.1151,2022-06-30,1.9614062752147314,0.8666666666666667,150,0.16868516164064756,0.9765599640748505,921.5071411132812,421679589.6929321,20.999999999999996
DEVYANI,2022-11-01,2022-12-01,193.5657,188.8596,474,21,rebalance_exit,-2.4313,-2230.7336,2022-10-31,2.0116799938608017,0.8333333333333334,150,1.377482463601689,0.25646475919967476,193.5500030517578,624715747.5,25.999999999999993
MAZDOCK,2022-11-01,2022-12-01,313.9079,444.8129,196,21,rebalance_exit,41.7017,25657.3648,2022-10-31,2.6174383078090244,0.9466666666666667,150,1.4466422922953992,0.8242523331441381,306.2646789550781,928303846.1391602,9.000000000000002
TIINDIA,2022-08-01,2022-12-01,2184.1898,2762.0249,30,82,rebalance_exit,26.4554,17335.0552,2022-07-29,2.382591297844664,0.9133333333333333,150,1.6405296252263986,0.22839442516936317,2073.16162109375,254683792.72155762,14.0
TTML,2022-05-02,2022-12-01,115.6201,101.6931,817,146,rebalance_exit,-12.0455,-11378.326,2022-04-29,6.803271769016757,1.0,150,15.903972576496916,2.7063897855504964,139.6999969482422,382216774.73168945,1.0
WELCORP,2022-07-01,2022-12-01,217.2663,240.6248,353,103,rebalance_exit,10.7511,8245.5744,2022-06-30,2.0096342100926483,0.8733333333333333,150,1.1093167122661984,0.4973402125172256,210.96029663085938,331517444.927948,20.000000000000007
RAYMOND,2022-12-01,2022-12-05,1359.6474,1566.1637,9,2,rebalance_trim,15.189,1858.647,2022-11-30,1.9255110515250269,0.8466666666666667,150,1.5714014267350913,0.4114490057085573,1356.30859375,362442803.607666,24.0
KALYANKJIL,2022-11-01,2022-12-06,101.4669,114.0652,93,24,rebalance_trim,12.4162,1171.6404,2022-10-31,2.889122646352628,0.96,150,0.7757670245385915,1.494394270223616,101.6732406616211,355611208.13243866,7.000000000000005
SIEMENS,2022-11-01,2022-12-13,1692.1756,1755.3834,5,29,rebalance_trim,3.7353,316.039,2022-10-31,2.115014801724592,0.8466666666666667,150,0.900799265683379,0.6424797019900006,1694.572509765625,871580807.3144531,24.0
UNIONBANK,2022-12-01,2022-12-14,74.9798,85.9033,145,9,rebalance_trim,14.5685,1583.9024,2022-11-30,2.085542354368345,0.8733333333333333,150,0.5992351876138667,1.2397798846648176,74.43480682373047,657974164.5207672,20.000000000000007
KARURVYSYA,2022-10-03,2022-12-16,67.4515,89.3351,95,51,rebalance_trim,32.4435,2078.9441,2022-09-30,2.612105429558925,0.96,150,1.2485192595299728,1.3684363424902115,65.47521209716797,367346922.67404556,7.000000000000005
KALYANKJIL,2022-11-01,2022-12-19,101.4669,125.9965,86,33,rebalance_trim,24.1749,2109.5433,2022-10-31,2.889122646352628,0.96,150,0.7757670245385915,1.494394270223616,101.6732406616211,355611208.13243866,7.000000000000005
RAYMOND,2022-12-01,2022-12-19,1366.0836,1572.1188,7,12,rebalance_trim,15.0822,1442.2462,2022-11-30,1.9255110515250269,0.8466666666666667,150,1.5714014267350913,0.4114490057085573,1356.30859375,362442803.607666,24.0
SCHAEFFLER,2022-09-01,2022-12-26,2883.0703,2594.7451,3,79,rebalance_trim,-10.0006,-864.9758,2022-08-30,3.4652198605746127,0.9866666666666667,150,2.5222959384998673,1.51673039729532,2943.58544921875,258767158.25830078,2.9999999999999964
INDIANB,2022-09-01,2022-12-27,175.803,263.9219,29,80,rebalance_trim,50.1237,2555.4494,2022-08-30,2.065245560479229,0.8466666666666667,150,1.159618075067905,0.8229585535679771,175.88784790039062,185607472.86730957,24.0
UNIONBANK,2022-12-01,2022-12-27,73.8993,75.7569,181,18,rebalance_trim,2.5136,336.2172,2022-11-30,2.085542354368345,0.8733333333333333,150,0.5992351876138667,1.2397798846648176,74.43480682373047,657974164.5207672,20.000000000000007
KALYANKJIL,2022-11-01,2022-12-29,101.4669,131.4918,57,41,rebalance_trim,29.5908,1711.4202,2022-10-31,2.889122646352628,0.96,150,0.7757670245385915,1.494394270223616,101.6732406616211,355611208.13243866,7.000000000000005
ABFRL,2022-11-01,2023-01-02,350.2194,286.9827,293,43,rebalance_exit,-18.0563,-18528.3613,2022-10-31,1.9256910150425455,0.82,150,0.8990163954390178,0.45328348846863586,353.8999938964844,732680265.1536255,28.000000000000007
APOLLOTYRE,2022-10-03,2023-01-02,269.4046,311.1292,35,62,rebalance_trim,15.4877,1460.3624,2022-09-30,1.7782445076880486,0.8333333333333334,150,0.30568957104317646,1.0176061639933744,267.8631896972656,617318361.6108398,25.999999999999993
BDL,2022-05-02,2023-01-02,376.641,459.1619,20,168,rebalance_trim,21.9097,1650.4165,2022-04-29,1.9904698524715432,0.9066666666666666,150,1.7627546891030006,0.8329691921303554,364.9344482421875,384067725.6188965,15.000000000000007
CGPOWER,2022-03-02,2023-01-02,185.1567,262.8318,45,208,rebalance_trim,41.951,3495.377,2022-02-28,3.454117496541749,0.9866666666666667,150,5.249923746732734,2.621115966456076,169.1681365966797,251866808.47375488,2.9999999999999964
COCHINSHIP,2022-11-01,2023-01-02,262.488,254.2141,350,43,rebalance_exit,-3.1521,-2895.8509,2022-10-31,2.2948312716737,0.8733333333333333,150,0.8617819908240624,0.8462737483238988,255.5698699951172,325975638.57629395,20.000000000000007
DEEPAKFERT,2022-09-01,2023-01-02,843.6926,694.5646,14,84,rebalance_trim,-17.6756,-2087.7924,2022-08-30,1.9875488883671155,0.8133333333333334,150,1.3066230402709003,0.6541271203691292,887.045166015625,256421331.15545654,28.999999999999996
ELGIEQUIP,2022-10-03,2023-01-02,423.8897,419.0351,211,62,rebalance_exit,-1.1453,-1024.3201,2022-09-30,3.1762948643054183,0.9933333333333333,150,2.3443464425575598,1.3072649756991708,417.9826354980469,236368996.94940186,2.000000000000006
FLUOROCHEM,2022-09-01,2023-01-02,3424.1973,3097.4801,3,84,rebalance_trim,-9.5414,-980.1515,2022-08-30,2.286628640934214,0.9,150,1.965492475435833,0.587054978368973,3333.915771484375,335769298.78466797,15.999999999999996
JKPAPER,2022-05-02,2023-01-02,338.6409,387.6499,21,168,rebalance_trim,14.4723,1029.1886,2022-04-29,2.110418585562035,0.92,150,2.658670215343565,0.7357971036612901,334.69842529296875,303605886.362854,12.999999999999995
KARURVYSYA,2022-10-03,2023-01-02,67.4515,91.2598,147,62,rebalance_trim,35.2968,3499.8132,2022-09-30,2.612105429558925,0.96,150,1.2485192595299728,1.3684363424902115,65.47521209716797,367346922.67404556,7.000000000000005
KPITTECH,2022-11-01,2023-01-02,702.9217,694.6377,130,43,rebalance_exit,-1.1785,-1076.9297,2022-10-31,2.497304044118748,0.94,150,2.2058108784892565,0.2541377219505772,697.3153076171875,955155357.2964478,10.000000000000007
KRBL,2022-10-03,2023-01-02,362.828,381.3073,20,62,rebalance_trim,5.0931,369.5858,2022-09-30,2.0218543312067254,0.8666666666666667,150,0.25634596435384743,1.3318518851032726,358.7331848144531,281825300.99694824,20.999999999999996
NAVINFLUOR,2022-11-01,2023-01-02,4475.1407,4011.4656,21,43,rebalance_exit,-10.3611,-9737.1769,2022-10-31,1.83144735942048,0.8066666666666666,150,0.9062983533767794,0.354267409941096,4497.912109375,681898055.6757812,30.000000000000004
PAGEIND,2022-02-01,2023-01-02,44885.436,40993.9123,2,228,rebalance_exit,-8.6699,-7783.0474,2022-01-31,1.3027225325817167,0.82,150,1.1188356564643993,0.8052426430662419,40182.0390625,758177874.8320312,28.000000000000007
PHOENIXLTD,2022-07-01,2023-01-02,629.2184,708.3866,12,125,rebalance_trim,12.582,950.0183,2022-06-30,1.825242884990225,0.8266666666666667,150,1.0861385089705025,0.3044764022861593,587.4218139648438,218897571.5888672,27.0
RENUKA,2022-08-01,2023-01-02,51.8071,58.2949,1571,104,rebalance_exit,12.5231,10192.4256,2022-07-29,2.1157175977151956,0.88,150,0.3979373284912906,0.6364773068994198,49.45000076293945,758647735.1282425,19.0
RITES,2022-12-01,2023-01-02,163.4428,152.2333,75,22,rebalance_trim,-6.8584,-840.7161,2022-11-30,3.1322074631094026,0.98,150,1.3991897131875268,1.8981665011103082,164.45684814453125,326364454.67871094,4.000000000000003
SIEMENS,2022-11-01,2023-01-02,1692.1756,1645.5003,52,43,rebalance_exit,-2.7583,-2427.1169,2022-10-31,2.115014801724592,0.8466666666666667,150,0.900799265683379,0.6424797019900006,1694.572509765625,871580807.3144531,24.0
TRENT,2022-05-02,2023-01-02,1278.7702,1350.8335,6,168,rebalance_trim,5.6354,432.3799,2022-04-29,1.9077947902917516,0.8866666666666667,150,1.9416854346426151,0.6891195387024289,1223.254150390625,678093713.1361084,17.999999999999993
TRITURBINE,2022-12-01,2023-01-02,286.06,255.8929,324,22,rebalance_exit,-10.5457,-9774.1327,2022-11-30,2.4319734743770813,0.9333333333333333,150,1.0973564918416272,1.302554376675614,281.6748962402344,242042226.01675415,10.999999999999998
UNIONBANK,2022-12-01,2023-01-02,73.8993,73.6184,1157,22,rebalance_exit,-0.3802,-325.0354,2022-11-30,2.085542354368345,0.8733333333333333,150,0.5992351876138667,1.2397798846648176,74.43480682373047,657974164.5207672,20.000000000000007
KEI,2022-07-01,2023-01-04,1239.509,1502.6824,6,127,rebalance_trim,21.2321,1579.0407,2022-06-30,2.0995048900344977,0.88,150,1.722988921162274,0.24994628510952563,1146.7750244140625,202152666.89868164,19.0
PFC,2023-01-02,2023-01-04,97.7937,107.3951,72,2,rebalance_trim,9.8181,691.3037,2022-12-30,2.147057727268031,0.9266666666666666,150,1.2042992920572462,1.5925923601105263,96.72706604003906,638101973.952713,12.000000000000004
INDIANB,2022-09-01,2023-01-05,175.803,268.7123,29,87,rebalance_trim,52.8485,2694.3703,2022-08-30,2.065245560479229,0.8466666666666667,150,1.159618075067905,0.8229585535679771,175.88784790039062,185607472.86730957,24.0
IDBI,2023-01-02,2023-01-09,51.6708,58.0978,189,5,rebalance_trim,12.4385,1214.7184,2022-12-30,1.6858228615471471,0.82,150,0.2532209011609197,1.6248237237650787,51.435916900634766,641767544.6806641,28.000000000000007
ESCORTS,2022-10-03,2023-01-10,2091.2211,2161.498,4,68,rebalance_trim,3.3606,281.1077,2022-09-30,1.9422168337950105,0.8533333333333334,150,1.1370664914957695,0.6654376391171939,2082.968017578125,712602805.3203125,22.999999999999993
CGPOWER,2022-03-02,2023-01-11,185.1567,286.4571,29,215,rebalance_trim,54.7106,2937.7107,2022-02-28,3.454117496541749,0.9866666666666667,150,5.249923746732734,2.621115966456076,169.1681365966797,251866808.47375488,2.9999999999999964
CUMMINSIND,2022-05-02,2023-01-11,984.0374,1381.2557,6,175,rebalance_trim,40.3662,2383.3098,2022-04-29,1.9790957579768826,0.9,150,1.0426714294008521,1.0103077645007985,974.9223022460938,615557773.7353516,15.999999999999996
MAHABANK,2023-01-02,2023-01-17,27.2702,29.4183,252,11,rebalance_trim,7.8767,541.2981,2022-12-30,2.1190165486168158,0.9133333333333333,150,0.9912397046923046,1.7029719631020896,27.000638961791992,471485011.1452408,14.0
NHPC,2022-07-01,2023-01-18,29.1963,36.75,228,137,rebalance_trim,25.8723,1722.2522,2022-06-30,1.9073392456892122,0.8533333333333334,150,1.01453287059362,0.43677579085821966,27.232009887695312,264868717.49301147,22.999999999999993
RAYMOND,2022-12-01,2023-01-20,1366.0836,1508.5988,5,36,rebalance_trim,10.4324,712.576,2022-11-30,1.9255110515250269,0.8466666666666667,150,1.5714014267350913,0.4114490057085573,1356.30859375,362442803.607666,24.0
BAJAJHLDNG,2022-11-01,2023-01-30,6333.8805,5621.5438,2,62,rebalance_trim,-11.2465,-1424.6734,2022-10-31,2.329724432636885,0.8933333333333333,150,1.2406565084584202,0.6570622516367922,6368.5185546875,528767235.51708984,17.000000000000004
KEI,2022-07-01,2023-01-30,1239.509,1559.6446,5,144,rebalance_trim,25.8276,1600.6782,2022-06-30,2.0995048900344977,0.88,150,1.722988921162274,0.24994628510952563,1146.7750244140625,202152666.89868164,19.0
NHPC,2022-07-01,2023-01-30,29.1963,38.9649,221,144,rebalance_trim,33.4584,2158.8622,2022-06-30,1.9073392456892122,0.8533333333333334,150,1.01453287059362,0.43677579085821966,27.232009887695312,264868717.49301147,22.999999999999993
APOLLOTYRE,2022-10-03,2023-02-01,269.4046,309.2105,262,83,rebalance_exit,14.7755,10429.1363,2022-09-30,1.7782445076880486,0.8333333333333334,150,0.30568957104317646,1.0176061639933744,267.8631896972656,617318361.6108398,25.999999999999993
BAJAJHLDNG,2022-11-01,2023-02-01,6333.8805,5690.3364,13,64,rebalance_exit,-10.1603,-8366.0726,2022-10-31,2.329724432636885,0.8933333333333333,150,1.2406565084584202,0.6570622516367922,6368.5185546875,528767235.51708984,17.000000000000004
DEEPAKFERT,2022-09-01,2023-02-01,817.1948,635.5209,131,105,rebalance_exit,-22.2314,-23799.2856,2022-08-30,1.9875488883671155,0.8133333333333334,150,1.3066230402709003,0.6541271203691292,887.045166015625,256421331.15545654,28.999999999999996
EASEMYTRIP,2023-01-02,2023-02-01,26.3308,26.1117,3113,21,rebalance_exit,-0.832,-681.9976,2022-12-30,1.6922106825741436,0.8266666666666667,150,1.7651276955751596,0.5776426043639074,26.283458709716797,730257807.8511047,27.0
FINEORG,2022-08-01,2023-02-01,5860.2638,4947.536,15,125,rebalance_exit,-15.5749,-13690.9176,2022-07-29,2.7395694042662,0.96,150,1.4720425042469738,0.663426006123603,5347.95947265625,249605281.25976562,7.000000000000005
FLUOROCHEM,2022-09-01,2023-02-01,3357.9384,2792.1185,29,105,rebalance_exit,-16.8502,-16408.7756,2022-08-30,2.286628640934214,0.9,150,1.965492475435833,0.587054978368973,3333.915771484375,335769298.78466797,15.999999999999996
IIFL,2023-01-02,2023-02-01,473.3275,499.0367,173,21,rebalance_exit,5.4316,4447.6879,2022-12-30,1.94608738430644,0.8666666666666667,150,1.6355285851829882,1.0160342156498483,470.8924255371094,226579531.2199402,20.999999999999996
KRBL,2022-10-03,2023-02-01,362.828,385.1491,213,83,rebalance_exit,6.152,4754.3849,2022-09-30,2.0218543312067254,0.8666666666666667,150,0.25634596435384743,1.3318518851032726,358.7331848144531,281825300.99694824,20.999999999999996
MAHABANK,2023-01-02,2023-02-01,27.1571,27.2163,3067,21,rebalance_exit,0.2179,181.4649,2022-12-30,2.1190165486168158,0.9133333333333333,150,0.9912397046923046,1.7029719631020896,27.000638961791992,471485011.1452408,14.0
PHOENIXLTD,2022-07-01,2023-02-01,629.2184,685.0792,115,146,rebalance_exit,8.8778,6423.9885,2022-06-30,1.825242884990225,0.8266666666666667,150,1.0861385089705025,0.3044764022861593,587.4218139648438,218897571.5888672,27.0
RECLTD,2023-01-02,2023-02-01,98.2892,102.176,833,21,rebalance_exit,3.9545,3237.7239,2022-12-30,1.9589182132423395,0.8733333333333333,150,1.137249345402466,1.3816201235204657,97.02974700927734,703136535.3254547,20.000000000000007
RITES,2022-12-01,2023-02-01,163.4428,161.1147,535,43,rebalance_exit,-1.4245,-1245.5791,2022-11-30,3.1322074631094026,0.98,150,1.3991897131875268,1.8981665011103082,164.45684814453125,326364454.67871094,4.000000000000003
TEJASNET,2022-10-03,2023-02-01,674.751,568.951,146,83,rebalance_exit,-15.6798,-15446.7908,2022-09-30,2.2597978795171345,0.9133333333333333,150,0.8523049284817522,1.2188195909515327,671.5361938476562,299025670.9512329,14.0
TRENT,2022-05-02,2023-02-01,1272.9361,1197.6462,67,189,rebalance_exit,-5.9147,-5044.423,2022-04-29,1.9077947902917516,0.8866666666666667,150,1.9416854346426151,0.6891195387024289,1223.254150390625,678093713.1361084,17.999999999999993
CGPOWER,2022-03-02,2023-02-08,185.1567,311.6954,26,234,rebalance_trim,68.3414,3290.006,2022-02-28,3.454117496541749,0.9866666666666667,150,5.249923746732734,2.621115966456076,169.1681365966797,251866808.47375488,2.9999999999999964
NCC,2023-02-01,2023-02-09,88.6129,93.8098,80,6,rebalance_trim,5.8648,415.7549,2023-01-31,1.9266286593310822,0.84,150,0.6471415769300279,1.2957018059845884,87.43577575683594,379815825.9005127,25.000000000000004
CUMMINSIND,2022-05-02,2023-02-10,984.0374,1504.6163,5,196,rebalance_trim,52.9023,2602.8941,2022-04-29,1.9790957579768826,0.9,150,1.0426714294008521,1.0103077645007985,974.9223022460938,615557773.7353516,15.999999999999996
ESCORTS,2022-10-03,2023-02-14,2069.0333,2042.1854,4,92,rebalance_trim,-1.2976,-107.3919,2022-09-30,1.9422168337950105,0.8533333333333334,150,1.1370664914957695,0.6654376391171939,2082.968017578125,712602805.3203125,22.999999999999993
SCHAEFFLER,2022-09-01,2023-02-14,2883.0703,2604.7545,3,114,rebalance_trim,-9.6535,-834.9476,2022-08-30,3.4652198605746127,0.9866666666666667,150,2.5222959384998673,1.51673039729532,2943.58544921875,258767158.25830078,2.9999999999999964
PFC,2023-01-02,2023-02-16,97.7635,101.5808,81,32,rebalance_trim,3.9046,309.1972,2022-12-30,2.147057727268031,0.9266666666666666,150,1.2042992920572462,1.5925923601105263,96.72706604003906,638101973.952713,12.000000000000004
PIIND,2023-02-01,2023-02-17,2986.8293,3324.1289,4,12,rebalance_trim,11.2929,1349.1983,2023-01-31,1.681265989568231,0.8066666666666666,150,1.4298296937538524,0.4047731542373225,2960.080322265625,774658512.1347656,30.000000000000004
PNBHOUSING,2023-02-01,2023-02-17,463.945,489.0004,16,12,rebalance_trim,5.4005,400.886,2023-01-31,1.74924707193754,0.82,150,0.5876561225923357,1.0983918573360458,456.72479248046875,355605113.51312256,28.000000000000007
BDL,2022-05-02,2023-02-21,379.9806,450.6484,20,203,rebalance_trim,18.5977,1413.3565,2022-04-29,1.9904698524715432,0.9066666666666666,150,1.7627546891030006,0.8329691921303554,364.9344482421875,384067725.6188965,15.000000000000007
JSL,2023-02-01,2023-02-21,253.5954,263.5848,28,14,rebalance_trim,3.9391,279.7043,2023-01-31,2.4704396280195846,0.9333333333333333,150,0.3827558244865776,2.2198032827229426,250.39938354492188,241872337.68234253,10.999999999999998
ADANIPOWER,2023-02-01,2023-02-22,41.2822,35.3363,337,15,rebalance_trim,-14.403,-2003.7612,2023-01-31,2.177421394228104,0.9133333333333333,150,3.1035122685439385,-0.12025416697432206,44.7599983215332,575647141.6625214,14.0
SCHAEFFLER,2022-09-01,2023-02-23,2883.0703,2889.2996,3,121,rebalance_trim,0.2161,18.6879,2022-08-30,3.4652198605746127,0.9866666666666667,150,2.5222959384998673,1.51673039729532,2943.58544921875,258767158.25830078,2.9999999999999964
TIINDIA,2023-02-01,2023-02-28,2608.1738,2646.5721,3,19,rebalance_trim,1.4722,115.1948,2023-01-31,2.0048903756192766,0.8733333333333333,150,1.5290051980035746,0.7714383238663665,2598.8701171875,765775663.34375,20.000000000000007
ADANIPOWER,2023-02-01,2023-03-01,39.2172,30.5449,2724,20,rebalance_exit,-22.1133,-23623.1345,2023-01-31,2.177421394228104,0.9133333333333333,150,3.1035122685439385,-0.12025416697432206,44.7599983215332,575647141.6625214,14.0
CUB,2022-10-03,2023-03-01,123.2701,100.9777,794,103,rebalance_exit,-18.0841,-17700.1215,2022-09-30,2.1793810981725557,0.9066666666666666,150,0.6063605966860969,1.286053185772042,127.20772552490234,430300789.92214966,15.000000000000007
ESCORTS,2022-10-03,2023-03-01,2069.0333,2032.5603,38,103,rebalance_exit,-1.7628,-1385.9743,2022-09-30,1.9422168337950105,0.8533333333333334,150,1.1370664914957695,0.6654376391171939,2082.968017578125,712602805.3203125,22.999999999999993
GODFRYPHLP,2023-01-02,2023-03-01,629.4094,562.3893,135,41,rebalance_exit,-10.6481,-9047.7107,2022-12-30,2.506628867073985,0.9533333333333334,150,1.59911655742541,1.8095544336229774,628.9525146484375,266801215.27038574,7.999999999999995
IDBI,2023-01-02,2023-03-01,51.3372,45.5976,1701,41,rebalance_exit,-11.1802,-9763.0953,2022-12-30,1.6858228615471471,0.82,150,0.2532209011609197,1.6248237237650787,51.435916900634766,641767544.6806641,28.000000000000007
JKPAPER,2022-05-02,2023-03-01,338.6409,369.9696,210,209,rebalance_exit,9.2513,6579.0129,2022-04-29,2.110418585562035,0.92,150,2.658670215343565,0.7357971036612901,334.69842529296875,303605886.362854,12.999999999999995
PIIND,2023-02-01,2023-03-01,2986.8293,3075.9981,23,20,rebalance_exit,2.9854,2050.8832,2023-01-31,1.681265989568231,0.8066666666666666,150,1.4298296937538524,0.4047731542373225,2960.080322265625,774658512.1347656,30.000000000000004
SCHAEFFLER,2022-09-01,2023-03-01,2883.0703,2897.0656,26,125,rebalance_exit,0.4854,363.8764,2022-08-30,3.4652198605746127,0.9866666666666667,150,2.5222959384998673,1.51673039729532,2943.58544921875,258767158.25830078,2.9999999999999964
RVNL,2023-03-01,2023-03-03,55.5371,64.2748,175,2,rebalance_trim,15.7331,1529.0961,2023-02-28,4.93128951094617,1.0,150,3.129286098528427,2.71631865345492,55.295082092285156,570848348.937912,1.0
JSL,2023-02-01,2023-03-08,253.5954,295.7735,28,24,rebalance_trim,16.6321,1180.9893,2023-01-31,2.4704396280195846,0.9333333333333333,150,0.3827558244865776,2.2198032827229426,250.39938354492188,241872337.68234253,10.999999999999998
PFC,2023-01-02,2023-03-09,97.7635,118.7278,85,46,rebalance_trim,21.4439,1781.9678,2022-12-30,2.147057727268031,0.9266666666666666,150,1.2042992920572462,1.5925923601105263,96.72706604003906,638101973.952713,12.000000000000004
CUMMINSIND,2022-05-02,2023-03-14,984.0374,1609.412,5,217,rebalance_trim,63.5519,3126.8727,2022-04-29,1.9790957579768826,0.9,150,1.0426714294008521,1.0103077645007985,974.9223022460938,615557773.7353516,15.999999999999996
JSL,2023-02-01,2023-03-16,253.5954,310.6185,24,30,rebalance_trim,22.4859,1368.5554,2023-01-31,2.4704396280195846,0.9333333333333333,150,0.3827558244865776,2.2198032827229426,250.39938354492188,241872337.68234253,10.999999999999998
NHPC,2022-07-01,2023-03-16,29.9231,38.0972,194,176,rebalance_trim,27.3173,1585.788,2022-06-30,1.9073392456892122,0.8533333333333334,150,1.01453287059362,0.43677579085821966,27.232009887695312,264868717.49301147,22.999999999999993
ENGINERSIN,2023-03-01,2023-03-17,67.959,72.7704,92,11,rebalance_trim,7.08,442.6552,2023-02-28,2.260919660380894,0.8733333333333333,150,1.2061239917664768,0.8777603564024905,67.57965850830078,203714250.338562,20.000000000000007
NCC,2023-02-01,2023-03-17,88.6129,99.5671,86,31,rebalance_trim,12.3619,942.0636,2023-01-31,1.9266286593310822,0.84,150,0.6471415769300279,1.2957018059845884,87.43577575683594,379815825.9005127,25.000000000000004
ABCAPITAL,2023-01-02,2023-03-20,150.0697,153.86,44,53,rebalance_trim,2.5257,166.773,2022-12-30,2.010638384427964,0.88,150,0.6378881931275212,1.8012503040458048,150.1999969482422,389737896.0,19.0
KEI,2022-07-01,2023-03-27,1239.509,1658.704,4,183,rebalance_trim,33.8194,1676.7798,2022-06-30,2.0995048900344977,0.88,150,1.722988921162274,0.24994628510952563,1146.7750244140625,202152666.89868164,19.0
BDL,2022-05-02,2023-03-31,379.9806,484.6476,16,229,rebalance_trim,27.5454,1674.6719,2022-04-29,1.9904698524715432,0.9066666666666666,150,1.7627546891030006,0.8329691921303554,364.9344482421875,384067725.6188965,15.000000000000007
COCHINSHIP,2023-02-01,2023-03-31,243.7195,235.7097,44,40,rebalance_trim,-3.2865,-352.4329,2023-01-31,2.79717634998529,0.96,150,1.6861598648565475,1.7302852655681937,245.55894470214844,779722530.8146973,7.000000000000005
JKLAKSHMI,2023-01-02,2023-03-31,798.8533,759.1058,11,61,rebalance_trim,-4.9756,-437.2232,2022-12-30,1.8215444882056457,0.8466666666666667,150,0.6210559907298189,1.5538976280528376,799.2169799804688,240996702.77130127,24.0
APARINDS,2023-03-01,2023-04-03,2275.1138,2482.2465,6,21,rebalance_trim,9.1043,1242.7963,2023-02-28,2.177754345060046,0.8466666666666667,150,2.2737339802331697,0.10376767801204664,2247.33447265625,235312873.25219727,24.0
BLS,2023-02-01,2023-04-03,179.8889,165.107,65,41,rebalance_trim,-8.2172,-960.8183,2023-01-31,3.2054116335651353,0.9733333333333334,150,3.8877935365612597,0.7091867136949462,180.10670471191406,268434696.7052307,4.999999999999993
CENTRALBK,2023-02-01,2023-04-03,28.8738,23.2431,3208,41,rebalance_exit,-19.501,-18063.2063,2023-01-31,2.6310075735965217,0.9466666666666667,150,1.2256431906543066,1.8346611502828023,28.96310043334961,405129459.1376724,9.000000000000002
CGPOWER,2022-03-02,2023-04-03,185.1567,300.3154,255,270,rebalance_exit,62.1952,29365.454,2022-02-28,3.454117496541749,0.9866666666666667,150,5.249923746732734,2.621115966456076,169.1681365966797,251866808.47375488,2.9999999999999964
CUMMINSIND,2022-05-02,2023-04-03,984.0374,1569.1995,48,230,rebalance_exit,59.4654,28087.7791,2022-04-29,1.9790957579768826,0.9,150,1.0426714294008521,1.0103077645007985,974.9223022460938,615557773.7353516,15.999999999999996
ENGINERSIN,2023-03-01,2023-04-03,67.959,70.7412,1050,21,rebalance_exit,4.0939,2921.3076,2023-02-28,2.260919660380894,0.8733333333333333,150,1.2061239917664768,0.8777603564024905,67.57965850830078,203714250.338562,20.000000000000007
FACT,2023-02-01,2023-04-03,290.585,206.5909,363,41,rebalance_exit,-28.9052,-30489.8773,2023-01-31,4.827379926961145,1.0,150,2.4419061445865937,3.9350546854136934,296.6211853027344,377294288.1855469,1.0
HUDCO,2023-01-02,2023-04-03,45.8007,39.1048,1949,62,rebalance_exit,-14.6195,-13050.1784,2022-12-30,2.2248494089693756,0.9333333333333333,150,1.2823828239891402,1.6446529836293764,46.260406494140625,323011957.57063293,10.999999999999998
INDIANB,2022-09-01,2023-04-03,175.803,260.7661,28,146,rebalance_trim,48.3286,2378.9679,2022-08-30,2.065245560479229,0.8466666666666667,150,1.159618075067905,0.8229585535679771,175.88784790039062,185607472.86730957,24.0
JKLAKSHMI,2023-01-02,2023-04-03,798.8533,779.4957,101,62,rebalance_exit,-2.4232,-1955.1217,2022-12-30,1.8215444882056457,0.8466666666666667,150,0.6210559907298189,1.5538976280528376,799.2169799804688,240996702.77130127,24.0
JSL,2023-02-01,2023-04-03,256.31,289.5539,30,41,rebalance_trim,12.9702,997.3154,2023-01-31,2.4704396280195846,0.9333333333333333,150,0.3827558244865776,2.2198032827229426,250.39938354492188,241872337.68234253,10.999999999999998
KARURVYSYA,2022-10-03,2023-04-03,68.6502,83.5792,123,124,rebalance_trim,21.7464,1836.2653,2022-09-30,2.612105429558925,0.96,150,1.2485192595299728,1.3684363424902115,65.47521209716797,367346922.67404556,7.000000000000005
LEMONTREE,2023-02-01,2023-04-03,78.775,77.5279,1053,41,rebalance_exit,-1.5831,-1313.1426,2023-01-31,1.9758479647414038,0.8533333333333334,150,1.7113418030285454,0.6018995707261633,76.5,324281940.39196014,22.999999999999993
NCC,2023-02-01,2023-04-03,88.6129,103.4859,73,41,rebalance_trim,16.7843,1085.7322,2023-01-31,1.9266286593310822,0.84,150,0.6471415769300279,1.2957018059845884,87.43577575683594,379815825.9005127,25.000000000000004
NMDC,2023-02-01,2023-04-03,35.351,32.6314,2343,41,rebalance_exit,-7.6932,-6372.0607,2023-01-31,1.9899776950498764,0.8666666666666667,150,0.6451186568257552,1.3827917772804894,34.793025970458984,730169516.6948547,20.999999999999996
PFC,2023-01-02,2023-04-03,97.7635,106.8165,683,62,rebalance_exit,9.2601,6183.1929,2022-12-30,2.147057727268031,0.9266666666666666,150,1.2042992920572462,1.5925923601105263,96.72706604003906,638101973.952713,12.000000000000004
RAYMOND,2022-12-01,2023-04-03,1330.5684,1210.7713,9,84,rebalance_trim,-9.0035,-1078.1744,2022-11-30,1.9255110515250269,0.8466666666666667,150,1.5714014267350913,0.4114490057085573,1356.30859375,362442803.607666,24.0
RCF,2023-01-02,2023-04-03,121.2674,91.2355,858,62,rebalance_exit,-24.765,-25767.3709,2022-12-30,1.8129694337459583,0.84,150,1.3226252407941008,1.052163034225586,128.3878936767578,386533811.74342346,25.000000000000004
RHIM,2023-01-02,2023-04-03,805.4527,624.7155,122,62,rebalance_exit,-22.4392,-22049.9403,2022-12-30,2.605644437931537,0.9733333333333334,150,2.4391592590560602,1.358535817012006,828.9657592773438,216321669.45263672,4.999999999999993
RVNL,2023-03-01,2023-04-03,55.5371,67.2531,154,21,rebalance_trim,21.0959,1804.2699,2023-02-28,4.93128951094617,1.0,150,3.129286098528427,2.71631865345492,55.295082092285156,570848348.937912,1.0
TIINDIA,2023-02-01,2023-04-03,2595.2828,2542.2671,3,41,rebalance_trim,-2.0428,-159.047,2023-01-31,2.0048903756192766,0.8733333333333333,150,1.5290051980035746,0.7714383238663665,2598.8701171875,765775663.34375,20.000000000000007
UCOBANK,2023-03-01,2023-04-03,24.8645,23.4804,362,21,rebalance_trim,-5.5668,-501.063,2023-02-28,4.820324252379242,0.9933333333333333,150,2.725465211460662,2.845819136289559,25.01129722595215,696352776.9935913,2.000000000000006
MAHINDCIE,2023-03-01,2023-04-05,401.4509,347.5468,20,22,rebalance_trim,-13.4273,-1078.081,2023-02-28,2.821632516955682,0.9466666666666667,150,2.197641947745461,0.8902229138267068,405.485107421875,275536919.1435547,9.000000000000002
PNBHOUSING,2023-02-01,2023-04-06,460.8442,463.6473,21,43,rebalance_trim,0.6083,58.8652,2023-01-31,1.74924707193754,0.82,150,0.5876561225923357,1.0983918573360458,456.72479248046875,355605113.51312256,28.000000000000007
KEI,2022-07-01,2023-04-10,1239.509,1766.0296,4,190,rebalance_trim,42.4782,2106.0823,2022-06-30,2.0995048900344977,0.88,150,1.722988921162274,0.24994628510952563,1146.7750244140625,202152666.89868164,19.0
APOLLOTYRE,2023-03-01,2023-04-11,302.334,316.0114,23,25,rebalance_trim,4.5239,314.5806,2023-02-28,2.418316331176211,0.9133333333333333,150,1.6135144555929424,0.7992156255095433,301.1658935546875,723857000.1407166,14.0
JBMA,2023-04-03,2023-04-11,323.3618,375.6924,23,4,rebalance_trim,16.1833,1203.604,2023-03-31,2.1919317811176082,0.8533333333333334,150,0.6160146654862352,1.2428840133070476,321.03582763671875,212900910.3102417,22.999999999999993
RECLTD,2023-03-01,2023-04-11,98.3903,106.1958,92,25,rebalance_trim,7.9332,718.1043,2023-02-28,2.067638480866628,0.82,150,1.3894238481003203,0.539679684747377,97.82831573486328,745814675.7544098,28.000000000000007
GICRE,2023-02-01,2023-04-12,164.1748,133.5504,53,46,rebalance_trim,-18.6536,-1623.097,2023-01-31,1.9785447868865105,0.86,150,0.8102284647351714,1.2493682801767525,169.21226501464844,299867850.08758545,22.000000000000004
MAHABANK,2023-03-01,2023-04-17,22.7564,24.1804,334,28,rebalance_trim,6.2575,475.6098,2023-02-28,2.7709767285929052,0.94,150,1.373818468549227,1.3558444797003073,22.500532150268555,708186697.2498779,10.000000000000007
ABCAPITAL,2023-01-02,2023-04-18,150.0697,165.6015,48,70,rebalance_trim,10.3497,745.5236,2022-12-30,2.010638384427964,0.88,150,0.6378881931275212,1.8012503040458048,150.1999969482422,389737896.0,19.0
RAYMOND,2022-12-01,2023-04-19,1330.5684,1398.9758,6,93,rebalance_trim,5.1412,410.4442,2022-11-30,1.9255110515250269,0.8466666666666667,150,1.5714014267350913,0.4114490057085573,1356.30859375,362442803.607666,24.0
RVNL,2023-03-01,2023-04-21,55.5371,77.6803,97,32,rebalance_trim,39.871,2147.8912,2023-02-28,4.93128951094617,1.0,150,3.129286098528427,2.71631865345492,55.295082092285156,570848348.937912,1.0
RVNL,2023-03-01,2023-04-25,55.5371,87.2735,93,34,rebalance_trim,57.1445,2951.485,2023-02-28,4.93128951094617,1.0,150,3.129286098528427,2.71631865345492,55.295082092285156,570848348.937912,1.0
RAYMOND,2022-12-01,2023-04-26,1330.5684,1585.0214,5,98,rebalance_trim,19.1236,1272.2647,2022-11-30,1.9255110515250269,0.8466666666666667,150,1.5714014267350913,0.4114490057085573,1356.30859375,362442803.607666,24.0
RVNL,2023-03-01,2023-04-26,55.5371,106.3123,151,35,rebalance_trim,91.4258,7667.0587,2023-02-28,4.93128951094617,1.0,150,3.129286098528427,2.71631865345492,55.295082092285156,570848348.937912,1.0
BDL,2022-05-02,2023-05-02,379.9806,498.3751,159,247,rebalance_exit,31.1581,18824.7315,2022-04-29,1.9904698524715432,0.9066666666666666,150,1.7627546891030006,0.8329691921303554,364.9344482421875,384067725.6188965,15.000000000000007
COCHINSHIP,2023-02-01,2023-05-02,243.7195,245.3349,327,58,rebalance_exit,0.6628,528.2381,2023-01-31,2.79717634998529,0.96,150,1.6861598648565475,1.7302852655681937,245.55894470214844,779722530.8146973,7.000000000000005
GICRE,2023-02-01,2023-05-02,164.1748,141.7914,556,58,rebalance_exit,-13.6339,-12445.1933,2023-01-31,1.9785447868865105,0.86,150,0.8102284647351714,1.2493682801767525,169.21226501464844,299867850.08758545,22.000000000000004
JSL,2023-02-01,2023-05-02,257.152,277.0176,283,58,rebalance_exit,7.7253,5621.9899,2023-01-31,2.4704396280195846,0.9333333333333333,150,0.3827558244865776,2.2198032827229426,250.39938354492188,241872337.68234253,10.999999999999998
KARURVYSYA,2022-10-03,2023-05-02,69.5604,78.8158,953,141,rebalance_exit,13.3056,8820.4101,2022-09-30,2.612105429558925,0.96,150,1.2485192595299728,1.3684363424902115,65.47521209716797,367346922.67404556,7.000000000000005
NHPC,2022-07-01,2023-05-02,29.9231,41.0171,2021,204,rebalance_exit,37.0752,22421.0218,2022-06-30,1.9073392456892122,0.8533333333333334,150,1.01453287059362,0.43677579085821966,27.232009887695312,264868717.49301147,22.999999999999993
UCOBANK,2023-03-01,2023-05-02,24.8645,29.5933,307,38,rebalance_trim,19.018,1451.7218,2023-02-28,4.820324252379242,0.9933333333333333,150,2.725465211460662,2.845819136289559,25.01129722595215,696352776.9935913,2.000000000000006
IRFC,2023-04-03,2023-05-04,25.5277,34.0935,362,19,rebalance_trim,33.555,3100.8304,2023-03-31,2.0698974425890304,0.84,150,0.9148329613980309,0.9055503079160446,25.201745986938477,727822075.3451958,25.000000000000004
RVNL,2023-03-01,2023-05-04,55.5371,133.5668,109,40,rebalance_trim,140.5003,8505.2415,2023-02-28,4.93128951094617,1.0,150,3.129286098528427,2.71631865345492,55.295082092285156,570848348.937912,1.0
EQUITASBNK,2023-04-03,2023-05-10,65.8366,74.8971,103,23,rebalance_trim,13.7621,933.2339,2023-03-31,2.375880482372193,0.8866666666666667,150,0.9510752339221038,1.2552005860543058,65.58170318603516,240657459.67490387,17.999999999999993
TRITURBINE,2023-04-03,2023-05-10,333.2984,377.8724,21,23,rebalance_trim,13.3736,936.0537,2023-03-31,2.3767775984457553,0.8933333333333333,150,1.53245325071961,0.8890561699899618,327.0256042480469,288118328.24246216,17.000000000000004
BLS,2023-02-01,2023-05-12,179.3202,191.0979,47,66,rebalance_trim,6.568,553.5507,2023-01-31,3.2054116335651353,0.9733333333333334,150,3.8877935365612597,0.7091867136949462,180.10670471191406,268434696.7052307,4.999999999999993
MAHINDCIE,2023-03-01,2023-05-22,401.4509,436.1034,21,52,rebalance_trim,8.6318,727.7045,2023-02-28,2.821632516955682,0.9466666666666667,150,2.197641947745461,0.8902229138267068,405.485107421875,275536919.1435547,9.000000000000002
CGPOWER,2023-05-02,2023-05-23,306.8926,348.5343,28,15,rebalance_trim,13.5688,1165.9688,2023-04-28,2.338012317226766,0.8866666666666667,150,1.5186363499214273,0.4044049922270309,306.66534423828125,623374874.1363525,17.999999999999993
CYIENT,2023-05-02,2023-05-23,1119.5275,1301.8375,10,15,rebalance_trim,16.2845,1823.0992,2023-04-28,2.367159347983824,0.9133333333333333,150,0.44441229968099627,1.1226182938039009,1111.861572265625,295912294.98547363,14.0
CGPOWER,2023-05-02,2023-05-29,306.8926,385.4543,22,19,rebalance_trim,25.5991,1728.3571,2023-04-28,2.338012317226766,0.8866666666666667,150,1.5186363499214273,0.4044049922270309,306.66534423828125,623374874.1363525,17.999999999999993
EQUITASBNK,2023-04-03,2023-05-29,65.8366,82.7321,94,36,rebalance_trim,25.6627,1588.1746,2023-03-31,2.375880482372193,0.8866666666666667,150,0.9510752339221038,1.2552005860543058,65.58170318603516,240657459.67490387,17.999999999999993
IOB,2023-04-03,2023-06-01,22.8014,24.1154,3480,39,rebalance_exit,5.7629,4572.7589,2023-03-31,1.9629569385905916,0.8133333333333334,150,0.7591359409227437,0.8736956232991546,22.450000762939453,468825770.3608856,28.999999999999996
KALYANKJIL,2022-11-01,2023-06-01,101.5986,104.4313,749,144,rebalance_exit,2.7881,2121.6918,2022-10-31,2.889122646352628,0.96,150,0.7757670245385915,1.494394270223616,101.6732406616211,355611208.13243866,7.000000000000005
REDINGTON,2023-02-01,2023-06-01,170.0742,159.4967,534,80,rebalance_exit,-6.2194,-5648.4242,2023-01-31,1.7766254376526005,0.8266666666666667,150,0.5701897700586774,1.147885271221533,169.256103515625,516158041.6722107,27.0
RVNL,2023-03-01,2023-06-01,62.557,120.9726,696,60,rebalance_exit,93.38,40657.3061,2023-02-28,4.93128951094617,1.0,150,3.129286098528427,2.71631865345492,55.295082092285156,570848348.937912,1.0
SUPREMEIND,2023-04-03,2023-06-01,2456.0,2679.619,31,39,rebalance_exit,9.105,6932.1899,2023-03-31,2.3942010978502,0.9066666666666666,150,1.3363820648380866,1.0341212757691591,2440.069580078125,220930757.31567383,15.000000000000007
TIINDIA,2023-02-01,2023-06-01,2585.388,2839.0595,31,80,rebalance_exit,9.8117,7863.8195,2023-01-31,2.0048903756192766,0.8733333333333333,150,1.5290051980035746,0.7714383238663665,2598.8701171875,765775663.34375,20.000000000000007
PNBHOUSING,2023-02-01,2023-06-02,456.6811,532.1116,18,81,rebalance_trim,16.5171,1357.7481,2023-01-31,1.74924707193754,0.82,150,0.5876561225923357,1.0983918573360458,456.72479248046875,355605113.51312256,28.000000000000007
NCC,2023-02-01,2023-06-05,90.5763,124.9669,95,82,rebalance_trim,37.9687,3267.107,2023-01-31,1.9266286593310822,0.84,150,0.6471415769300279,1.2957018059845884,87.43577575683594,379815825.9005127,25.000000000000004
MAZDOCK,2023-05-02,2023-06-06,369.7714,493.5402,48,25,rebalance_trim,33.4717,5940.9003,2023-04-28,2.194360486592857,0.8666666666666667,150,1.8698807926441907,0.02065124473555394,367.1113586425781,580563054.9332886,20.999999999999996
JBMA,2023-04-03,2023-06-09,329.1743,466.7792,31,45,rebalance_trim,41.803,4265.751,2023-03-31,2.1919317811176082,0.8533333333333334,150,0.6160146654862352,1.2428840133070476,321.03582763671875,212900910.3102417,22.999999999999993
APARINDS,2023-03-01,2023-06-12,2309.1775,2966.2312,3,67,rebalance_trim,28.454,1971.161,2023-02-28,2.177754345060046,0.8466666666666667,150,2.2737339802331697,0.10376767801204664,2247.33447265625,235312873.25219727,24.0
SONATSOFTW,2023-04-03,2023-06-12,404.0032,498.343,20,46,rebalance_trim,23.3513,1886.7968,2023-03-31,2.404892899740063,0.9133333333333333,150,0.8793527151156055,1.3358287224351746,401.0330810546875,225157787.17694092,14.0
MAZDOCK,2023-05-02,2023-06-19,369.7714,581.5213,20,34,rebalance_trim,57.2651,4234.998,2023-04-28,2.194360486592857,0.8666666666666667,150,1.8698807926441907,0.02065124473555394,367.1113586425781,580563054.9332886,20.999999999999996
M&MFIN,2023-04-03,2023-06-22,219.8997,305.4509,29,54,rebalance_trim,38.9046,2480.9842,2023-03-31,2.5719034912005507,0.9266666666666666,150,1.606730260992885,1.0797093865402936,217.43942260742188,654159803.2489014,12.000000000000004
KEI,2022-07-01,2023-06-23,1239.509,2354.9868,4,242,rebalance_trim,89.9935,4461.9113,2022-06-30,2.0995048900344977,0.88,150,1.722988921162274,0.24994628510952563,1146.7750244140625,202152666.89868164,19.0
PNBHOUSING,2023-02-01,2023-06-23,456.6811,610.781,14,96,rebalance_trim,33.7434,2157.3975,2023-01-31,1.74924707193754,0.82,150,0.5876561225923357,1.0983918573360458,456.72479248046875,355605113.51312256,28.000000000000007
JBMA,2023-04-03,2023-06-27,329.1743,532.0401,18,57,rebalance_trim,61.6287,3651.5847,2023-03-31,2.1919317811176082,0.8533333333333334,150,0.6160146654862352,1.2428840133070476,321.03582763671875,212900910.3102417,22.999999999999993
APARINDS,2023-03-01,2023-06-28,2309.1775,3344.0702,3,79,rebalance_trim,44.8165,3104.678,2023-02-28,2.177754345060046,0.8466666666666667,150,2.2737339802331697,0.10376767801204664,2247.33447265625,235312873.25219727,24.0
JBMA,2023-04-03,2023-06-30,329.1743,618.5738,21,59,rebalance_trim,87.9168,6077.3905,2023-03-31,2.1919317811176082,0.8533333333333334,150,0.6160146654862352,1.2428840133070476,321.03582763671875,212900910.3102417,22.999999999999993
RECLTD,2023-03-01,2023-06-30,98.3903,144.3853,67,80,rebalance_trim,46.7474,3081.662,2023-02-28,2.067638480866628,0.82,150,1.3894238481003203,0.539679684747377,97.82831573486328,745814675.7544098,28.000000000000007
ALKEM,2023-06-01,2023-07-03,3298.405,3413.8306,25,21,rebalance_exit,3.4994,2885.6388,2023-05-31,1.978433680690857,0.8266666666666667,150,1.0693681843869938,0.853175265232211,3268.784912109375,407562453.83496094,27.0
ANURAS,2023-06-01,2023-07-03,1137.1777,1016.516,82,21,rebalance_exit,-10.6106,-9894.2639,2023-05-31,3.149874788157276,0.9666666666666667,150,1.7222961253133802,1.7490701203257335,1163.4716796875,342315868.80371094,5.999999999999999
BANKINDIA,2023-05-02,2023-07-03,73.9449,67.5564,1338,43,rebalance_exit,-8.6395,-8547.7984,2023-04-28,2.4991748888928016,0.9266666666666666,150,1.1017909983069343,0.8494847101049932,74.70484161376953,727893571.703125,12.000000000000004
BLS,2023-02-01,2023-07-03,178.7826,207.3511,479,101,rebalance_exit,15.9795,13684.3145,2023-01-31,3.2054116335651353,0.9733333333333334,150,3.8877935365612597,0.7091867136949462,180.10670471191406,268434696.7052307,4.999999999999993
INDIANB,2022-09-01,2023-07-03,191.6326,274.453,341,206,rebalance_exit,43.2183,28241.7382,2022-08-30,2.065245560479229,0.8466666666666667,150,1.159618075067905,0.8229585535679771,175.88784790039062,185607472.86730957,24.0
IRFC,2023-04-03,2023-07-03,26.07,31.0672,2734,60,rebalance_exit,19.1686,13662.4719,2023-03-31,2.0698974425890304,0.84,150,0.9148329613980309,0.9055503079160446,25.201745986938477,727822075.3451958,25.000000000000004
MAHABANK,2023-03-01,2023-07-03,23.0823,26.7419,3457,81,rebalance_exit,15.8547,12651.3209,2023-02-28,2.7709767285929052,0.94,150,1.373818468549227,1.3558444797003073,22.500532150268555,708186697.2498779,10.000000000000007
MAZDOCK,2023-05-02,2023-07-03,369.7714,621.8441,153,43,rebalance_exit,68.1699,38567.1213,2023-04-28,2.194360486592857,0.8666666666666667,150,1.8698807926441907,0.02065124473555394,367.1113586425781,580563054.9332886,20.999999999999996
OIL,2023-04-03,2023-07-03,154.5177,147.7995,619,60,rebalance_exit,-4.3478,-4158.5469,2023-03-31,2.0211616572086823,0.82,150,0.34149367187917773,1.208371956976088,151.72476196289062,280292811.8007355,28.000000000000007
PETRONET,2023-04-03,2023-07-03,203.3244,196.5006,432,60,rebalance_exit,-3.3561,-2947.8955,2023-03-31,1.9461948622562322,0.8066666666666666,150,1.0123735270331289,0.6933257525084503,201.91043090820312,377301635.14328,30.000000000000004
RAYMOND,2022-12-01,2023-07-03,1352.4862,1682.4414,53,144,rebalance_exit,24.3962,17487.6255,2022-11-30,1.9255110515250269,0.8466666666666667,150,1.5714014267350913,0.4114490057085573,1356.30859375,362442803.607666,24.0
RECLTD,2023-03-01,2023-07-03,98.3903,141.9931,628,81,rebalance_exit,44.3161,27382.54,2023-02-28,2.067638480866628,0.82,150,1.3894238481003203,0.539679684747377,97.82831573486328,745814675.7544098,28.000000000000007
UCOBANK,2023-03-01,2023-07-03,25.2098,26.5598,3360,81,rebalance_exit,5.3548,4535.7582,2023-02-28,4.820324252379242,0.9933333333333333,150,2.725465211460662,2.845819136289559,25.01129722595215,696352776.9935913,2.000000000000006
UNIONBANK,2023-04-03,2023-07-03,61.6222,65.9531,1429,60,rebalance_exit,7.0281,6188.7961,2023-03-31,2.9191996431630356,0.9533333333333334,150,1.9049081322405323,1.314203793728952,60.66915512084961,668391721.0784912,7.999999999999995
FACT,2023-07-03,2023-07-06,435.9476,476.5655,19,3,rebalance_trim,9.3171,771.7397,2023-06-30,1.9404545485256504,0.8266666666666667,150,3.1978191971184717,0.18654605408078548,432.9712219238281,310089521.6281128,27.0
CEATLTD,2023-07-03,2023-07-07,2073.7681,2385.4306,6,4,rebalance_trim,15.0288,1869.9751,2023-06-30,1.923872889771149,0.8133333333333334,150,2.5807550435104973,0.4878702529919601,2034.600830078125,405970919.89990234,28.999999999999996
DATAPATTNS,2023-07-03,2023-07-14,1874.9038,2112.6397,5,9,rebalance_trim,12.6799,1188.6797,2023-06-30,3.1326784352476054,0.98,150,3.5898587016505283,1.359513992730834,1854.6593017578125,306008812.0814209,4.000000000000003
JBMA,2023-04-03,2023-07-14,329.1743,766.114,12,69,rebalance_trim,132.7381,5243.2761,2023-03-31,2.1919317811176082,0.8533333333333334,150,0.6160146654862352,1.2428840133070476,321.03582763671875,212900910.3102417,22.999999999999993
PNBHOUSING,2023-02-01,2023-07-18,476.5355,638.4942,14,112,rebalance_trim,33.9867,2267.4212,2023-01-31,1.74924707193754,0.82,150,0.5876561225923357,1.0983918573360458,456.72479248046875,355605113.51312256,28.000000000000007
ZENSARTECH,2023-07-03,2023-07-18,374.9254,423.2942,21,11,rebalance_trim,12.9009,1015.7462,2023-06-30,2.67594020756757,0.9333333333333333,150,1.1215262396055339,2.114071002767454,372.1259765625,366261252.4968262,10.999999999999998
ENGINERSIN,2023-07-03,2023-07-19,109.5936,125.178,79,12,rebalance_trim,14.2201,1231.1622,2023-06-30,2.613649588024085,0.9266666666666666,150,2.6521846408054737,1.2472073355044746,108.8757095336914,403373134.6884384,12.000000000000004
POLYCAB,2023-04-03,2023-07-19,2947.1077,4118.6081,3,72,rebalance_trim,39.7509,3514.5012,2023-03-31,2.0273319434320607,0.8266666666666667,150,1.069354573081253,0.7561195333101054,2821.415771484375,690503993.7011719,27.0
FINCABLES,2023-04-03,2023-07-20,812.9797,972.0853,10,73,rebalance_trim,19.5707,1591.0558,2023-03-31,3.2051257043997827,0.9733333333333334,150,2.35182421512382,1.380025463645768,795.3169555664062,284075498.4135742,4.999999999999993
POLYCAB,2023-04-03,2023-07-21,2947.1077,4597.5393,2,74,rebalance_trim,56.0017,3300.8631,2023-03-31,2.0273319434320607,0.8266666666666667,150,1.069354573081253,0.7561195333101054,2821.415771484375,690503993.7011719,27.0
CANFINHOME,2023-07-03,2023-07-25,757.3243,881.8158,11,16,rebalance_trim,16.4383,1369.4067,2023-06-30,2.1998385011968145,0.88,150,2.018571120370106,1.0984751586905719,754.7979736328125,358707524.0012207,19.0
ENGINERSIN,2023-07-03,2023-07-26,109.5936,141.0143,77,17,rebalance_trim,28.6701,2419.389,2023-06-30,2.613649588024085,0.9266666666666666,150,2.6521846408054737,1.2472073355044746,108.8757095336914,403373134.6884384,12.000000000000004
GLENMARK,2023-06-01,2023-07-28,594.6661,817.9312,12,40,rebalance_trim,37.5446,2679.181,2023-05-31,2.153748878256411,0.86,150,1.3532937599611667,0.8965671381728885,593.6965942382812,495620553.51501465,22.000000000000004
NCC,2023-02-01,2023-07-31,95.6589,146.0608,97,121,rebalance_trim,52.6892,4888.9825,2023-01-31,1.9266286593310822,0.84,150,0.6471415769300279,1.2957018059845884,87.43577575683594,379815825.9005127,25.000000000000004
ZENSARTECH,2023-07-03,2023-07-31,374.9254,475.6165,20,20,rebalance_trim,26.8563,2013.8222,2023-06-30,2.67594020756757,0.9333333333333333,150,1.1215262396055339,2.114071002767454,372.1259765625,366261252.4968262,10.999999999999998
APARINDS,2023-03-01,2023-08-01,2426.6646,3702.3842,29,102,rebalance_exit,52.5709,36995.8695,2023-02-28,2.177754345060046,0.8466666666666667,150,2.2737339802331697,0.10376767801204664,2247.33447265625,235312873.25219727,24.0
BOSCHLTD,2023-04-03,2023-08-01,18470.5887,18623.3598,5,81,rebalance_exit,0.8271,763.8555,2023-03-31,2.0594572854072686,0.8333333333333334,150,1.2821801211427901,0.6607984292612961,18604.685546875,292672281.0,25.999999999999993
DATAPATTNS,2023-07-03,2023-08-01,1886.8948,2025.9798,53,21,rebalance_exit,7.3711,7371.5073,2023-06-30,3.1326784352476054,0.98,150,3.5898587016505283,1.359513992730834,1854.6593017578125,306008812.0814209,4.000000000000003
FINCABLES,2023-04-03,2023-08-01,812.9797,1034.1718,108,81,rebalance_exit,27.2076,23888.7447,2023-03-31,3.2051257043997827,0.9733333333333334,150,2.35182421512382,1.380025463645768,795.3169555664062,284075498.4135742,4.999999999999993
M&MFIN,2023-04-03,2023-08-01,236.6338,283.3325,376,81,rebalance_exit,19.7346,17558.6837,2023-03-31,2.5719034912005507,0.9266666666666666,150,1.606730260992885,1.0797093865402936,217.43942260742188,654159803.2489014,12.000000000000004
MGL,2023-05-02,2023-08-01,952.4793,1042.2363,101,64,rebalance_exit,9.4235,9065.4649,2023-04-28,2.119107510461813,0.86,150,0.626042820569119,0.7312405885548781,943.3434448242188,321119212.0112915,22.000000000000004
POLYCAB,2023-04-03,2023-08-01,2947.1077,4764.6736,23,81,rebalance_exit,61.6729,41804.016,2023-03-31,2.0273319434320607,0.8266666666666667,150,1.069354573081253,0.7561195333101054,2821.415771484375,690503993.7011719,27.0
SONATSOFTW,2023-04-03,2023-08-01,416.7406,512.1979,206,81,rebalance_exit,22.9057,19664.208,2023-03-31,2.404892899740063,0.9133333333333333,150,0.8793527151156055,1.3358287224351746,401.0330810546875,225157787.17694092,14.0
TRITURBINE,2023-04-03,2023-08-01,346.5,393.9146,274,81,rebalance_exit,13.6839,12991.5972,2023-03-31,2.3767775984457553,0.8933333333333333,150,1.53245325071961,0.8890561699899618,327.0256042480469,288118328.24246216,17.000000000000004
AUROPHARMA,2023-06-01,2023-08-04,656.5709,835.1797,14,45,rebalance_trim,27.2033,2500.5232,2023-05-31,2.0325829196783407,0.8333333333333334,150,0.6501133751899791,1.1134664914124965,653.240234375,776272948.6660156,25.999999999999993
TORNTPHARM,2023-07-03,2023-08-07,1859.1133,2008.0371,5,25,rebalance_trim,8.0105,744.6191,2023-06-30,1.951254249944172,0.8333333333333334,150,1.653047916040378,1.001286462560249,1850.677490234375,431399413.20007324,25.999999999999993
CYIENT,2023-05-02,2023-08-08,1167.1855,1572.0642,8,69,rebalance_trim,34.6885,3239.0297,2023-04-28,2.367159347983824,0.9133333333333333,150,0.44441229968099627,1.1226182938039009,1111.861572265625,295912294.98547363,14.0
POLICYBZR,2023-08-01,2023-08-08,736.3235,816.5281,15,5,rebalance_trim,10.8926,1203.0698,2023-07-31,1.8134986342333295,0.8466666666666667,150,0.7544029781272662,1.4577323745572555,731.5499877929688,943191769.9191284,24.0
PIIND,2023-08-01,2023-08-10,3596.3398,3935.9438,3,7,rebalance_trim,9.443,1018.8118,2023-07-31,1.6628142319201067,0.8133333333333334,150,1.1273807760541565,1.0599017999994769,3575.83203125,899876403.9697266,28.999999999999996
TRENT,2023-08-01,2023-08-11,1758.7474,1885.6516,5,8,rebalance_trim,7.2156,634.5206,2023-07-31,2.4401673722983634,0.9266666666666666,150,1.5848878593429916,1.7676104166497697,1752.693359375,591728927.0737305,12.000000000000004
KALYANKJIL,2023-08-01,2023-08-14,174.5966,200.8965,90,9,rebalance_trim,15.0632,2366.9872,2023-07-31,1.7843127395544416,0.8333333333333334,150,2.4587095229083444,0.4592424057481407,173.29087829589844,423197569.7817993,25.999999999999993
FACT,2023-07-03,2023-08-17,436.448,456.8836,22,32,rebalance_trim,4.6823,449.5833,2023-06-30,1.9404545485256504,0.8266666666666667,150,3.1978191971184717,0.18654605408078548,432.9712219238281,310089521.6281128,27.0
JBMA,2023-04-03,2023-08-17,392.083,722.2884,14,92,rebalance_trim,84.2182,4622.8745,2023-03-31,2.1919317811176082,0.8533333333333334,150,0.6160146654862352,1.2428840133070476,321.03582763671875,212900910.3102417,22.999999999999993
KALYANKJIL,2023-08-01,2023-08-17,174.5966,222.1977,46,11,rebalance_trim,27.2634,2189.6486,2023-07-31,1.7843127395544416,0.8333333333333334,150,2.4587095229083444,0.4592424057481407,173.29087829589844,423197569.7817993,25.999999999999993
KEI,2022-07-01,2023-08-21,1465.8147,2472.6938,4,281,rebalance_trim,68.6907,4027.5163,2022-06-30,2.0995048900344977,0.88,150,1.722988921162274,0.24994628510952563,1146.7750244140625,202152666.89868164,19.0
ENGINERSIN,2023-07-03,2023-08-24,109.5936,156.4725,61,37,rebalance_trim,42.7751,2859.6073,2023-06-30,2.613649588024085,0.9266666666666666,150,2.6521846408054737,1.2472073355044746,108.8757095336914,403373134.6884384,12.000000000000004
ASTRAL,2023-08-01,2023-09-01,1980.1815,1927.6461,54,22,rebalance_exit,-2.6531,-2836.9121,2023-07-31,1.9121459770290798,0.86,150,1.697121477308519,1.0480784536858019,1956.111083984375,896027779.0170898,22.000000000000004
AUROPHARMA,2023-06-01,2023-09-01,656.5709,821.7641,127,64,rebalance_exit,25.16,20979.5417,2023-05-31,2.0325829196783407,0.8333333333333334,150,0.6501133751899791,1.1134664914124965,653.240234375,776272948.6660156,25.999999999999993
CANFINHOME,2023-07-03,2023-09-01,755.2634,728.7242,152,43,rebalance_exit,-3.5139,-4033.9459,2023-06-30,2.1998385011968145,0.88,150,2.018571120370106,1.0984751586905719,754.7979736328125,358707524.0012207,19.0
CUMMINSIND,2023-08-01,2023-09-01,1896.8616,1638.8709,62,22,rebalance_exit,-13.6009,-15995.4224,2023-07-31,2.701602513427475,0.9533333333333334,150,2.559190671997207,1.5424193162778488,1905.1695556640625,976127821.0839844,7.999999999999995
DALBHARAT,2023-06-01,2023-09-01,2084.2496,2034.0807,56,64,rebalance_exit,-2.407,-2809.4575,2023-05-31,1.945029138266285,0.82,150,1.7814772097453893,0.47175784874186505,2095.71484375,522155736.1796875,28.000000000000007
KALYANKJIL,2023-08-01,2023-09-01,174.5966,254.1743,40,22,rebalance_trim,45.578,3183.1062,2023-07-31,1.7843127395544416,0.8333333333333334,150,2.4587095229083444,0.4592424057481407,173.29087829589844,423197569.7817993,25.999999999999993
MAHINDCIE,2023-03-01,2023-09-01,416.4652,505.7399,231,124,rebalance_exit,21.4363,20622.4395,2023-02-28,2.821632516955682,0.9466666666666667,150,2.197641947745461,0.8902229138267068,405.485107421875,275536919.1435547,9.000000000000002
NCC,2023-02-01,2023-09-01,95.6589,171.6717,77,144,rebalance_trim,79.4623,5852.9835,2023-01-31,1.9266286593310822,0.84,150,0.6471415769300279,1.2957018059845884,87.43577575683594,379815825.9005127,25.000000000000004
PIIND,2023-08-01,2023-09-01,3602.3125,3608.3772,30,22,rebalance_exit,0.1684,181.939,2023-07-31,1.6628142319201067,0.8133333333333334,150,1.1273807760541565,1.0599017999994769,3575.83203125,899876403.9697266,28.999999999999996
PNBHOUSING,2023-02-01,2023-09-01,476.5355,642.46,163,144,rebalance_exit,34.8189,27045.6899,2023-01-31,1.74924707193754,0.82,150,0.5876561225923357,1.0983918573360458,456.72479248046875,355605113.51312256,28.000000000000007
POLICYBZR,2023-08-01,2023-09-01,737.2216,780.5929,145,22,rebalance_exit,5.8831,6288.8333,2023-07-31,1.8134986342333295,0.8466666666666667,150,0.7544029781272662,1.4577323745572555,731.5499877929688,943191769.9191284,24.0
RAMCOCEM,2023-07-03,2023-09-01,922.6327,861.7509,120,43,rebalance_exit,-6.5987,-7305.8186,2023-06-30,2.14413170632623,0.8733333333333333,150,1.8814935282950433,1.1053453735414729,917.6744995117188,277978544.5467529,20.000000000000007
TATACOMM,2023-08-01,2023-09-01,1744.8033,1733.0762,62,22,rebalance_exit,-0.6721,-727.0782,2023-07-31,1.7563681383347398,0.82,150,1.8499099555707639,0.7682332633368026,1737.990234375,884463364.7285156,28.000000000000007
TRENT,2023-08-01,2023-09-01,1758.7474,2050.8376,56,22,rebalance_exit,16.6079,16357.0479,2023-07-31,2.4401673722983634,0.9266666666666666,150,1.5848878593429916,1.7676104166497697,1752.693359375,591728927.0737305,12.000000000000004
FACT,2023-07-03,2023-09-07,436.448,552.1793,26,47,rebalance_trim,26.5166,3009.0126,2023-06-30,1.9404545485256504,0.8266666666666667,150,3.1978191971184717,0.18654605408078548,432.9712219238281,310089521.6281128,27.0
LODHA,2023-09-01,2023-09-08,670.8124,741.1093,13,5,rebalance_trim,10.4794,913.86,2023-08-31,2.317052955668081,0.9133333333333333,150,0.927477927825837,2.449543649573375,666.0791625976562,639132358.975708,14.0
LODHA,2023-09-01,2023-09-12,670.8124,812.4194,12,7,rebalance_trim,21.1098,1699.2849,2023-08-31,2.317052955668081,0.9133333333333333,150,0.927477927825837,2.449543649573375,666.0791625976562,639132358.975708,14.0
SJVN,2023-09-01,2023-09-12,59.5247,75.6414,355,7,rebalance_trim,27.0756,5721.4269,2023-08-31,2.8012946646078443,0.9466666666666667,150,2.821292167506738,2.0167318626919024,59.417755126953125,706754043.3050537,9.000000000000002
SJVN,2023-09-01,2023-09-14,60.1918,73.5587,146,9,rebalance_trim,22.2072,1951.5656,2023-08-31,2.8012946646078443,0.9466666666666667,150,2.821292167506738,2.0167318626919024,59.417755126953125,706754043.3050537,9.000000000000002
UNIONBANK,2023-09-01,2023-09-15,81.0917,89.9244,114,10,rebalance_trim,10.8923,1006.9298,2023-08-31,1.876147365597319,0.8066666666666666,150,2.7084797238471845,0.8802008310402906,80.94591522216797,1006352097.6157532,30.000000000000004
FACT,2023-07-03,2023-09-18,441.765,561.1334,21,54,rebalance_trim,27.0208,2506.7375,2023-06-30,1.9404545485256504,0.8266666666666667,150,3.1978191971184717,0.18654605408078548,432.9712219238281,310089521.6281128,27.0
NATCOPHARM,2023-09-01,2023-09-18,893.1072,868.9707,13,11,rebalance_trim,-2.7025,-313.7752,2023-08-31,2.2370469582115007,0.8933333333333333,150,1.304664494020204,2.1345216081241487,901.520263671875,479963436.3821411,17.000000000000004
UNIONBANK,2023-09-01,2023-09-25,81.0917,96.8851,125,15,rebalance_trim,19.476,1974.174,2023-08-31,1.876147365597319,0.8066666666666666,150,2.7084797238471845,0.8802008310402906,80.94591522216797,1006352097.6157532,30.000000000000004
NCC,2023-02-01,2023-09-27,105.4912,156.9976,77,161,rebalance_trim,48.8253,3965.994,2023-01-31,1.9266286593310822,0.84,150,0.6471415769300279,1.2957018059845884,87.43577575683594,379815825.9005127,25.000000000000004
KALYANKJIL,2023-08-01,2023-09-29,182.7486,223.6376,43,41,rebalance_trim,22.3745,1758.2271,2023-07-31,1.7843127395544416,0.8333333333333334,150,2.4587095229083444,0.4592424057481407,173.29087829589844,423197569.7817993,25.999999999999993
ABB,2023-09-01,2023-10-03,4315.2451,4027.5053,26,20,rebalance_exit,-6.668,-7481.2364,2023-08-31,1.9308232549224569,0.8133333333333334,150,1.5795140220176587,1.583464567738791,4307.6845703125,942946348.0634766,28.999999999999996
ABCAPITAL,2023-01-02,2023-10-03,156.9165,178.9275,604,185,rebalance_exit,14.0272,13294.6336,2022-12-30,2.010638384427964,0.88,150,0.6378881931275212,1.8012503040458048,150.1999969482422,389737896.0,19.0
APOLLOTYRE,2023-03-01,2023-10-03,321.6479,358.3397,313,144,rebalance_exit,11.4074,11484.5286,2023-02-28,2.418316331176211,0.9133333333333333,150,1.6135144555929424,0.7992156255095433,301.1658935546875,723857000.1407166,14.0
CEATLTD,2023-07-03,2023-10-03,2105.4865,2071.0629,51,63,rebalance_exit,-1.6349,-1755.6042,2023-06-30,1.923872889771149,0.8133333333333334,150,2.5807550435104973,0.4878702529919601,2034.600830078125,405970919.89990234,28.999999999999996
CGPOWER,2023-05-02,2023-10-03,319.7753,438.282,31,106,rebalance_trim,37.0594,3673.7095,2023-04-28,2.338012317226766,0.8866666666666667,150,1.5186363499214273,0.4044049922270309,306.66534423828125,623374874.1363525,17.999999999999993
COLPAL,2023-09-01,2023-10-03,1823.0911,1867.9386,7,20,rebalance_trim,2.46,313.9323,2023-08-31,2.3388651032475787,0.9266666666666666,150,1.6500772934410792,2.0730841922523378,1819.8143310546875,615693544.1455078,12.000000000000004
ENGINERSIN,2023-07-03,2023-10-03,114.976,138.04,93,63,rebalance_trim,20.0598,2144.9492,2023-06-30,2.613649588024085,0.9266666666666666,150,2.6521846408054737,1.2472073355044746,108.8757095336914,403373134.6884384,12.000000000000004
EQUITASBNK,2023-04-03,2023-10-03,71.3089,88.9462,197,123,rebalance_trim,24.7337,3474.5491,2023-03-31,2.375880482372193,0.8866666666666667,150,0.9510752339221038,1.2552005860543058,65.58170318603516,240657459.67490387,17.999999999999993
GLENMARK,2023-06-01,2023-10-03,610.6616,847.2223,23,84,rebalance_trim,38.7384,5440.8976,2023-05-31,2.153748878256411,0.86,150,1.3532937599611667,0.8965671381728885,593.6965942382812,495620553.51501465,22.000000000000004
HEG,2023-08-01,2023-10-03,349.5397,339.4435,337,42,rebalance_exit,-2.8884,-3402.4167,2023-07-31,2.0563586282808832,0.8733333333333333,150,1.322066189061879,1.4390395621771854,347.09423828125,347317777.502594,20.000000000000007
INDIAMART,2023-06-01,2023-10-03,2663.5192,2711.5551,41,84,rebalance_exit,1.8035,1969.4722,2023-05-31,2.121451756715226,0.8533333333333334,150,1.2002629143140062,0.9376273188151699,2635.4736328125,417888840.0390625,22.999999999999993
IOC,2023-07-03,2023-10-03,76.2609,78.1465,168,63,rebalance_trim,2.4725,316.7742,2023-06-30,2.1184198978377644,0.86,150,1.688970854530709,1.175643746095595,75.82234954833984,695151960.1526794,22.000000000000004
JBMA,2023-04-03,2023-10-03,420.8701,682.0803,165,123,rebalance_exit,62.0643,43099.687,2023-03-31,2.1919317811176082,0.8533333333333334,150,0.6160146654862352,1.2428840133070476,321.03582763671875,212900910.3102417,22.999999999999993
KALYANKJIL,2023-08-01,2023-10-03,182.7486,226.4182,54,42,rebalance_trim,23.896,2358.1577,2023-07-31,1.7843127395544416,0.8333333333333334,150,2.4587095229083444,0.4592424057481407,173.29087829589844,423197569.7817993,25.999999999999993
KEI,2022-07-01,2023-10-03,1465.8147,2646.5678,5,310,rebalance_trim,80.5527,5903.7656,2022-06-30,2.0995048900344977,0.88,150,1.722988921162274,0.24994628510952563,1146.7750244140625,202152666.89868164,19.0
LODHA,2023-09-01,2023-10-03,670.8124,792.5559,144,20,rebalance_exit,18.1487,17531.0744,2023-08-31,2.317052955668081,0.9133333333333333,150,0.927477927825837,2.449543649573375,666.0791625976562,639132358.975708,14.0
LTF,2023-09-01,2023-10-03,120.7494,127.8442,138,20,rebalance_trim,5.8756,979.0812,2023-08-31,2.338183799959377,0.92,150,2.2541329895179274,1.733854641209601,119.95592498779297,954734123.1727142,12.999999999999995
LUPIN,2023-09-01,2023-10-03,1086.3742,1156.5972,16,20,rebalance_trim,6.464,1123.5687,2023-08-31,2.3008477577442057,0.9066666666666666,150,1.8592208510374737,1.9066374426073145,1086.301513671875,851470907.6812744,15.000000000000007
MUTHOOTFIN,2023-09-01,2023-10-03,1219.7426,1204.6806,8,20,rebalance_trim,-1.2349,-120.4961,2023-08-31,2.0247632636011765,0.84,150,1.3362001507350498,1.8415707698959867,1216.970947265625,483954225.06152344,25.000000000000004
NATCOPHARM,2023-09-01,2023-10-03,893.1072,866.7546,15,20,rebalance_trim,-2.9507,-395.2901,2023-08-31,2.2370469582115007,0.8933333333333333,150,1.304664494020204,2.1345216081241487,901.520263671875,479963436.3821411,17.000000000000004
SJVN,2023-09-01,2023-10-03,60.7136,69.5896,1728,20,rebalance_exit,14.6195,15337.7308,2023-08-31,2.8012946646078443,0.9466666666666667,150,2.821292167506738,2.0167318626919024,59.417755126953125,706754043.3050537,9.000000000000002
SUPREMEIND,2023-09-01,2023-10-03,4390.1531,4000.7631,3,20,rebalance_trim,-8.8696,-1168.1701,2023-08-31,2.047001820892982,0.8533333333333334,150,2.856508044252011,1.0188486470363023,4356.05322265625,513666271.86328125,22.999999999999993
SYNGENE,2023-07-03,2023-10-03,763.8571,793.2234,18,63,rebalance_trim,3.8445,528.5921,2023-06-30,1.940238308504775,0.82,150,1.350666043899095,1.1456079939245174,760.079345703125,324561871.3590698,28.000000000000007
TANLA,2023-09-01,2023-10-03,926.1633,980.1699,18,20,rebalance_trim,5.8312,972.1172,2023-08-31,2.178364680211815,0.8866666666666667,150,1.6211101712137914,1.881174336585332,923.3158569335938,816630212.2431641,17.999999999999993
TATAMTRDVR,2023-08-01,2023-10-03,415.2008,430.1247,47,42,rebalance_trim,3.5944,701.4199,2023-07-31,1.8001417282984304,0.84,150,1.1042753994024173,1.243602179126593,414.3,841639071.5999999,25.000000000000004
TORNTPHARM,2023-07-03,2023-10-03,1849.8143,1868.7309,8,63,rebalance_trim,1.0226,151.3332,2023-06-30,1.951254249944172,0.8333333333333334,150,1.653047916040378,1.001286462560249,1850.677490234375,431399413.20007324,25.999999999999993
UNIONBANK,2023-09-01,2023-10-03,81.0917,100.5535,1164,20,rebalance_exit,23.9998,22653.6073,2023-08-31,1.876147365597319,0.8066666666666666,150,2.7084797238471845,0.8802008310402906,80.94591522216797,1006352097.6157532,30.000000000000004
ZENSARTECH,2023-07-03,2023-10-03,374.9254,502.0235,22,63,rebalance_trim,33.8996,2796.1582,2023-06-30,2.67594020756757,0.9333333333333333,150,1.1215262396055339,2.114071002767454,372.1259765625,366261252.4968262,10.999999999999998
ZYDUSLIFE,2023-04-03,2023-10-03,505.0999,606.8089,24,123,rebalance_trim,20.1364,2441.0174,2023-03-31,2.387140895466779,0.9,150,1.309368875752699,1.0425885841796738,480.2955017089844,391984748.04122925,15.999999999999996
NCC,2023-02-01,2023-10-04,105.4912,158.1755,71,165,rebalance_trim,49.9419,3740.583,2023-01-31,1.9266286593310822,0.84,150,0.6471415769300279,1.2957018059845884,87.43577575683594,379815825.9005127,25.000000000000004
UJJIVANSFB,2023-10-03,2023-10-06,52.8411,57.9115,180,3,rebalance_trim,9.5956,912.6732,2023-09-29,2.9934511861586133,0.98,150,3.0629481576113378,2.69107484047814,52.310977935791016,564121931.5333061,4.000000000000003
KALYANKJIL,2023-08-01,2023-10-09,182.7486,255.4653,52,46,rebalance_trim,39.7905,3781.2661,2023-07-31,1.7843127395544416,0.8333333333333334,150,2.4587095229083444,0.4592424057481407,173.29087829589844,423197569.7817993,25.999999999999993
BSOFT,2023-10-03,2023-10-11,467.3679,524.6241,22,6,rebalance_trim,12.2508,1259.6365,2023-09-29,2.541534118129457,0.9266666666666666,150,1.9897363413309803,2.6877323782176257,467.8345642089844,947280773.2382812,12.000000000000004
GODREJPROP,2023-10-03,2023-10-11,1558.8018,1723.8925,6,6,rebalance_trim,10.5909,990.5443,2023-09-29,1.7835427762858682,0.82,150,1.1772681969509662,2.0725191068609052,1554.0999755859375,884317972.0385742,28.000000000000007
CYIENT,2023-05-02,2023-10-13,1167.1855,1688.5857,7,114,rebalance_trim,44.6716,3649.8016,2023-04-28,2.367159347983824,0.9133333333333333,150,0.44441229968099627,1.1226182938039009,1111.861572265625,295912294.98547363,14.0
FACT,2023-07-03,2023-10-17,441.765,665.374,50,73,rebalance_trim,50.6172,11180.4502,2023-06-30,1.9404545485256504,0.8266666666666667,150,3.1978191971184717,0.18654605408078548,432.9712219238281,310089521.6281128,27.0
KALYANKJIL,2023-08-01,2023-10-17,182.7486,287.5411,37,52,rebalance_trim,57.3425,3877.3241,2023-07-31,1.7843127395544416,0.8333333333333334,150,2.4587095229083444,0.4592424057481407,173.29087829589844,423197569.7817993,25.999999999999993
MRPL,2023-10-03,2023-10-18,92.7318,110.2045,142,11,rebalance_trim,18.8422,2481.1269,2023-09-29,1.9983407760688114,0.8466666666666667,150,1.323368124032218,2.298790146838518,92.17938995361328,482367870.8143158,24.0
EQUITASBNK,2023-04-03,2023-10-20,71.3089,98.9003,101,136,rebalance_trim,38.6928,2786.7315,2023-03-31,2.375880482372193,0.8866666666666667,150,0.9510752339221038,1.2552005860543058,65.58170318603516,240657459.67490387,17.999999999999993
FACT,2023-07-03,2023-10-20,441.765,725.432,14,76,rebalance_trim,64.2122,3971.3389,2023-06-30,1.9404545485256504,0.8266666666666667,150,3.1978191971184717,0.18654605408078548,432.9712219238281,310089521.6281128,27.0
SUPREMEIND,2023-09-01,2023-10-23,4390.1531,4587.4897,3,34,rebalance_trim,4.495,592.0098,2023-08-31,2.047001820892982,0.8533333333333334,150,2.856508044252011,1.0188486470363023,4356.05322265625,513666271.86328125,22.999999999999993
MUTHOOTFIN,2023-09-01,2023-10-31,1219.7426,1288.6599,8,39,rebalance_trim,5.6501,551.338,2023-08-31,2.0247632636011765,0.84,150,1.3362001507350498,1.8415707698959867,1216.970947265625,483954225.06152344,25.000000000000004
BLS,2023-10-03,2023-11-01,247.3777,256.3484,414,20,rebalance_exit,3.6263,3713.8291,2023-09-29,2.2272274194757435,0.8933333333333333,150,2.3282624896366415,2.0157214225966618,247.0319061279297,693988062.4492493,17.000000000000004
GODREJPROP,2023-10-03,2023-11-01,1558.8018,1657.0131,59,20,rebalance_exit,6.3004,5794.4648,2023-09-29,1.7835427762858682,0.82,150,1.1772681969509662,2.0725191068609052,1554.0999755859375,884317972.0385742,28.000000000000007
IOC,2023-07-03,2023-11-01,76.2609,78.6595,1316,83,rebalance_exit,3.1452,3156.5009,2023-06-30,2.1184198978377644,0.86,150,1.688970854530709,1.175643746095595,75.82234954833984,695151960.1526794,22.000000000000004
MUTHOOTFIN,2023-09-01,2023-11-01,1219.7426,1258.2987,77,40,rebalance_exit,3.161,2968.8211,2023-08-31,2.0247632636011765,0.84,150,1.3362001507350498,1.8415707698959867,1216.970947265625,483954225.06152344,25.000000000000004
NATCOPHARM,2023-09-01,2023-11-01,893.1072,796.353,118,40,rebalance_exit,-10.8334,-11417.0038,2023-08-31,2.2370469582115007,0.8933333333333333,150,1.304664494020204,2.1345216081241487,901.520263671875,479963436.3821411,17.000000000000004
SYNGENE,2023-07-03,2023-11-01,759.8687,674.3664,144,83,rebalance_exit,-11.2522,-12312.3291,2023-06-30,1.940238308504775,0.82,150,1.350666043899095,1.1456079939245174,760.079345703125,324561871.3590698,28.000000000000007
TANLA,2023-09-01,2023-11-01,926.1633,902.9994,104,40,rebalance_exit,-2.5011,-2409.0488,2023-08-31,2.178364680211815,0.8866666666666667,150,1.6211101712137914,1.881174336585332,923.3158569335938,816630212.2431641,17.999999999999993
TORNTPHARM,2023-07-03,2023-11-01,1849.8143,1871.4462,55,83,rebalance_exit,1.1694,1189.7548,2023-06-30,1.951254249944172,0.8333333333333334,150,1.653047916040378,1.001286462560249,1850.677490234375,431399413.20007324,25.999999999999993
KALYANKJIL,2023-08-01,2023-11-08,182.7486,337.4425,39,67,rebalance_trim,84.6485,6033.0626,2023-07-31,1.7843127395544416,0.8333333333333334,150,2.4587095229083444,0.4592424057481407,173.29087829589844,423197569.7817993,25.999999999999993
TRENT,2023-10-03,2023-11-10,2072.8236,2466.2924,4,27,rebalance_trim,18.9823,1573.8753,2023-09-29,2.1019899737787826,0.8733333333333333,150,1.741826683897373,2.1931957665840667,2074.93310546875,800359096.3363037,20.000000000000007
MCX,2023-11-01,2023-11-15,469.4344,556.1329,26,9,rebalance_trim,18.4687,2254.1606,2023-10-31,1.7340734477192774,0.8133333333333334,150,1.6042004447297347,1.505924994512062,463.7953186035156,941704117.8601074,28.999999999999996
NCC,2023-02-01,2023-11-15,110.3036,164.5064,64,193,rebalance_trim,49.1396,3468.9771,2023-01-31,1.9266286593310822,0.84,150,0.6471415769300279,1.2957018059845884,87.43577575683594,379815825.9005127,25.000000000000004
APARINDS,2023-10-03,2023-11-20,5389.9932,5818.9562,2,32,rebalance_trim,7.9585,857.9258,2023-09-29,3.576985721578414,1.0,150,5.229471658655131,2.213470235107019,5412.046875,420433430.4628906,1.0
KEI,2022-07-01,2023-11-22,1580.0815,2945.1137,4,344,rebalance_trim,86.39,5460.1289,2022-06-30,2.0995048900344977,0.88,150,1.722988921162274,0.24994628510952563,1146.7750244140625,202152666.89868164,19.0
CGPOWER,2023-05-02,2023-11-23,332.627,493.5876,53,141,rebalance_trim,48.3907,8530.9126,2023-04-28,2.338012317226766,0.8866666666666667,150,1.5186363499214273,0.4044049922270309,306.66534423828125,623374874.1363525,17.999999999999993
PRAJIND,2023-11-01,2023-11-24,512.7662,604.8804,18,16,rebalance_trim,17.9642,1658.0551,2023-10-31,1.8075736646798406,0.84,150,1.0395015133916117,1.925953405815319,524.2772216796875,625765757.697998,25.000000000000004
CYIENT,2023-05-02,2023-11-29,1208.9871,1826.5662,6,144,rebalance_trim,51.0824,3705.4745,2023-04-28,2.367159347983824,0.9133333333333333,150,0.44441229968099627,1.1226182938039009,1111.861572265625,295912294.98547363,14.0
BEML,2023-10-03,2023-12-01,1129.9364,1219.673,9,40,rebalance_trim,7.9417,807.6293,2023-09-29,2.098745231605691,0.8666666666666667,150,1.429295430208808,2.3813271910462612,1142.154296875,647143933.9616699,20.999999999999996
CGPOWER,2023-05-02,2023-12-01,345.7535,449.8784,269,146,rebalance_exit,30.1153,28009.5817,2023-04-28,2.338012317226766,0.8866666666666667,150,1.5186363499214273,0.4044049922270309,306.66534423828125,623374874.1363525,17.999999999999993
ENGINERSIN,2023-07-03,2023-12-01,115.2273,145.5556,847,103,rebalance_exit,26.3203,25688.0171,2023-06-30,2.613649588024085,0.9266666666666666,150,2.6521846408054737,1.2472073355044746,108.8757095336914,403373134.6884384,12.000000000000004
EQUITASBNK,2023-04-03,2023-12-01,73.1878,93.1732,1161,163,rebalance_exit,27.307,23203.0244,2023-03-31,2.375880482372193,0.8866666666666667,150,0.9510752339221038,1.2552005860543058,65.58170318603516,240657459.67490387,17.999999999999993
FINCABLES,2023-10-03,2023-12-01,1067.1803,961.6244,126,40,rebalance_exit,-9.8911,-13300.045,2023-09-29,1.8208530813870927,0.8266666666666667,150,3.204746562091778,0.8760137268504767,1104.2169189453125,395487657.79052734,27.0
GMRAIRPORT,2023-10-03,2023-12-01,59.0582,60.0917,1901,40,rebalance_exit,1.7499,1964.6448,2023-09-29,1.8752987381465647,0.8333333333333334,150,1.915039179569217,1.7523054942486096,59.54999923706055,540599216.6269455,25.999999999999993
HUDCO,2023-10-03,2023-12-01,83.8556,81.389,133,40,rebalance_trim,-2.9415,-328.0592,2023-09-29,2.223319202204931,0.8866666666666667,150,2.5583725473604484,1.8679268378556595,86.33196258544922,552165298.2132263,17.999999999999993
LUPIN,2023-09-01,2023-12-01,1093.8056,1265.1455,9,60,rebalance_trim,15.6646,1542.0594,2023-08-31,2.3008477577442057,0.9066666666666666,150,1.8592208510374737,1.9066374426073145,1086.301513671875,851470907.6812744,15.000000000000007
MCX,2023-11-01,2023-12-01,469.4344,637.5667,201,20,rebalance_exit,35.8159,33794.5741,2023-10-31,1.7340734477192774,0.8133333333333334,150,1.6042004447297347,1.505924994512062,463.7953186035156,941704117.8601074,28.999999999999996
MRPL,2023-10-03,2023-12-01,92.8668,117.6637,115,40,rebalance_trim,26.7016,2851.6454,2023-09-29,1.9983407760688114,0.8466666666666667,150,1.323368124032218,2.298790146838518,92.17938995361328,482367870.8143158,24.0
SUPREMEIND,2023-09-01,2023-12-01,4335.5333,4319.4891,3,60,rebalance_trim,-0.3701,-48.1327,2023-08-31,2.047001820892982,0.8533333333333334,150,2.856508044252011,1.0188486470363023,4356.05322265625,513666271.86328125,22.999999999999993
TRENT,2023-10-03,2023-12-01,2072.8236,2775.0084,4,40,rebalance_trim,33.8758,2808.7394,2023-09-29,2.1019899737787826,0.8733333333333333,150,1.741826683897373,2.1931957665840667,2074.93310546875,800359096.3363037,20.000000000000007
BSOFT,2023-10-03,2023-12-04,467.3679,627.4712,17,41,rebalance_trim,34.2564,2721.7549,2023-09-29,2.541534118129457,0.9266666666666666,150,1.9897363413309803,2.6877323782176257,467.8345642089844,947280773.2382812,12.000000000000004
EXIDEIND,2023-07-03,2023-12-04,234.9558,294.2241,45,104,rebalance_trim,25.2253,2667.0729,2023-06-30,1.9625380258533691,0.8533333333333334,150,2.2677049889423047,0.6950953008243496,232.71469116210938,453048469.9057617,22.999999999999993
CYIENT,2023-05-02,2023-12-05,1208.9871,2098.9213,9,148,rebalance_trim,73.6099,8009.4082,2023-04-28,2.367159347983824,0.9133333333333333,150,0.44441229968099627,1.1226182938039009,1111.861572265625,295912294.98547363,14.0
FACT,2023-07-03,2023-12-07,466.9455,827.3564,19,107,rebalance_trim,77.1848,6847.8069,2023-06-30,1.9404545485256504,0.8266666666666667,150,3.1978191971184717,0.18654605408078548,432.9712219238281,310089521.6281128,27.0
GLENMARK,2023-06-01,2023-12-08,636.7858,820.3256,14,129,rebalance_trim,28.8228,2569.5568,2023-05-31,2.153748878256411,0.86,150,1.3532937599611667,0.8965671381728885,593.6965942382812,495620553.51501465,22.000000000000004
SYRMA,2023-11-01,2023-12-08,603.3069,616.4867,25,25,rebalance_trim,2.1846,329.4946,2023-10-31,3.111763784945444,0.9866666666666667,150,3.047890413338566,2.632042834835175,615.0198364257812,399843919.0623779,2.9999999999999964
UJJIVANSFB,2023-10-03,2023-12-11,52.6972,58.8767,207,46,rebalance_trim,11.7264,1279.1575,2023-09-29,2.9934511861586133,0.98,150,3.0629481576113378,2.69107484047814,52.310977935791016,564121931.5333061,4.000000000000003
COLPAL,2023-09-01,2023-12-14,1823.0911,2292.2351,5,69,rebalance_trim,25.7334,2345.72,2023-08-31,2.3388651032475787,0.9266666666666666,150,1.6500772934410792,2.0730841922523378,1819.8143310546875,615693544.1455078,12.000000000000004
HUDCO,2023-10-03,2023-12-14,83.8556,94.3437,139,49,rebalance_trim,12.5073,1457.8385,2023-09-29,2.223319202204931,0.8866666666666667,150,2.5583725473604484,1.8679268378556595,86.33196258544922,552165298.2132263,17.999999999999993
HUDCO,2023-10-03,2023-12-15,83.8556,106.5943,126,50,rebalance_trim,27.1164,2865.071,2023-09-29,2.223319202204931,0.8866666666666667,150,2.5583725473604484,1.8679268378556595,86.33196258544922,552165298.2132263,17.999999999999993
ZENSARTECH,2023-07-03,2023-12-19,385.2216,595.5121,24,115,rebalance_trim,54.5895,5046.9731,2023-06-30,2.67594020756757,0.9333333333333333,150,1.1215262396055339,2.114071002767454,372.1259765625,366261252.4968262,10.999999999999998
CYIENT,2023-05-02,2023-12-22,1280.4492,2277.2151,9,161,rebalance_trim,77.845,8970.8924,2023-04-28,2.367159347983824,0.9133333333333333,150,0.44441229968099627,1.1226182938039009,1111.861572265625,295912294.98547363,14.0
HUDCO,2023-10-03,2023-12-28,84.8603,108.7064,133,58,rebalance_trim,28.1005,3171.536,2023-09-29,2.223319202204931,0.8866666666666667,150,2.5583725473604484,1.8679268378556595,86.33196258544922,552165298.2132263,17.999999999999993
HUDCO,2023-10-03,2023-12-29,84.8603,120.1591,95,59,rebalance_trim,41.5964,3353.3865,2023-09-29,2.223319202204931,0.8866666666666667,150,2.5583725473604484,1.8679268378556595,86.33196258544922,552165298.2132263,17.999999999999993
APARINDS,2023-10-03,2024-01-01,5399.8515,5970.2487,2,60,rebalance_trim,10.5632,1140.7944,2023-09-29,3.576985721578414,1.0,150,5.229471658655131,2.213470235107019,5412.046875,420433430.4628906,1.0
BHARATFORG,2023-10-03,2024-01-01,1070.5844,1222.2933,11,60,rebalance_trim,14.1707,1668.7977,2023-09-29,1.766758431261683,0.8133333333333334,150,1.7705471943826747,1.6815865469417335,1076.2158203125,967466335.2333984,28.999999999999996
KALYANKJIL,2023-08-01,2024-01-01,195.5649,352.686,33,102,rebalance_trim,80.3422,5184.9976,2023-07-31,1.7843127395544416,0.8333333333333334,150,2.4587095229083444,0.4592424057481407,173.29087829589844,423197569.7817993,25.999999999999993
KEI,2022-07-01,2024-01-01,1580.0815,3233.6603,4,370,rebalance_trim,104.6515,6614.3152,2022-06-30,2.0995048900344977,0.88,150,1.722988921162274,0.24994628510952563,1146.7750244140625,202152666.89868164,19.0
LTF,2023-09-01,2024-01-01,120.7494,158.2468,73,80,rebalance_trim,31.0539,2737.3066,2023-08-31,2.338183799959377,0.92,150,2.2541329895179274,1.733854641209601,119.95592498779297,954734123.1727142,12.999999999999995
SWANENERGY,2023-12-01,2024-01-01,425.5649,513.0751,246,20,rebalance_exit,20.5633,21527.5136,2023-11-30,1.8451139366028835,0.8533333333333334,150,1.456244136134633,1.4593237271332327,422.9,531865666.8,22.999999999999993
TRENT,2023-10-03,2024-01-01,2072.8236,3048.6261,40,60,rebalance_exit,47.076,39032.1,2023-09-29,2.1019899737787826,0.8733333333333333,150,1.741826683897373,2.1931957665840667,2074.93310546875,800359096.3363037,20.000000000000007
UCOBANK,2023-11-01,2024-01-01,35.8915,38.4134,2973,40,rebalance_exit,7.0264,7497.5501,2023-10-31,2.252164497907682,0.9,150,4.254594265536735,0.7472941691608573,35.82699203491211,957525905.7877197,15.999999999999996
WELSPUNLIV,2023-12-01,2024-01-01,155.6958,143.568,829,20,rebalance_exit,-7.7894,-10053.9427,2023-11-30,2.2756394278522074,0.92,150,2.2851093165076706,1.575466532113341,154.9833984375,417961971.9196472,12.999999999999995
ZENSARTECH,2023-07-03,2024-01-01,385.2216,593.3357,200,123,rebalance_exit,54.0245,41622.8214,2023-06-30,2.67594020756757,0.9333333333333333,150,1.1215262396055339,2.114071002767454,372.1259765625,366261252.4968262,10.999999999999998
ZYDUSLIFE,2023-04-03,2024-01-01,511.2016,677.3932,17,183,rebalance_trim,32.51,2825.2575,2023-03-31,2.387140895466779,0.9,150,1.309368875752699,1.0425885841796738,480.2955017089844,391984748.04122925,15.999999999999996
BEML,2023-10-03,2024-01-02,1129.9364,1399.1814,9,61,rebalance_trim,23.8283,2423.2046,2023-09-29,2.098745231605691,0.8666666666666667,150,1.429295430208808,2.3813271910462612,1142.154296875,647143933.9616699,20.999999999999996
FACT,2023-07-03,2024-01-02,495.866,824.366,14,124,rebalance_trim,66.2477,4598.9999,2023-06-30,1.9404545485256504,0.8266666666666667,150,3.1978191971184717,0.18654605408078548,432.9712219238281,310089521.6281128,27.0
OLECTRA,2023-10-03,2024-01-02,1195.0504,1374.8144,9,61,rebalance_trim,15.0424,1617.876,2023-09-29,1.7275127451976413,0.8066666666666666,150,1.791125104521696,1.611065834626893,1200.2772216796875,947495320.7231445,30.000000000000004
PRESTIGE,2023-12-01,2024-01-05,1018.2344,1337.9089,14,24,rebalance_trim,31.395,4475.4417,2023-11-30,2.1099492109688596,0.8933333333333333,150,1.7496868942925066,1.6678982271254328,1000.7872924804688,641340016.456543,17.000000000000004
BEML,2023-10-03,2024-01-09,1129.9364,1593.4435,9,66,rebalance_trim,41.0206,4171.5642,2023-09-29,2.098745231605691,0.8666666666666667,150,1.429295430208808,2.3813271910462612,1142.154296875,647143933.9616699,20.999999999999996
JSL,2023-12-01,2024-01-10,499.3354,616.3568,19,27,rebalance_trim,23.4354,2223.4068,2023-11-30,2.9272509797021047,0.9733333333333334,150,4.08259289808735,1.4072215666335433,497.24755859375,459432141.4958191,4.999999999999993
BSOFT,2023-10-03,2024-01-11,467.3679,724.7536,16,68,rebalance_trim,55.0713,4118.1699,2023-09-29,2.541534118129457,0.9266666666666666,150,1.9897363413309803,2.6877323782176257,467.8345642089844,947280773.2382812,12.000000000000004
NCC,2023-02-01,2024-01-11,110.3036,191.4007,61,232,rebalance_trim,73.5216,4946.9175,2023-01-31,1.9266286593310822,0.84,150,0.6471415769300279,1.2957018059845884,87.43577575683594,379815825.9005127,25.000000000000004
OLECTRA,2023-10-03,2024-01-11,1195.0504,1743.0248,16,68,rebalance_trim,45.8537,8767.5903,2023-09-29,1.7275127451976413,0.8066666666666666,150,1.791125104521696,1.611065834626893,1200.2772216796875,947495320.7231445,30.000000000000004
MRPL,2023-10-03,2024-01-12,92.8668,157.3662,185,69,rebalance_trim,69.4536,11932.3888,2023-09-29,1.9983407760688114,0.8466666666666667,150,1.323368124032218,2.298790146838518,92.17938995361328,482367870.8143158,24.0
PCBL,2023-12-01,2024-01-16,257.2893,265.1765,50,31,rebalance_trim,3.0655,394.364,2023-11-30,1.7072022684917258,0.8133333333333334,150,1.4199399545792444,1.2768918925606105,258.8465881347656,582556210.7286072,28.999999999999996
ITI,2023-11-01,2024-01-17,271.9388,361.3486,58,52,rebalance_trim,32.8787,5185.7705,2023-10-31,2.294911459526247,0.9133333333333333,150,1.8259864044686394,2.1696007300749636,269.8999938964844,487077873.0,14.0
PCBL,2023-12-01,2024-01-19,257.2893,298.4424,51,34,rebalance_trim,15.9949,2098.8118,2023-11-30,1.7072022684917258,0.8133333333333334,150,1.4199399545792444,1.2768918925606105,258.8465881347656,582556210.7286072,28.999999999999996
WELCORP,2023-12-01,2024-01-19,522.8866,593.4669,21,34,rebalance_trim,13.4982,1482.1854,2023-11-30,2.3599803642911596,0.9333333333333333,150,2.0780422610643376,1.8322996735086974,521.00537109375,529743248.3948059,10.999999999999998
CENTRALBK,2023-11-01,2024-01-23,41.9538,55.08,320,55,rebalance_trim,31.2872,4200.3725,2023-10-31,2.1951749970588263,0.8933333333333333,150,3.0696492765360666,1.3318655011613574,41.637474060058594,1070271565.9873047,17.000000000000004
HUDCO,2023-10-03,2024-01-23,84.8603,159.07,240,75,rebalance_trim,87.4493,17810.333,2023-09-29,2.223319202204931,0.8866666666666667,150,2.5583725473604484,1.8679268378556595,86.33196258544922,552165298.2132263,17.999999999999993
INDIANB,2023-12-01,2024-01-23,372.0641,428.6898,30,35,rebalance_trim,15.2194,1698.772,2023-11-30,1.7571143038656376,0.8333333333333334,150,1.3622527258384016,1.387792021261176,370.5514831542969,539838514.7163391,25.999999999999993
OIL,2024-01-01,2024-01-23,232.237,261.9063,54,15,rebalance_trim,12.7754,1602.1415,2023-12-29,1.6101756552628461,0.82,150,2.048449404998466,1.0630519684603859,231.35675048828125,633526919.6557617,28.000000000000007
BSOFT,2023-10-03,2024-01-25,467.3679,813.1832,15,77,rebalance_trim,73.9921,5187.2283,2023-09-29,2.541534118129457,0.9266666666666666,150,1.9897363413309803,2.6877323782176257,467.8345642089844,947280773.2382812,12.000000000000004
TATAMTRDVR,2023-08-01,2024-01-30,415.2008,565.8799,23,121,rebalance_trim,36.2907,3465.6197,2023-07-31,1.8001417282984304,0.84,150,1.1042753994024173,1.243602179126593,414.3,841639071.5999999,25.000000000000004
TATAINVEST,2024-01-01,2024-01-31,426.9649,591.0491,74,20,rebalance_trim,38.4304,12142.2291,2023-12-29,2.330788819983577,0.9266666666666666,150,2.5167712784169214,1.9197894246516325,422.5773010253906,484715075.52368164,12.000000000000004
ESCORTS,2023-10-03,2024-02-01,3111.5675,2964.3624,39,81,rebalance_exit,-4.7309,-5740.9992,2023-09-29,2.636660834888894,0.9333333333333333,150,2.0617718162606278,2.7834139032249197,3127.9658203125,814585419.2016602,10.999999999999998
GLENMARK,2023-06-01,2024-02-01,636.7858,914.8867,140,165,rebalance_exit,43.6726,38934.1244,2023-05-31,2.153748878256411,0.86,150,1.3532937599611667,0.8965671381728885,593.6965942382812,495620553.51501465,22.000000000000004
INDIANB,2023-12-01,2024-02-01,372.0641,464.8954,285,41,rebalance_exit,24.9504,26456.9432,2023-11-30,1.7571143038656376,0.8333333333333334,150,1.3622527258384016,1.387792021261176,370.5514831542969,539838514.7163391,25.999999999999993
NCC,2023-02-01,2024-02-01,110.3036,213.3381,620,245,rebalance_exit,93.4099,63881.3782,2023-01-31,1.9266286593310822,0.84,150,0.6471415769300279,1.2957018059845884,87.43577575683594,379815825.9005127,25.000000000000004
PRAJIND,2023-11-01,2024-02-01,512.8964,491.6659,246,61,rebalance_exit,-4.1393,-5222.7126,2023-10-31,1.8075736646798406,0.84,150,1.0395015133916117,1.925953405815319,524.2772216796875,625765757.697998,25.000000000000004
SUNTV,2023-12-01,2024-02-01,636.65,628.2987,201,41,rebalance_exit,-1.3118,-1678.6063,2023-11-30,2.0149671741133455,0.8733333333333333,150,1.3166794011986929,1.8007669852177437,640.3790283203125,498392909.4030762,20.000000000000007
SUPREMEIND,2023-09-01,2024-02-01,4324.2206,4034.9234,28,101,rebalance_exit,-6.6902,-8100.3195,2023-08-31,2.047001820892982,0.8533333333333334,150,2.856508044252011,1.0188486470363023,4356.05322265625,513666271.86328125,22.999999999999993
SYRMA,2023-11-01,2024-02-01,603.3069,596.3171,186,61,rebalance_exit,-1.1586,-1300.1042,2023-10-31,3.111763784945444,0.9866666666666667,150,3.047890413338566,2.632042834835175,615.0198364257812,399843919.0623779,2.9999999999999964
TATAINVEST,2024-01-01,2024-02-01,426.9649,561.0041,209,21,rebalance_exit,31.3935,28014.188,2023-12-29,2.330788819983577,0.9266666666666666,150,2.5167712784169214,1.9197894246516325,422.5773010253906,484715075.52368164,12.000000000000004
UJJIVANSFB,2023-10-03,2024-02-01,52.7963,53.8094,2147,81,rebalance_exit,1.9189,2175.1701,2023-09-29,2.9934511861586133,0.98,150,3.0629481576113378,2.69107484047814,52.310977935791016,564121931.5333061,4.000000000000003
WELCORP,2023-12-01,2024-02-01,522.8866,578.5616,203,41,rebalance_exit,10.6476,11302.0125,2023-11-30,2.3599803642911596,0.9333333333333333,150,2.0780422610643376,1.8322996735086974,521.00537109375,529743248.3948059,10.999999999999998
ZYDUSLIFE,2023-04-03,2024-02-01,511.2016,751.1278,170,204,rebalance_exit,46.9338,40787.4644,2023-03-31,2.387140895466779,0.9,150,1.309368875752699,1.0425885841796738,480.2955017089844,391984748.04122925,15.999999999999996
HUDCO,2023-10-03,2024-02-02,84.8603,204.5521,123,82,rebalance_trim,141.0457,14722.0923,2023-09-29,2.223319202204931,0.8866666666666667,150,2.5583725473604484,1.8679268378556595,86.33196258544922,552165298.2132263,17.999999999999993
CENTRALBK,2023-11-01,2024-02-08,41.9538,73.1674,330,66,rebalance_trim,74.3998,10300.4778,2023-10-31,2.1951749970588263,0.8933333333333333,150,3.0696492765360666,1.3318655011613574,41.637474060058594,1070271565.9873047,17.000000000000004
TRENT,2024-02-01,2024-02-08,3086.8016,3719.2781,5,5,rebalance_trim,20.4897,3162.3823,2024-01-31,4.3799924085352355,1.0,150,6.140620496014442,3.126217496563072,3079.208251953125,1536846857.6694336,1.0
PHOENIXLTD,2024-01-01,2024-02-09,1130.8239,1400.4332,10,27,rebalance_trim,23.8418,2696.0925,2023-12-29,2.0883393726606982,0.88,150,2.233075628109525,1.7113057539105112,1118.9215087890625,577828072.5230713,19.0
OIL,2024-01-01,2024-02-12,232.237,322.5658,41,28,rebalance_trim,38.8951,3703.4808,2023-12-29,1.6101756552628461,0.82,150,2.048449404998466,1.0630519684603859,231.35675048828125,633526919.6557617,28.000000000000007
OLECTRA,2023-10-03,2024-02-12,1247.1739,2013.408,7,88,rebalance_trim,61.4376,5363.6391,2023-09-29,1.7275127451976413,0.8066666666666666,150,1.791125104521696,1.611065834626893,1200.2772216796875,947495320.7231445,30.000000000000004
KALYANKJIL,2023-08-01,2024-02-13,226.5739,363.4608,52,131,rebalance_trim,60.416,7118.1196,2023-07-31,1.7843127395544416,0.8333333333333334,150,2.4587095229083444,0.4592424057481407,173.29087829589844,423197569.7817993,25.999999999999993
KPITTECH,2024-02-01,2024-02-13,1533.7234,1680.8495,8,8,rebalance_trim,9.5927,1177.0081,2024-01-31,1.8358116089092498,0.84,150,3.0188031458770506,1.084510700991303,1530.9666748046875,1551100309.3222656,25.000000000000004
MRF,2024-02-12,2024-02-13,137428.177,144101.4934,1,1,rebalance_exit,4.8559,6673.3165,2024-02-09,1.4913904866285819,0.7066666666666667,150,2.4627066435770146,0.9992543808089014,136666.0625,929558455.9375,45.0
NLCINDIA,2024-02-01,2024-02-14,243.7764,229.5944,61,9,rebalance_trim,-5.8176,-865.1034,2024-01-31,3.854627691014311,0.9933333333333333,150,5.265538105052789,2.8361039925318825,249.54452514648438,985586105.7429657,2.000000000000006
CENTRALBK,2023-11-01,2024-02-15,45.5162,63.4021,200,71,rebalance_trim,39.2959,3577.1979,2023-10-31,2.1951749970588263,0.8933333333333333,150,3.0696492765360666,1.3318655011613574,41.637474060058594,1070271565.9873047,17.000000000000004
HUDCO,2023-10-03,2024-02-15,103.9842,190.6587,120,91,rebalance_trim,83.3535,10400.94,2023-09-29,2.223319202204931,0.8866666666666667,150,2.5583725473604484,1.8679268378556595,86.33196258544922,552165298.2132263,17.999999999999993
MRPL,2023-10-03,2024-02-15,92.8668,198.7588,85,91,rebalance_trim,114.0256,9000.8155,2023-09-29,1.9983407760688114,0.8466666666666667,150,1.323368124032218,2.298790146838518,92.17938995361328,482367870.8143158,24.0
MRPL,2023-10-03,2024-02-16,92.8668,232.0062,83,92,rebalance_trim,149.8268,11548.5694,2023-09-29,1.9983407760688114,0.8466666666666667,150,1.323368124032218,2.298790146838518,92.17938995361328,482367870.8143158,24.0
OIL,2024-01-01,2024-02-19,232.237,357.4411,38,33,rebalance_trim,53.9122,4757.7568,2023-12-29,1.6101756552628461,0.82,150,2.048449404998466,1.0630519684603859,231.35675048828125,633526919.6557617,28.000000000000007
PRESTIGE,2023-12-01,2024-02-19,1050.3682,1210.2588,12,53,rebalance_trim,15.2223,1918.6874,2023-11-30,2.1099492109688596,0.8933333333333333,150,1.7496868942925066,1.6678982271254328,1000.7872924804688,641340016.456543,17.000000000000004
MRPL,2023-10-03,2024-02-20,92.8668,277.6912,91,94,rebalance_trim,199.0209,16819.0186,2023-09-29,1.9983407760688114,0.8466666666666667,150,1.323368124032218,2.298790146838518,92.17938995361328,482367870.8143158,24.0
JSL,2023-12-01,2024-02-21,512.0113,641.6051,22,55,rebalance_trim,25.3107,2851.0624,2023-11-30,2.9272509797021047,0.9733333333333334,150,4.08259289808735,1.4072215666335433,497.24755859375,459432141.4958191,4.999999999999993
BEML,2023-10-03,2024-02-28,1218.5508,1653.6699,14,100,rebalance_trim,35.7079,6091.6683,2023-09-29,2.098745231605691,0.8666666666666667,150,1.429295430208808,2.3813271910462612,1142.154296875,647143933.9616699,20.999999999999996
ALKEM,2024-01-01,2024-03-01,5059.383,5046.8937,27,42,rebalance_exit,-0.2469,-337.2108,2023-12-29,2.051448624105279,0.8733333333333333,150,2.3596505762994737,1.5722379466781522,5073.96826171875,741530391.5390625,20.000000000000007
APARINDS,2023-10-03,2024-03-01,5403.1741,6174.0603,22,102,rebalance_exit,14.2673,16959.4966,2023-09-29,3.576985721578414,1.0,150,5.229471658655131,2.213470235107019,5412.046875,420433430.4628906,1.0
BHARATFORG,2023-10-03,2024-03-01,1088.2888,1134.305,124,102,rebalance_exit,4.2283,5706.012,2023-09-29,1.766758431261683,0.8133333333333334,150,1.7705471943826747,1.6815865469417335,1076.2158203125,967466335.2333984,28.999999999999996
CYIENT,2023-05-02,2024-03-01,1431.3163,1946.4195,67,208,rebalance_exit,35.9881,34511.9135,2023-04-28,2.367159347983824,0.9133333333333333,150,0.44441229968099627,1.1226182938039009,1111.861572265625,295912294.98547363,14.0
HUDCO,2023-10-03,2024-03-01,103.9842,181.0835,706,102,rebalance_exit,74.1452,54432.1072,2023-09-29,2.223319202204931,0.8866666666666667,150,2.5583725473604484,1.8679268378556595,86.33196258544922,552165298.2132263,17.999999999999993
JINDALSAW,2024-02-01,2024-03-01,255.9319,237.1585,517,21,rebalance_exit,-7.3353,-9705.8907,2024-01-31,1.8835188016183364,0.86,150,4.662947560364986,0.21801962482127105,254.30226135253906,591219884.3060303,22.000000000000004
JSL,2023-12-01,2024-03-01,512.0113,649.4271,216,62,rebalance_exit,26.8384,29681.814,2023-11-30,2.9272509797021047,0.9733333333333334,150,4.08259289808735,1.4072215666335433,497.24755859375,459432141.4958191,4.999999999999993
KEI,2022-07-01,2024-03-01,1888.7332,3213.8103,44,412,rebalance_exit,70.1569,58303.3926,2022-06-30,2.0995048900344977,0.88,150,1.722988921162274,0.24994628510952563,1146.7750244140625,202152666.89868164,19.0
KPITTECH,2024-02-01,2024-03-01,1534.2903,1558.8999,86,21,rebalance_exit,1.604,2116.4288,2024-01-31,1.8358116089092498,0.84,150,3.0188031458770506,1.084510700991303,1530.9666748046875,1551100309.3222656,25.000000000000004
OBEROIRLTY,2024-01-01,2024-03-01,1398.2246,1333.8022,106,42,rebalance_exit,-4.6074,-6828.777,2023-12-29,2.1485076881775775,0.8933333333333333,150,2.45683980702058,1.6660595042872715,1424.5706787109375,841443412.8908691,17.000000000000004
OLECTRA,2023-10-03,2024-03-01,1247.1739,1973.4991,68,102,rebalance_exit,58.2377,49390.1164,2023-09-29,1.7275127451976413,0.8066666666666666,150,1.791125104521696,1.611065834626893,1200.2772216796875,947495320.7231445,30.000000000000004
PHOENIXLTD,2024-01-01,2024-03-01,1130.8239,1403.0207,99,42,rebalance_exit,24.0707,26947.48,2023-12-29,2.0883393726606982,0.88,150,2.233075628109525,1.7113057539105112,1118.9215087890625,577828072.5230713,19.0
SOLARINDS,2024-01-01,2024-03-01,6746.2158,6803.352,20,42,rebalance_exit,0.8469,1142.7249,2023-12-29,2.4716709607305143,0.9466666666666667,150,2.05503697157465,2.437188609629423,6718.49560546875,477191664.35839844,9.000000000000002
ZENSARTECH,2024-02-01,2024-03-01,549.4402,536.8062,264,21,rebalance_exit,-2.2994,-3335.3793,2024-01-31,2.015234968237763,0.8666666666666667,150,4.2899546469733,0.6287827658764694,556.467529296875,518393230.986969,20.999999999999996
OIL,2024-01-01,2024-03-05,232.237,390.2686,35,44,rebalance_trim,68.0475,5531.105,2023-12-29,1.6101756552628461,0.82,150,2.048449404998466,1.0630519684603859,231.35675048828125,633526919.6557617,28.000000000000007
INFIBEAM,2024-03-01,2024-03-11,37.0666,40.9262,325,5,rebalance_trim,10.4126,1254.3708,2024-02-29,2.3988316343780856,0.92,150,2.3792466557885525,2.9187270021592124,36.75,1275080499.0,12.999999999999995
NLCINDIA,2024-02-01,2024-03-11,240.2757,234.8188,65,26,rebalance_trim,-2.2711,-354.7004,2024-01-31,3.854627691014311,0.9933333333333333,150,5.265538105052789,2.8361039925318825,249.54452514648438,985586105.7429657,2.000000000000006
OFSS,2024-03-01,2024-03-11,6959.1772,7605.059,2,5,rebalance_trim,9.281,1291.7634,2024-02-29,1.9399441103918866,0.8266666666666667,150,3.085747657991079,1.7409793987545745,6899.9521484375,1116850820.8535156,27.0
TATAMTRDVR,2023-08-01,2024-03-12,415.2008,683.0188,20,150,rebalance_trim,64.5032,5356.3592,2023-07-31,1.8001417282984304,0.84,150,1.1042753994024173,1.243602179126593,414.3,841639071.5999999,25.000000000000004
TRENT,2024-02-01,2024-03-12,3086.8016,4008.4783,4,27,rebalance_trim,29.8586,3686.7066,2024-01-31,4.3799924085352355,1.0,150,6.140620496014442,3.126217496563072,3079.208251953125,1536846857.6694336,1.0
LUPIN,2023-09-01,2024-03-13,1093.8056,1631.7306,8,129,rebalance_trim,49.1792,4303.3999,2023-08-31,2.3008477577442057,0.9066666666666666,150,1.8592208510374737,1.9066374426073145,1086.301513671875,851470907.6812744,15.000000000000007
TATACONSUM,2024-02-01,2024-03-13,1094.8961,1186.1036,11,28,rebalance_trim,8.3302,1003.2819,2024-01-31,1.8305098757453218,0.8333333333333334,150,2.615460926275549,1.3066985083650013,1092.92822265625,1078418788.8217773,25.999999999999993
COLPAL,2023-09-01,2024-03-14,1885.3213,2426.4138,5,130,rebalance_trim,28.7003,2705.4625,2023-08-31,2.3388651032475787,0.9266666666666666,150,1.6500772934410792,2.0730841922523378,1819.8143310546875,615693544.1455078,12.000000000000004
KALYANKJIL,2023-08-01,2024-03-14,226.5739,382.329,40,152,rebalance_trim,68.7436,6230.2045,2023-07-31,1.7843127395544416,0.8333333333333334,150,2.4587095229083444,0.4592424057481407,173.29087829589844,423197569.7817993,25.999999999999993
TVSMOTOR,2024-03-01,2024-03-14,2119.1356,2111.4217,6,8,rebalance_trim,-0.364,-46.2833,2024-02-29,2.3364710494069048,0.9133333333333333,150,3.467342240975769,2.224432633152082,2114.585205078125,1660466972.9401855,14.0
BLS,2024-03-01,2024-03-15,354.3479,333.6473,45,9,rebalance_trim,-5.8419,-931.5267,2024-02-29,1.945729003909411,0.8333333333333334,150,3.9809216125945186,1.268973632221164,362.0903625488281,1065512339.1348267,25.999999999999993
ITI,2023-11-01,2024-03-15,276.0187,269.3145,50,91,rebalance_trim,-2.4289,-335.2076,2023-10-31,2.294911459526247,0.9133333333333333,150,1.8259864044686394,2.1696007300749636,269.8999938964844,487077873.0,14.0
HDFCAMC,2024-01-01,2024-03-18,1533.9052,1799.4287,7,52,rebalance_trim,17.3103,1858.6647,2023-12-29,1.5978299780595906,0.8133333333333334,150,1.1948906006867068,1.5830938602934541,1512.471435546875,1171715831.456787,28.999999999999996
IRB,2024-03-01,2024-03-18,30.4457,28.3975,502,10,rebalance_trim,-6.7273,-1028.1843,2024-02-29,2.4830692548646036,0.9333333333333333,150,2.675148322434142,2.9057404702580785,30.98789405822754,1240199325.1749802,10.999999999999998
BSE,2024-03-01,2024-03-22,771.5049,741.8756,18,14,rebalance_trim,-3.8404,-533.3262,2024-02-29,4.783081847519354,1.0,150,8.985380025994584,3.503790134093338,782.1580810546875,1654365317.7161865,1.0
SHYAMMETL,2024-02-01,2024-03-26,676.769,598.9695,22,36,rebalance_trim,-11.4957,-1711.5879,2024-01-31,2.3328215889237,0.92,150,3.1488853935765913,1.7571272408271417,697.4186401367188,540428430.3153992,12.999999999999995
SOBHA,2024-03-01,2024-03-26,1529.3295,1462.1045,9,15,rebalance_trim,-4.3957,-605.0249,2024-02-29,2.6669661463800654,0.9466666666666667,150,3.0463591617957,3.025352118344429,1559.5496826171875,586908194.263916,9.000000000000002
PRESTIGE,2023-12-01,2024-03-27,1047.4459,1150.3934,13,78,rebalance_trim,9.8284,1338.3185,2023-11-30,2.1099492109688596,0.8933333333333333,150,1.7496868942925066,1.6678982271254328,1000.7872924804688,641340016.456543,17.000000000000004
ANGELONE,2024-03-01,2024-03-28,272.7774,293.3184,48,17,rebalance_trim,7.5303,985.9709,2024-02-29,2.552163835579167,0.94,150,4.5350795074335135,2.0242041548801635,268.9764404296875,1238512815.083313,10.000000000000007
BEML,2023-10-03,2024-03-28,1230.1678,1571.3816,8,119,rebalance_trim,27.7372,2729.7105,2023-09-29,2.098745231605691,0.8666666666666667,150,1.429295430208808,2.3813271910462612,1142.154296875,647143933.9616699,20.999999999999996
CESC,2024-02-01,2024-03-28,130.0254,123.7581,106,38,rebalance_trim,-4.8201,-664.3361,2024-01-31,2.668377239005863,0.9466666666666667,150,2.8894313567836005,2.409407242709388,130.1802520751953,1146634204.3305206,9.000000000000002
NLCINDIA,2024-02-01,2024-03-28,235.7994,229.0208,67,38,rebalance_trim,-2.8747,-454.1661,2024-01-31,3.854627691014311,0.9933333333333333,150,5.265538105052789,2.8361039925318825,249.54452514648438,985586105.7429657,2.000000000000006
BEML,2023-10-03,2024-04-01,1230.1678,1586.1596,84,120,rebalance_exit,28.9385,29903.3064,2023-09-29,2.098745231605691,0.8666666666666667,150,1.429295430208808,2.3813271910462612,1142.154296875,647143933.9616699,20.999999999999996
BLS,2024-03-01,2024-04-01,354.3479,311.878,387,18,rebalance_exit,-11.9854,-16435.8421,2024-02-29,1.945729003909411,0.8333333333333334,150,3.9809216125945186,1.268973632221164,362.0903625488281,1065512339.1348267,25.999999999999993
CENTRALBK,2023-11-01,2024-04-01,46.2312,58.1106,2381,100,rebalance_exit,25.6957,28284.9234,2023-10-31,2.1951749970588263,0.8933333333333333,150,3.0696492765360666,1.3318655011613574,41.637474060058594,1070271565.9873047,17.000000000000004
CESC,2024-02-01,2024-04-01,130.0254,115.6951,1066,39,rebalance_exit,-11.0212,-15276.1551,2024-01-31,2.668377239005863,0.9466666666666667,150,2.8894313567836005,2.409407242709388,130.1802520751953,1146634204.3305206,9.000000000000002
EXIDEIND,2023-07-03,2024-04-01,244.3373,301.743,423,183,rebalance_exit,23.4944,24282.6061,2023-06-30,1.9625380258533691,0.8533333333333334,150,2.2677049889423047,0.6950953008243496,232.71469116210938,453048469.9057617,22.999999999999993
FACT,2023-07-03,2024-04-01,575.1713,624.8853,194,183,rebalance_exit,8.6433,9644.508,2023-06-30,1.9404545485256504,0.8266666666666667,150,3.1978191971184717,0.18654605408078548,432.9712219238281,310089521.6281128,27.0
GSFC,2024-03-01,2024-04-01,212.2041,189.7417,640,18,rebalance_exit,-10.5853,-14375.9246,2024-02-29,2.1863344968313516,0.88,150,3.219223102062084,2.097192120528105,208.55946350097656,1386573662.9954224,19.0
OIL,2024-01-01,2024-04-01,232.237,382.089,353,60,rebalance_exit,64.5255,52897.7572,2023-12-29,1.6101756552628461,0.82,150,2.048449404998466,1.0630519684603859,231.35675048828125,633526919.6557617,28.000000000000007
SOBHA,2024-03-01,2024-04-01,1529.3295,1428.8839,89,18,rebalance_exit,-6.568,-8939.6599,2024-02-29,2.6669661463800654,0.9466666666666667,150,3.0463591617957,3.025352118344429,1559.5496826171875,586908194.263916,9.000000000000002
TRENT,2024-02-01,2024-04-01,3086.8016,3957.8472,33,39,rebalance_exit,28.2184,28744.5037,2024-01-31,4.3799924085352355,1.0,150,6.140620496014442,3.126217496563072,3079.208251953125,1536846857.6694336,1.0
BSE,2024-03-01,2024-04-02,771.5049,896.7656,19,19,rebalance_trim,16.2359,2379.9547,2024-02-29,4.783081847519354,1.0,150,8.985380025994584,3.503790134093338,782.1580810546875,1654365317.7161865,1.0
ADANIPOWER,2024-03-01,2024-04-05,110.6789,125.7733,104,22,rebalance_trim,13.638,1569.8116,2024-02-29,2.4686920596110022,0.9266666666666666,150,5.166581758072263,1.5391085578150634,109.98999786376953,866695784.9340439,12.000000000000004
IRB,2024-03-01,2024-04-09,30.4457,34.8202,464,24,rebalance_trim,14.3681,2029.7594,2024-02-29,2.4830692548646036,0.9333333333333333,150,2.675148322434142,2.9057404702580785,30.98789405822754,1240199325.1749802,10.999999999999998
GODREJPROP,2024-03-01,2024-04-10,2404.3216,2710.8634,5,25,rebalance_trim,12.7496,1532.7093,2024-02-29,1.9168231338915236,0.8133333333333334,150,3.3607682649740016,1.5527076458523876,2398.050048828125,1428759718.5056152,28.999999999999996
MCX,2024-04-01,2024-04-10,663.7862,751.1569,18,7,rebalance_trim,13.1625,1572.6714,2024-03-28,2.7288602977705545,0.9533333333333334,150,3.7522068408850826,2.7580542941134274,666.4931030273438,1795801128.9697266,7.999999999999995
PHOENIXLTD,2024-04-01,2024-04-18,1389.6785,1559.2879,9,11,rebalance_trim,12.2049,1526.484,2024-03-28,2.0377005973482447,0.8466666666666667,150,3.60891070100329,1.6255649357540316,1387.1806640625,1376910774.9770508,24.0
BSE,2024-03-01,2024-04-24,771.5049,1069.0562,23,33,rebalance_trim,38.5677,6843.6805,2024-02-29,4.783081847519354,1.0,150,8.985380025994584,3.503790134093338,782.1580810546875,1654365317.7161865,1.0
CDSL,2024-02-01,2024-04-24,877.736,1043.3763,16,54,rebalance_trim,18.8713,2650.2452,2024-01-31,2.2028909582032528,0.8933333333333333,150,2.5675713812145027,1.893592484437456,872.3006591796875,1718698646.133545,17.000000000000004
ITI,2023-11-01,2024-04-24,273.9051,294.4692,56,115,rebalance_trim,7.5078,1151.5902,2023-10-31,2.294911459526247,0.9133333333333333,150,1.8259864044686394,2.1696007300749636,269.8999938964844,487077873.0,14.0
BDL,2024-04-01,2024-04-25,878.4861,1016.7997,16,16,rebalance_trim,15.7445,2213.0183,2024-03-28,1.9865503086961627,0.82,150,2.631645844689316,2.064248990422689,864.5208740234375,1366647308.6391602,28.000000000000007
DIXON,2024-04-01,2024-04-29,7527.4989,8545.7731,2,18,rebalance_trim,13.5274,2036.5483,2024-03-28,2.1875076739100128,0.8933333333333333,150,4.5253069375921875,1.392489812926374,7473.2509765625,1852137915.1259766,17.000000000000004
NLCINDIA,2024-02-01,2024-04-29,234.2702,245.2069,54,57,rebalance_trim,4.6684,590.5812,2024-01-31,3.854627691014311,0.9933333333333333,150,5.265538105052789,2.8361039925318825,249.54452514648438,985586105.7429657,2.000000000000006
ANGELONE,2024-03-01,2024-05-02,274.0367,269.6214,495,38,rebalance_exit,-1.6112,-2185.5756,2024-02-29,2.552163835579167,0.94,150,4.5350795074335135,2.0242041548801635,268.9764404296875,1238512815.083313,10.000000000000007
CDSL,2024-02-01,2024-05-02,877.736,1037.9803,135,59,rebalance_exit,18.2566,21632.9856,2024-01-31,2.2028909582032528,0.8933333333333333,150,2.5675713812145027,1.893592484437456,872.3006591796875,1718698646.133545,17.000000000000004
DIXON,2024-04-01,2024-05-02,7527.4989,8339.2612,16,20,rebalance_exit,10.784,12988.1953,2024-03-28,2.1875076739100128,0.8933333333333333,150,4.5253069375921875,1.392489812926374,7473.2509765625,1852137915.1259766,17.000000000000004
ENGINERSIN,2024-03-01,2024-05-02,204.6979,237.0762,664,38,rebalance_exit,15.8176,21499.1924,2024-02-29,1.9582198711594239,0.8466666666666667,150,4.512234466236832,1.00456058743838,201.49337768554688,1544285080.467453,24.0
GICRE,2024-03-01,2024-05-02,354.8873,328.9621,456,38,rebalance_exit,-7.3052,-11821.9085,2024-02-29,1.879970087589343,0.8066666666666666,150,3.2126831132038327,1.5684222253703521,360.5669250488281,784667369.3579407,30.000000000000004
ITI,2023-11-01,2024-05-02,273.9051,307.9948,479,120,rebalance_exit,12.4458,16328.9744,2023-10-31,2.294911459526247,0.9133333333333333,150,1.8259864044686394,2.1696007300749636,269.8999938964844,487077873.0,14.0
LTF,2023-09-01,2024-05-02,127.173,160.5486,898,160,rebalance_exit,26.2442,29971.27,2023-08-31,2.338183799959377,0.92,150,2.2541329895179274,1.733854641209601,119.95592498779297,954734123.1727142,12.999999999999995
MCX,2024-04-01,2024-05-02,663.7862,817.4956,187,20,rebalance_exit,23.1564,28743.6428,2024-03-28,2.7288602977705545,0.9533333333333334,150,3.7522068408850826,2.7580542941134274,666.4931030273438,1795801128.9697266,7.999999999999995
PCBL,2023-12-01,2024-05-02,262.0495,261.5024,510,100,rebalance_exit,-0.2088,-279.0188,2023-11-30,1.7072022684917258,0.8133333333333334,150,1.4199399545792444,1.2768918925606105,258.8465881347656,582556210.7286072,28.999999999999996
SHYAMMETL,2024-02-01,2024-05-02,676.769,620.2358,218,59,rebalance_exit,-8.3534,-12324.2372,2024-01-31,2.3328215889237,0.92,150,3.1488853935765913,1.7571272408271417,697.4186401367188,540428430.3153992,12.999999999999995
TATACONSUM,2024-02-01,2024-05-02,1093.5379,1087.0582,122,59,rebalance_exit,-0.5925,-790.5233,2024-01-31,1.8305098757453218,0.8333333333333334,150,2.615460926275549,1.3066985083650013,1092.92822265625,1078418788.8217773,25.999999999999993
BOSCHLTD,2024-04-01,2024-05-03,29341.1046,30076.4117,1,21,rebalance_trim,2.5061,735.3071,2024-03-28,2.453834031622028,0.9133333333333333,150,3.1680149986698853,2.5923589427810434,29485.85546875,837791870.0488281,14.0
PRESTIGE,2023-12-01,2024-05-03,1047.4459,1406.3407,10,101,rebalance_trim,34.2638,3588.9485,2023-11-30,2.1099492109688596,0.8933333333333333,150,1.7496868942925066,1.6678982271254328,1000.7872924804688,641340016.456543,17.000000000000004
ABB,2024-05-02,2024-05-07,6485.6468,6871.5114,2,3,rebalance_trim,5.9495,771.7293,2024-04-30,2.284229602158394,0.9,150,3.1705970571145747,1.8285828062300482,6430.48486328125,1771480320.9082031,15.999999999999996
PRESTIGE,2023-12-01,2024-05-07,1047.4459,1542.557,10,103,rebalance_trim,47.2684,4951.1116,2023-11-30,2.1099492109688596,0.8933333333333333,150,1.7496868942925066,1.6678982271254328,1000.7872924804688,641340016.456543,17.000000000000004
CUMMINSIND,2024-04-01,2024-05-08,2953.6941,3284.6719,4,24,rebalance_trim,11.2056,1323.9111,2024-03-28,2.0703556387544633,0.8533333333333334,150,2.543103536367941,2.2588170620492467,2930.10986328125,1243126058.4521484,22.999999999999993
OFSS,2024-03-01,2024-05-08,6970.5023,7060.0551,2,42,rebalance_trim,1.2847,179.1055,2024-02-29,1.9399441103918866,0.8266666666666667,150,3.085747657991079,1.7409793987545745,6899.9521484375,1116850820.8535156,27.0
SIEMENS,2024-05-02,2024-05-09,3423.1923,3689.5801,4,5,rebalance_trim,7.7819,1065.5511,2024-04-30,2.287511778318736,0.9066666666666666,150,2.5088251216202653,2.185086403484091,3417.03955078125,1188835662.1601562,15.000000000000007
ABB,2024-05-02,2024-05-13,6485.6468,7435.8479,2,7,rebalance_trim,14.6508,1900.4023,2024-04-30,2.284229602158394,0.9,150,3.1705970571145747,1.8285828062300482,6430.48486328125,1771480320.9082031,15.999999999999996
SIEMENS,2024-05-02,2024-05-15,3423.1923,4098.8848,4,9,rebalance_trim,19.7387,2702.77,2024-04-30,2.287511778318736,0.9066666666666666,150,2.5088251216202653,2.185086403484091,3417.03955078125,1188835662.1601562,15.000000000000007
BDL,2024-04-01,2024-05-21,882.2079,1256.9524,36,32,rebalance_trim,42.478,13490.8003,2024-03-28,1.9865503086961627,0.82,150,2.631645844689316,2.064248990422689,864.5208740234375,1366647308.6391602,28.000000000000007
JSL,2024-05-02,2024-05-21,706.7438,701.013,23,12,rebalance_trim,-0.8109,-131.8092,2024-04-30,2.3550301104927134,0.9133333333333333,150,4.370139901827221,1.3105078124089653,701.2350463867188,1136102998.9368286,14.0
ZYDUSLIFE,2024-04-01,2024-05-21,1005.2358,1103.6558,17,32,rebalance_trim,9.7907,1673.1402,2024-03-28,2.8195454828638375,0.9666666666666667,150,4.598804438386862,2.4592077742369565,993.4633178710938,871062560.0665283,5.999999999999999
SOLARINDS,2024-05-02,2024-05-23,8993.4337,10018.4899,2,14,rebalance_trim,11.3978,2050.1125,2024-04-30,2.5786363050318313,0.92,150,3.8787010996777003,1.9444856784589128,8956.1474609375,950090350.875,12.999999999999995
BDL,2024-04-01,2024-05-24,882.2079,1420.7672,11,35,rebalance_trim,61.0468,5924.1521,2024-03-28,1.9865503086961627,0.82,150,2.631645844689316,2.064248990422689,864.5208740234375,1366647308.6391602,28.000000000000007
SUZLON,2024-05-02,2024-05-24,41.6749,48.9118,379,15,rebalance_trim,17.3652,2742.7951,2024-04-30,2.688201813150459,0.9266666666666666,150,7.2341912264297585,0.34754718475882695,41.599998474121094,1533955469.25,12.000000000000004
BDL,2024-04-01,2024-05-27,882.2079,1564.3834,10,36,rebalance_trim,77.3259,6821.7548,2024-03-28,1.9865503086961627,0.82,150,2.631645844689316,2.064248990422689,864.5208740234375,1366647308.6391602,28.000000000000007
LODHA,2024-05-02,2024-05-31,1234.0882,1368.599,10,20,rebalance_trim,10.8996,1345.108,2024-04-30,1.9314702248368956,0.8133333333333334,150,3.5891945903839395,1.0176249094175156,1232.367431640625,896546904.0429688,28.999999999999996
TVSMOTOR,2024-03-01,2024-05-31,2089.0681,2206.2501,6,58,rebalance_trim,5.6093,703.0924,2024-02-29,2.3364710494069048,0.9133333333333333,150,3.467342240975769,2.224432633152082,2114.585205078125,1660466972.9401855,14.0
ABB,2024-05-02,2024-06-03,6485.6468,8371.9768,18,21,rebalance_exit,29.0847,33953.9399,2024-04-30,2.284229602158394,0.9,150,3.1705970571145747,1.8285828062300482,6430.48486328125,1771480320.9082031,15.999999999999996
ADANIGREEN,2024-04-01,2024-06-03,1856.8131,2121.1764,14,41,rebalance_trim,14.2375,3701.0863,2024-03-28,1.99508426988527,0.8333333333333334,150,2.930510461776333,1.9176473044187017,1835.1500244140625,1854043538.0,25.999999999999993
ADANIPOWER,2024-03-01,2024-06-03,110.6789,173.6869,289,59,rebalance_trim,56.9286,18209.3045,2024-02-29,2.4686920596110022,0.9266666666666666,150,5.166581758072263,1.5391085578150634,109.98999786376953,866695784.9340439,12.000000000000004
BSE,2024-03-01,2024-06-03,794.565,923.3036,160,59,rebalance_exit,16.2024,20598.1705,2024-02-29,4.783081847519354,1.0,150,8.985380025994584,3.503790134093338,782.1580810546875,1654365317.7161865,1.0
BSOFT,2023-10-03,2024-06-03,556.2073,598.7242,256,161,rebalance_exit,7.6441,10884.3417,2023-09-29,2.541534118129457,0.9266666666666666,150,1.9897363413309803,2.6877323782176257,467.8345642089844,947280773.2382812,12.000000000000004
INFIBEAM,2024-03-01,2024-06-03,36.036,30.8916,4617,59,rebalance_exit,-14.2757,-23751.6354,2024-02-29,2.3988316343780856,0.92,150,2.3792466557885525,2.9187270021592124,36.75,1275080499.0,12.999999999999995
IRB,2024-03-01,2024-06-03,30.5359,36.7708,531,59,rebalance_trim,20.4185,3310.7709,2024-02-29,2.4830692548646036,0.9333333333333333,150,2.675148322434142,2.9057404702580785,30.98789405822754,1240199325.1749802,10.999999999999998
JSL,2024-05-02,2024-06-03,706.7438,811.9077,32,21,rebalance_trim,14.8801,3365.244,2024-04-30,2.3550301104927134,0.9133333333333333,150,4.370139901827221,1.3105078124089653,701.2350463867188,1136102998.9368286,14.0
MRF,2024-04-01,2024-06-03,135827.9148,128279.0007,1,41,rebalance_exit,-5.5577,-7548.914,2024-03-28,2.3910426260570308,0.9066666666666666,150,4.200083490980422,1.9245864423580883,132984.015625,1410413661.25,15.000000000000007
NBCC,2024-05-02,2024-06-03,92.0767,101.467,143,21,rebalance_trim,10.1983,1342.813,2024-04-30,2.058864939912284,0.84,150,3.608417015684361,1.2201103093714036,91.64883422851562,1816805236.8306274,25.000000000000004
NLCINDIA,2024-02-01,2024-06-03,233.1526,239.6505,649,80,rebalance_exit,2.787,4217.162,2024-01-31,3.854627691014311,0.9933333333333333,150,5.265538105052789,2.8361039925318825,249.54452514648438,985586105.7429657,2.000000000000006
PERSISTENT,2024-05-02,2024-06-03,3366.2889,3463.2028,43,21,rebalance_exit,2.879,4167.3014,2024-04-30,2.0251204915275975,0.8266666666666667,150,3.2511518556306713,1.353279373556363,3329.205078125,1901348690.3046875,27.0
PHOENIXLTD,2024-04-01,2024-06-03,1391.8702,1604.7175,9,41,rebalance_trim,15.2922,1915.6254,2024-03-28,2.0377005973482447,0.8466666666666667,150,3.60891070100329,1.6255649357540316,1387.1806640625,1376910774.9770508,24.0
SOLARINDS,2024-05-02,2024-06-03,9029.5377,9788.1155,2,21,rebalance_trim,8.4011,1517.1556,2024-04-30,2.5786363050318313,0.92,150,3.8787010996777003,1.9444856784589128,8956.1474609375,950090350.875,12.999999999999995
SUZLON,2024-05-02,2024-06-03,41.8863,49.91,502,21,rebalance_trim,19.1559,4027.8945,2024-04-30,2.688201813150459,0.9266666666666666,150,7.2341912264297585,0.34754718475882695,41.599998474121094,1533955469.25,12.000000000000004
TORNTPHARM,2024-04-01,2024-06-03,2560.1365,2651.9488,53,41,rebalance_exit,3.5862,4866.0521,2024-03-28,2.122558034552625,0.8733333333333333,150,3.378127040168668,1.898858608783557,2547.60009765625,559242842.3525391,20.000000000000007
TORNTPOWER,2024-05-02,2024-06-03,1447.5941,1471.2434,11,21,rebalance_trim,1.6337,260.1428,2024-04-30,3.1051938721534884,0.96,150,4.456110177073992,2.517281899419503,1455.5687255859375,1157466041.1834717,7.000000000000005
TVSMOTOR,2024-03-01,2024-06-03,2089.0681,2213.5808,66,59,rebalance_exit,5.9602,8217.8416,2024-02-29,2.3364710494069048,0.9133333333333333,150,3.467342240975769,2.224432633152082,2114.585205078125,1660466972.9401855,14.0
BOSCHLTD,2024-04-01,2024-06-05,29433.5323,29155.145,1,43,rebalance_trim,-0.9458,-278.3874,2024-03-28,2.453834031622028,0.9133333333333333,150,3.1680149986698853,2.5923589427810434,29485.85546875,837791870.0488281,14.0
COLPAL,2023-09-01,2024-06-05,1965.9648,2692.8549,7,183,rebalance_trim,36.9737,5088.2307,2023-08-31,2.3388651032475787,0.9266666666666666,150,1.6500772934410792,2.0730841922523378,1819.8143310546875,615693544.1455078,12.000000000000004
OFSS,2024-03-01,2024-06-06,6985.4298,7175.608,2,62,rebalance_trim,2.7225,380.3564,2024-02-29,1.9399441103918866,0.8266666666666667,150,3.085747657991079,1.7409793987545745,6899.9521484375,1116850820.8535156,27.0
PRESTIGE,2023-12-01,2024-06-06,1047.4459,1691.922,9,124,rebalance_trim,61.5283,5800.2852,2023-11-30,2.1099492109688596,0.8933333333333333,150,1.7496868942925066,1.6678982271254328,1000.7872924804688,641340016.456543,17.000000000000004
ARE&M,2024-06-03,2024-06-10,1229.2437,1420.7988,13,5,rebalance_trim,15.5832,2490.2155,2024-05-31,2.071561817662364,0.86,150,2.299694608558386,2.070618125748955,1159.6456298828125,907454335.5566406,22.000000000000004
LICHSGFIN,2024-03-01,2024-06-13,632.0599,698.8874,22,67,rebalance_trim,10.573,1470.2045,2024-02-29,1.982283252755939,0.8533333333333334,150,2.933387712490235,1.8965881589728095,628.3385009765625,1171026665.3476562,22.999999999999993
OFSS,2024-03-01,2024-06-14,6985.4298,8942.3711,2,68,rebalance_trim,28.0146,3913.8826,2024-02-29,1.9399441103918866,0.8266666666666667,150,3.085747657991079,1.7409793987545745,6899.9521484375,1116850820.8535156,27.0
BDL,2024-04-01,2024-06-18,931.0297,1582.7997,10,51,rebalance_trim,70.0053,6517.7002,2024-03-28,1.9865503086961627,0.82,150,2.631645844689316,2.064248990422689,864.5208740234375,1366647308.6391602,28.000000000000007
NBCC,2024-05-02,2024-06-21,91.8532,107.4241,136,34,rebalance_trim,16.952,2117.6434,2024-04-30,2.058864939912284,0.84,150,3.608417015684361,1.2201103093714036,91.64883422851562,1816805236.8306274,25.000000000000004
PRESTIGE,2023-12-01,2024-06-24,1047.4459,2031.0433,8,135,rebalance_trim,93.9044,7868.7799,2023-11-30,2.1099492109688596,0.8933333333333333,150,1.7496868942925066,1.6678982271254328,1000.7872924804688,641340016.456543,17.000000000000004
ARE&M,2024-06-03,2024-06-26,1238.1867,1628.5293,19,16,rebalance_trim,31.5253,7416.5092,2024-05-31,2.071561817662364,0.86,150,2.299694608558386,2.070618125748955,1159.6456298828125,907454335.5566406,22.000000000000004
MOTHERSON,2024-06-03,2024-06-26,105.2107,126.1667,133,16,rebalance_trim,19.9182,2787.1547,2024-05-31,1.9388921363693892,0.82,150,2.3853554159391663,1.8111314924861148,99.4646987915039,1806374759.2820663,28.000000000000007
CESC,2024-06-03,2024-06-27,142.6881,158.8229,118,17,rebalance_trim,11.3077,1903.8992,2024-05-31,2.0071899027890647,0.84,150,3.2567277811890176,1.4630186359357231,138.11691284179688,610322907.1620483,25.000000000000004
ADANIGREEN,2024-04-01,2024-07-01,1832.78,1786.7792,81,60,rebalance_exit,-2.5099,-3726.0646,2024-03-28,1.99508426988527,0.8333333333333334,150,2.930510461776333,1.9176473044187017,1835.1500244140625,1854043538.0,25.999999999999993
ADANIPOWER,2024-03-01,2024-07-01,118.5573,143.142,1048,78,rebalance_exit,20.7365,25764.7334,2024-02-29,2.4686920596110022,0.9266666666666666,150,5.166581758072263,1.5391085578150634,109.98999786376953,866695784.9340439,12.000000000000004
BDL,2024-04-01,2024-07-01,931.0297,1583.4928,98,60,rebalance_exit,70.0797,63941.3893,2024-03-28,1.9865503086961627,0.82,150,2.631645844689316,2.064248990422689,864.5208740234375,1366647308.6391602,28.000000000000007
COLPAL,2023-09-01,2024-07-01,2048.4608,2720.6361,57,200,rebalance_exit,32.8137,38313.9917,2023-08-31,2.3388651032475787,0.9266666666666666,150,1.6500772934410792,2.0730841922523378,1819.8143310546875,615693544.1455078,12.000000000000004
EXIDEIND,2024-06-03,2024-07-01,509.0543,561.1925,286,19,rebalance_exit,10.2422,14911.512,2024-05-31,2.5743773188251167,0.96,150,4.01629487141362,1.9800157280927857,483.9068298339844,1514247378.2267761,7.000000000000005
GPPL,2024-05-02,2024-07-01,191.8351,190.6164,828,40,rebalance_exit,-0.6353,-1009.1188,2024-04-30,1.964987275379823,0.82,150,2.584106046881628,1.6067103454517888,191.64100646972656,1220300791.5771484,28.000000000000007
INDHOTEL,2024-05-02,2024-07-01,573.6047,619.3873,252,40,rebalance_exit,7.9816,11537.2226,2024-04-30,2.1452540475106607,0.8733333333333333,150,2.9172634280815597,1.7309433037861728,570.792236328125,1905299463.1019287,20.000000000000007
LICHSGFIN,2024-03-01,2024-07-01,632.0599,774.6808,217,78,rebalance_exit,22.5645,30948.7372,2024-02-29,1.982283252755939,0.8533333333333334,150,2.933387712490235,1.8965881589728095,628.3385009765625,1171026665.3476562,22.999999999999993
MCX,2024-06-03,2024-07-01,749.4607,782.5485,211,19,rebalance_exit,4.4149,6981.5217,2024-05-31,2.3598687851690556,0.92,150,5.129764926200418,1.0474599547359495,722.5548706054688,1869450149.1619873,12.999999999999995
MOTHERSON,2024-06-03,2024-07-01,105.2107,127.0463,1252,19,rebalance_exit,20.7542,27338.2453,2024-05-31,1.9388921363693892,0.82,150,2.3853554159391663,1.8111314924861148,99.4646987915039,1806374759.2820663,28.000000000000007
NBCC,2024-05-02,2024-07-01,91.8532,102.7631,1453,40,rebalance_exit,11.8776,15852.1994,2024-04-30,2.058864939912284,0.84,150,3.608417015684361,1.2201103093714036,91.64883422851562,1816805236.8306274,25.000000000000004
SIEMENS,2024-05-02,2024-07-01,3423.1923,4510.8755,34,40,rebalance_exit,31.7739,36981.2273,2024-04-30,2.287511778318736,0.9066666666666666,150,2.5088251216202653,2.185086403484091,3417.03955078125,1188835662.1601562,15.000000000000007
SUNDARMFIN,2024-06-03,2024-07-01,4429.6448,4601.973,32,19,rebalance_exit,3.8903,5514.5006,2024-05-31,2.1891617500397103,0.88,150,3.3131719890499554,1.727413237193954,4228.90625,974225646.125,19.0
BOSCHLTD,2024-04-01,2024-07-02,30235.3525,33773.2388,1,61,rebalance_trim,11.7012,3537.8862,2024-03-28,2.453834031622028,0.9133333333333333,150,3.1680149986698853,2.5923589427810434,29485.85546875,837791870.0488281,14.0
SOLARINDS,2024-05-02,2024-07-04,9086.378,11971.2423,2,43,rebalance_trim,31.7493,5769.7286,2024-04-30,2.5786363050318313,0.92,150,3.8787010996777003,1.9444856784589128,8956.1474609375,950090350.875,12.999999999999995
BEML,2024-07-01,2024-07-08,2199.9588,2561.4999,9,5,rebalance_trim,16.434,3253.8699,2024-06-28,2.168363240394068,0.88,150,3.132240856896951,1.2917997680761955,2190.10693359375,1886769045.2050781,19.0
CESC,2024-06-03,2024-07-10,143.649,171.9487,90,26,rebalance_trim,19.7006,2546.9762,2024-05-31,2.0071899027890647,0.84,150,3.2567277811890176,1.4630186359357231,138.11691284179688,610322907.1620483,25.000000000000004
GLENMARK,2024-07-01,2024-07-11,1230.4355,1384.1129,11,8,rebalance_trim,12.4897,1690.4514,2024-06-28,2.0841700658653153,0.8466666666666667,150,2.532398834359845,1.4858704220416534,1225.7335205078125,704189333.8653564,24.0
BOSCHLTD,2024-04-01,2024-07-12,31024.3392,34939.5193,1,69,rebalance_trim,12.6197,3915.1801,2024-03-28,2.453834031622028,0.9133333333333333,150,3.1680149986698853,2.5923589427810434,29485.85546875,837791870.0488281,14.0
ENGINERSIN,2024-07-01,2024-07-12,241.7843,280.2682,75,9,rebalance_trim,15.9166,2886.2898,2024-06-28,1.8689698909690202,0.8066666666666666,150,2.3608673874364294,1.2519449412967343,241.19590759277344,1827620907.6381226,30.000000000000004
IOB,2024-06-03,2024-07-16,70.6782,68.6263,236,30,rebalance_trim,-2.9031,-484.2428,2024-05-31,1.9345995154845053,0.8066666666666666,150,3.3028083330978872,1.3214552712744871,68.9000015258789,852415466.9580231,30.000000000000004
BOSCHLTD,2024-04-01,2024-07-19,31751.7352,34666.15,1,73,rebalance_trim,9.1788,2914.4149,2024-03-28,2.453834031622028,0.9133333333333333,150,3.1680149986698853,2.5923589427810434,29485.85546875,837791870.0488281,14.0
KALYANKJIL,2023-08-01,2024-07-22,243.7221,527.7133,39,236,rebalance_trim,116.5225,11075.6556,2023-07-31,1.7843127395544416,0.8333333333333334,150,2.4587095229083444,0.4592424057481407,173.29087829589844,423197569.7817993,25.999999999999993
SUZLON,2024-05-02,2024-07-24,42.9233,59.5926,367,56,rebalance_trim,38.8351,6117.6281,2024-04-30,2.688201813150459,0.9266666666666666,150,7.2341912264297585,0.34754718475882695,41.599998474121094,1533955469.25,12.000000000000004
KALYANKJIL,2023-08-01,2024-07-25,243.7221,585.9067,26,239,rebalance_trim,140.3995,8896.7988,2023-07-31,1.7843127395544416,0.8333333333333334,150,2.4587095229083444,0.4592424057481407,173.29087829589844,423197569.7817993,25.999999999999993
BOSCHLTD,2024-04-01,2024-07-26,32136.9005,34224.0114,1,78,rebalance_trim,6.4944,2087.1108,2024-03-28,2.453834031622028,0.9133333333333333,150,3.1680149986698853,2.5923589427810434,29485.85546875,837791870.0488281,14.0
APARINDS,2024-06-03,2024-07-31,8096.983,8865.5257,2,40,rebalance_trim,9.4917,1537.0853,2024-05-31,2.2762803535654896,0.9,150,4.821054737458716,1.0748032976810906,7813.08740234375,783329218.2324219,15.999999999999996
SUZLON,2024-05-02,2024-07-31,42.9233,69.9838,320,61,rebalance_trim,63.044,8659.3776,2024-04-30,2.688201813150459,0.9266666666666666,150,7.2341912264297585,0.34754718475882695,41.599998474121094,1533955469.25,12.000000000000004
TATAMTRDVR,2023-08-01,2024-07-31,458.1089,792.6711,22,243,rebalance_trim,73.0312,7360.369,2023-07-31,1.8001417282984304,0.84,150,1.1042753994024173,1.243602179126593,414.3,841639071.5999999,25.000000000000004
TORNTPOWER,2024-05-02,2024-07-31,1448.1438,1649.5993,10,61,rebalance_trim,13.9113,2014.5547,2024-04-30,3.1051938721534884,0.96,150,4.456110177073992,2.517281899419503,1455.5687255859375,1157466041.1834717,7.000000000000005
ABREL,2024-07-01,2024-08-01,2247.9812,2338.6827,74,22,rebalance_exit,4.0348,6711.9166,2024-06-28,2.70512214284509,0.9666666666666667,150,3.8554215653696766,1.7169360114445442,2308.085693359375,636127331.585083,5.999999999999999
AEGISLOG,2024-07-01,2024-08-01,870.3425,818.4102,193,22,rebalance_exit,-5.9669,-10022.9353,2024-06-28,2.442807611183849,0.94,150,2.306178544997874,2.1502334266113574,863.6822509765625,620258802.9838867,10.000000000000007
BEML,2024-07-01,2024-08-01,2206.9735,2256.0904,74,22,rebalance_exit,2.2255,3634.6464,2024-06-28,2.168363240394068,0.88,150,3.132240856896951,1.2917997680761955,2190.10693359375,1886769045.2050781,19.0
CUMMINSIND,2024-04-01,2024-08-01,3019.453,3765.573,48,82,rebalance_exit,24.7104,35813.7597,2024-03-28,2.0703556387544633,0.8533333333333334,150,2.543103536367941,2.2588170620492467,2930.10986328125,1243126058.4521484,22.999999999999993
ENGINERSIN,2024-07-01,2024-08-01,242.1122,252.4334,702,22,rebalance_exit,4.263,7245.4417,2024-06-28,1.8689698909690202,0.8066666666666666,150,2.3608673874364294,1.2519449412967343,241.19590759277344,1827620907.6381226,30.000000000000004
HDFCAMC,2024-01-01,2024-08-01,1601.8484,1984.2258,89,142,rebalance_exit,23.871,34031.5914,2023-12-29,1.5978299780595906,0.8133333333333334,150,1.1948906006867068,1.5830938602934541,1512.471435546875,1171715831.456787,28.999999999999996
IRB,2024-03-01,2024-08-01,30.9337,32.8029,5221,100,rebalance_exit,6.0426,9759.1718,2024-02-29,2.4830692548646036,0.9333333333333333,150,2.675148322434142,2.9057404702580785,30.98789405822754,1240199325.1749802,10.999999999999998
MAHABANK,2024-07-01,2024-08-01,61.2035,62.9662,2751,22,rebalance_exit,2.8801,4849.2795,2024-06-28,2.281830614350107,0.9066666666666666,150,3.4323637028616587,1.3027340458878376,61.00874710083008,1272338698.410286,15.000000000000007
MRPL,2023-10-03,2024-08-01,143.118,214.7292,873,202,rebalance_exit,50.0365,62516.5612,2023-09-29,1.9983407760688114,0.8466666666666667,150,1.323368124032218,2.298790146838518,92.17938995361328,482367870.8143158,24.0
SUZLON,2024-05-02,2024-08-01,42.9233,69.8042,2502,62,rebalance_exit,62.6254,67255.9583,2024-04-30,2.688201813150459,0.9266666666666666,150,7.2341912264297585,0.34754718475882695,41.599998474121094,1533955469.25,12.000000000000004
SWSOLAR,2024-06-03,2024-08-01,730.6909,690.7548,251,41,rebalance_exit,-5.4655,-10023.9395,2024-05-31,2.365059419180083,0.9266666666666666,150,2.756638749683203,2.304523059634788,701.8499755859375,701923502.2258301,12.000000000000004
TORNTPOWER,2024-05-02,2024-08-01,1448.1438,1809.7076,106,62,rebalance_exit,24.9674,38325.7528,2024-04-30,3.1051938721534884,0.96,150,4.456110177073992,2.517281899419503,1455.5687255859375,1157466041.1834717,7.000000000000005
LUPIN,2023-09-01,2024-08-06,1188.285,1954.3004,13,225,rebalance_trim,64.4639,9958.2005,2023-08-31,2.3008477577442057,0.9066666666666666,150,1.8592208510374737,1.9066374426073145,1086.301513671875,851470907.6812744,15.000000000000007
UNOMINDA,2024-08-01,2024-08-06,1032.2428,968.8463,18,3,rebalance_trim,-6.1416,-1141.1369,2024-07-31,2.723879249698273,0.9666666666666667,150,3.0722036729528206,2.120664074538572,1036.2945556640625,851422968.5820923,5.999999999999999
CESC,2024-06-03,2024-08-07,145.331,165.5733,103,45,rebalance_trim,13.9284,2084.9555,2024-05-31,2.0071899027890647,0.84,150,3.2567277811890176,1.4630186359357231,138.11691284179688,610322907.1620483,25.000000000000004
POLICYBZR,2024-07-01,2024-08-07,1402.7212,1509.2794,10,26,rebalance_trim,7.5965,1065.5816,2024-06-28,1.873794711068273,0.82,150,2.052442433077595,1.4245928539218875,1397.25,2118579687.6083984,28.000000000000007
TVSMOTOR,2024-08-01,2024-08-07,2517.2855,2511.2113,6,4,rebalance_trim,-0.2413,-36.445,2024-07-31,1.7577062736259756,0.8133333333333334,150,3.125509700238844,0.7672050328751202,2511.7685546875,2021700593.3100586,28.999999999999996
ZYDUSLIFE,2024-04-01,2024-08-07,1011.4126,1231.0534,12,86,rebalance_trim,21.7162,2635.6897,2024-03-28,2.8195454828638375,0.9666666666666667,150,4.598804438386862,2.4592077742369565,993.4633178710938,871062560.0665283,5.999999999999999
TEJASNET,2024-08-01,2024-08-08,1252.7568,1293.013,13,5,rebalance_trim,3.2134,523.3313,2024-07-31,1.8993242070138558,0.84,150,1.3155463085430836,1.897397052348906,1236.007080078125,815063138.3664551,25.000000000000004
GLENMARK,2024-07-01,2024-08-13,1230.4355,1501.4444,10,30,rebalance_trim,22.0254,2710.089,2024-06-28,2.0841700658653153,0.8466666666666667,150,2.532398834359845,1.4858704220416534,1225.7335205078125,704189333.8653564,24.0
LODHA,2024-05-02,2024-08-14,1264.6887,1310.9947,12,71,rebalance_trim,3.6615,555.6721,2024-04-30,1.9314702248368956,0.8133333333333334,150,3.5891945903839395,1.0176249094175156,1232.367431640625,896546904.0429688,28.999999999999996
PRESTIGE,2023-12-01,2024-08-16,1242.7601,1797.9566,9,172,rebalance_trim,44.6745,4996.7681,2023-11-30,2.1099492109688596,0.8933333333333333,150,1.7496868942925066,1.6678982271254328,1000.7872924804688,641340016.456543,17.000000000000004
UNOMINDA,2024-08-01,2024-08-16,1032.2428,1110.9438,19,10,rebalance_trim,7.6243,1495.3187,2024-07-31,2.723879249698273,0.9666666666666667,150,3.0722036729528206,2.120664074538572,1036.2945556640625,851422968.5820923,5.999999999999999
MCX,2024-08-01,2024-08-19,862.7228,919.6055,20,11,rebalance_trim,6.5934,1137.6532,2024-07-31,1.7543644082726506,0.8066666666666666,150,3.32369065931949,0.6601488573078033,853.5513916015625,2040271633.3276367,30.000000000000004
JSL,2024-05-02,2024-08-21,716.9024,732.6971,22,75,rebalance_trim,2.2032,347.4835,2024-04-30,2.3550301104927134,0.9133333333333333,150,4.370139901827221,1.3105078124089653,701.2350463867188,1136102998.9368286,14.0
VOLTAS,2024-08-01,2024-08-21,1529.4043,1637.7066,10,13,rebalance_trim,7.0813,1083.0232,2024-07-31,2.2471580550798116,0.9,150,2.978827471819612,1.5147312365347427,1524.2760009765625,1832290611.9178467,15.999999999999996
KALYANKJIL,2023-08-01,2024-08-23,272.313,602.1493,26,259,rebalance_trim,121.124,8575.7455,2023-07-31,1.7843127395544416,0.8333333333333334,150,2.4587095229083444,0.4592424057481407,173.29087829589844,423197569.7817993,25.999999999999993
POLICYBZR,2024-07-01,2024-08-27,1402.7212,1799.8057,10,39,rebalance_trim,28.3082,3970.8451,2024-06-28,1.873794711068273,0.82,150,2.052442433077595,1.4245928539218875,1397.25,2118579687.6083984,28.000000000000007
CESC,2024-06-03,2024-08-28,145.331,195.8565,85,59,rebalance_trim,34.7658,4294.668,2024-05-31,2.0071899027890647,0.84,150,3.2567277811890176,1.4630186359357231,138.11691284179688,610322907.1620483,25.000000000000004
BSE,2024-08-01,2024-08-30,869.1592,941.6606,18,20,rebalance_trim,8.3416,1305.025,2024-07-31,2.2082812164903247,0.8933333333333333,150,4.959146127484517,0.43745000541114154,849.4708251953125,1981174064.2573242,17.000000000000004
HINDZINC,2024-07-01,2024-09-02,587.5884,482.5119,385,43,rebalance_exit,-17.8827,-40454.4547,2024-06-28,3.4410709247604983,0.9933333333333333,150,3.3601683843855477,3.0968910009709623,621.7999267578125,1200109878.203247,2.000000000000006
IOB,2024-06-03,2024-09-02,70.0722,60.6771,2759,62,rebalance_exit,-13.4078,-25921.2637,2024-05-31,1.9345995154845053,0.8066666666666666,150,3.3028083330978872,1.3214552712744871,68.9000015258789,852415466.9580231,30.000000000000004
JINDALSTEL,2024-08-01,2024-09-02,993.7381,971.3187,182,21,rebalance_exit,-2.2561,-4080.3189,2024-07-31,1.9555892527658307,0.8533333333333334,150,2.0230769532487547,1.6087797248412647,984.2334594726562,1861677619.8207397,22.999999999999993
JSL,2024-05-02,2024-09-02,716.9024,787.7102,242,83,rebalance_exit,9.8769,17135.4867,2024-04-30,2.3550301104927134,0.9133333333333333,150,4.370139901827221,1.3105078124089653,701.2350463867188,1136102998.9368286,14.0
LICHSGFIN,2024-08-01,2024-09-02,734.2051,661.7328,275,21,rebalance_exit,-9.8709,-19929.8815,2024-07-31,2.266840520043335,0.9066666666666666,150,3.399927945731047,1.3240105560176771,744.0276489257812,1661253537.3277588,15.000000000000007
LODHA,2024-05-02,2024-09-02,1262.7437,1247.5316,144,83,rebalance_exit,-1.2047,-2190.5437,2024-04-30,1.9314702248368956,0.8133333333333334,150,3.5891945903839395,1.0176249094175156,1232.367431640625,896546904.0429688,28.999999999999996
LUPIN,2023-09-01,2024-09-02,1188.285,2239.0133,86,243,rebalance_exit,88.4239,90362.6341,2023-08-31,2.3008477577442057,0.9066666666666666,150,1.8592208510374737,1.9066374426073145,1086.301513671875,851470907.6812744,15.000000000000007
MCX,2024-08-01,2024-09-02,862.7228,1034.7747,190,21,rebalance_exit,19.9429,32689.8465,2024-07-31,1.7543644082726506,0.8066666666666666,150,3.32369065931949,0.6601488573078033,853.5513916015625,2040271633.3276367,30.000000000000004
OFSS,2024-03-01,2024-09-02,7108.9833,10068.3142,18,121,rebalance_exit,41.628,53267.9557,2024-02-29,1.9399441103918866,0.8266666666666667,150,3.085747657991079,1.7409793987545745,6899.9521484375,1116850820.8535156,27.0
PHOENIXLTD,2024-04-01,2024-09-02,1435.9415,1885.5692,101,103,rebalance_exit,31.3124,45412.3973,2024-03-28,2.0377005973482447,0.8466666666666667,150,3.60891070100329,1.6255649357540316,1387.1806640625,1376910774.9770508,24.0
POWERINDIA,2024-07-01,2024-09-02,12933.5892,12074.1129,14,43,rebalance_exit,-6.6453,-12032.6673,2024-06-28,3.145004689884131,0.9866666666666667,150,3.628152209408939,2.504891874041209,12903.3173828125,847821153.1171875,2.9999999999999964
PRESTIGE,2023-12-01,2024-09-02,1291.895,1782.7162,107,183,rebalance_exit,37.9923,52517.8724,2023-11-30,2.1099492109688596,0.8933333333333333,150,1.7496868942925066,1.6678982271254328,1000.7872924804688,641340016.456543,17.000000000000004
TEJASNET,2024-08-01,2024-09-02,1249.177,1332.7982,145,21,rebalance_exit,6.6941,12125.0723,2024-07-31,1.8993242070138558,0.84,150,1.3155463085430836,1.897397052348906,1236.007080078125,815063138.3664551,25.000000000000004
THERMAX,2024-06-03,2024-09-02,5354.3203,4367.7723,38,62,rebalance_exit,-18.4253,-37488.8256,2024-05-31,2.4653876853802714,0.94,150,3.137673159902658,2.266178786661577,5370.71826171875,751390814.5151367,10.000000000000007
TATAMTRDVR,2023-08-01,2024-09-12,478.5291,767.6508,238,273,stale,60.4188,68810.9625,2023-07-31,1.8001417282984304,0.84,150,1.1042753994024173,1.243602179126593,414.3,841639071.5999999,25.000000000000004
APARINDS,2024-06-03,2024-09-12,8110.3257,9920.2786,2,70,rebalance_trim,22.3166,3619.9059,2024-05-31,2.2762803535654896,0.9,150,4.821054737458716,1.0748032976810906,7813.08740234375,783329218.2324219,15.999999999999996
KALYANKJIL,2023-08-01,2024-09-13,272.313,694.6116,28,274,rebalance_trim,155.0784,11824.363,2023-07-31,1.7843127395544416,0.8333333333333334,150,2.4587095229083444,0.4592424057481407,173.29087829589844,423197569.7817993,25.999999999999993
KAYNES,2024-09-02,2024-09-13,4800.4282,5250.5354,3,9,rebalance_trim,9.3764,1350.3218,2024-08-30,2.0587693408059344,0.9066666666666666,150,3.098539011952029,1.1065846020106407,4753.7998046875,950618445.0,15.000000000000007
VOLTAS,2024-08-01,2024-09-16,1529.4043,1909.8331,10,31,rebalance_trim,24.8743,3804.2886,2024-07-31,2.2471580550798116,0.9,150,2.978827471819612,1.5147312365347427,1524.2760009765625,1832290611.9178467,15.999999999999996
BSE,2024-08-01,2024-09-17,869.1592,1134.371,25,32,rebalance_trim,30.5136,6630.2941,2024-07-31,2.2082812164903247,0.8933333333333333,150,4.959146127484517,0.43745000541114154,849.4708251953125,1981174064.2573242,17.000000000000004
BSE,2024-08-01,2024-09-19,869.1592,1292.2541,21,34,rebalance_trim,48.6786,8884.9936,2024-07-31,2.2082812164903247,0.8933333333333333,150,4.959146127484517,0.43745000541114154,849.4708251953125,1981174064.2573242,17.000000000000004
ESCORTS,2024-07-01,2024-09-24,4011.1462,4204.2905,4,59,rebalance_trim,4.8152,772.5773,2024-06-28,1.9267907258966763,0.8333333333333334,150,2.8491144004228004,1.0777625511745679,4072.11962890625,879658935.1298828,25.999999999999993
CGPOWER,2024-08-01,2024-09-25,734.7337,778.2713,21,38,rebalance_trim,5.9256,914.2903,2024-07-31,1.950199080559067,0.8466666666666667,150,1.9486056381756733,1.6398883137269595,732.920654296875,1583796184.8151245,24.0
DEEPAKFERT,2024-09-02,2024-09-25,1029.7919,1064.4447,16,17,rebalance_trim,3.365,554.4451,2024-08-30,2.0495795049861756,0.9,150,1.6820512986617602,1.8097759277914804,1030.425048828125,1390056256.3613281,15.999999999999996
GODREJPROP,2024-03-01,2024-09-26,2523.9127,3326.5536,6,139,rebalance_trim,31.8015,4815.8455,2024-02-29,1.9168231338915236,0.8133333333333334,150,3.3607682649740016,1.5527076458523876,2398.050048828125,1428759718.5056152,28.999999999999996
UNOMINDA,2024-08-01,2024-09-26,1031.338,1159.6346,15,39,rebalance_trim,12.4398,1924.4486,2024-07-31,2.723879249698273,0.9666666666666667,150,3.0722036729528206,2.120664074538572,1036.2945556640625,851422968.5820923,5.999999999999999
APARINDS,2024-06-03,2024-10-01,8242.4194,9427.0922,20,83,rebalance_exit,14.3729,23693.4547,2024-05-31,2.2762803535654896,0.9,150,4.821054737458716,1.0748032976810906,7813.08740234375,783329218.2324219,15.999999999999996
BHARATFORG,2024-08-01,2024-10-01,1696.3187,1504.0568,127,42,rebalance_exit,-11.3341,-24417.262,2024-07-31,1.8681975578924541,0.8266666666666667,150,2.707131837977457,1.135157815928483,1719.5406494140625,1844392984.2346191,27.0
BOSCHLTD,2024-04-01,2024-10-01,32608.8477,37128.2371,5,124,rebalance_exit,13.8594,22596.9469,2024-03-28,2.453834031622028,0.9133333333333333,150,3.1680149986698853,2.5923589427810434,29485.85546875,837791870.0488281,14.0
BSE,2024-08-01,2024-10-01,901.2153,1242.1694,161,42,rebalance_exit,37.8327,54893.6167,2024-07-31,2.2082812164903247,0.8933333333333333,150,4.959146127484517,0.43745000541114154,849.4708251953125,1981174064.2573242,17.000000000000004
CGPOWER,2024-08-01,2024-10-01,734.7337,758.4902,248,42,rebalance_exit,3.2334,5891.6205,2024-07-31,1.950199080559067,0.8466666666666667,150,1.9486056381756733,1.6398883137269595,732.920654296875,1583796184.8151245,24.0
COROMANDEL,2024-09-02,2024-10-01,1733.3944,1653.8193,117,21,rebalance_exit,-4.5907,-9310.2801,2024-08-30,2.3050494727590367,0.9466666666666667,150,2.082504499246457,1.9326035280589875,1739.14599609375,727017221.4814453,9.000000000000002
GODREJPROP,2024-03-01,2024-10-01,2523.9127,3164.2961,57,142,rebalance_exit,25.3726,36501.8515,2024-02-29,1.9168231338915236,0.8133333333333334,150,3.3607682649740016,1.5527076458523876,2398.050048828125,1428759718.5056152,28.999999999999996
GRASIM,2024-08-01,2024-10-01,2757.0132,2778.9135,72,42,rebalance_exit,0.7943,1576.8206,2024-07-31,2.0953098221637805,0.88,150,2.5288306449764963,1.539019343601585,2756.09423828125,1999286819.578125,19.0
KALYANKJIL,2023-08-01,2024-10-01,272.313,727.6552,270,286,rebalance_exit,167.2128,122942.3955,2023-07-31,1.7843127395544416,0.8333333333333334,150,2.4587095229083444,0.4592424057481407,173.29087829589844,423197569.7817993,25.999999999999993
NAUKRI,2024-09-02,2024-10-01,1526.4788,1613.0556,10,21,rebalance_trim,5.6717,865.7684,2024-08-30,1.7450482997795713,0.8066666666666666,150,2.341784126858452,1.0894879616052027,1523.5068359375,1716758197.0367432,30.000000000000004
NCC,2024-07-01,2024-10-01,310.7563,298.2312,652,64,rebalance_exit,-4.0305,-8166.3486,2024-06-28,2.132103372545693,0.86,150,2.665436783297088,1.4871370274261624,311.1688537597656,1501568953.017273,22.000000000000004
SUNTV,2024-09-02,2024-10-01,794.2371,800.2185,233,21,rebalance_exit,0.7531,1393.674,2024-08-30,1.915411678384367,0.88,150,2.129713250035912,1.413200747355332,792.2312622070312,855125157.0822754,19.0
VOLTAS,2024-08-01,2024-10-01,1529.4043,1825.7213,98,42,rebalance_exit,19.3747,29039.0678,2024-07-31,2.2471580550798116,0.9,150,2.978827471819612,1.5147312365347427,1524.2760009765625,1832290611.9178467,15.999999999999996
ZYDUSLIFE,2024-04-01,2024-10-01,1038.3256,1057.0144,184,124,rebalance_exit,1.7999,3438.7471,2024-03-28,2.8195454828638375,0.9666666666666667,150,4.598804438386862,2.4592077742369565,993.4633178710938,871062560.0665283,5.999999999999999
DEEPAKFERT,2024-09-02,2024-10-03,1029.7919,1089.0736,16,22,rebalance_trim,5.7567,948.5068,2024-08-30,2.0495795049861756,0.9,150,1.6820512986617602,1.8097759277914804,1030.425048828125,1390056256.3613281,15.999999999999996
GRANULES,2024-09-02,2024-10-04,684.1546,592.1192,33,23,rebalance_trim,-13.4524,-3037.1677,2024-08-30,2.345651029316512,0.9533333333333334,150,3.6857048256506206,1.175133506376508,715.9113159179688,918798388.75,7.999999999999995
GLENMARK,2024-07-01,2024-10-07,1230.4355,1663.8622,10,67,rebalance_trim,35.2255,4334.2671,2024-06-28,2.0841700658653153,0.8466666666666667,150,2.532398834359845,1.4858704220416534,1225.7335205078125,704189333.8653564,24.0
AUROPHARMA,2024-09-02,2024-10-08,1568.3624,1444.9615,11,25,rebalance_trim,-7.8681,-1357.4105,2024-08-30,1.8988700231836095,0.8666666666666667,150,2.3517142241438216,1.2801210311473086,1563.5308837890625,1711705988.098755,20.999999999999996
POLICYBZR,2024-07-01,2024-10-08,1437.2619,1671.9861,10,68,rebalance_trim,16.3313,2347.2421,2024-06-28,1.873794711068273,0.82,150,2.052442433077595,1.4245928539218875,1397.25,2118579687.6083984,28.000000000000007
GESHIP,2024-09-02,2024-10-09,1269.9085,1219.8451,15,26,rebalance_trim,-3.9423,-750.951,2024-08-30,1.906969368023833,0.8733333333333333,150,2.1859460953169867,1.374083177522862,1268.2235107421875,1134444444.0058594,20.000000000000007
EXIDEIND,2024-09-02,2024-10-10,491.3124,523.3087,37,27,rebalance_trim,6.5124,1183.8624,2024-08-30,2.226560364796719,0.9266666666666666,150,2.6028125175711927,1.5701823062588853,490.3298034667969,2055037361.4938965,12.000000000000004
CAMS,2024-09-02,2024-10-11,839.1259,878.3924,20,28,rebalance_trim,4.6795,785.3308,2024-08-30,1.8129644396050195,0.8333333333333334,150,2.055108597639519,1.3205507445528826,830.0693359375,1135591433.461914,25.999999999999993
KAYNES,2024-09-02,2024-10-11,4800.4282,5553.9884,3,28,rebalance_trim,15.6978,2260.6808,2024-08-30,2.0587693408059344,0.9066666666666666,150,3.098539011952029,1.1065846020106407,4753.7998046875,950618445.0,15.000000000000007
PERSISTENT,2024-10-01,2024-10-15,5417.196,5625.5551,3,9,rebalance_trim,3.8463,625.0774,2024-09-30,1.7285826157800965,0.8066666666666666,150,2.5939600110296444,0.9409426305529319,5398.43017578125,2012963973.9648438,30.000000000000004
FSL,2024-10-01,2024-10-24,302.9667,328.4958,47,16,rebalance_trim,8.4264,1199.8685,2024-09-30,1.868696163789111,0.8333333333333334,150,2.1212311038291514,1.38402435473533,301.1638488769531,1513797783.0471497,25.999999999999993
PPLPHARMA,2024-10-01,2024-10-25,230.1431,249.8874,108,17,rebalance_trim,8.5791,2132.3784,2024-09-30,2.214008466889962,0.9133333333333333,150,2.443202583932708,1.6630665242808618,228.86170959472656,775626442.09729,14.0
DEEPAKFERT,2024-09-02,2024-10-28,1029.7919,1143.7329,18,39,rebalance_trim,11.0645,2050.9385,2024-08-30,2.0495795049861756,0.9,150,1.6820512986617602,1.8097759277914804,1030.425048828125,1390056256.3613281,15.999999999999996
FSL,2024-10-01,2024-10-29,302.9667,356.9493,47,19,rebalance_trim,17.818,2537.1847,2024-09-30,1.868696163789111,0.8333333333333334,150,2.1212311038291514,1.38402435473533,301.1638488769531,1513797783.0471497,25.999999999999993
DEEPAKFERT,2024-09-02,2024-10-30,1029.7919,1313.2116,17,41,rebalance_trim,27.522,4818.1343,2024-08-30,2.0495795049861756,0.9,150,1.6820512986617602,1.8097759277914804,1030.425048828125,1390056256.3613281,15.999999999999996
ARE&M,2024-06-03,2024-11-01,1306.4546,1380.7008,16,105,rebalance_trim,5.683,1187.939,2024-05-31,2.071561817662364,0.86,150,2.299694608558386,2.070618125748955,1159.6456298828125,907454335.5566406,22.000000000000004
BDL,2024-10-01,2024-11-01,1150.5734,1080.7684,157,22,rebalance_exit,-6.067,-10959.379,2024-09-30,2.056804999611902,0.8666666666666667,150,3.126078253463892,1.0825779419323653,1151.4566650390625,1537482487.5999756,20.999999999999996
CESC,2024-06-03,2024-11-01,149.0697,177.3772,105,105,rebalance_trim,18.9895,2972.2925,2024-05-31,2.0071899027890647,0.84,150,3.2567277811890176,1.4630186359357231,138.11691284179688,610322907.1620483,25.000000000000004
DEEPAKFERT,2024-09-02,2024-11-01,1046.0091,1246.8077,14,43,rebalance_trim,19.1966,2811.181,2024-08-30,2.0495795049861756,0.9,150,1.6820512986617602,1.8097759277914804,1030.425048828125,1390056256.3613281,15.999999999999996
ESCORTS,2024-07-01,2024-11-01,4011.1462,3741.5235,45,86,rebalance_exit,-6.7218,-12133.02,2024-06-28,1.9267907258966763,0.8333333333333334,150,2.8491144004228004,1.0777625511745679,4072.11962890625,879658935.1298828,25.999999999999993
EXIDEIND,2024-09-02,2024-11-01,487.4374,455.636,376,43,rebalance_exit,-6.5242,-11957.3059,2024-08-30,2.226560364796719,0.9266666666666666,150,2.6028125175711927,1.5701823062588853,490.3298034667969,2055037361.4938965,12.000000000000004
FORTIS,2024-10-01,2024-11-01,615.4797,641.9822,27,22,rebalance_trim,4.306,715.5688,2024-09-30,1.8799627801150043,0.84,150,2.459339969843787,1.2140307103640138,614.3734130859375,834925584.7807617,25.000000000000004
GESHIP,2024-09-02,2024-11-01,1269.9085,1229.6783,144,43,rebalance_exit,-3.168,-5793.1547,2024-08-30,1.906969368023833,0.8733333333333333,150,2.1859460953169867,1.374083177522862,1268.2235107421875,1134444444.0058594,20.000000000000007
GLENMARK,2024-07-01,2024-11-01,1230.4355,1687.3622,9,86,rebalance_trim,37.1354,4112.3399,2024-06-28,2.0841700658653153,0.8466666666666667,150,2.532398834359845,1.4858704220416534,1225.7335205078125,704189333.8653564,24.0
GRANULES,2024-09-02,2024-11-01,684.1546,568.1857,300,43,rebalance_exit,-16.9507,-34790.6706,2024-08-30,2.345651029316512,0.9533333333333334,150,3.6857048256506206,1.175133506376508,715.9113159179688,918798388.75,7.999999999999995
HINDZINC,2024-10-01,2024-11-01,504.4131,537.251,341,22,rebalance_exit,6.5101,11197.7149,2024-09-30,1.8328202908633064,0.8266666666666667,150,1.4765468945857658,1.6891892901469787,503.121337890625,805593785.0355835,27.0
KAYNES,2024-09-02,2024-11-01,4800.4282,5470.1396,3,43,rebalance_trim,13.9511,2009.1342,2024-08-30,2.0587693408059344,0.9066666666666666,150,3.098539011952029,1.1065846020106407,4753.7998046875,950618445.0,15.000000000000007
LALPATHLAB,2024-10-01,2024-11-01,1632.9405,1531.7094,105,22,rebalance_exit,-6.1993,-10629.2698,2024-09-30,2.0849345508947104,0.8866666666666667,150,1.70166204391287,1.8983632613472694,1626.4105224609375,666775284.7382812,17.999999999999993
MUTHOOTFIN,2024-09-02,2024-11-01,1935.3022,1918.5688,95,43,rebalance_exit,-0.8646,-1589.6716,2024-08-30,1.786225961563171,0.8266666666666667,150,1.797951767338382,1.4163254260674012,1925.798828125,974800285.2998047,27.0
PHOENIXLTD,2024-10-01,2024-11-01,1820.4743,1553.7011,109,22,rebalance_exit,-14.6541,-29078.2812,2024-09-30,1.730889578647417,0.8133333333333334,150,2.558124948381069,0.9635735088997414,1842.6923828125,1005114660.1977539,28.999999999999996
PPLPHARMA,2024-10-01,2024-11-01,230.1431,272.1827,85,22,rebalance_trim,18.2667,3573.3652,2024-09-30,2.214008466889962,0.9133333333333333,150,2.443202583932708,1.6630665242808618,228.86170959472656,775626442.09729,14.0
SOLARINDS,2024-05-02,2024-11-01,9264.6575,10357.4301,16,126,rebalance_exit,11.7951,17484.3609,2024-04-30,2.5786363050318313,0.92,150,3.8787010996777003,1.9444856784589128,8956.1474609375,950090350.875,12.999999999999995
TVSMOTOR,2024-08-01,2024-11-01,2517.2855,2501.3051,66,64,rebalance_exit,-0.6348,-1054.7073,2024-07-31,1.7577062736259756,0.8133333333333334,150,3.125509700238844,0.7672050328751202,2511.7685546875,2021700593.3100586,28.999999999999996
UNOMINDA,2024-08-01,2024-11-01,1027.1158,978.7832,16,64,rebalance_trim,-4.7057,-773.3222,2024-07-31,2.723879249698273,0.9666666666666667,150,3.0722036729528206,2.120664074538572,1036.2945556640625,851422968.5820923,5.999999999999999
CAMS,2024-09-02,2024-11-05,839.1259,884.7215,19,45,rebalance_trim,5.4337,866.3171,2024-08-30,1.8129644396050195,0.8333333333333334,150,2.055108597639519,1.3205507445528826,830.0693359375,1135591433.461914,25.999999999999993
FSL,2024-10-01,2024-11-05,305.3695,344.7757,52,24,rebalance_trim,12.9044,2049.1215,2024-09-30,1.868696163789111,0.8333333333333334,150,2.1212311038291514,1.38402435473533,301.1638488769531,1513797783.0471497,25.999999999999993
CUMMINSIND,2024-10-01,2024-11-11,3726.1816,3565.0685,5,28,rebalance_trim,-4.3238,-805.5656,2024-09-30,2.071512146752492,0.88,150,3.6468017432532376,0.8172845452018657,3729.29736328125,1962545760.328125,19.0
PERSISTENT,2024-10-01,2024-11-11,5417.196,5625.6045,3,28,rebalance_trim,3.8472,625.2254,2024-09-30,1.7285826157800965,0.8066666666666666,150,2.5939600110296444,0.9409426305529319,5398.43017578125,2012963973.9648438,30.000000000000004
PGEL,2024-11-01,2024-11-11,641.7712,699.4802,22,6,rebalance_trim,8.9922,1269.5992,2024-10-31,4.2026756071431635,1.0,150,3.6602988305345985,3.650930907492404,636.7193603515625,670598950.520813,1.0
NAUKRI,2024-09-02,2024-11-18,1526.4788,1554.394,11,53,rebalance_trim,1.8287,307.0669,2024-08-30,1.7450482997795713,0.8066666666666666,150,2.341784126858452,1.0894879616052027,1523.5068359375,1716758197.0367432,30.000000000000004
POLICYBZR,2024-07-01,2024-11-18,1437.2619,1680.8201,10,96,rebalance_trim,16.946,2435.5826,2024-06-28,1.873794711068273,0.82,150,2.052442433077595,1.4245928539218875,1397.25,2118579687.6083984,28.000000000000007
UNOMINDA,2024-08-01,2024-11-21,1027.1158,1041.0378,17,76,rebalance_trim,1.3555,236.6748,2024-07-31,2.723879249698273,0.9666666666666667,150,3.0722036729528206,2.120664074538572,1036.2945556640625,851422968.5820923,5.999999999999999
BLUESTARCO,2024-10-01,2024-11-22,2051.8316,1831.3359,8,35,rebalance_trim,-10.7463,-1763.9658,2024-09-30,1.955966379511055,0.86,150,3.106298512253859,0.9605037258312347,2053.834228515625,684132598.4765625,22.000000000000004
FORTIS,2024-10-01,2024-11-22,615.4797,683.9567,26,35,rebalance_trim,11.1258,1780.4044,2024-09-30,1.8799627801150043,0.84,150,2.459339969843787,1.2140307103640138,614.3734130859375,834925584.7807617,25.000000000000004
KAYNES,2024-09-02,2024-11-22,4800.4282,5839.4738,3,56,rebalance_trim,21.6449,3117.1369,2024-08-30,2.0587693408059344,0.9066666666666666,150,3.098539011952029,1.1065846020106407,4753.7998046875,950618445.0,15.000000000000007
KFINTECH,2024-11-01,2024-11-25,1006.7811,1071.8784,16,14,rebalance_trim,6.4659,1041.556,2024-10-31,1.9668151542271106,0.86,150,3.0475750739558003,1.0819913562596286,993.4486083984375,786020127.1962891,22.000000000000004
COCHINSHIP,2024-11-01,2024-11-27,1483.5912,1464.6144,12,16,rebalance_trim,-1.2791,-227.7224,2024-10-31,1.8634870354504995,0.84,150,3.907799344429588,0.49603610137795284,1479.7442626953125,1872343018.5388184,25.000000000000004
SIEMENS,2024-11-01,2024-11-27,4088.0887,4378.5665,4,16,rebalance_trim,7.1055,1161.911,2024-10-31,2.050337860002184,0.8733333333333333,150,3.646370110025898,0.8751194880105251,4080.71142578125,1884123349.5273438,20.000000000000007
RPOWER,2024-11-01,2024-11-28,42.1824,39.0696,464,17,rebalance_trim,-7.3794,-1444.3353,2024-10-31,2.345705255391924,0.9333333333333333,150,3.1106493226294094,1.5387577159277779,42.72999954223633,1027624227.3191414,10.999999999999998
ALKEM,2024-11-01,2024-12-02,5729.8242,5549.6026,28,19,rebalance_exit,-3.1453,-5046.2062,2024-10-31,1.7673948023172008,0.82,150,2.690906266719873,1.0116780513118857,5678.74755859375,1198360041.4672852,28.000000000000007
BRITANNIA,2024-11-01,2024-12-02,5610.299,4857.9643,32,19,rebalance_exit,-13.4099,-24074.7115,2024-10-31,2.265170332341391,0.9066666666666666,150,2.211343130391372,1.907515141119426,5652.8193359375,1692432893.0859375,15.000000000000007
COCHINSHIP,2024-11-01,2024-12-02,1483.5912,1614.5395,109,19,rebalance_exit,8.8264,14273.357,2024-10-31,1.8634870354504995,0.84,150,3.907799344429588,0.49603610137795284,1479.7442626953125,1872343018.5388184,25.000000000000004
CROMPTON,2024-09-02,2024-12-02,475.0027,405.6511,425,62,rebalance_exit,-14.6003,-29474.429,2024-08-30,2.2305489894039665,0.9333333333333333,150,1.9370266288128075,1.9112674186286691,472.8407287597656,1331623758.2771912,10.999999999999998
CUMMINSIND,2024-10-01,2024-12-02,3726.1816,3423.2482,45,41,rebalance_exit,-8.1299,-13632.0037,2024-09-30,2.071512146752492,0.88,150,3.6468017432532376,0.8172845452018657,3729.29736328125,1962545760.328125,19.0
GRAVITA,2024-11-01,2024-12-02,2151.7366,2162.1083,76,19,rebalance_exit,0.482,788.2549,2024-10-31,2.9507313316385484,0.98,150,2.541240885421458,2.620522540890344,2112.736572265625,642104775.7141113,4.000000000000003
KAYNES,2024-09-02,2024-12-02,4800.4282,6004.7257,26,62,rebalance_exit,25.0873,31311.7367,2024-08-30,2.0587693408059344,0.9066666666666666,150,3.098539011952029,1.1065846020106407,4753.7998046875,950618445.0,15.000000000000007
PERSISTENT,2024-10-01,2024-12-02,5417.196,5838.8145,28,41,rebalance_exit,7.783,11805.3185,2024-09-30,1.7285826157800965,0.8066666666666666,150,2.5939600110296444,0.9409426305529319,5398.43017578125,2012963973.9648438,30.000000000000004
SIEMENS,2024-11-01,2024-12-02,4088.0887,4422.9419,36,19,rebalance_exit,8.1909,12054.7141,2024-10-31,2.050337860002184,0.8733333333333333,150,3.646370110025898,0.8751194880105251,4080.71142578125,1884123349.5273438,20.000000000000007
UNOMINDA,2024-08-01,2024-12-02,1027.1158,1043.3729,149,83,rebalance_exit,1.5828,2422.3113,2024-07-31,2.723879249698273,0.9666666666666667,150,3.0722036729528206,2.120664074538572,1036.2945556640625,851422968.5820923,5.999999999999999
TORNTPOWER,2024-10-01,2024-12-04,1748.1596,1664.1545,12,43,rebalance_trim,-4.8053,-1008.0602,2024-09-30,1.7677437502739077,0.82,150,3.367319137203703,0.5697616766711179,1825.6068115234375,1028822551.3973389,28.000000000000007
RPOWER,2024-11-01,2024-12-06,41.8364,43.7212,369,23,rebalance_trim,4.5052,695.492,2024-10-31,2.345705255391924,0.9333333333333333,150,3.1106493226294094,1.5387577159277779,42.72999954223633,1027624227.3191414,10.999999999999998
CESC,2024-06-03,2024-12-10,151.4357,187.3247,96,130,rebalance_trim,23.6992,3445.3515,2024-05-31,2.0071899027890647,0.84,150,3.2567277811890176,1.4630186359357231,138.11691284179688,610322907.1620483,25.000000000000004
BLUESTARCO,2024-10-01,2024-12-12,2024.041,2116.9467,9,49,rebalance_trim,4.5901,836.1508,2024-09-30,1.955966379511055,0.86,150,3.106298512253859,0.9605037258312347,2053.834228515625,684132598.4765625,22.000000000000004
PGEL,2024-11-01,2024-12-16,641.7712,930.9109,32,29,rebalance_trim,45.0534,9252.4693,2024-10-31,4.2026756071431635,1.0,150,3.6602988305345985,3.650930907492404,636.7193603515625,670598950.520813,1.0
RPOWER,2024-11-01,2024-12-16,41.8364,47.6142,343,29,rebalance_trim,13.8104,1981.7807,2024-10-31,2.345705255391924,0.9333333333333333,150,3.1106493226294094,1.5387577159277779,42.72999954223633,1027624227.3191414,10.999999999999998
ANANTRAJ,2024-11-01,2024-12-20,739.7989,847.4505,23,33,rebalance_trim,14.5515,2475.9884,2024-10-31,3.4733789776189443,0.9933333333333333,150,4.572962721403058,2.227975863176516,739.9093627929688,785013497.3613281,2.000000000000006
KFINTECH,2024-11-01,2024-12-20,1006.7811,1393.1445,12,33,rebalance_trim,38.3761,4636.3603,2024-10-31,1.9668151542271106,0.86,150,3.0475750739558003,1.0819913562596286,993.4486083984375,786020127.1962891,22.000000000000004
KFINTECH,2024-11-01,2024-12-27,1006.7811,1536.7723,15,37,rebalance_trim,52.6421,7949.8673,2024-10-31,1.9668151542271106,0.86,150,3.0475750739558003,1.0819913562596286,993.4486083984375,786020127.1962891,22.000000000000004
HSCL,2024-11-01,2024-12-30,562.3134,578.9844,29,38,rebalance_trim,2.9647,483.4606,2024-10-31,2.849089906124759,0.9666666666666667,150,3.7327442934874226,1.8625470079692361,571.5503540039062,1045572209.0428467,5.999999999999999
PGEL,2024-11-01,2024-12-30,641.7712,1000.7542,16,38,rebalance_trim,55.9363,5743.7273,2024-10-31,4.2026756071431635,1.0,150,3.6602988305345985,3.650930907492404,636.7193603515625,670598950.520813,1.0
ABREL,2024-12-02,2025-01-01,2732.4675,2497.6363,72,21,rebalance_exit,-8.5941,-16907.8506,2024-11-29,1.8544464428941994,0.8666666666666667,150,2.5286947939449185,0.5411752334018923,2750.3330078125,613156864.5373535,20.999999999999996
ARE&M,2024-06-03,2025-01-01,1298.5177,1187.4681,145,145,rebalance_exit,-8.552,-16102.192,2024-05-31,2.071561817662364,0.86,150,2.299694608558386,2.070618125748955,1159.6456298828125,907454335.5566406,22.000000000000004
AUROPHARMA,2024-09-02,2025-01-01,1508.2581,1327.4651,146,83,rebalance_exit,-11.9869,-26395.7731,2024-08-30,1.8988700231836095,0.8666666666666667,150,2.3517142241438216,1.2801210311473086,1563.5308837890625,1711705988.098755,20.999999999999996
BALRAMCHIN,2024-10-01,2025-01-01,615.4045,520.2195,341,62,rebalance_exit,-15.4671,-32458.0983,2024-09-30,1.8856630578927298,0.8466666666666667,150,1.1404531514673282,1.9425662126416445,640.2738647460938,1166842298.2071533,24.0
CESC,2024-06-03,2025-01-01,151.4357,174.3208,1002,145,rebalance_exit,15.1121,22930.8743,2024-05-31,2.0071899027890647,0.84,150,3.2567277811890176,1.4630186359357231,138.11691284179688,610322907.1620483,25.000000000000004
COLPAL,2024-09-02,2025-01-01,3325.7453,2600.8922,70,83,rebalance_exit,-21.7952,-50739.7176,2024-08-30,2.4888717696899225,0.98,150,3.255909377432292,1.5742060641331912,3493.63427734375,1080411025.152832,4.000000000000003
ICICIGI,2024-10-01,2025-01-01,2104.7762,1761.518,97,62,rebalance_exit,-16.3085,-33296.0395,2024-09-30,1.8911942190046382,0.8533333333333334,150,2.3726568585951635,1.2762206533146983,2144.976318359375,1569572171.474121,22.999999999999993
ICICIPRULI,2024-12-02,2025-01-01,683.3339,652.6848,290,21,rebalance_exit,-4.4852,-8888.253,2024-11-29,2.090211205441552,0.9133333333333333,150,1.5073085325035878,1.4465005319298445,696.3075561523438,754082241.5709839,14.0
NAUKRI,2024-09-02,2025-01-01,1542.6006,1723.3496,111,83,rebalance_exit,11.7172,20063.1407,2024-08-30,1.7450482997795713,0.8066666666666666,150,2.341784126858452,1.0894879616052027,1523.5068359375,1716758197.0367432,30.000000000000004
POLICYBZR,2024-07-01,2025-01-01,1437.2619,2099.216,92,126,rebalance_exit,46.0566,60899.7758,2024-06-28,1.873794711068273,0.82,150,2.052442433077595,1.4245928539218875,1397.25,2118579687.6083984,28.000000000000007
SIGNATURE,2024-11-01,2025-01-01,1360.5979,1357.5529,147,40,rebalance_exit,-0.2238,-447.6226,2024-10-31,2.450014680524598,0.9466666666666667,150,4.932768116724727,0.715486625934106,1363.1500244140625,780350484.4442139,9.000000000000002
TORNTPOWER,2024-10-01,2025-01-01,1692.1996,1440.0032,135,62,rebalance_exit,-14.9035,-34046.5081,2024-09-30,1.7677437502739077,0.82,150,3.367319137203703,0.5697616766711179,1825.6068115234375,1028822551.3973389,28.000000000000007
APARINDS,2025-01-01,2025-01-07,10275.7404,11093.356,2,4,rebalance_trim,7.9568,1635.231,2024-12-31,1.909289268679006,0.8733333333333333,150,2.2418404615474343,0.4992259736516649,10256.873046875,756569829.8144531,20.000000000000007
BOSCHLTD,2024-11-01,2025-01-09,34449.5222,32519.213,1,46,rebalance_trim,-5.6033,-1930.3092,2024-10-31,2.304649242947888,0.92,150,3.665430559877066,1.1939405398136267,34651.29296875,1027712196.90625,12.999999999999995
COROMANDEL,2025-01-01,2025-01-10,1876.1006,1926.8229,8,7,rebalance_trim,2.7036,405.7786,2024-12-31,1.6801907582084035,0.82,150,1.8462203818926626,0.4389087248863431,1859.5235595703125,617496062.1456299,28.000000000000007
HSCL,2024-11-01,2025-01-14,562.2446,552.5516,28,49,rebalance_trim,-1.724,-271.4029,2024-10-31,2.849089906124759,0.9666666666666667,150,3.7327442934874226,1.8625470079692361,571.5503540039062,1045572209.0428467,5.999999999999999
TORNTPHARM,2024-09-02,2025-01-14,3429.9387,3174.6287,5,92,rebalance_trim,-7.4436,-1276.55,2024-08-30,1.752811067281958,0.8133333333333334,150,2.657216096687696,0.9401676466783265,3421.304931640625,717268410.748291,28.999999999999996
ANANTRAJ,2024-11-01,2025-01-16,739.7989,894.2099,19,51,rebalance_trim,20.872,2933.8093,2024-10-31,3.4733789776189443,0.9933333333333333,150,4.572962721403058,2.227975863176516,739.9093627929688,785013497.3613281,2.000000000000006
KFINTECH,2024-11-01,2025-01-16,1076.7452,1263.2499,12,51,rebalance_trim,17.3212,2238.0567,2024-10-31,1.9668151542271106,0.86,150,3.0475750739558003,1.0819913562596286,993.4486083984375,786020127.1962891,22.000000000000004
FSL,2024-10-01,2025-01-20,310.6384,379.4609,40,75,rebalance_trim,22.1552,2752.9009,2024-09-30,1.868696163789111,0.8333333333333334,150,2.1212311038291514,1.38402435473533,301.1638488769531,1513797783.0471497,25.999999999999993
RPOWER,2024-11-01,2025-01-20,41.7926,42.3137,459,53,rebalance_trim,1.247,239.2112,2024-10-31,2.345705255391924,0.9333333333333333,150,3.1106493226294094,1.5387577159277779,42.72999954223633,1027624227.3191414,10.999999999999998
PPLPHARMA,2024-10-01,2025-01-22,236.4392,241.0091,66,77,rebalance_trim,1.9328,301.6171,2024-09-30,2.214008466889962,0.9133333333333333,150,2.443202583932708,1.6630665242808618,228.86170959472656,775626442.09729,14.0
LAURUSLABS,2025-01-01,2025-01-24,604.2124,587.7626,30,17,rebalance_trim,-2.7225,-493.4964,2024-12-31,2.0683298381182498,0.9,150,1.501632561246863,1.0925434533411214,600.7838745117188,868615580.4675293,15.999999999999996
PCBL,2024-10-01,2025-01-24,501.131,371.1629,48,79,rebalance_trim,-25.935,-6238.472,2024-09-30,3.090685188040448,0.9933333333333333,150,4.234710916401672,1.8389712871512274,559.5196533203125,2000867736.689392,2.000000000000006
PETRONET,2024-12-02,2025-01-24,325.945,315.2633,52,38,rebalance_trim,-3.2771,-555.4476,2024-11-29,1.6269095381642504,0.8333333333333334,150,2.247830507902606,0.4170496915135446,317.8353576660156,809278217.3864136,25.999999999999993
KFINTECH,2024-11-01,2025-01-28,1084.8823,1170.0431,15,59,rebalance_trim,7.8498,1277.4121,2024-10-31,1.9668151542271106,0.86,150,3.0475750739558003,1.0819913562596286,993.4486083984375,786020127.1962891,22.000000000000004
MFSL,2024-12-02,2025-01-28,1124.3099,1043.0697,21,40,rebalance_trim,-7.2258,-1706.0442,2024-11-29,1.5766256669080678,0.82,150,1.1216142354672891,1.0194049011926698,1133.949951171875,949421756.25,28.000000000000007
TORNTPHARM,2024-09-02,2025-01-28,3429.9387,3254.394,5,102,rebalance_trim,-5.118,-877.7238,2024-08-30,1.752811067281958,0.8133333333333334,150,2.657216096687696,0.9401676466783265,3421.304931640625,717268410.748291,28.999999999999996
DEEPAKFERT,2024-09-02,2025-01-29,1080.3526,1118.9553,16,103,rebalance_trim,3.5732,617.6445,2024-08-30,2.0495795049861756,0.9,150,1.6820512986617602,1.8097759277914804,1030.425048828125,1390056256.3613281,15.999999999999996
BLUESTARCO,2024-10-01,2025-01-30,2015.3123,1875.5932,8,83,rebalance_trim,-6.9329,-1117.7528,2024-09-30,1.955966379511055,0.86,150,3.106298512253859,0.9605037258312347,2053.834228515625,684132598.4765625,22.000000000000004
DEEPAKFERT,2024-09-02,2025-01-30,1080.3526,1273.5675,11,104,rebalance_trim,17.8844,2125.3644,2024-08-30,2.0495795049861756,0.9,150,1.6820512986617602,1.8097759277914804,1030.425048828125,1390056256.3613281,15.999999999999996
INOXWIND,2024-12-02,2025-01-30,186.9812,164.4635,131,42,rebalance_trim,-12.0428,-2949.8176,2024-11-29,2.8228332274602512,0.9733333333333334,150,4.122136502146633,0.8338459239949625,191.0399932861328,1349666189.3329468,4.999999999999993
BOSCHLTD,2024-11-01,2025-01-31,33336.8745,28149.506,1,62,rebalance_trim,-15.5605,-5187.3685,2024-10-31,2.304649242947888,0.92,150,3.665430559877066,1.1939405398136267,34651.29296875,1027712196.90625,12.999999999999995
FORTIS,2024-10-01,2025-01-31,623.2948,645.5714,26,84,rebalance_trim,3.574,579.1938,2024-09-30,1.8799627801150043,0.84,150,2.459339969843787,1.2140307103640138,614.3734130859375,834925584.7807617,25.000000000000004
POWERINDIA,2025-01-01,2025-01-31,14033.1883,12523.7861,2,22,rebalance_trim,-10.7559,-3018.8044,2024-12-31,1.5784673822179092,0.8066666666666666,150,2.686703775711551,-0.140022978817039,14408.021484375,707022845.1777344,30.000000000000004
360ONE,2025-01-01,2025-02-01,1234.3212,991.2101,161,23,rebalance_exit,-19.6959,-39140.8964,2024-12-31,1.6821770290607265,0.8266666666666667,150,1.9857577314261525,0.365474060905944,1233.675537109375,587603190.7382812,27.0
ANANTRAJ,2024-11-01,2025-02-01,704.1843,602.8863,24,63,rebalance_trim,-14.3852,-2431.1538,2024-10-31,3.4733789776189443,0.9933333333333333,150,4.572962721403058,2.227975863176516,739.9093627929688,785013497.3613281,2.000000000000006
APARINDS,2025-01-01,2025-02-01,9563.2275,7436.7354,2,23,rebalance_trim,-22.2361,-4252.9843,2024-12-31,1.909289268679006,0.8733333333333333,150,2.2418404615474343,0.4992259736516649,10256.873046875,756569829.8144531,20.000000000000007
CAMS,2024-09-02,2025-02-01,835.7629,707.673,231,106,rebalance_exit,-15.3261,-29588.7551,2024-08-30,1.8129644396050195,0.8333333333333334,150,2.055108597639519,1.3205507445528826,830.0693359375,1135591433.461914,25.999999999999993
COROMANDEL,2025-01-01,2025-02-01,1876.1006,1801.33,15,23,rebalance_trim,-3.9854,-1121.5581,2024-12-31,1.6801907582084035,0.82,150,1.8462203818926626,0.4389087248863431,1859.5235595703125,617496062.1456299,28.000000000000007
DEEPAKFERT,2024-09-02,2025-02-01,1086.3188,1131.146,14,106,rebalance_trim,4.1265,627.5812,2024-08-30,2.0495795049861756,0.9,150,1.6820512986617602,1.8097759277914804,1030.425048828125,1390056256.3613281,15.999999999999996
FORTIS,2024-10-01,2025-02-01,623.2948,642.0819,22,85,rebalance_trim,3.0142,413.3159,2024-09-30,1.8799627801150043,0.84,150,2.459339969843787,1.2140307103640138,614.3734130859375,834925584.7807617,25.000000000000004
GLENMARK,2024-07-01,2025-02-01,1285.8163,1447.0358,17,149,rebalance_trim,12.5383,2740.731,2024-06-28,2.0841700658653153,0.8466666666666667,150,2.532398834359845,1.4858704220416534,1225.7335205078125,704189333.8653564,24.0
GVT&D,2025-01-01,2025-02-01,2041.9357,1764.6798,12,23,rebalance_trim,-13.5781,-3327.0702,2024-12-31,3.6960676346533305,1.0,150,6.395731209018329,0.3891160666380177,2072.103515625,596976439.7402344,1.0
HSCL,2024-11-01,2025-02-01,562.2446,494.4131,321,63,rebalance_exit,-12.0644,-21773.8967,2024-10-31,2.849089906124759,0.9666666666666667,150,3.7327442934874226,1.8625470079692361,571.5503540039062,1045572209.0428467,5.999999999999999
INOXWIND,2024-12-02,2025-02-01,186.9812,175.7033,153,44,rebalance_trim,-6.0316,-1725.5253,2024-11-29,2.8228332274602512,0.9733333333333334,150,4.122136502146633,0.8338459239949625,191.0399932861328,1349666189.3329468,4.999999999999993
JMFINANCIL,2025-01-01,2025-02-01,124.253,104.8505,1600,23,rebalance_exit,-15.6153,-31044.0484,2024-12-31,1.8756380343888002,0.86,150,0.9687684911728959,1.1505482744735775,124.45089721679688,1090469405.0133743,22.000000000000004
KEC,2025-01-01,2025-02-01,1151.5841,841.1674,25,23,rebalance_trim,-26.9556,-7760.4162,2024-12-31,1.7171796687811554,0.8466666666666667,150,1.8499465306726894,0.48133043823902893,1191.2845458984375,584762724.8522949,24.0
KFINTECH,2024-11-01,2025-02-01,1084.8753,1081.0504,14,63,rebalance_trim,-0.3526,-53.5494,2024-10-31,1.9668151542271106,0.86,150,3.0475750739558003,1.0819913562596286,993.4486083984375,786020127.1962891,22.000000000000004
LAURUSLABS,2025-01-01,2025-02-01,604.2124,579.1058,40,23,rebalance_trim,-4.1553,-1004.2656,2024-12-31,2.0683298381182498,0.9,150,1.501632561246863,1.0925434533411214,600.7838745117188,868615580.4675293,15.999999999999996
MFSL,2024-12-02,2025-02-01,1124.3099,1117.9847,23,44,rebalance_trim,-0.5626,-145.4794,2024-11-29,1.5766256669080678,0.82,150,1.1216142354672891,1.0194049011926698,1133.949951171875,949421756.25,28.000000000000007
NATCOPHARM,2024-10-01,2025-02-01,1404.0599,1162.9594,17,85,rebalance_trim,-17.1717,-4098.7094,2024-09-30,2.331229337018077,0.9333333333333333,150,2.3777730053868504,1.8533128408504833,1407.8017578125,1136162680.918213,10.999999999999998
NUVAMA,2024-12-02,2025-02-01,1274.3108,1076.987,15,44,rebalance_trim,-15.4847,-2959.8575,2024-11-29,1.7412289605525912,0.8466666666666667,150,2.141791599168642,0.6256825382392361,1276.2847900390625,677999368.828125,24.0
PCBL,2024-10-01,2025-02-01,501.131,368.2171,66,85,rebalance_trim,-26.5228,-8772.3183,2024-09-30,3.090685188040448,0.9933333333333333,150,4.234710916401672,1.8389712871512274,559.5196533203125,2000867736.689392,2.000000000000006
PETRONET,2024-12-02,2025-02-01,325.945,299.643,558,44,rebalance_exit,-8.0694,-14676.4958,2024-11-29,1.6269095381642504,0.8333333333333334,150,2.247830507902606,0.4170496915135446,317.8353576660156,809278217.3864136,25.999999999999993
PGEL,2024-11-01,2025-02-01,686.7436,788.5304,51,63,rebalance_trim,14.8216,5191.1228,2024-10-31,4.2026756071431635,1.0,150,3.6602988305345985,3.650930907492404,636.7193603515625,670598950.520813,1.0
POWERINDIA,2025-01-01,2025-02-01,14033.1883,12972.846,2,23,rebalance_trim,-7.556,-2120.6845,2024-12-31,1.5784673822179092,0.8066666666666666,150,2.686703775711551,-0.140022978817039,14408.021484375,707022845.1777344,30.000000000000004
PPLPHARMA,2024-10-01,2025-02-01,236.4392,234.4253,98,85,rebalance_trim,-0.8518,-197.3631,2024-09-30,2.214008466889962,0.9133333333333333,150,2.443202583932708,1.6630665242808618,228.86170959472656,775626442.09729,14.0
RPOWER,2024-11-01,2025-02-01,41.7926,40.1576,537,63,rebalance_trim,-3.9121,-877.9714,2024-10-31,2.345705255391924,0.9333333333333333,150,3.1106493226294094,1.5387577159277779,42.72999954223633,1027624227.3191414,10.999999999999998
TRITURBINE,2025-01-01,2025-02-01,734.6061,660.1604,43,23,rebalance_trim,-10.1341,-3201.1658,2024-12-31,1.7154468084812586,0.84,150,1.8423829143211552,0.48335810359305237,732.6433715820312,722304920.1933594,25.000000000000004
UNITDSPR,2024-11-01,2025-02-01,1455.9219,1402.6706,16,63,rebalance_trim,-3.6576,-852.0212,2024-10-31,2.0294218544708524,0.8666666666666667,150,2.3186687511344988,1.5462379164135172,1429.967529296875,1025861218.0881348,20.999999999999996
ZENTEC,2025-01-01,2025-02-01,2326.7946,1739.4094,13,23,rebalance_trim,-25.2444,-7636.0076,2024-12-31,3.1278723062308926,0.98,150,3.4129568513807627,1.327135422005393,2442.208984375,648406946.3779297,4.000000000000003
BLUESTARCO,2024-10-01,2025-02-03,2015.3123,1986.8572,12,86,rebalance_trim,-1.4119,-341.462,2024-09-30,1.955966379511055,0.86,150,3.106298512253859,0.9605037258312347,2053.834228515625,684132598.4765625,22.000000000000004
PCBL,2024-10-01,2025-02-04,501.131,411.4213,47,87,rebalance_trim,-17.9015,-4216.3594,2024-09-30,3.090685188040448,0.9933333333333333,150,4.234710916401672,1.8389712871512274,559.5196533203125,2000867736.689392,2.000000000000006
VOLTAS,2025-02-01,2025-02-04,1261.262,1406.3992,14,2,rebalance_trim,11.5073,2031.9208,2025-01-31,2.1250549827142358,0.8666666666666667,150,2.133719001771495,0.528614381763913,1249.9241943359375,1625423438.369751,20.999999999999996
WOCKPHARMA,2025-02-01,2025-02-05,1492.683,1630.0617,9,3,rebalance_trim,9.2035,1236.4082,2025-01-31,3.6321419506174637,0.98,150,4.170165426476369,1.1687020919752862,1416.9000244140625,559217581.8808594,4.000000000000003
NATCOPHARM,2024-10-01,2025-02-07,1404.0599,1320.2862,14,90,rebalance_trim,-5.9665,-1172.8326,2024-09-30,2.331229337018077,0.9333333333333333,150,2.3777730053868504,1.8533128408504833,1407.8017578125,1136162680.918213,10.999999999999998
PGEL,2024-11-01,2025-02-07,686.7436,917.94,24,68,rebalance_trim,33.6656,5548.7123,2024-10-31,4.2026756071431635,1.0,150,3.6602988305345985,3.650930907492404,636.7193603515625,670598950.520813,1.0
FSL,2024-10-01,2025-02-10,310.6384,355.5484,46,91,rebalance_trim,14.4573,2065.8583,2024-09-30,1.868696163789111,0.8333333333333334,150,2.1212311038291514,1.38402435473533,301.1638488769531,1513797783.0471497,25.999999999999993
KFINTECH,2024-11-01,2025-02-10,1084.8753,1224.1328,14,69,rebalance_trim,12.8363,1949.6051,2024-10-31,1.9668151542271106,0.86,150,3.0475750739558003,1.0819913562596286,993.4486083984375,786020127.1962891,22.000000000000004
POWERINDIA,2025-01-01,2025-02-10,13661.5468,12773.2639,2,29,rebalance_trim,-6.5021,-1776.5657,2024-12-31,1.5784673822179092,0.8066666666666666,150,2.686703775711551,-0.140022978817039,14408.021484375,707022845.1777344,30.000000000000004
LAURUSLABS,2025-01-01,2025-02-11,604.2124,630.8472,22,30,rebalance_trim,4.4082,585.9654,2024-12-31,2.0683298381182498,0.9,150,1.501632561246863,1.0925434533411214,600.7838745117188,868615580.4675293,15.999999999999996
WOCKPHARMA,2025-02-01,2025-02-13,1481.1237,1516.9655,9,9,rebalance_trim,2.4199,322.5757,2025-01-31,3.6321419506174637,0.98,150,4.170165426476369,1.1687020919752862,1416.9000244140625,559217581.8808594,4.000000000000003
MUTHOOTFIN,2025-02-01,2025-02-17,2217.9427,2205.3276,6,11,rebalance_trim,-0.5688,-75.6906,2025-01-31,2.410783177232489,0.9133333333333333,150,2.303990963106298,0.7686262484666478,2212.780517578125,818945158.8857422,14.0
OFSS,2024-12-02,2025-02-17,10769.9162,8249.7948,2,55,rebalance_trim,-23.3996,-5040.2427,2024-11-29,2.755668989080665,0.96,150,3.710242530599968,0.9919093144049687,10849.298828125,1594623588.5859375,7.000000000000005
TORNTPHARM,2024-09-02,2025-02-18,3429.9387,3039.7599,5,118,rebalance_trim,-11.3757,-1950.8943,2024-08-30,1.752811067281958,0.8133333333333334,150,2.657216096687696,0.9401676466783265,3421.304931640625,717268410.748291,28.999999999999996
JUBLFOOD,2025-02-01,2025-02-19,707.9905,690.5989,18,13,rebalance_trim,-2.4565,-313.0477,2025-01-31,2.0712932179235812,0.86,150,1.4431784705621133,0.8455036311881644,702.6749877929688,1135948271.7121582,22.000000000000004
NETWEB,2025-02-01,2025-02-20,1761.6676,1495.4889,10,14,rebalance_trim,-15.1095,-2661.7867,2025-01-31,2.0547986054735454,0.8533333333333334,150,1.9666385644305127,0.538441954919772,1791.87890625,597760701.6872559,22.999999999999993
DEEPAKFERT,2024-09-02,2025-02-21,1073.989,1060.4803,13,121,rebalance_trim,-1.2578,-175.6134,2024-08-30,2.0495795049861756,0.9,150,1.6820512986617602,1.8097759277914804,1030.425048828125,1390056256.3613281,15.999999999999996
PPLPHARMA,2024-10-01,2025-02-21,233.2686,216.2399,61,100,rebalance_trim,-7.3001,-1038.7523,2024-09-30,2.214008466889962,0.9133333333333333,150,2.443202583932708,1.6630665242808618,228.86170959472656,775626442.09729,14.0
FSL,2024-10-01,2025-02-24,310.6384,355.5843,40,101,rebalance_trim,14.4689,1797.8344,2024-09-30,1.868696163789111,0.8333333333333334,150,2.1212311038291514,1.38402435473533,301.1638488769531,1513797783.0471497,25.999999999999993
PGEL,2024-11-01,2025-02-27,699.5017,815.4699,16,81,rebalance_trim,16.5787,1855.4917,2024-10-31,4.2026756071431635,1.0,150,3.6602988305345985,3.650930907492404,636.7193603515625,670598950.520813,1.0
VOLTAS,2025-02-01,2025-02-28,1259.3785,1296.3116,13,19,rebalance_trim,2.9326,480.1307,2025-01-31,2.1250549827142358,0.8666666666666667,150,2.133719001771495,0.528614381763913,1249.9241943359375,1625423438.369751,20.999999999999996
APARINDS,2025-01-01,2025-03-03,9241.5906,5804.112,22,43,rebalance_exit,-37.1957,-75624.5294,2024-12-31,1.909289268679006,0.8733333333333333,150,2.2418404615474343,0.4992259736516649,10256.873046875,756569829.8144531,20.000000000000007
BOSCHLTD,2024-11-01,2025-03-03,33336.8745,26141.4296,5,83,rebalance_exit,-21.584,-35977.2244,2024-10-31,2.304649242947888,0.92,150,3.665430559877066,1.1939405398136267,34651.29296875,1027712196.90625,12.999999999999995
INOXWIND,2024-12-02,2025-03-03,186.9812,151.1276,856,64,rebalance_exit,-19.175,-30690.7272,2024-11-29,2.8228332274602512,0.9733333333333334,150,4.122136502146633,0.8338459239949625,191.0399932861328,1349666189.3329468,4.999999999999993
KEC,2025-01-01,2025-03-03,1103.7623,680.4727,198,43,rebalance_exit,-38.3497,-83811.336,2024-12-31,1.7171796687811554,0.8466666666666667,150,1.8499465306726894,0.48133043823902893,1191.2845458984375,584762724.8522949,24.0
NATCOPHARM,2024-10-01,2025-03-03,1272.147,770.872,162,105,rebalance_exit,-39.4039,-81206.5449,2024-09-30,2.331229337018077,0.9333333333333333,150,2.3777730053868504,1.8533128408504833,1407.8017578125,1136162680.918213,10.999999999999998
NETWEB,2025-02-01,2025-03-03,1761.6676,1460.5941,92,20,rebalance_exit,-17.0903,-27698.7583,2025-01-31,2.0547986054735454,0.8533333333333334,150,1.9666385644305127,0.538441954919772,1791.87890625,597760701.6872559,22.999999999999993
NUVAMA,2024-12-02,2025-03-03,1274.3108,1058.5813,139,64,rebalance_exit,-16.9291,-29986.4029,2024-11-29,1.7412289605525912,0.8466666666666667,150,2.141791599168642,0.6256825382392361,1276.2847900390625,677999368.828125,24.0
OFSS,2024-12-02,2025-03-03,10592.7343,7223.6628,17,64,rebalance_exit,-31.8055,-57274.2157,2024-11-29,2.755668989080665,0.96,150,3.710242530599968,0.9919093144049687,10849.298828125,1594623588.5859375,7.000000000000005
PCBL,2024-10-01,2025-03-03,501.131,353.4884,361,105,rebalance_exit,-29.4619,-53298.9795,2024-09-30,3.090685188040448,0.9933333333333333,150,4.234710916401672,1.8389712871512274,559.5196533203125,2000867736.689392,2.000000000000006
PRAJIND,2025-02-01,2025-03-03,619.8316,482.9109,260,20,rebalance_exit,-22.09,-35599.3931,2025-01-31,1.7813122236593413,0.8066666666666666,150,1.4981668582061756,0.47667636754119097,623.5206909179688,548421868.1000366,30.000000000000004
VOLTAS,2025-02-01,2025-03-03,1259.3785,1333.0734,103,20,rebalance_exit,5.8517,7590.5808,2025-01-31,2.1250549827142358,0.8666666666666667,150,2.133719001771495,0.528614381763913,1249.9241943359375,1625423438.369751,20.999999999999996
WOCKPHARMA,2025-02-01,2025-03-03,1430.6565,1175.8804,117,20,rebalance_exit,-17.8083,-29808.8078,2025-01-31,3.6321419506174637,0.98,150,4.170165426476369,1.1687020919752862,1416.9000244140625,559217581.8808594,4.000000000000003
BLUESTARCO,2024-10-01,2025-03-04,2015.3123,1986.8572,7,106,rebalance_trim,-1.4119,-199.186,2024-09-30,1.955966379511055,0.86,150,3.106298512253859,0.9605037258312347,2053.834228515625,684132598.4765625,22.000000000000004
POWERINDIA,2025-01-01,2025-03-06,13661.5468,13419.3125,1,46,rebalance_trim,-1.7731,-242.2342,2024-12-31,1.5784673822179092,0.8066666666666666,150,2.686703775711551,-0.140022978817039,14408.021484375,707022845.1777344,30.000000000000004
TRITURBINE,2025-01-01,2025-03-07,684.7127,533.5586,24,47,rebalance_trim,-22.0756,-3627.6982,2024-12-31,1.7154468084812586,0.84,150,1.8423829143211552,0.48335810359305237,732.6433715820312,722304920.1933594,25.000000000000004
DEEPAKFERT,2024-09-02,2025-03-10,1061.9153,1113.8017,13,131,rebalance_trim,4.8861,674.5233,2024-08-30,2.0495795049861756,0.9,150,1.6820512986617602,1.8097759277914804,1030.425048828125,1390056256.3613281,15.999999999999996
TRITURBINE,2025-01-01,2025-03-10,684.7127,595.1802,24,48,rebalance_trim,-13.0759,-2148.7798,2024-12-31,1.7154468084812586,0.84,150,1.8423829143211552,0.48335810359305237,732.6433715820312,722304920.1933594,25.000000000000004
ZENTEC,2025-01-01,2025-03-10,1959.8004,1257.1593,11,48,rebalance_trim,-35.8527,-7729.0518,2024-12-31,3.1278723062308926,0.98,150,3.4129568513807627,1.327135422005393,2442.208984375,648406946.3779297,4.000000000000003
BDL,2025-03-03,2025-03-19,973.2966,1121.5227,12,11,rebalance_trim,15.2293,1778.7133,2025-02-28,1.7894624855795571,0.8066666666666666,150,0.9184707784018152,-0.05308193816738115,971.547119140625,968228837.154419,30.000000000000004
COROMANDEL,2025-01-01,2025-03-19,1876.1006,1941.4175,8,54,rebalance_trim,3.4815,522.5352,2024-12-31,1.6801907582084035,0.82,150,1.8462203818926626,0.4389087248863431,1859.5235595703125,617496062.1456299,28.000000000000007
GVT&D,2025-01-01,2025-03-19,1913.6731,1532.7735,10,54,rebalance_trim,-19.9041,-3808.9952,2024-12-31,3.6960676346533305,1.0,150,6.395731209018329,0.3891160666380177,2072.103515625,596976439.7402344,1.0
LLOYDSME,2025-02-01,2025-03-19,1214.5394,1207.1338,14,31,rebalance_trim,-0.6097,-103.6777,2025-01-31,3.7269151645741125,0.9866666666666667,150,3.192867001882913,1.816688576813815,1237.4351806640625,611578286.5671387,2.9999999999999964
GRSE,2025-03-03,2025-03-20,1256.1511,1695.0181,21,12,rebalance_trim,34.9374,9216.2086,2025-02-28,1.8234277517473019,0.8333333333333334,150,1.3532493362377391,-0.24472705762522626,1247.239990234375,875173988.6385498,25.999999999999993
KFINTECH,2024-11-01,2025-03-24,1060.1787,1101.5262,13,97,rebalance_trim,3.9,537.5165,2024-10-31,1.9668151542271106,0.86,150,3.0475750739558003,1.0819913562596286,993.4486083984375,786020127.1962891,22.000000000000004
ZENTEC,2025-01-01,2025-03-24,1959.8004,1489.2634,13,57,rebalance_trim,-24.0094,-6116.981,2024-12-31,3.1278723062308926,0.98,150,3.4129568513807627,1.327135422005393,2442.208984375,648406946.3779297,4.000000000000003
BDL,2025-03-03,2025-03-25,973.2966,1362.1331,14,15,rebalance_trim,39.9505,5443.7113,2025-02-28,1.7894624855795571,0.8066666666666666,150,0.9184707784018152,-0.05308193816738115,971.547119140625,968228837.154419,30.000000000000004
FSL,2024-10-01,2025-03-28,308.7733,342.5918,69,123,rebalance_trim,10.9525,2333.4743,2024-09-30,1.868696163789111,0.8333333333333334,150,2.1212311038291514,1.38402435473533,301.1638488769531,1513797783.0471497,25.999999999999993
RPOWER,2024-11-01,2025-03-28,40.9947,43.0923,450,101,rebalance_trim,5.1169,943.9476,2024-10-31,2.345705255391924,0.9333333333333333,150,3.1106493226294094,1.5387577159277779,42.72999954223633,1027624227.3191414,10.999999999999998
GLENMARK,2024-07-01,2025-04-01,1285.8163,1533.4677,103,188,rebalance_exit,19.2602,25508.0899,2024-06-28,2.0841700658653153,0.8466666666666667,150,2.532398834359845,1.4858704220416534,1225.7335205078125,704189333.8653564,24.0
JUBLFOOD,2025-02-01,2025-04-01,687.8536,659.6588,21,39,rebalance_trim,-4.099,-592.0921,2025-01-31,2.0712932179235812,0.86,150,1.4431784705621133,0.8455036311881644,702.6749877929688,1135948271.7121582,22.000000000000004
MANKIND,2025-02-01,2025-04-01,2415.1085,2418.1861,67,39,rebalance_exit,0.1274,206.1999,2025-01-31,2.4189472409528596,0.9266666666666666,150,1.2423565225527045,1.3618526696241064,2434.440185546875,975662950.6196289,12.000000000000004
MFSL,2024-12-02,2025-04-01,1124.3099,1114.6906,134,83,rebalance_exit,-0.8556,-1288.9865,2024-11-29,1.5766256669080678,0.82,150,1.1216142354672891,1.0194049011926698,1133.949951171875,949421756.25,28.000000000000007
SOLARINDS,2025-03-03,2025-04-01,8851.9219,11303.4459,15,19,rebalance_exit,27.6948,36772.8595,2025-02-28,1.7904785350228734,0.82,150,1.1007979921785243,-0.14389792425063028,8705.388671875,669245963.5859375,28.000000000000007
TRITURBINE,2025-01-01,2025-04-01,670.3078,555.287,275,62,rebalance_exit,-17.1594,-31630.7151,2024-12-31,1.7154468084812586,0.84,150,1.8423829143211552,0.48335810359305237,732.6433715820312,722304920.1933594,25.000000000000004
UNITDSPR,2024-11-01,2025-04-01,1455.9219,1386.8608,107,102,rebalance_exit,-4.7435,-7389.5385,2024-10-31,2.0294218544708524,0.8666666666666667,150,2.3186687511344988,1.5462379164135172,1429.967529296875,1025861218.0881348,20.999999999999996
ZENTEC,2025-01-01,2025-04-01,1959.8004,1437.9284,105,62,rebalance_exit,-26.6288,-54796.5553,2024-12-31,3.1278723062308926,0.98,150,3.4129568513807627,1.327135422005393,2442.208984375,648406946.3779297,4.000000000000003
PPLPHARMA,2024-10-01,2025-04-02,228.5508,225.547,76,125,rebalance_trim,-1.3143,-228.2862,2024-09-30,2.214008466889962,0.9133333333333333,150,2.443202583932708,1.6630665242808618,228.86170959472656,775626442.09729,14.0
JUBLFOOD,2025-02-01,2025-04-08,687.8536,685.5668,23,44,rebalance_trim,-0.3325,-52.5972,2025-01-31,2.0712932179235812,0.86,150,1.4431784705621133,0.8455036311881644,702.6749877929688,1135948271.7121582,22.000000000000004
MARICO,2025-03-03,2025-04-08,591.9784,660.2221,23,24,rebalance_trim,11.5281,1569.6058,2025-02-28,2.0864549682865943,0.8666666666666667,150,0.9901166952380603,0.1455096364987994,594.6768798828125,981507336.2670898,20.999999999999996
MUTHOOTFIN,2025-02-01,2025-04-08,2207.9672,2262.8261,7,44,rebalance_trim,2.4846,384.0125,2025-01-31,2.410783177232489,0.9133333333333333,150,2.303990963106298,0.7686262484666478,2212.780517578125,818945158.8857422,14.0
DEEPAKFERT,2024-09-02,2025-04-11,1061.9153,1176.4173,13,152,rebalance_trim,10.7826,1488.5263,2024-08-30,2.0495795049861756,0.9,150,1.6820512986617602,1.8097759277914804,1030.425048828125,1390056256.3613281,15.999999999999996
FORTIS,2024-10-01,2025-04-11,623.2948,666.5089,22,131,rebalance_trim,6.9332,950.711,2024-09-30,1.8799627801150043,0.84,150,2.459339969843787,1.2140307103640138,614.3734130859375,834925584.7807617,25.000000000000004
SBICARD,2025-03-03,2025-04-11,840.334,845.5084,17,26,rebalance_trim,0.6158,87.9656,2025-02-28,1.8028404819609372,0.8266666666666667,150,0.21637919154995383,0.31028298524598114,835.8716430664062,859620189.8358154,27.0
LAURUSLABS,2025-01-01,2025-04-15,597.4697,608.5088,25,70,rebalance_trim,1.8477,275.979,2024-12-31,2.0683298381182498,0.9,150,1.501632561246863,1.0925434533411214,600.7838745117188,868615580.4675293,15.999999999999996
PGEL,2024-11-01,2025-04-15,699.5974,937.8952,15,110,rebalance_trim,34.0621,3574.4676,2024-10-31,4.2026756071431635,1.0,150,3.6602988305345985,3.650930907492404,636.7193603515625,670598950.520813,1.0
SRF,2025-03-03,2025-04-15,2794.4972,2990.1482,6,27,rebalance_trim,7.0013,1173.9056,2025-02-28,2.0950909518268093,0.88,150,0.596184525139877,0.35028021584037,2786.597900390625,1147694332.991211,19.0
ANANTRAJ,2024-11-01,2025-04-22,644.0594,518.2409,33,114,rebalance_trim,-19.5352,-4152.0096,2024-10-31,3.4733789776189443,0.9933333333333333,150,4.572962721403058,2.227975863176516,739.9093627929688,785013497.3613281,2.000000000000006
KFINTECH,2024-11-01,2025-04-22,1058.5325,1204.7478,15,114,rebalance_trim,13.813,2193.2286,2024-10-31,1.9668151542271106,0.86,150,3.0475750739558003,1.0819913562596286,993.4486083984375,786020127.1962891,22.000000000000004
VIJAYA,2025-04-01,2025-04-23,992.5829,1139.8453,14,13,rebalance_trim,14.8363,2061.6744,2025-03-28,2.8866104439523275,0.9466666666666667,150,1.4382507597862884,0.34852302234294763,1005.1754760742188,555284319.9532471,9.000000000000002
REDINGTON,2025-04-01,2025-04-25,231.7578,239.235,72,15,rebalance_trim,3.2263,538.3599,2025-03-28,2.994310226757018,0.98,150,0.6450717578260933,0.819126861447535,237.66085815429688,881584569.1069336,4.000000000000003
BDL,2025-03-03,2025-04-29,973.2966,1491.3866,13,36,rebalance_trim,53.2304,6735.1709,2025-02-28,1.7894624855795571,0.8066666666666666,150,0.9184707784018152,-0.05308193816738115,971.547119140625,968228837.154419,30.000000000000004
POWERINDIA,2025-01-01,2025-04-29,13584.9816,14020.6534,1,79,rebalance_trim,3.207,435.6718,2024-12-31,1.5784673822179092,0.8066666666666666,150,2.686703775711551,-0.140022978817039,14408.021484375,707022845.1777344,30.000000000000004
GRSE,2025-03-03,2025-04-30,1256.1511,1962.6525,11,37,rebalance_trim,56.2433,7771.5157,2025-02-28,1.8234277517473019,0.8333333333333334,150,1.3532493362377391,-0.24472705762522626,1247.239990234375,875173988.6385498,25.999999999999993
ZENSARTECH,2025-03-03,2025-04-30,716.3453,735.3633,21,37,rebalance_trim,2.6549,399.3771,2025-02-28,2.618103874072439,0.94,150,1.5331892462099939,0.2925658397629351,726.312255859375,800268763.6169434,10.000000000000007
360ONE,2025-04-01,2025-05-02,934.7037,973.1494,159,19,rebalance_exit,4.1131,6112.8533,2025-03-28,2.2654799307361717,0.8533333333333334,150,1.3372446669295224,-0.09238283909192495,926.7806396484375,659917404.0574951,22.999999999999993
ANANTRAJ,2024-11-01,2025-05-02,625.1355,450.6443,332,121,rebalance_exit,-27.9125,-57931.0976,2024-10-31,3.4733789776189443,0.9933333333333333,150,4.572962721403058,2.227975863176516,739.9093627929688,785013497.3613281,2.000000000000006
CHAMBLFERT,2025-04-01,2025-05-02,612.2043,677.9456,23,19,rebalance_trim,10.7385,1512.0492,2025-03-28,2.7589347133489133,0.94,150,1.414554907623388,0.2593194824845975,613.0150146484375,872637026.2097168,10.000000000000007
COROMANDEL,2025-01-01,2025-05-02,1876.1006,2222.725,8,81,rebalance_trim,18.4758,2772.9953,2024-12-31,1.6801907582084035,0.82,150,1.8462203818926626,0.4389087248863431,1859.5235595703125,617496062.1456299,28.000000000000007
DEEPAKFERT,2024-09-02,2025-05-02,1061.9153,1266.3553,120,164,rebalance_exit,19.252,24532.8079,2024-08-30,2.0495795049861756,0.9,150,1.6820512986617602,1.8097759277914804,1030.425048828125,1390056256.3613281,15.999999999999996
GRSE,2025-03-03,2025-05-02,1256.1511,1900.2045,78,38,rebalance_exit,51.272,50236.1655,2025-02-28,1.8234277517473019,0.8333333333333334,150,1.3532493362377391,-0.24472705762522626,1247.239990234375,875173988.6385498,25.999999999999993
GVT&D,2025-01-01,2025-05-02,1846.1911,1589.7165,14,81,rebalance_trim,-13.8921,-3590.6445,2024-12-31,3.6960676346533305,1.0,150,6.395731209018329,0.3891160666380177,2072.103515625,596976439.7402344,1.0
LLOYDSME,2025-02-01,2025-05-02,1214.5394,1206.1003,120,58,rebalance_exit,-0.6948,-1012.6834,2025-01-31,3.7269151645741125,0.9866666666666667,150,3.192867001882913,1.816688576813815,1237.4351806640625,611578286.5671387,2.9999999999999964
NAVINFLUOR,2025-03-03,2025-05-02,3742.8461,4459.3631,4,38,rebalance_trim,19.1436,2866.0678,2025-02-28,2.417629606570144,0.9066666666666666,150,0.684146081698869,0.5608520895705349,3748.3232421875,582529288.6010742,15.000000000000007
VIJAYA,2025-04-01,2025-05-02,995.446,1009.1447,152,19,rebalance_exit,1.3761,2082.2034,2025-03-28,2.8866104439523275,0.9466666666666667,150,1.4382507597862884,0.34852302234294763,1005.1754760742188,555284319.9532471,9.000000000000002
POWERINDIA,2025-01-01,2025-05-05,13584.9816,14942.7228,1,82,rebalance_trim,9.9944,1357.7411,2024-12-31,1.5784673822179092,0.8066666666666666,150,2.686703775711551,-0.140022978817039,14408.021484375,707022845.1777344,30.000000000000004
UPL,2025-04-01,2025-05-05,616.7745,679.5452,23,20,rebalance_trim,10.1772,1443.7254,2025-03-28,2.7571569355240757,0.9333333333333333,150,1.4149738409703085,0.2577132977975039,630.4803466796875,1093774582.2601318,10.999999999999998
GODFRYPHLP,2025-05-02,2025-05-06,2708.23,2957.8171,5,2,rebalance_trim,9.2159,1247.9358,2025-04-30,2.105776838062043,0.88,150,1.486098737825503,-0.06588038280641788,2675.669189453125,682833925.0605469,19.0
ASHOKLEY,2025-04-01,2025-05-12,98.5398,108.8089,156,25,rebalance_trim,10.4213,1601.9797,2025-03-28,2.114926022923644,0.84,150,1.1957032659665654,-0.14233936751052118,97.98841094970703,1355447023.787201,25.000000000000004
BDL,2025-03-03,2025-05-12,973.2966,1587.6308,11,44,rebalance_trim,63.1189,6757.6762,2025-02-28,1.7894624855795571,0.8066666666666666,150,0.9184707784018152,-0.05308193816738115,971.547119140625,968228837.154419,30.000000000000004
KFINTECH,2024-11-01,2025-05-12,1053.0724,1107.4755,13,127,rebalance_trim,5.1661,707.2409,2024-10-31,1.9668151542271106,0.86,150,3.0475750739558003,1.0819913562596286,993.4486083984375,786020127.1962891,22.000000000000004
POWERINDIA,2025-01-01,2025-05-12,13693.6959,15563.4236,1,87,rebalance_trim,13.6539,1869.7277,2024-12-31,1.5784673822179092,0.8066666666666666,150,2.686703775711551,-0.140022978817039,14408.021484375,707022845.1777344,30.000000000000004
REDINGTON,2025-04-01,2025-05-12,231.7578,258.3152,80,25,rebalance_trim,11.4591,2124.596,2025-03-28,2.994310226757018,0.98,150,0.6450717578260933,0.819126861447535,237.66085815429688,881584569.1069336,4.000000000000003
SOLARINDS,2025-05-02,2025-05-12,13165.7985,13726.0272,1,6,rebalance_trim,4.2552,560.2286,2025-04-30,1.8201214950280162,0.8266666666666667,150,0.678592471495218,0.1332342714594074,13164.12109375,1008495566.3671875,27.0
FSL,2024-10-01,2025-05-15,308.4909,364.5716,49,152,rebalance_trim,18.1791,2747.9552,2024-09-30,1.868696163789111,0.8333333333333334,150,2.1212311038291514,1.38402435473533,301.1638488769531,1513797783.0471497,25.999999999999993
SHREECEM,2025-04-01,2025-05-15,30518.3268,30786.7113,1,28,rebalance_trim,0.8794,268.3846,2025-03-28,2.3412979494581645,0.8733333333333333,150,0.52015788090937,0.3646930594601009,30357.478515625,756070493.9511719,20.000000000000007
GVT&D,2025-01-01,2025-05-16,1846.1911,1853.2577,11,91,rebalance_trim,0.3828,77.7331,2024-12-31,3.6960676346533305,1.0,150,6.395731209018329,0.3891160666380177,2072.103515625,596976439.7402344,1.0
BDL,2025-03-03,2025-05-19,973.2966,1868.2103,10,49,rebalance_trim,91.9467,8949.1369,2025-02-28,1.7894624855795571,0.8066666666666666,150,0.9184707784018152,-0.05308193816738115,971.547119140625,968228837.154419,30.000000000000004
RPOWER,2024-11-01,2025-05-19,40.9719,45.3682,317,132,rebalance_trim,10.7302,1393.6458,2024-10-31,2.345705255391924,0.9333333333333333,150,3.1106493226294094,1.5387577159277779,42.72999954223633,1027624227.3191414,10.999999999999998
AEGISLOG,2025-04-01,2025-05-21,797.9792,918.5268,20,32,rebalance_trim,15.1066,2410.9525,2025-03-28,2.471708662300026,0.8866666666666667,150,1.484131141510755,-0.0011027774037343835,796.990234375,1251402037.6192017,17.999999999999993
ZENSARTECH,2025-03-03,2025-05-21,716.3453,824.6084,25,51,rebalance_trim,15.1132,2706.5763,2025-02-28,2.618103874072439,0.94,150,1.5331892462099939,0.2925658397629351,726.312255859375,800268763.6169434,10.000000000000007
FORTIS,2024-10-01,2025-05-23,626.599,715.8116,21,158,rebalance_trim,14.2376,1873.4653,2024-09-30,1.8799627801150043,0.84,150,2.459339969843787,1.2140307103640138,614.3734130859375,834925584.7807617,25.000000000000004
POWERINDIA,2025-01-01,2025-05-23,13693.6959,17274.8409,1,96,rebalance_trim,26.1518,3581.145,2024-12-31,1.5784673822179092,0.8066666666666666,150,2.686703775711551,-0.140022978817039,14408.021484375,707022845.1777344,30.000000000000004
RPOWER,2024-11-01,2025-05-26,40.9719,52.8048,469,137,rebalance_trim,28.8807,5549.6557,2024-10-31,2.345705255391924,0.9333333333333333,150,3.1106493226294094,1.5387577159277779,42.72999954223633,1027624227.3191414,10.999999999999998
GVT&D,2025-01-01,2025-05-27,1846.1911,2087.0073,8,98,rebalance_trim,13.044,1926.53,2024-12-31,3.6960676346533305,1.0,150,6.395731209018329,0.3891160666380177,2072.103515625,596976439.7402344,1.0
SOLARINDS,2025-05-02,2025-05-27,13165.7985,15833.9637,1,17,rebalance_trim,20.2659,2668.1651,2025-04-30,1.8201214950280162,0.8266666666666667,150,0.678592471495218,0.1332342714594074,13164.12109375,1008495566.3671875,27.0
PCBL,2025-05-02,2025-05-28,354.3691,400.6202,36,18,rebalance_trim,13.0517,1665.0403,2025-04-30,1.946332349075222,0.86,150,1.2459638493483738,-0.07107775822772065,353.7813415527344,647053201.6834717,22.000000000000004
POWERINDIA,2025-01-01,2025-05-29,14081.2751,18461.3586,1,100,rebalance_trim,31.1057,4380.0835,2024-12-31,1.5784673822179092,0.8066666666666666,150,2.686703775711551,-0.140022978817039,14408.021484375,707022845.1777344,30.000000000000004
AEGISLOG,2025-04-01,2025-06-02,801.4246,790.1731,187,40,rebalance_exit,-1.4039,-2104.0201,2025-03-28,2.471708662300026,0.8866666666666667,150,1.484131141510755,-0.0011027774037343835,796.990234375,1251402037.6192017,17.999999999999993
ASHOKLEY,2025-04-01,2025-06-02,98.5398,115.8849,1356,40,rebalance_exit,17.6021,23519.9562,2025-03-28,2.114926022923644,0.84,150,1.1957032659665654,-0.14233936751052118,97.98841094970703,1355447023.787201,25.000000000000004
BDL,2025-03-03,2025-06-02,973.2966,2002.435,82,59,rebalance_exit,105.7374,84389.3504,2025-02-28,1.7894624855795571,0.8066666666666666,150,0.9184707784018152,-0.05308193816738115,971.547119140625,968228837.154419,30.000000000000004
BIOCON,2025-03-03,2025-06-02,304.1408,334.798,457,59,rebalance_exit,10.08,14010.3845,2025-02-28,1.7897092833534844,0.8133333333333334,150,0.8438994712099859,-0.015415265396464858,302.0461730957031,1085639482.9660034,28.999999999999996
BLUESTARCO,2024-10-01,2025-06-02,1943.1792,1522.2307,96,164,rebalance_exit,-21.6629,-40411.0506,2024-09-30,1.955966379511055,0.86,150,3.106298512253859,0.9605037258312347,2053.834228515625,684132598.4765625,22.000000000000004
FEDERALBNK,2025-05-02,2025-06-02,195.1017,200.6217,768,21,rebalance_exit,2.8293,4239.3203,2025-04-30,1.9141928479656467,0.8466666666666667,150,0.9458729133204934,0.06691410763315044,195.4965362548828,1319566320.4015503,24.0
GVT&D,2025-01-01,2025-06-02,1846.1911,2244.4346,74,102,rebalance_exit,21.5711,29470.0185,2024-12-31,3.6960676346533305,1.0,150,6.395731209018329,0.3891160666380177,2072.103515625,596976439.7402344,1.0
PCBL,2025-05-02,2025-06-02,354.3691,388.1759,387,21,rebalance_exit,9.54,13083.2406,2025-04-30,1.946332349075222,0.86,150,1.2459638493483738,-0.07107775822772065,353.7813415527344,647053201.6834717,22.000000000000004
PPLPHARMA,2024-10-01,2025-06-02,226.6443,206.8928,732,164,rebalance_exit,-8.7148,-14458.134,2024-09-30,2.214008466889962,0.9133333333333333,150,2.443202583932708,1.6630665242808618,228.86170959472656,775626442.09729,14.0
SRF,2025-03-03,2025-06-02,2801.7247,2811.1374,53,59,rebalance_exit,0.336,498.8777,2025-02-28,2.0950909518268093,0.88,150,0.596184525139877,0.35028021584037,2786.597900390625,1147694332.991211,19.0
ZENSARTECH,2025-03-03,2025-06-02,716.3453,816.9995,185,59,rebalance_exit,14.0511,18621.0117,2025-02-28,2.618103874072439,0.94,150,1.5331892462099939,0.2925658397629351,726.312255859375,800268763.6169434,10.000000000000007
RPOWER,2024-11-01,2025-06-03,40.9719,61.8685,250,143,rebalance_trim,51.0024,5224.1536,2024-10-31,2.345705255391924,0.9333333333333333,150,3.1106493226294094,1.5387577159277779,42.72999954223633,1027624227.3191414,10.999999999999998
SOLARINDS,2025-05-02,2025-06-04,13466.259,16659.9793,1,23,rebalance_trim,23.7165,3193.7203,2025-04-30,1.8201214950280162,0.8266666666666667,150,0.678592471495218,0.1332342714594074,13164.12109375,1008495566.3671875,27.0
KFINTECH,2024-11-01,2025-06-09,1052.0318,1254.3258,14,147,rebalance_trim,19.2289,2832.1162,2024-10-31,1.9668151542271106,0.86,150,3.0475750739558003,1.0819913562596286,993.4486083984375,786020127.1962891,22.000000000000004
MUTHOOTFIN,2025-02-01,2025-06-09,2174.3808,2449.8322,8,84,rebalance_trim,12.668,2203.6113,2025-01-31,2.410783177232489,0.9133333333333333,150,2.303990963106298,0.7686262484666478,2212.780517578125,818945158.8857422,14.0
REDINGTON,2025-04-01,2025-06-11,234.4205,286.789,55,47,rebalance_trim,22.3396,2880.271,2025-03-28,2.994310226757018,0.98,150,0.6450717578260933,0.819126861447535,237.66085815429688,881584569.1069336,4.000000000000003
RPOWER,2024-11-01,2025-06-11,40.9719,73.0483,334,149,rebalance_trim,78.289,10713.5385,2024-10-31,2.345705255391924,0.9333333333333333,150,3.1106493226294094,1.5387577159277779,42.72999954223633,1027624227.3191414,10.999999999999998
MANAPPURAM,2025-06-02,2025-06-12,236.7404,266.1304,58,8,rebalance_trim,12.4144,1704.6188,2025-05-30,2.9635844246319256,0.9733333333333334,150,0.7481983686849186,1.1925065148931697,236.9801483154297,1364202117.0142212,4.999999999999993
SOLARINDS,2025-05-02,2025-06-18,13781.5272,17188.7083,1,33,rebalance_trim,24.7228,3407.181,2025-04-30,1.8201214950280162,0.8266666666666667,150,0.678592471495218,0.1332342714594074,13164.12109375,1008495566.3671875,27.0
NH,2025-05-02,2025-06-24,1766.3628,1979.7603,9,37,rebalance_trim,12.0812,1920.5779,2025-04-30,3.118942074329363,0.98,150,1.0236955558427756,1.0655462939663827,1756.363525390625,677094361.3671875,4.000000000000003
POWERINDIA,2025-01-01,2025-06-24,14549.1983,18925.3879,1,118,rebalance_trim,30.0786,4376.1896,2024-12-31,1.5784673822179092,0.8066666666666666,150,2.686703775711551,-0.140022978817039,14408.021484375,707022845.1777344,30.000000000000004
SHREECEM,2025-04-01,2025-06-26,30295.0101,28938.9125,1,58,rebalance_trim,-4.4763,-1356.0976,2025-03-28,2.3412979494581645,0.8733333333333333,150,0.52015788090937,0.3646930594601009,30357.478515625,756070493.9511719,20.000000000000007
BHARTIHEXA,2025-06-02,2025-07-01,1822.2539,1925.8989,90,21,rebalance_exit,5.6877,9328.0439,2025-05-30,2.8187966150755055,0.9466666666666667,150,1.488208430484709,0.656982381008916,1820.6693115234375,593318475.7397461,9.000000000000002
FSL,2024-10-01,2025-07-01,314.2621,368.9675,463,185,rebalance_exit,17.4076,25328.6245,2024-09-30,1.868696163789111,0.8333333333333334,150,2.1212311038291514,1.38402435473533,301.1638488769531,1513797783.0471497,25.999999999999993
GODFRYPHLP,2025-05-02,2025-07-01,2715.1018,2971.6387,62,42,rebalance_exit,9.4485,15905.2886,2025-04-30,2.105776838062043,0.88,150,1.486098737825503,-0.06588038280641788,2675.669189453125,682833925.0605469,19.0
JUBLFOOD,2025-02-01,2025-07-01,681.341,700.5636,252,100,rebalance_exit,2.8213,4844.0946,2025-01-31,2.0712932179235812,0.86,150,1.4431784705621133,0.8455036311881644,702.6749877929688,1135948271.7121582,22.000000000000004
KFINTECH,2024-11-01,2025-07-01,1052.0318,1345.5495,134,163,rebalance_exit,27.9001,39331.3726,2024-10-31,1.9668151542271106,0.86,150,3.0475750739558003,1.0819913562596286,993.4486083984375,786020127.1962891,22.000000000000004
PATANJALI,2025-04-01,2025-07-01,591.0335,542.7508,297,61,rebalance_exit,-8.1692,-14339.9835,2025-03-28,2.4469189942837404,0.88,150,1.006754546382178,0.21143800217264305,598.1019287109375,1165785540.633545,19.0
RPOWER,2024-11-01,2025-07-01,43.3172,70.0637,2584,163,rebalance_exit,61.7456,69112.9042,2024-10-31,2.345705255391924,0.9333333333333333,150,3.1106493226294094,1.5387577159277779,42.72999954223633,1027624227.3191414,10.999999999999998
SOLARINDS,2025-05-02,2025-07-01,14115.1284,17605.7066,10,42,rebalance_exit,24.7293,34905.7811,2025-04-30,1.8201214950280162,0.8266666666666667,150,0.678592471495218,0.1332342714594074,13164.12109375,1008495566.3671875,27.0
TORNTPHARM,2024-09-02,2025-07-01,3388.8903,3439.5783,52,206,rebalance_exit,1.4957,2635.7787,2024-08-30,1.752811067281958,0.8133333333333334,150,2.657216096687696,0.9401676466783265,3421.304931640625,717268410.748291,28.999999999999996
TVSMOTOR,2025-05-02,2025-07-01,2699.72,2919.5142,61,42,rebalance_exit,8.1414,13407.4474,2025-04-30,1.7124326033006676,0.8133333333333334,150,0.8597196650093762,-0.05993366088227406,2662.693115234375,1544689588.2226562,28.999999999999996
UNITDSPR,2025-06-02,2025-07-01,1499.6545,1414.3963,120,21,rebalance_exit,-5.6852,-10230.977,2025-05-30,2.135212120838496,0.8666666666666667,150,1.322268785497173,0.14871245088103766,1504.224853515625,931495082.8051758,20.999999999999996
LAURUSLABS,2025-01-01,2025-07-02,598.9533,743.3535,27,124,rebalance_trim,24.1088,3898.8067,2024-12-31,2.0683298381182498,0.9,150,1.501632561246863,1.0925434533411214,600.7838745117188,868615580.4675293,15.999999999999996
LAURUSLABS,2025-01-01,2025-07-15,598.9533,822.7654,24,133,rebalance_trim,37.3672,5371.4916,2024-12-31,2.0683298381182498,0.9,150,1.501632561246863,1.0925434533411214,600.7838745117188,868615580.4675293,15.999999999999996
PGEL,2024-11-01,2025-07-16,734.4694,814.123,19,174,rebalance_trim,10.8451,1513.4185,2024-10-31,4.2026756071431635,1.0,150,3.6602988305345985,3.650930907492404,636.7193603515625,670598950.520813,1.0
POWERINDIA,2025-01-01,2025-07-23,15163.763,20162.7978,1,139,rebalance_trim,32.967,4999.0348,2024-12-31,1.5784673822179092,0.8066666666666666,150,2.686703775711551,-0.140022978817039,14408.021484375,707022845.1777344,30.000000000000004
COROMANDEL,2025-01-01,2025-07-25,1944.2263,2455.179,8,141,rebalance_trim,26.2805,4087.622,2024-12-31,1.6801907582084035,0.82,150,1.8462203818926626,0.4389087248863431,1859.5235595703125,617496062.1456299,28.000000000000007
FORTIS,2024-10-01,2025-07-25,639.3237,842.8307,21,203,rebalance_trim,31.8316,4273.6463,2024-09-30,1.8799627801150043,0.84,150,2.459339969843787,1.2140307103640138,614.3734130859375,834925584.7807617,25.000000000000004
UPL,2025-04-01,2025-07-28,620.3656,723.6955,23,80,rebalance_trim,16.6563,2376.5875,2025-03-28,2.7571569355240757,0.9333333333333333,150,1.4149738409703085,0.2577132977975039,630.4803466796875,1093774582.2601318,10.999999999999998
LAURUSLABS,2025-01-01,2025-07-29,598.9533,885.7868,21,143,rebalance_trim,47.8891,6023.5053,2024-12-31,2.0683298381182498,0.9,150,1.501632561246863,1.0925434533411214,600.7838745117188,868615580.4675293,15.999999999999996
NAVINFLUOR,2025-03-03,2025-07-29,3810.0992,5112.6346,4,100,rebalance_trim,34.1864,5210.1418,2025-02-28,2.417629606570144,0.9066666666666666,150,0.684146081698869,0.5608520895705349,3748.3232421875,582529288.6010742,15.000000000000007
GVT&D,2025-07-01,2025-07-30,2361.0258,2587.5861,9,21,rebalance_trim,9.5958,2039.0428,2025-06-30,1.7772422792432163,0.82,150,0.9436446751227939,0.15676343739261572,2356.781982421875,666049353.1728516,28.000000000000007
POWERINDIA,2025-01-01,2025-07-30,15698.3584,20157.8077,1,144,rebalance_trim,28.4071,4459.4494,2024-12-31,1.5784673822179092,0.8066666666666666,150,2.686703775711551,-0.140022978817039,14408.021484375,707022845.1777344,30.000000000000004
COROMANDEL,2025-01-01,2025-07-31,1944.2263,2614.96,6,145,rebalance_trim,34.4987,4024.4024,2024-12-31,1.6801907582084035,0.82,150,1.8462203818926626,0.4389087248863431,1859.5235595703125,617496062.1456299,28.000000000000007
BRITANNIA,2025-07-01,2025-08-01,5799.5576,5714.1803,31,23,rebalance_exit,-1.4721,-2646.6984,2025-06-30,1.956532569531609,0.8666666666666667,150,0.20936021520251197,0.7655851158669158,5775.314453125,1489251461.4550781,20.999999999999996
CHAMBLFERT,2025-04-01,2025-08-01,596.988,521.4214,334,84,rebalance_exit,-12.658,-25239.2309,2025-03-28,2.7589347133489133,0.94,150,1.414554907623388,0.2593194824845975,613.0150146484375,872637026.2097168,10.000000000000007
GVT&D,2025-07-01,2025-08-01,2361.0258,2852.7217,7,23,rebalance_trim,20.8255,3441.8714,2025-06-30,1.7772422792432163,0.82,150,0.9436446751227939,0.15676343739261572,2356.781982421875,666049353.1728516,28.000000000000007
IDBI,2025-07-01,2025-08-01,101.4557,92.4833,1800,23,rebalance_exit,-8.8437,-16150.4239,2025-06-30,1.8655283938778076,0.8466666666666667,150,0.3581663324813848,0.593185116207008,101.26360321044922,740392550.9152069,24.0
IEX,2025-06-02,2025-08-01,179.7353,131.5099,1342,44,rebalance_exit,-26.8313,-64718.3727,2025-05-30,2.0083291795003793,0.8133333333333334,150,0.6228827674211533,0.42341422583147253,195.0816650390625,799407353.5584259,28.999999999999996
MARICO,2025-03-03,2025-08-01,612.6,705.8277,254,103,rebalance_exit,15.2184,23679.8252,2025-02-28,2.0864549682865943,0.8666666666666667,150,0.9901166952380603,0.1455096364987994,594.6768798828125,981507336.2670898,20.999999999999996
NAVINFLUOR,2025-03-03,2025-08-01,3810.0992,5031.4663,34,103,rebalance_exit,32.056,41526.4836,2025-02-28,2.417629606570144,0.9066666666666666,150,0.684146081698869,0.5608520895705349,3748.3232421875,582529288.6010742,15.000000000000007
NBCC,2025-07-01,2025-08-01,121.1081,107.3074,1643,23,rebalance_exit,-11.3954,-22674.5617,2025-06-30,2.0067651412299767,0.88,150,0.35215997066150484,0.7234888000782198,121.92699432373047,1527623543.6380615,19.0
PAGEIND,2025-02-01,2025-08-01,43884.3712,47373.7182,3,123,rebalance_exit,7.9512,10468.0411,2025-01-31,1.8929763733705447,0.82,150,1.4022586904367569,0.6597911828004817,43755.15625,1347562026.7734375,28.000000000000007
POWERINDIA,2025-01-01,2025-08-01,15698.3584,20147.829,8,146,rebalance_exit,28.3435,35595.765,2024-12-31,1.5784673822179092,0.8066666666666666,150,2.686703775711551,-0.140022978817039,14408.021484375,707022845.1777344,30.000000000000004
TATACONSUM,2025-06-02,2025-08-01,1092.6297,1056.2424,167,44,rebalance_exit,-3.3303,-6076.6826,2025-05-30,2.24757948719437,0.8933333333333333,150,0.24647555375886582,0.8411313915924064,1097.0174560546875,1543114800.880005,17.000000000000004
UNIONBANK,2025-07-01,2025-08-01,146.5495,130.7244,1377,23,rebalance_exit,-10.7985,-21791.1695,2025-06-30,1.8406459528154349,0.8266666666666667,150,0.21143844228196335,0.6604083453655374,148.56724548339844,1533458421.930725,27.0
ABCAPITAL,2025-08-01,2025-08-05,256.9619,278.498,63,2,rebalance_trim,8.3811,1356.7752,2025-07-31,2.8905253208011388,0.96,150,0.6730487319280926,1.8707330297668043,256.6499938964844,1017730633.7153931,7.000000000000005
GODFRYPHLP,2025-08-01,2025-08-06,3015.3831,3263.8662,5,3,rebalance_trim,8.2405,1242.4153,2025-07-31,3.304797882068434,0.98,150,1.7214018588688544,1.5950152531987503,3003.5341796875,776547332.3232422,4.000000000000003
FORTIS,2024-10-01,2025-08-07,639.3237,883.4076,17,212,rebalance_trim,38.1784,4149.4254,2024-09-30,1.8799627801150043,0.84,150,2.459339969843787,1.2140307103640138,614.3734130859375,834925584.7807617,25.000000000000004
GODFRYPHLP,2025-08-01,2025-08-07,3015.3831,3659.4268,6,4,rebalance_trim,21.3586,3864.2621,2025-07-31,3.304797882068434,0.98,150,1.7214018588688544,1.5950152531987503,3003.5341796875,776547332.3232422,4.000000000000003
DALBHARAT,2025-07-01,2025-08-08,2193.4017,2255.7544,7,28,rebalance_trim,2.8427,436.4688,2025-06-30,1.9353969457073454,0.86,150,0.4304024264530152,0.6117533889319844,2197.02294921875,647445034.0249023,22.000000000000004
SBILIFE,2025-06-02,2025-08-11,1812.3847,1830.1522,8,50,rebalance_trim,0.9803,142.1404,2025-05-30,2.4800536118548644,0.92,150,0.9062820617124925,0.6809358722725432,1809.684326171875,1653601011.5671387,12.999999999999995
INDIANB,2025-07-01,2025-08-12,633.3702,661.2463,30,30,rebalance_trim,4.4012,836.2831,2025-06-30,1.733976500671625,0.8066666666666666,150,0.4757046709760886,0.4035080919517064,630.0286865234375,1133600542.8180542,30.000000000000004
JMFINANCIL,2025-08-01,2025-08-12,154.1774,162.0152,96,7,rebalance_trim,5.0836,752.4278,2025-07-31,2.5388503769122597,0.94,150,1.2707774511402545,1.1259446529569812,153.92950439453125,768295240.0979004,10.000000000000007
JMFINANCIL,2025-08-01,2025-08-14,154.1774,180.892,105,9,rebalance_trim,17.3272,2805.0312,2025-07-31,2.5388503769122597,0.94,150,1.2707774511402545,1.1259446529569812,153.92950439453125,768295240.0979004,10.000000000000007
MANAPPURAM,2025-06-02,2025-08-18,238.1269,266.5024,56,54,rebalance_trim,11.9162,1589.0317,2025-05-30,2.9635844246319256,0.9733333333333334,150,0.7481983686849186,1.1925065148931697,236.9801483154297,1364202117.0142212,4.999999999999993
MUTHOOTFIN,2025-02-01,2025-08-18,2174.3808,2771.5273,6,133,rebalance_trim,27.4628,3582.8793,2025-01-31,2.410783177232489,0.9133333333333333,150,2.303990963106298,0.7686262484666478,2212.780517578125,818945158.8857422,14.0
LTF,2025-07-01,2025-08-20,205.7552,215.4,70,35,rebalance_trim,4.6875,675.1356,2025-06-30,1.7471304581316702,0.8133333333333334,150,-0.18628843308005924,0.8192527932061329,203.91058349609375,922083634.7260895,28.999999999999996
RPOWER,2025-08-01,2025-08-21,50.0369,49.8102,318,13,rebalance_trim,-0.4529,-72.0721,2025-07-31,3.3126864426674523,0.9866666666666667,150,1.9866533164260556,1.428372358034953,52.72999954223633,1677012743.3140526,2.9999999999999964
PGEL,2024-11-01,2025-08-22,660.3326,559.5443,35,200,rebalance_trim,-15.2633,-3527.5921,2024-10-31,4.2026756071431635,1.0,150,3.6602988305345985,3.650930907492404,636.7193603515625,670598950.520813,1.0
NYKAA,2025-06-02,2025-08-28,199.3583,232.3811,81,61,rebalance_trim,16.5645,2674.8456,2025-05-30,2.0097129976570813,0.82,150,0.49457846857901105,0.4954496185808977,203.25999450683594,1131220543.1623535,28.000000000000007
ABCAPITAL,2025-08-01,2025-09-01,256.9619,279.4962,78,19,rebalance_trim,8.7695,1757.6766,2025-07-31,2.8905253208011388,0.96,150,0.6730487319280926,1.8707330297668043,256.6499938964844,1017730633.7153931,7.000000000000005
APLAPOLLO,2025-07-01,2025-09-01,1718.354,1592.2298,115,42,rebalance_exit,-7.3398,-14504.2816,2025-06-30,2.031136410720766,0.8866666666666667,150,0.4047665442234355,0.7132403652889509,1733.0511474609375,880810843.1640625,17.999999999999993
COROMANDEL,2025-01-01,2025-09-01,1981.3806,2295.7957,10,165,rebalance_trim,15.8685,3144.1508,2024-12-31,1.6801907582084035,0.82,150,1.8462203818926626,0.4389087248863431,1859.5235595703125,617496062.1456299,28.000000000000007
DALBHARAT,2025-07-01,2025-09-01,2193.4017,2393.0447,12,42,rebalance_trim,9.102,2395.7162,2025-06-30,1.9353969457073454,0.86,150,0.4304024264530152,0.6117533889319844,2197.02294921875,647445034.0249023,22.000000000000004
DEEPAKFERT,2025-08-01,2025-09-01,1591.4839,1374.3007,111,19,rebalance_exit,-13.6466,-24107.3351,2025-07-31,2.860862564951908,0.9533333333333334,150,1.7985770717526202,1.1005208937673119,1587.4320068359375,678986238.6313477,7.999999999999995
FORTIS,2024-10-01,2025-09-01,639.3237,917.1467,29,227,rebalance_trim,43.4558,8056.8675,2024-09-30,1.8799627801150043,0.84,150,2.459339969843787,1.2140307103640138,614.3734130859375,834925584.7807617,25.000000000000004
GLENMARK,2025-08-01,2025-09-01,2111.1802,1909.9639,92,19,rebalance_exit,-9.531,-18511.8968,2025-07-31,1.8430818435230245,0.82,150,0.7009541329934836,0.8054475823161484,2128.87841796875,1625404679.640625,28.000000000000007
GODFRYPHLP,2025-08-01,2025-09-01,3046.362,3668.3261,11,19,rebalance_trim,20.4166,6841.6056,2025-07-31,3.304797882068434,0.98,150,1.7214018588688544,1.5950152531987503,3003.5341796875,776547332.3232422,4.000000000000003
GVT&D,2025-07-01,2025-09-01,2361.0258,2773.9996,6,42,rebalance_trim,17.4913,2477.8428,2025-06-30,1.7772422792432163,0.82,150,0.9436446751227939,0.15676343739261572,2356.781982421875,666049353.1728516,28.000000000000007
IDFCFIRSTB,2025-08-01,2025-09-01,69.0241,67.8776,2567,19,rebalance_exit,-1.6609,-2942.8656,2025-07-31,1.750906569616593,0.8066666666666666,150,0.10946292325064468,1.1025015498392778,68.76000213623047,1559018563.035469,30.000000000000004
JSWSTEEL,2025-05-02,2025-09-01,1015.9946,1024.7528,167,84,rebalance_exit,0.862,1462.6164,2025-04-30,2.2546978884698996,0.8866666666666667,150,0.9187566757097378,0.3762939635881544,1027.034423828125,1672578330.4558105,17.999999999999993
LAURUSLABS,2025-01-01,2025-09-01,598.9533,853.6535,19,165,rebalance_trim,42.5242,4839.3039,2024-12-31,2.0683298381182498,0.9,150,1.501632561246863,1.0925434533411214,600.7838745117188,868615580.4675293,15.999999999999996
LLOYDSME,2025-08-01,2025-09-01,1488.6729,1287.0115,130,19,rebalance_exit,-13.5464,-26215.9849,2025-07-31,2.7316228822246753,0.9466666666666667,150,2.4498596994795636,0.5428206990712193,1503.8011474609375,584571572.3980713,9.000000000000002
LTF,2025-07-01,2025-09-01,205.7552,215.3901,105,42,rebalance_trim,4.6827,1011.6654,2025-06-30,1.7471304581316702,0.8133333333333334,150,-0.18628843308005924,0.8192527932061329,203.91058349609375,922083634.7260895,28.999999999999996
MANAPPURAM,2025-06-02,2025-09-01,238.1269,260.4444,58,63,rebalance_trim,9.3721,1294.4176,2025-05-30,2.9635844246319256,0.9733333333333334,150,0.7481983686849186,1.1925065148931697,236.9801483154297,1364202117.0142212,4.999999999999993
MFSL,2025-06-02,2025-09-01,1505.4058,1615.2882,15,63,rebalance_trim,7.2992,1648.2368,2025-05-30,2.3596238149956674,0.9,150,1.2555539621197567,0.3824651598702401,1502.699951171875,1054268934.8352051,15.999999999999996
NYKAA,2025-06-02,2025-09-01,199.3583,230.3747,82,63,rebalance_trim,15.5581,2543.3441,2025-05-30,2.0097129976570813,0.82,150,0.49457846857901105,0.4954496185808977,203.25999450683594,1131220543.1623535,28.000000000000007
PGEL,2024-11-01,2025-09-01,660.3326,541.7841,317,205,rebalance_exit,-17.9528,-37579.8706,2024-10-31,4.2026756071431635,1.0,150,3.6602988305345985,3.650930907492404,636.7193603515625,670598950.520813,1.0
PNBHOUSING,2025-06-02,2025-09-01,993.7292,758.6325,20,63,rebalance_trim,-23.658,-4701.9331,2025-05-30,2.0225871992302498,0.8333333333333334,150,0.647071806883725,0.42257424442228214,1039.6024169921875,924644409.7894897,25.999999999999993
RPOWER,2025-08-01,2025-09-01,49.3743,44.4199,549,19,rebalance_trim,-10.0344,-2719.9614,2025-07-31,3.3126864426674523,0.9866666666666667,150,1.9866533164260556,1.428372358034953,52.72999954223633,1677012743.3140526,2.9999999999999964
SBICARD,2025-03-03,2025-09-01,851.7626,797.7621,214,122,rebalance_exit,-6.3399,-11556.1021,2025-02-28,1.8028404819609372,0.8266666666666667,150,0.21637919154995383,0.31028298524598114,835.8716430664062,859620189.8358154,27.0
UPL,2025-04-01,2025-09-01,620.3656,714.4122,30,103,rebalance_trim,15.1599,2821.3991,2025-03-28,2.7571569355240757,0.9333333333333333,150,1.4149738409703085,0.2577132977975039,630.4803466796875,1093774582.2601318,10.999999999999998
WOCKPHARMA,2025-07-01,2025-09-01,1692.4029,1424.9314,11,42,rebalance_trim,-15.8042,-2942.1867,2025-06-30,2.5425494430930846,0.96,150,2.3152738341663053,0.0059962627514917296,1714.0,681031225.6135254,7.000000000000005
JMFINANCIL,2025-08-01,2025-09-02,154.1774,181.0769,90,20,rebalance_trim,17.4471,2420.959,2025-07-31,2.5388503769122597,0.94,150,1.2707774511402545,1.1259446529569812,153.92950439453125,768295240.0979004,10.000000000000007
GMDCLTD,2025-09-01,2025-09-04,397.0673,455.6038,42,3,rebalance_trim,14.7422,2458.5314,2025-08-29,1.997299004509545,0.8466666666666667,150,0.30994125882949786,1.1682346136485589,396.4027099609375,775838383.692627,24.0
MUTHOOTFIN,2025-02-01,2025-09-04,2174.3808,2766.5782,6,145,rebalance_trim,27.2352,3553.1842,2025-01-31,2.410783177232489,0.9133333333333333,150,2.303990963106298,0.7686262484666478,2212.780517578125,818945158.8857422,14.0
SBILIFE,2025-06-02,2025-09-04,1812.3847,1883.9802,9,66,rebalance_trim,3.9503,644.3598,2025-05-30,2.4800536118548644,0.92,150,0.9062820617124925,0.6809358722725432,1809.684326171875,1653601011.5671387,12.999999999999995
GMDCLTD,2025-09-01,2025-09-08,397.0673,502.4379,33,5,rebalance_trim,26.5372,3477.2287,2025-08-29,1.997299004509545,0.8466666666666667,150,0.30994125882949786,1.1682346136485589,396.4027099609375,775838383.692627,24.0
SYRMA,2025-09-01,2025-09-09,757.9619,857.1654,18,6,rebalance_trim,13.0882,1785.6626,2025-08-29,3.028502548607852,0.96,150,1.395799053284037,1.4210490054398728,751.8582763671875,751062810.310791,7.000000000000005
INDIANB,2025-07-01,2025-09-11,633.3702,679.2301,25,50,rebalance_trim,7.2406,1146.4973,2025-06-30,1.733976500671625,0.8066666666666666,150,0.4757046709760886,0.4035080919517064,630.0286865234375,1133600542.8180542,30.000000000000004
SRF,2025-08-01,2025-09-12,3035.8629,2988.088,6,28,rebalance_trim,-1.5737,-286.6488,2025-07-31,2.083552032887315,0.86,150,1.0042971192932668,0.8462079945884782,3035.197265625,1637824640.2250977,22.000000000000004
REDINGTON,2025-04-01,2025-09-17,237.732,294.4692,136,115,rebalance_trim,23.866,7716.2529,2025-03-28,2.994310226757018,0.98,150,0.6450717578260933,0.819126861447535,237.66085815429688,881584569.1069336,4.000000000000003
GMDCLTD,2025-09-01,2025-09-22,397.0673,571.2702,29,15,rebalance_trim,43.8724,5051.884,2025-08-29,1.997299004509545,0.8466666666666667,150,0.30994125882949786,1.1682346136485589,396.4027099609375,775838383.692627,24.0
GMDCLTD,2025-09-01,2025-09-24,397.0673,625.0234,25,17,rebalance_trim,57.4099,5698.9009,2025-08-29,1.997299004509545,0.8466666666666667,150,0.30994125882949786,1.1682346136485589,396.4027099609375,775838383.692627,24.0
PNBHOUSING,2025-06-02,2025-09-24,993.7292,883.4076,20,80,rebalance_trim,-11.1018,-2206.4315,2025-05-30,2.0225871992302498,0.8333333333333334,150,0.647071806883725,0.42257424442228214,1039.6024169921875,924644409.7894897,25.999999999999993
MUTHOOTFIN,2025-02-01,2025-09-29,2174.3808,2998.7925,5,162,rebalance_trim,37.9148,4122.0586,2025-01-31,2.410783177232489,0.9133333333333333,150,2.303990963106298,0.7686262484666478,2212.780517578125,818945158.8857422,14.0
BAJAJHLDNG,2025-03-03,2025-10-01,11393.5459,11929.9862,12,144,rebalance_exit,4.7083,6437.2835,2025-02-28,2.3359872485934736,0.9,150,0.9298412619061831,0.37290241834208954,11353.0576171875,656381028.75,15.999999999999996
GODFRYPHLP,2025-08-01,2025-10-01,3078.5172,3363.9281,46,41,rebalance_exit,9.2711,13128.902,2025-07-31,3.304797882068434,0.98,150,1.7214018588688544,1.5950152531987503,3003.5341796875,776547332.3232422,4.000000000000003
IIFL,2025-09-01,2025-10-01,429.45,445.8745,358,22,rebalance_exit,3.8245,5879.977,2025-08-29,2.261187026422381,0.8933333333333333,150,0.28335276096910383,1.4549656206139376,424.4593505859375,676999256.8892212,17.000000000000004
NUVAMA,2025-08-01,2025-10-01,1419.4665,1235.1212,124,41,rebalance_exit,-12.9869,-22858.8248,2025-07-31,2.2536175933806986,0.8866666666666667,150,0.7863172675116479,1.1596135376074153,1420.7420654296875,725808285.3344727,17.999999999999993
PIIND,2025-09-01,2025-10-01,3713.7839,3507.9024,41,22,rebalance_exit,-5.5437,-8441.14,2025-08-29,1.8692731127216136,0.82,150,-0.12986478815115624,1.359270270574371,3688.739013671875,627358910.5754395,28.000000000000007
PNBHOUSING,2025-06-02,2025-10-01,993.7292,862.3955,182,85,rebalance_exit,-13.2162,-23902.7311,2025-05-30,2.0225871992302498,0.8333333333333334,150,0.647071806883725,0.42257424442228214,1039.6024169921875,924644409.7894897,25.999999999999993
RPOWER,2025-08-01,2025-10-01,49.3743,44.2203,3453,41,rebalance_exit,-10.4387,-17796.8765,2025-07-31,3.3126864426674523,0.9866666666666667,150,1.9866533164260556,1.428372358034953,52.72999954223633,1677012743.3140526,2.9999999999999964
SRF,2025-08-01,2025-10-01,3035.8629,2813.2265,52,41,rebalance_exit,-7.3335,-11577.0912,2025-07-31,2.083552032887315,0.86,150,1.0042971192932668,0.8462079945884782,3035.197265625,1637824640.2250977,22.000000000000004
LTF,2025-07-01,2025-10-06,205.7552,261.5311,62,66,rebalance_trim,27.1079,3458.1028,2025-06-30,1.7471304581316702,0.8133333333333334,150,-0.18628843308005924,0.8192527932061329,203.91058349609375,922083634.7260895,28.999999999999996
HBLENGINE,2025-10-01,2025-10-14,814.9654,915.2837,18,8,rebalance_trim,12.3095,1805.7298,2025-09-30,3.0952594517364638,0.94,150,0.7965800410913046,1.6188646843929715,811.5056762695312,822083407.25,10.000000000000007
INDIANB,2025-07-01,2025-10-21,633.3702,804.1881,20,77,rebalance_trim,26.9697,3416.3573,2025-06-30,1.733976500671625,0.8066666666666666,150,0.4757046709760886,0.4035080919517064,630.0286865234375,1133600542.8180542,30.000000000000004
NAM-INDIA,2025-09-01,2025-10-23,777.2366,951.7329,17,36,rebalance_trim,22.4509,2966.4364,2025-08-29,2.221174584203565,0.8866666666666667,150,0.4397423061036655,1.3003796678259516,768.3494873046875,565222536.9543457,17.999999999999993
MOTILALOFS,2025-09-01,2025-10-27,855.5943,1030.8067,15,38,rebalance_trim,20.4784,2628.1861,2025-08-29,2.00649509248544,0.8533333333333334,150,0.48341154958631855,1.051044608064302,850.4356689453125,1005098269.2514038,22.999999999999993
LAURUSLABS,2025-01-01,2025-10-29,621.4331,960.6652,18,205,rebalance_trim,54.5887,6106.1787,2024-12-31,2.0683298381182498,0.9,150,1.501632561246863,1.0925434533411214,600.7838745117188,868615580.4675293,15.999999999999996
HBLENGINE,2025-10-01,2025-10-30,814.9654,1009.57,17,19,rebalance_trim,23.8789,3308.2782,2025-09-30,3.0952594517364638,0.94,150,0.7965800410913046,1.6188646843929715,811.5056762695312,822083407.25,10.000000000000007
SHREECEM,2025-04-01,2025-10-30,30005.0999,29065.0927,1,144,rebalance_trim,-3.1328,-940.0072,2025-03-28,2.3412979494581645,0.8733333333333333,150,0.52015788090937,0.3646930594601009,30357.478515625,756070493.9511719,20.000000000000007
AIIL,2025-10-01,2025-11-03,623.5019,577.9717,294,21,rebalance_exit,-7.3023,-13385.8774,2025-09-30,4.2470871515820106,1.0,150,1.8612297066134917,1.9509480103800572,616.4400024414062,542015609.5596313,1.0
ASHOKLEY,2025-10-01,2025-11-03,139.9058,138.4282,1194,21,rebalance_exit,-1.0561,-1764.2496,2025-09-30,1.9728806209602043,0.82,150,0.34581948470729823,0.835792321328334,139.3320770263672,1468107379.0401611,28.000000000000007
DATAPATTNS,2025-10-01,2025-11-03,2564.5094,2739.0626,65,21,rebalance_exit,6.8065,11345.9578,2025-09-30,1.801415571790017,0.8066666666666666,150,0.012057184554223636,0.9236325848785866,2549.39990234375,624634229.4238281,30.000000000000004
FORTIS,2024-10-01,2025-11-03,639.3237,1022.1575,167,270,rebalance_exit,59.881,63933.2345,2024-09-30,1.8799627801150043,0.84,150,2.459339969843787,1.2140307103640138,614.3734130859375,834925584.7807617,25.000000000000004
GMDCLTD,2025-09-01,2025-11-03,418.9532,594.4784,291,43,rebalance_exit,41.8961,51077.8413,2025-08-29,1.997299004509545,0.8466666666666667,150,0.30994125882949786,1.1682346136485589,396.4027099609375,775838383.692627,24.0
JPPOWER,2025-09-01,2025-11-03,18.4772,17.957,9560,43,rebalance_exit,-2.8154,-4973.2049,2025-08-29,1.9090770776755677,0.8333333333333334,150,0.3472117465893357,1.0516781581263883,18.389999389648438,1077597640.4737358,25.999999999999993
LEMONTREE,2025-10-01,2025-11-03,167.441,164.7817,998,21,rebalance_exit,-1.5882,-2653.928,2025-09-30,2.5855012918444906,0.9,150,1.1069010688313168,0.8598274595725376,166.30999755859375,526864479.28930664,15.999999999999996
SBILIFE,2025-06-02,2025-11-03,1809.3036,1943.7892,93,106,rebalance_exit,7.433,12507.1592,2025-05-30,2.4800536118548644,0.92,150,0.9062820617124925,0.6809358722725432,1809.684326171875,1653601011.5671387,12.999999999999995
SHREECEM,2025-04-01,2025-11-03,29787.6499,28259.0604,6,146,rebalance_exit,-5.1316,-9171.5369,2025-03-28,2.3412979494581645,0.8733333333333333,150,0.52015788090937,0.3646930594601009,30357.478515625,756070493.9511719,20.000000000000007
TORNTPHARM,2025-09-01,2025-11-03,3538.7735,3522.4931,48,43,rebalance_exit,-0.4601,-781.4631,2025-08-29,2.0871235150520047,0.86,150,0.5985353735993854,1.0487718307468834,3528.54541015625,1158365458.453125,22.000000000000004
UPL,2025-04-01,2025-11-03,626.2717,718.8043,237,146,rebalance_exit,14.7751,21930.2142,2025-03-28,2.7571569355240757,0.9333333333333333,150,1.4149738409703085,0.2577132977975039,630.4803466796875,1093774582.2601318,10.999999999999998
REDINGTON,2025-04-01,2025-11-07,243.2479,286.3339,57,149,rebalance_trim,17.7128,2455.901,2025-03-28,2.994310226757018,0.98,150,0.6450717578260933,0.819126861447535,237.66085815429688,881584569.1069336,4.000000000000003
LTF,2025-07-01,2025-11-10,205.7552,300.3605,65,89,rebalance_trim,45.9795,6149.3461,2025-06-30,1.7471304581316702,0.8133333333333334,150,-0.18628843308005924,0.8192527932061329,203.91058349609375,922083634.7260895,28.999999999999996
MUTHOOTFIN,2025-02-01,2025-11-14,2262.2946,3612.8838,7,193,rebalance_trim,59.7,9454.1245,2025-01-31,2.410783177232489,0.9133333333333333,150,2.303990963106298,0.7686262484666478,2212.780517578125,818945158.8857422,14.0
SYRMA,2025-09-01,2025-11-17,759.8958,898.1809,18,52,rebalance_trim,18.1979,2489.1331,2025-08-29,3.028502548607852,0.96,150,1.395799053284037,1.4210490054398728,751.8582763671875,751062810.310791,7.000000000000005
NH,2025-05-02,2025-11-24,1782.1785,2039.823,8,141,rebalance_trim,14.4567,2061.1563,2025-04-30,3.118942074329363,0.98,150,1.0236955558427756,1.0655462939663827,1756.363525390625,677094361.3671875,4.000000000000003
COROMANDEL,2025-01-01,2025-11-25,2020.1512,2287.8415,8,223,rebalance_trim,13.251,2141.5224,2024-12-31,1.6801907582084035,0.82,150,1.8462203818926626,0.4389087248863431,1859.5235595703125,617496062.1456299,28.000000000000007
ABCAPITAL,2025-08-01,2025-11-26,256.9619,346.3257,45,78,rebalance_trim,34.7771,4021.3737,2025-07-31,2.8905253208011388,0.96,150,0.6730487319280926,1.8707330297668043,256.6499938964844,1017730633.7153931,7.000000000000005
COROMANDEL,2025-01-01,2025-12-01,2020.1512,2380.3095,75,227,rebalance_exit,17.8283,27011.8748,2024-12-31,1.6801907582084035,0.82,150,1.8462203818926626,0.4389087248863431,1859.5235595703125,617496062.1456299,28.000000000000007
DALBHARAT,2025-07-01,2025-12-01,2179.7473,1997.8133,87,104,rebalance_exit,-8.3466,-15828.2557,2025-06-30,1.9353969457073454,0.86,150,0.4304024264530152,0.6117533889319844,2197.02294921875,647445034.0249023,22.000000000000004
FORCEMOT,2025-11-03,2025-12-01,17864.1092,17785.9392,1,19,rebalance_trim,-0.4376,-78.17,2025-10-31,4.030001570642093,0.9933333333333333,150,3.113439567277008,1.2580466666395196,17654.0,1492516762.03125,2.000000000000006
HINDCOPPER,2025-11-03,2025-12-01,342.0674,334.3602,514,19,rebalance_exit,-2.2531,-3961.4661,2025-10-31,2.2671097064811274,0.8866666666666667,150,0.5040401189340933,1.2708158940596879,339.7053527832031,1486366447.322815,17.999999999999993
JINDALSTEL,2025-11-03,2025-12-01,1067.9195,1051.6044,164,19,rebalance_exit,-1.5277,-2675.6777,2025-10-31,1.7392818599502544,0.8133333333333334,150,0.6361387952741395,0.6338794342798415,1066.800048828125,1399287372.0,28.999999999999996
MOTILALOFS,2025-09-01,2025-12-01,866.5195,955.5014,181,62,rebalance_exit,10.2689,16105.7098,2025-08-29,2.00649509248544,0.8533333333333334,150,0.48341154958631855,1.051044608064302,850.4356689453125,1005098269.2514038,22.999999999999993
REDINGTON,2025-04-01,2025-12-01,243.2479,280.4944,608,165,rebalance_exit,15.3122,22645.8736,2025-03-28,2.994310226757018,0.98,150,0.6450717578260933,0.819126861447535,237.66085815429688,881584569.1069336,4.000000000000003
UNIONBANK,2025-11-03,2025-12-01,149.2683,153.7229,1178,19,rebalance_exit,2.9843,5247.5226,2025-10-31,1.696544953676283,0.8066666666666666,150,0.9216186394167059,0.3895399952849808,148.6699981689453,1108571964.5282593,30.000000000000004
UNOMINDA,2025-10-01,2025-12-01,1286.4922,1301.6771,144,40,rebalance_exit,1.1803,2186.6264,2025-09-30,2.354886567006502,0.8733333333333333,150,0.393736868226409,1.184942190344312,1295.842041015625,729167365.0412598,20.000000000000007
WOCKPHARMA,2025-07-01,2025-12-01,1632.9536,1242.8596,131,104,rebalance_exit,-23.8889,-51102.3157,2025-06-30,2.5425494430930846,0.96,150,2.3152738341663053,0.0059962627514917296,1714.0,681031225.6135254,7.000000000000005
FORCEMOT,2025-11-03,2025-12-09,17800.1943,17169.0512,1,25,rebalance_trim,-3.5457,-631.1431,2025-10-31,4.030001570642093,0.9933333333333333,150,3.113439567277008,1.2580466666395196,17654.0,1492516762.03125,2.000000000000006
FORCEMOT,2025-11-03,2025-12-17,17734.4562,17338.7453,1,31,rebalance_trim,-2.2313,-395.7109,2025-10-31,4.030001570642093,0.9933333333333333,150,3.113439567277008,1.2580466666395196,17654.0,1492516762.03125,2.000000000000006
MUTHOOTFIN,2025-02-01,2025-12-17,2262.2946,3813.8194,4,216,rebalance_trim,68.5819,6206.0994,2025-01-31,2.410783177232489,0.9133333333333333,150,2.303990963106298,0.7686262484666478,2212.780517578125,818945158.8857422,14.0
FORCEMOT,2025-11-03,2025-12-19,17670.7837,17272.864,1,33,rebalance_trim,-2.2519,-397.9197,2025-10-31,4.030001570642093,0.9933333333333333,150,3.113439567277008,1.2580466666395196,17654.0,1492516762.03125,2.000000000000006
GVT&D,2025-07-01,2025-12-22,2410.9862,3105.4022,5,119,rebalance_trim,28.8022,3472.08,2025-06-30,1.7772422792432163,0.82,150,0.9436446751227939,0.15676343739261572,2356.781982421875,666049353.1728516,28.000000000000007
MANAPPURAM,2025-06-02,2025-12-22,240.6486,292.0619,56,140,rebalance_trim,21.3645,2879.1441,2025-05-30,2.9635844246319256,0.9733333333333334,150,0.7481983686849186,1.1925065148931697,236.9801483154297,1364202117.0142212,4.999999999999993
LAURUSLABS,2025-01-01,2025-12-26,621.4331,1082.9676,16,245,rebalance_trim,74.2694,7384.5529,2024-12-31,2.0683298381182498,0.9,150,1.501632561246863,1.0925434533411214,600.7838745117188,868615580.4675293,15.999999999999996
HBLENGINE,2025-10-01,2025-12-29,825.8875,898.0593,18,59,rebalance_trim,8.7387,1299.0931,2025-09-30,3.0952594517364638,0.94,150,0.7965800410913046,1.6188646843929715,811.5056762695312,822083407.25,10.000000000000007
FORCEMOT,2025-11-03,2025-12-31,17670.7837,19912.1066,1,40,rebalance_trim,12.6838,2241.3229,2025-10-31,4.030001570642093,0.9933333333333333,150,3.113439567277008,1.2580466666395196,17654.0,1492516762.03125,2.000000000000006
IDFCFIRSTB,2025-12-01,2026-01-01,80.6349,85.4659,2200,22,rebalance_exit,5.9912,10628.2225,2025-11-28,1.877774187466964,0.8066666666666666,150,0.7968331765597974,0.5938671015522933,80.12999725341797,1460537845.643097,30.000000000000004
IOC,2025-12-01,2026-01-01,155.5344,164.6239,1140,22,rebalance_exit,5.8441,10362.1111,2025-11-28,2.0288837380941205,0.8333333333333334,150,0.9171113818072326,0.6602250606655421,154.9865264892578,1485168909.7827759,25.999999999999993
JKCEMENT,2025-09-01,2026-01-01,6764.0578,5511.6573,30,84,rebalance_exit,-18.5155,-37572.0147,2025-08-29,3.315659019929835,0.9866666666666667,150,1.6677144279038856,1.5136634443924608,6946.5,709488996.2915039,2.9999999999999964
JMFINANCIL,2025-08-01,2026-01-01,154.8214,147.7934,1235,103,rebalance_exit,-4.5394,-8679.601,2025-07-31,2.5388503769122597,0.94,150,1.2707774511402545,1.1259446529569812,153.92950439453125,768295240.0979004,10.000000000000007
NH,2025-05-02,2026-01-01,1791.7773,1876.6172,95,168,rebalance_exit,4.735,8059.7924,2025-04-30,3.118942074329363,0.98,150,1.0236955558427756,1.0655462939663827,1756.363525390625,677094361.3671875,4.000000000000003
PNB,2025-11-03,2026-01-01,119.837,119.9884,1468,41,rebalance_exit,0.1263,222.1992,2025-10-31,1.7705783402892337,0.82,150,0.7490520716275415,0.586938944828846,119.41754913330078,1490947309.0612793,28.000000000000007
POLYCAB,2025-11-03,2026-01-01,7681.4251,7565.4017,22,41,rebalance_exit,-1.5104,-2552.5146,2025-10-31,1.8361864119527482,0.8333333333333334,150,0.364846655310876,0.9241203936373318,7667.61865234375,1539794482.300293,25.999999999999993
POONAWALLA,2025-11-03,2026-01-01,479.8625,484.1509,366,41,rebalance_exit,0.8937,1569.5578,2025-10-31,2.7181393558189333,0.92,150,1.7871980432319983,0.8357228550001081,481.8500061035156,563555384.2384644,12.999999999999995
SAGILITY,2025-12-01,2026-01-01,50.1,52.3057,3541,22,rebalance_exit,4.4025,7810.266,2025-11-28,2.5371756759838635,0.92,150,1.6999048578059723,0.6432121249773551,50.08000183105469,1329045176.4658813,12.999999999999995
TATAINVEST,2025-11-03,2026-01-01,787.3355,692.1884,244,41,rebalance_exit,-12.0847,-23215.8821,2025-10-31,3.345057179739693,0.9733333333333334,150,1.3843809196892096,1.7647512988314573,794.9004516601562,681768006.4094238,4.999999999999993
BOSCHLTD,2025-09-01,2026-01-05,39263.5729,38939.8074,1,86,rebalance_trim,-0.8246,-323.7655,2025-08-29,3.139047526106917,0.98,150,0.9141135752032359,1.8843184515581015,39960.0,1109640350.0,4.000000000000003
IIFL,2026-01-01,2026-01-12,607.6044,643.619,26,7,rebalance_trim,5.9273,936.3785,2025-12-31,2.2610300353858714,0.8666666666666667,150,1.101859389120053,0.6169358982476917,606.0159912109375,616718166.3164368,20.999999999999996
FORCEMOT,2025-11-03,2026-01-13,18023.1925,19959.022,1,49,rebalance_trim,10.7408,1935.8295,2025-10-31,4.030001570642093,0.9933333333333333,150,3.113439567277008,1.2580466666395196,17654.0,1492516762.03125,2.000000000000006
BANKINDIA,2025-12-01,2026-01-21,143.0914,154.66,106,36,rebalance_trim,8.0848,1226.273,2025-11-28,2.2399669360475185,0.88,150,1.1529461823102882,0.7098435564178884,142.48556518554688,970879566.5895844,19.0
CHENNPETRO,2026-01-01,2026-01-27,831.1216,846.7536,20,17,rebalance_trim,1.8808,312.6402,2025-12-31,2.3981352429425873,0.8933333333333333,150,1.095837160456744,0.7537175307769799,829.6277465820312,1508729689.600708,17.000000000000004
GVT&D,2025-07-01,2026-01-28,2474.2654,2734.1715,6,144,rebalance_trim,10.5044,1559.4366,2025-06-30,1.7772422792432163,0.82,150,0.9436446751227939,0.15676343739261572,2356.781982421875,666049353.1728516,28.000000000000007
M&MFIN,2025-12-01,2026-01-28,374.7684,367.1382,47,40,rebalance_trim,-2.036,-358.6212,2025-11-28,2.0173379262754887,0.8266666666666667,150,0.662523638111127,0.8110212973402733,371.8500061035156,532147569.7414551,27.0
GVT&D,2025-07-01,2026-01-29,2474.2654,3050.5012,6,145,rebalance_trim,23.2892,3457.4147,2025-06-30,1.7772422792432163,0.82,150,0.9436446751227939,0.15676343739261572,2356.781982421875,666049353.1728516,28.000000000000007
SYRMA,2025-09-01,2026-01-29,748.4975,728.6865,30,103,rebalance_trim,-2.6468,-594.331,2025-08-29,3.028502548607852,0.96,150,1.395799053284037,1.4210490054398728,751.8582763671875,751062810.310791,7.000000000000005
BOSCHLTD,2025-09-01,2026-02-02,39263.5729,35935.2234,4,105,rebalance_exit,-8.4769,-13313.3979,2025-08-29,3.139047526106917,0.98,150,0.9141135752032359,1.8843184515581015,39960.0,1109640350.0,4.000000000000003
DELHIVERY,2025-09-01,2026-02-02,455.9631,443.3508,461,105,rebalance_exit,-2.7661,-5814.2442,2025-08-29,2.142337582386766,0.88,150,-0.060572846417621735,1.5853752094033575,468.04998779296875,1076215257.3243713,19.0
GLENMARK,2025-11-03,2026-02-02,1892.5016,1931.6181,92,62,rebalance_exit,2.0669,3598.7152,2025-10-31,2.3431562750015953,0.8933333333333333,150,0.542075842970513,1.3225476925350064,1891.199951171875,1199077791.6992188,17.000000000000004
GVT&D,2025-07-01,2026-02-02,2474.2654,3204.0245,57,147,rebalance_exit,29.494,41596.2683,2025-06-30,1.7772422792432163,0.82,150,0.9436446751227939,0.15676343739261572,2356.781982421875,666049353.1728516,28.000000000000007
NEULANDLAB,2026-01-01,2026-02-02,14907.0799,13513.6404,14,21,rebalance_exit,-9.3475,-19508.153,2025-12-31,2.065988822030703,0.8466666666666667,150,0.4838038492392429,0.7879716165035273,15175.0,735354720.0,24.0
SYRMA,2025-09-01,2026-02-02,748.4975,773.4059,242,105,rebalance_exit,3.3278,6027.8192,2025-08-29,3.028502548607852,0.96,150,1.395799053284037,1.4210490054398728,751.8582763671875,751062810.310791,7.000000000000005
UPL,2025-12-01,2026-02-02,762.3703,668.0458,232,43,rebalance_exit,-12.3725,-21883.2862,2025-11-28,2.158496403345014,0.8533333333333334,150,1.2510896541898144,0.5705413969719454,758.6500244140625,1369755585.1411743,22.999999999999993
ADANIENSOL,2026-01-01,2026-02-03,1021.6546,949.2888,18,22,rebalance_trim,-7.0832,-1302.5842,2025-12-31,1.7935572288683874,0.8066666666666666,150,0.7366735525597224,0.37562263431019854,1027.3499755859375,941126242.2663574,30.000000000000004
CUB,2026-01-01,2026-02-03,217.3657,242.5628,155,22,rebalance_trim,11.592,3905.5436,2025-12-31,3.1331455353896267,0.9533333333333334,150,1.9936119556617506,0.9443296279822692,218.10000610351562,623316292.3952942,7.999999999999995
FORCEMOT,2025-11-03,2026-02-03,18135.528,19864.1929,1,63,rebalance_trim,9.5319,1728.6649,2025-10-31,4.030001570642093,0.9933333333333333,150,3.113439567277008,1.2580466666395196,17654.0,1492516762.03125,2.000000000000006
HBLENGINE,2025-10-01,2026-02-03,819.4481,798.994,19,84,rebalance_trim,-2.4961,-388.6281,2025-09-30,3.0952594517364638,0.94,150,0.7965800410913046,1.6188646843929715,811.5056762695312,822083407.25,10.000000000000007
JSWSTEEL,2025-12-01,2026-02-03,1166.9976,1222.7958,13,44,rebalance_trim,4.7813,725.3765,2025-11-28,2.3909145390447026,0.9,150,1.141572794640495,0.8596681691611084,1160.300048828125,1491336701.9318848,15.999999999999996
NAM-INDIA,2025-09-01,2026-02-03,785.1495,996.3068,32,106,rebalance_trim,26.8939,6757.0319,2025-08-29,2.221174584203565,0.8866666666666667,150,0.4397423061036655,1.3003796678259516,768.3494873046875,565222536.9543457,17.999999999999993
NAVINFLUOR,2025-12-01,2026-02-03,5791.4548,6380.8075,4,44,rebalance_trim,10.1762,2357.4109,2025-11-28,2.2079159266705934,0.8666666666666667,150,1.4410044512843299,0.49660216322509065,5728.60791015625,443019473.1347656,20.999999999999996
NYKAA,2025-06-02,2026-02-06,203.0566,264.3235,60,172,rebalance_trim,30.1723,3676.0146,2025-05-30,2.0097129976570813,0.82,150,0.49457846857901105,0.4954496185808977,203.25999450683594,1131220543.1623535,28.000000000000007
FORCEMOT,2025-11-03,2026-02-11,18135.528,23631.4022,1,69,rebalance_trim,30.3045,5495.8742,2025-10-31,4.030001570642093,0.9933333333333333,150,3.113439567277008,1.2580466666395196,17654.0,1492516762.03125,2.000000000000006
INDIANB,2025-07-01,2026-02-23,633.3702,931.443,20,162,rebalance_trim,47.0614,5961.4551,2025-06-30,1.733976500671625,0.8066666666666666,150,0.4757046709760886,0.4035080919517064,630.0286865234375,1133600542.8180542,30.000000000000004
MFSL,2025-06-02,2026-02-23,1509.1105,1864.9383,9,183,rebalance_trim,23.5786,3202.45,2025-05-30,2.3596238149956674,0.9,150,1.2555539621197567,0.3824651598702401,1502.699951171875,1054268934.8352051,15.999999999999996
HEG,2026-02-02,2026-02-27,526.4524,580.9528,28,19,rebalance_trim,10.3524,1526.0114,2026-01-30,2.0139274080253142,0.82,150,1.340183963477341,0.4832769137943446,542.0,622102248.0,28.000000000000007
AUBANK,2026-02-02,2026-03-02,967.2198,893.4395,187,20,rebalance_exit,-7.6281,-13796.9157,2026-01-30,3.0881697238915926,0.9533333333333334,150,2.1946706184195137,1.1193718575648528,982.3499755859375,1666712181.0690308,7.999999999999995
GPIL,2025-11-03,2026-03-02,280.8555,240.0673,693,82,rebalance_exit,-14.5228,-28266.2308,2025-10-31,2.1923159070210843,0.86,150,1.0009665428912196,0.845085908197838,283.739990234375,573305802.7928009,22.000000000000004
IOC,2026-02-02,2026-03-02,158.787,178.7303,1035,20,rebalance_exit,12.5598,20641.3214,2026-01-30,2.4649391083697387,0.8866666666666667,150,1.6034782902311162,0.8082321588285633,161.20750427246094,1695998489.7521973,17.999999999999993
MRF,2025-08-01,2026-03-02,148661.3417,136234.4247,1,144,rebalance_exit,-8.3592,-12426.917,2025-07-31,2.09724660986581,0.8733333333333333,150,0.20699924883520276,1.3844940043804508,147839.140625,995992290.390625,20.000000000000007
MUTHOOTFIN,2025-02-01,2026-03-02,2359.8244,3320.7845,49,267,rebalance_exit,40.7217,47087.0451,2025-01-31,2.410783177232489,0.9133333333333333,150,2.303990963106298,0.7686262484666478,2212.780517578125,818945158.8857422,14.0
NMDC,2026-02-02,2026-03-02,78.5559,78.8379,2298,20,rebalance_exit,0.359,647.99,2026-01-30,1.9186395225835207,0.8133333333333334,150,1.0154357576374695,0.577851020615962,78.81414031982422,1468033141.9773102,28.999999999999996
RADICO,2025-09-01,2026-03-02,2872.252,2495.5016,66,125,rebalance_exit,-13.1169,-24865.5254,2025-08-29,2.39749005270215,0.9133333333333333,150,1.3516174433985386,0.8140003113195319,2852.5,598229194.8266602,14.0
TATACONSUM,2026-01-01,2026-03-02,1184.1267,1099.4978,157,41,rebalance_exit,-7.1469,-13286.7377,2025-12-31,2.0931285773561834,0.8533333333333334,150,1.4068978504797138,0.2757524023820465,1181.998291015625,1190523906.8259277,22.999999999999993
UNOMINDA,2026-01-01,2026-03-02,1282.483,1126.2211,145,41,rebalance_exit,-12.1843,-22657.982,2025-12-31,1.9570331753380101,0.8333333333333334,150,0.740146012924057,0.5324970432135081,1282.8717041015625,875122252.1209717,25.999999999999993
ANANDRATHI,2026-01-01,2026-03-04,1551.2505,1549.0143,10,42,rebalance_trim,-0.1442,-22.3621,2025-12-31,3.015678058665688,0.94,150,1.4873695193632357,1.1255281077761796,1553.1529541015625,554355454.8017578,10.000000000000007
LAURUSLABS,2025-01-01,2026-03-04,658.3213,1056.0431,20,291,rebalance_trim,60.4145,7954.4366,2024-12-31,2.0683298381182498,0.9,150,1.501632561246863,1.0925434533411214,600.7838745117188,868615580.4675293,15.999999999999996
CHENNPETRO,2026-01-01,2026-03-05,831.1216,1009.1718,40,43,rebalance_trim,21.4229,7122.0088,2025-12-31,2.3981352429425873,0.8933333333333333,150,1.095837160456744,0.7537175307769799,829.6277465820312,1508729689.600708,17.000000000000004
NAVINFLUOR,2025-12-01,2026-03-06,5838.5001,6530.3579,4,66,rebalance_trim,11.8499,2767.4312,2025-11-28,2.2079159266705934,0.8666666666666667,150,1.4410044512843299,0.49660216322509065,5728.60791015625,443019473.1347656,20.999999999999996
ADANIENSOL,2026-01-01,2026-03-10,1021.6546,991.313,16,46,rebalance_trim,-2.9698,-485.4651,2025-12-31,1.7935572288683874,0.8066666666666666,150,0.7366735525597224,0.37562263431019854,1027.3499755859375,941126242.2663574,30.000000000000004
MRPL,2026-03-02,2026-03-17,184.1943,207.8453,106,10,rebalance_trim,12.8402,2507.0071,2026-02-27,2.2508220179248823,0.9,150,1.1639881099337348,1.0423475903371042,192.58697509765625,1002640765.3146973,15.999999999999996
SBILIFE,2025-12-01,2026-03-20,1967.8064,1903.4688,8,76,rebalance_trim,-3.2695,-514.7005,2025-11-28,2.1626367723014073,0.86,150,1.5489611004655952,0.3852571960981457,1963.2708740234375,1614389889.3927002,22.000000000000004
CHENNPETRO,2026-01-01,2026-03-23,831.518,1053.7378,14,55,rebalance_trim,26.7246,3111.0781,2025-12-31,2.3981352429425873,0.8933333333333333,150,1.095837160456744,0.7537175307769799,829.6277465820312,1508729689.600708,17.000000000000004
IIFL,2026-01-01,2026-03-24,586.7845,463.6642,33,56,rebalance_trim,-20.9822,-4062.9683,2025-12-31,2.2610300353858714,0.8666666666666667,150,1.101859389120053,0.6169358982476917,606.0159912109375,616718166.3164368,20.999999999999996
HBLENGINE,2025-10-01,2026-03-25,805.5169,663.8034,23,119,rebalance_trim,-17.5929,-3259.4106,2025-09-30,3.0952594517364638,0.94,150,0.7965800410913046,1.6188646843929715,811.5056762695312,822083407.25,10.000000000000007
HEG,2026-02-02,2026-03-30,526.4524,558.9924,34,38,rebalance_trim,6.181,1106.3597,2026-01-30,2.0139274080253142,0.82,150,1.340183963477341,0.4832769137943446,542.0,622102248.0,28.000000000000007
ADANIENSOL,2026-01-01,2026-04-01,1021.6546,952.2335,163,60,rebalance_exit,-6.795,-11315.6369,2025-12-31,1.7935572288683874,0.8066666666666666,150,0.7366735525597224,0.37562263431019854,1027.3499755859375,941126242.2663574,30.000000000000004
BHARATFORG,2026-03-02,2026-04-01,1863.6827,1706.9231,85,19,rebalance_exit,-8.4113,-13324.5672,2026-02-27,2.104434600426774,0.8666666666666667,150,1.0915924584686363,0.8963039716953527,1911.199951171875,1122207607.2038574,20.999999999999996
HBLENGINE,2025-10-01,2026-04-01,805.5169,638.8983,235,122,rebalance_exit,-20.6847,-39155.3764,2025-09-30,3.0952594517364638,0.94,150,0.7965800410913046,1.6188646843929715,811.5056762695312,822083407.25,10.000000000000007
HEG,2026-02-02,2026-04-01,526.4524,554.0014,281,39,rebalance_exit,5.2329,7741.2656,2026-01-30,2.0139274080253142,0.82,150,1.340183963477341,0.4832769137943446,542.0,622102248.0,28.000000000000007
HINDPETRO,2026-02-02,2026-04-01,426.9415,349.3702,470,39,rebalance_exit,-18.1691,-36458.5207,2026-01-30,2.341188259092814,0.86,150,1.5429247039400533,0.7119787291791391,427.0,1692495553.0,22.000000000000004
JSWSTEEL,2025-12-01,2026-04-01,1166.9976,1139.8453,139,82,rebalance_exit,-2.3267,-3774.1635,2025-11-28,2.3909145390447026,0.9,150,1.141572794640495,0.8596681691611084,1160.300048828125,1491336701.9318848,15.999999999999996
MANAPPURAM,2025-06-02,2026-04-01,241.2729,259.57,623,207,rebalance_exit,7.5836,11399.0883,2025-05-30,2.9635844246319256,0.9733333333333334,150,0.7481983686849186,1.1925065148931697,236.9801483154297,1364202117.0142212,4.999999999999993
MRPL,2026-03-02,2026-04-01,184.4799,182.6707,860,19,rebalance_exit,-0.9807,-1555.8743,2026-02-27,2.2508220179248823,0.9,150,1.1639881099337348,1.0423475903371042,192.58697509765625,1002640765.3146973,15.999999999999996
ANANDRATHI,2026-01-01,2026-04-06,1551.2505,1594.0438,10,62,rebalance_trim,2.7586,427.933,2025-12-31,3.015678058665688,0.94,150,1.4873695193632357,1.1255281077761796,1553.1529541015625,554355454.8017578,10.000000000000007
RBLBANK,2026-02-02,2026-04-06,291.524,308.3941,46,41,rebalance_trim,5.7869,776.0252,2026-01-30,3.069645501729201,0.9466666666666667,150,2.901607949184676,0.6706881637379688,298.75,1502760356.6615295,9.000000000000002
INDIANB,2025-07-01,2026-04-08,633.3702,908.9633,16,190,rebalance_trim,43.5122,4409.4885,2025-06-30,1.733976500671625,0.8066666666666666,150,0.4757046709760886,0.4035080919517064,630.0286865234375,1133600542.8180542,30.000000000000004
MFSL,2025-06-02,2026-04-15,1501.6379,1670.9879,10,215,rebalance_trim,11.2777,1693.4998,2025-05-30,2.3596238149956674,0.9,150,1.2555539621197567,0.3824651598702401,1502.699951171875,1054268934.8352051,15.999999999999996
NAM-INDIA,2025-09-01,2026-04-20,799.9354,1012.0561,19,155,rebalance_trim,26.5172,4030.2933,2025-08-29,2.221174584203565,0.8866666666666667,150,0.4397423061036655,1.3003796678259516,768.3494873046875,565222536.9543457,17.999999999999993
MAHABANK,2026-03-02,2026-04-22,69.4537,79.2368,212,32,rebalance_trim,14.0858,2074.0232,2026-02-27,2.118676598731393,0.8733333333333333,150,1.1724586025901118,0.859578286101944,73.63719940185547,1132122785.2542686,20.000000000000007
NESTLEIND,2026-02-02,2026-04-22,1293.4527,1388.4971,13,52,rebalance_trim,7.3481,1235.5778,2026-01-30,2.0756495553006027,0.8333333333333334,150,0.9138048234723726,0.8082138775431108,1325.244873046875,1036761217.2055664,25.999999999999993
MOTHERSON,2026-03-02,2026-04-23,123.8978,131.5229,131,33,rebalance_trim,6.1543,998.8834,2026-02-27,1.90191180446572,0.8066666666666666,150,0.9391506646264249,0.7303306362137931,132.92747497558594,1618590672.1842194,30.000000000000004
AUBANK,2026-04-01,2026-04-24,861.198,1056.795,18,15,rebalance_trim,22.7122,3520.7465,2026-03-30,3.1519844491125535,0.9733333333333334,150,2.7049028331789007,1.1135635270012836,842.7000122070312,1934511743.0775146,4.999999999999993
NAVINFLUOR,2025-12-01,2026-04-30,5865.4071,7028.8584,3,101,rebalance_trim,19.8358,3490.3537,2025-11-28,2.2079159266705934,0.8666666666666667,150,1.4410044512843299,0.49660216322509065,5728.60791015625,443019473.1347656,20.999999999999996
ANANDRATHI,2026-01-01,2026-05-01,1551.2505,1794.0402,100,80,rebalance_exit,15.6512,24278.9721,2025-12-31,3.015678058665688,0.94,150,1.4873695193632357,1.1255281077761796,1553.1529541015625,554355454.8017578,10.000000000000007
APARINDS,2026-04-01,2026-05-01,10368.6367,12308.8122,2,20,rebalance_trim,18.712,3880.351,2026-03-30,2.110671052719882,0.82,150,1.7226012792600063,0.4503303467545646,9881.0,732000368.0,28.000000000000007
CHENNPETRO,2026-01-01,2026-05-01,842.3168,1126.3197,16,80,rebalance_trim,33.7169,4544.0465,2025-12-31,2.3981352429425873,0.8933333333333333,150,1.095837160456744,0.7537175307769799,829.6277465820312,1508729689.600708,17.000000000000004
CUB,2026-01-01,2026-05-01,217.0099,202.203,869,80,rebalance_exit,-6.8231,-12867.1931,2025-12-31,3.1331455353896267,0.9533333333333334,150,1.9936119556617506,0.9443296279822692,218.10000610351562,623316292.3952942,7.999999999999995
FORCEMOT,2025-11-03,2026-05-01,18611.0163,19868.1857,8,121,rebalance_exit,6.755,10057.3556,2025-10-31,4.030001570642093,0.9933333333333333,150,3.113439567277008,1.2580466666395196,17654.0,1492516762.03125,2.000000000000006
GESHIP,2026-04-01,2026-05-01,1435.3393,1563.2306,13,20,rebalance_trim,8.9102,1662.5863,2026-03-30,2.534128333642088,0.88,150,1.5474674663988315,1.078605535244126,1405.0537109375,554450034.3114014,19.0
GMRAIRPORT,2026-01-01,2026-05-01,104.5679,96.2565,1782,80,rebalance_exit,-7.9484,-14811.0219,2025-12-31,2.7780553422707825,0.9266666666666666,150,1.3435249770617763,0.9784853482218782,104.37000274658203,1336330775.1207123,12.000000000000004
IIFL,2026-01-01,2026-05-01,554.0813,458.1242,42,80,rebalance_trim,-17.3182,-4030.1993,2025-12-31,2.2610300353858714,0.8666666666666667,150,1.101859389120053,0.6169358982476917,606.0159912109375,616718166.3164368,20.999999999999996
JKTYRE,2026-03-02,2026-05-01,441.6517,405.3693,421,39,rebalance_exit,-8.2152,-15274.8839,2026-02-27,3.179809720033355,0.9733333333333334,150,2.0973229525461674,1.6421810848450236,501.1000061035156,585497480.2874756,4.999999999999993
MOTHERSON,2026-03-02,2026-05-01,123.8978,120.9919,1346,39,rebalance_exit,-2.3454,-3911.406,2026-02-27,1.90191180446572,0.8066666666666666,150,0.9391506646264249,0.7303306362137931,132.92747497558594,1618590672.1842194,30.000000000000004
NESTLEIND,2026-02-02,2026-05-01,1293.4527,1455.9754,126,59,rebalance_exit,12.565,20477.871,2026-01-30,2.0756495553006027,0.8333333333333334,150,0.9138048234723726,0.8082138775431108,1325.244873046875,1036761217.2055664,25.999999999999993
OIL,2026-03-02,2026-05-01,501.1157,489.9169,346,39,rebalance_exit,-2.2348,-3874.81,2026-02-27,2.150153756735719,0.8866666666666667,150,0.9170698871181664,1.0779281437457464,483.8999938964844,963498234.3547974,17.999999999999993
PNB,2026-04-01,2026-05-01,101.7787,106.0786,1555,20,rebalance_exit,4.2248,6686.3832,2026-03-30,2.1926702793423027,0.8266666666666667,150,1.5909120013401548,0.6330066669992194,97.71851348876953,1921284328.4593506,27.0
ACUTAAS,2026-04-01,2026-05-04,2581.354,2624.9682,6,21,rebalance_trim,1.6896,261.6849,2026-03-30,2.8107543059377362,0.92,150,1.905562580868882,1.19417173157004,2558.60009765625,665204883.0,12.999999999999995
KEI,2026-04-01,2026-05-04,4138.639,4892.0815,4,21,rebalance_trim,18.2051,3013.7697,2026-03-30,2.58605489856784,0.8866666666666667,150,2.2824761832789715,0.6835746300953792,4038.0,1469070552.0,17.999999999999993
KARURVYSYA,2026-03-02,2026-05-05,308.8935,299.011,57,41,rebalance_trim,-3.1993,-563.3042,2026-02-27,3.049196490888371,0.96,150,2.210461796969574,1.3892469607881912,326.20001220703125,657960778.0484619,7.000000000000005
LAURUSLABS,2025-01-01,2026-05-05,658.3213,1169.2262,16,331,rebalance_trim,77.6072,8174.4782,2024-12-31,2.0683298381182498,0.9,150,1.501632561246863,1.0925434533411214,600.7838745117188,868615580.4675293,15.999999999999996
MARICO,2026-04-01,2026-05-06,752.6801,824.7134,23,23,rebalance_trim,9.5702,1656.7645,2026-03-30,2.2628127228310992,0.86,150,1.5507325230959292,0.744046043419618,735.9500122070312,1158489958.5709229,22.000000000000004
LTF,2025-07-01,2026-05-07,212.6424,298.1869,57,210,rebalance_trim,40.2293,4876.0362,2025-06-30,1.7471304581316702,0.8133333333333334,150,-0.18628843308005924,0.8192527932061329,203.91058349609375,922083634.7260895,28.999999999999996
M&MFIN,2025-12-01,2026-05-12,360.6823,336.3936,54,109,rebalance_trim,-6.7341,-1311.5909,2025-11-28,2.0173379262754887,0.8266666666666667,150,0.662523638111127,0.8110212973402733,371.8500061035156,532147569.7414551,27.0
SYRMA,2026-05-01,2026-05-12,960.6767,1152.9218,20,7,rebalance_trim,20.0114,3844.9001,2026-04-30,2.311413898731904,0.92,150,1.327649623406986,0.13288440590202227,958.9500122070312,856128515.0481567,12.999999999999995
GRAPHITE,2026-03-02,2026-05-14,681.6426,758.5327,30,48,rebalance_trim,11.2801,2306.7037,2026-02-27,2.1285804533866557,0.88,150,1.4261831395413025,0.6977802813442091,718.0999755859375,614305995.5112305,19.0
LAURUSLABS,2025-01-01,2026-05-14,658.3213,1289.1761,13,338,rebalance_trim,95.8278,8201.1131,2024-12-31,2.0683298381182498,0.9,150,1.501632561246863,1.0925434533411214,600.7838745117188,868615580.4675293,15.999999999999996
NAM-INDIA,2025-09-01,2026-05-21,799.9354,1096.0362,15,178,rebalance_trim,37.0156,4441.512,2025-08-29,2.221174584203565,0.8866666666666667,150,0.4397423061036655,1.3003796678259516,768.3494873046875,565222536.9543457,17.999999999999993
ACUTAAS,2026-04-01,2026-05-22,2581.354,2991.6073,7,35,rebalance_trim,15.8929,2871.7731,2026-03-30,2.8107543059377362,0.92,150,1.905562580868882,1.19417173157004,2558.60009765625,665204883.0,12.999999999999995
NYKAA,2025-06-02,2026-05-22,203.0566,282.9899,58,242,rebalance_trim,39.365,4636.1299,2025-05-30,2.0097129976570813,0.82,150,0.49457846857901105,0.4954496185808977,203.25999450683594,1131220543.1623535,28.000000000000007
ASTRAL,2026-05-01,2026-05-25,1521.0589,1563.1822,10,16,rebalance_trim,2.7693,421.2329,2026-04-30,2.162655767880744,0.8666666666666667,150,0.5597507869953937,0.4450694225756337,1529.699951171875,1060514242.4677734,20.999999999999996
MFSL,2025-06-02,2026-05-26,1510.5784,1722.495,10,244,rebalance_trim,14.0288,2119.1661,2025-05-30,2.3596238149956674,0.9,150,1.2555539621197567,0.3824651598702401,1502.699951171875,1054268934.8352051,15.999999999999996
ABB,2026-05-01,2026-06-01,7155.4767,7239.9493,26,21,rebalance_exit,1.1805,2196.2871,2026-04-30,2.2385883274120166,0.88,150,0.3109527826044773,0.6776810980173381,7230.0,2049985994.9521484,19.0
APLAPOLLO,2026-02-02,2026-06-01,2060.9322,1831.3987,86,80,rebalance_exit,-11.1374,-19739.8867,2026-01-30,2.2269381315909396,0.8466666666666667,150,0.8612990274205734,1.0026327286016203,2045.699951171875,949673564.2614746,24.0
ASTRAL,2026-05-01,2026-06-01,1521.0589,1592.13,110,21,rebalance_exit,4.6725,7817.8225,2026-04-30,2.162655767880744,0.8666666666666667,150,0.5597507869953937,0.4450694225756337,1529.699951171875,1060514242.4677734,20.999999999999996
BANKINDIA,2025-12-01,2026-06-01,142.7543,140.0476,1259,123,rebalance_exit,-1.8961,-3407.7486,2025-11-28,2.2399669360475185,0.88,150,1.1529461823102882,0.7098435564178884,142.48556518554688,970879566.5895844,19.0
IIFL,2026-01-01,2026-06-01,554.0813,469.354,372,101,rebalance_exit,-15.2915,-31518.5815,2025-12-31,2.2610300353858714,0.8666666666666667,150,1.101859389120053,0.6169358982476917,606.0159912109375,616718166.3164368,20.999999999999996
KEI,2026-04-01,2026-06-01,4138.639,5279.9823,3,41,rebalance_trim,27.5777,3424.0299,2026-03-30,2.58605489856784,0.8866666666666667,150,2.2824761832789715,0.6835746300953792,4038.0,1469070552.0,17.999999999999993
M&MFIN,2025-12-01,2026-06-01,355.4244,304.4512,576,123,rebalance_exit,-14.3415,-29360.5863,2025-11-28,2.0173379262754887,0.8266666666666667,150,0.662523638111127,0.8110212973402733,371.8500061035156,532147569.7414551,27.0
MARICO,2026-04-01,2026-06-01,752.6801,810.5389,208,41,rebalance_exit,7.687,12034.6262,2026-03-30,2.2628127228310992,0.86,150,1.5507325230959292,0.744046043419618,735.9500122070312,1158489958.5709229,22.000000000000004
MFSL,2025-06-02,2026-06-01,1510.5784,1670.9879,101,248,rebalance_exit,10.6191,16201.3572,2025-05-30,2.3596238149956674,0.9,150,1.2555539621197567,0.3824651598702401,1502.699951171875,1054268934.8352051,15.999999999999996
MRPL,2026-05-01,2026-06-01,166.7816,145.7373,1095,21,rebalance_exit,-12.6179,-23043.5285,2026-04-30,2.2803266419117447,0.9,150,0.6151744458500052,0.5357896349279796,167.5500030517578,1986924118.2211914,15.999999999999996
NYKAA,2025-06-02,2026-06-01,203.0566,262.1774,611,248,rebalance_exit,29.1154,36122.7998,2025-05-30,2.0097129976570813,0.82,150,0.49457846857901105,0.4954496185808977,203.25999450683594,1131220543.1623535,28.000000000000007
SBILIFE,2025-12-01,2026-06-01,1947.5676,1835.691,91,123,rebalance_exit,-5.7444,-10180.7672,2025-11-28,2.1626367723014073,0.86,150,1.5489611004655952,0.3852571960981457,1963.2708740234375,1614389889.3927002,22.000000000000004
SYRMA,2026-05-01,2026-06-01,967.8793,1100.0171,15,21,rebalance_trim,13.6523,1982.0676,2026-04-30,2.311413898731904,0.92,150,1.327649623406986,0.13288440590202227,958.9500122070312,856128515.0481567,12.999999999999995
LAURUSLABS,2025-01-01,2026-06-02,658.3213,1385.5025,13,351,rebalance_trim,110.4599,9453.3559,2024-12-31,2.0683298381182498,0.9,150,1.501632561246863,1.0925434533411214,600.7838745117188,868615580.4675293,15.999999999999996
NMDC,2026-05-01,2026-06-02,90.3082,92.623,214,22,rebalance_trim,2.5633,495.3806,2026-04-30,2.0523714728488858,0.82,150,0.670459150392179,0.2605473528410992,90.37000274658203,2162694600.709976,28.000000000000007
CHENNPETRO,2026-01-01,2026-06-03,861.7883,1147.9307,20,103,rebalance_trim,33.2033,5722.8496,2025-12-31,2.3981352429425873,0.8933333333333333,150,1.095837160456744,0.7537175307769799,829.6277465820312,1508729689.600708,17.000000000000004
SYRMA,2026-05-01,2026-06-05,967.8793,1227.7868,15,25,rebalance_trim,26.8533,3898.6129,2026-04-30,2.311413898731904,0.92,150,1.327649623406986,0.13288440590202227,958.9500122070312,856128515.0481567,12.999999999999995
ACUTAAS,2026-04-01,2026-06-08,2581.354,3226.1845,5,46,rebalance_trim,24.9803,3224.1523,2026-03-30,2.8107543059377362,0.92,150,1.905562580868882,1.19417173157004,2558.60009765625,665204883.0,12.999999999999995
TORNTPHARM,2026-03-02,2026-06-09,4179.2532,4434.8057,4,66,rebalance_trim,6.1148,1022.2098,2026-02-27,1.912453700587683,0.8133333333333334,150,1.3220891582138763,0.48023535842786896,4324.70556640625,806938090.6879883,28.999999999999996
HSCL,2026-06-01,2026-06-10,605.0876,680.7728,23,7,rebalance_trim,12.5081,1740.7608,2026-05-29,2.4513466688996948,0.9333333333333333,150,0.8438635846952712,1.1702817831318384,606.4500122070312,1656914638.774414,10.999999999999998
MAHABANK,2026-03-02,2026-06-10,69.4537,84.0984,217,67,rebalance_trim,21.0856,3177.907,2026-02-27,2.118676598731393,0.8733333333333333,150,1.1724586025901118,0.859578286101944,73.63719940185547,1132122785.2542686,20.000000000000007
RBLBANK,2026-02-02,2026-06-10,291.524,360.3504,49,87,rebalance_trim,23.6092,3372.4958,2026-01-30,3.069645501729201,0.9466666666666667,150,2.901607949184676,0.6706881637379688,298.75,1502760356.6615295,9.000000000000002
APARINDS,2026-04-01,2026-06-11,10368.6367,14039.6921,2,49,rebalance_trim,35.4054,7342.1108,2026-03-30,2.110671052719882,0.82,150,1.7226012792600063,0.4503303467545646,9881.0,732000368.0,28.000000000000007
NAVINFLUOR,2025-12-01,2026-06-15,5865.4071,7386.6848,3,133,rebalance_trim,25.9364,4563.833,2025-11-28,2.2079159266705934,0.8666666666666667,150,1.4410044512843299,0.49660216322509065,5728.60791015625,443019473.1347656,20.999999999999996
APARINDS,2026-04-01,2026-06-16,10368.6367,16130.9225,1,52,rebalance_trim,55.5742,5762.2858,2026-03-30,2.110671052719882,0.82,150,1.7226012792600063,0.4503303467545646,9881.0,732000368.0,28.000000000000007
LTF,2025-07-01,2026-06-16,217.7662,294.3694,62,238,rebalance_trim,35.1768,4749.396,2025-06-30,1.7471304581316702,0.8133333333333334,150,-0.18628843308005924,0.8192527932061329,203.91058349609375,922083634.7260895,28.999999999999996
ABCAPITAL,2025-08-01,2026-06-17,256.9619,374.1256,46,216,rebalance_trim,45.5958,5389.5313,2025-07-31,2.8905253208011388,0.96,150,0.6730487319280926,1.8707330297668043,256.6499938964844,1017730633.7153931,7.000000000000005
INDIANB,2025-07-01,2026-06-18,672.9363,879.1153,20,240,rebalance_trim,30.6387,4123.5811,2025-06-30,1.733976500671625,0.8066666666666666,150,0.4757046709760886,0.4035080919517064,630.0286865234375,1133600542.8180542,30.000000000000004
SYRMA,2026-05-01,2026-06-24,967.8793,1381.3101,13,38,rebalance_trim,42.7151,5374.6009,2026-04-30,2.311413898731904,0.92,150,1.327649623406986,0.13288440590202227,958.9500122070312,856128515.0481567,12.999999999999995
