ticker,entry_date,qty,basis,pnl,entry_px,last_exit,days_held,n_sells,n_trims,final_reason,nms,rank_in_band,n_rankable,mr12,mr6,turnover,return_pct,exit_px_eff
KEC,2018-02-01,127,42858.8042,-303.27689999999984,334.8514,2018-08-01,124,6,5,rebalance_exit,1.6447543139707312,22.000000000000004,150,4.113249277673582,0.6902438237342416,135493763.57266235,-0.7076186693981533,335.08289212598424
HFCL,2018-02-01,1434,40853.9836,-2268.345,28.7507,2018-04-02,38,3,2,rebalance_exit,1.616717599064605,24.0,150,2.3962554958356805,1.289895253780475,193109746.16171265,-5.552322687083078,26.907697768479775
UNOMINDA,2018-02-01,216,42205.7004,-3184.438,197.7491,2018-05-02,59,3,2,rebalance_exit,3.3379646046522664,2.9999999999999964,150,8.277383128057929,1.8629103469509656,131497665.25195312,-7.545042422752923,180.6539925925926
IBVENTURES,2018-02-01,149,39703.072199999995,20208.2922,248.1663,2018-06-01,81,9,8,rebalance_exit,5.361283182397639,1.0,150,20.11648230310584,0.6861435190649217,363755520.0,50.898560439360665,402.0896939597315
PHILIPCARB,2018-02-01,700,62315.7947,-5873.8975,92.8673,2019-02-01,247,9,8,rebalance_exit,2.255911191830684,12.000000000000004,150,5.157634804471037,1.2857958493280262,286802830.01434326,-9.426017157091636,80.63128171428572
BALKRISIND,2018-02-01,37,39472.3328,-2666.0665000000004,1061.0046,2018-07-02,102,3,2,rebalance_exit,2.1443305810320226,15.000000000000009,150,3.8295485128003097,1.6043195736181235,565077522.7001953,-6.754266370595661,994.7639540540539
HSCL,2018-02-01,285,45787.1982,-9069.3681,173.7466,2018-07-02,102,3,2,rebalance_exit,2.4670118259153533,7.999999999999995,150,5.250599399827601,1.5920942768322095,242472915.53497317,-19.807650296453385,128.83449157894736
BAJAJELEC,2018-02-01,106,48154.1414,1221.9798999999998,438.396,2018-10-01,163,7,6,rebalance_exit,1.6059908154160956,28.000000000000007,150,2.585402867588763,1.2015055655496352,130408459.45730592,2.537642380225265,465.8124650943396
GNFC,2018-02-01,98,36905.10890000001,38.40820000000002,383.4628,2018-05-02,59,2,1,rebalance_exit,1.734397698276943,20.000000000000007,150,2.27919776094004,1.5240828286172,408991932.8242188,0.10407285371809326,376.9746642857143
AVANTIFEED,2018-02-01,65,43679.7217,-8417.324400000001,682.8269,2018-06-01,81,4,3,rebalance_exit,2.707830377353568,7.000000000000005,150,7.1812403440790655,1.2561256854960252,145059808.02392578,-19.270554097875582,542.4984199999999
GODREJPROP,2018-02-01,45,36115.2678,-2989.7672,806.2142,2018-04-02,38,3,2,rebalance_exit,1.6119988168485342,25.000000000000004,150,3.249902970418061,0.9616047682596308,115103702.25,-8.27840241018509,736.1222355555556
SOBHA,2018-02-01,68,35801.8752,-1154.1353000000001,531.9024,2018-05-02,59,2,1,rebalance_exit,1.609044104421565,25.999999999999996,150,2.874237536162452,1.0979433385846122,161099327.9663086,-3.2236727644925147,509.5255867647059
VENKEYS,2018-02-01,21,65237.1867,13302.0011,2651.0343,2018-05-02,59,12,11,rebalance_exit,2.3243310581377985,10.000000000000009,150,7.481789333116617,0.523345927737981,180584437.8500977,20.390212657652818,3739.961323809524
JINDALSAW,2018-02-01,754,45166.1029,-10274.115099999999,63.7088,2018-06-01,81,2,1,rebalance_exit,1.4919866379541582,30.000000000000004,150,2.9610047531273813,0.8761404711398171,197825123.47909543,-22.747402233811055,46.27584588859417
MOTILALOFS,2018-02-01,30,36609.027,-4005.4981,1220.3009,2018-03-01,19,1,0,rebalance_exit,1.8648076352343932,17.999999999999993,150,4.213882444800984,1.0081326120078518,113755725.6566162,-10.941285328342651,1086.7842966666667
JAICORPLTD,2018-02-01,258,40996.098,-8088.6771,166.185,2018-06-01,81,2,1,rebalance_exit,2.249660665054276,12.999999999999996,150,2.9073732065209343,2.1209781997631776,432702797.4949341,-19.730358484361123,127.5481430232558
KOLTEPATIL,2018-02-01,98,34634.1604,-1962.9733,353.4098,2018-03-01,19,1,0,rebalance_exit,2.820115588422675,5.999999999999999,150,5.188690245502895,2.1861007801339967,134720976.83703613,-5.66773750923669,333.3794602040816
BBTC,2018-02-01,28,38612.5273,4746.8150000000005,1378.9978,2018-05-02,59,5,4,rebalance_exit,2.953691240362195,4.000000000000003,150,5.347131416482586,2.342493578596632,240248746.9921875,12.293458449688167,1548.5479392857144
BATAINDIA,2018-02-01,50,32967.115,835.1128,659.3423,2018-03-01,19,1,0,rebalance_exit,1.5003259900955572,29.0,150,2.324786518517845,1.1286083235975797,394820321.25738525,2.533169189963999,676.0445560000001
VIPIND,2018-02-01,147,54087.599799999996,8819.9893,331.9557,2019-06-03,327,13,12,rebalance_exit,2.8231188079726266,4.999999999999993,150,4.373194920015278,2.4972868307938367,156788632.85272217,16.306860227877962,427.9427829931973
FCONSUMER,2018-02-01,697,43055.7821,-3259.254,63.4692,2018-04-02,38,4,3,rebalance_exit,2.3372508284965363,9.000000000000002,150,4.594614112111633,1.628764304044478,270385959.8594818,-7.569840428006068,57.096883931133426
RADICO,2018-02-01,148,53772.6452,4842.2888,353.4628,2019-02-01,247,11,10,rebalance_exit,2.277744540173618,10.999999999999998,150,3.034013585963097,2.1188014643586306,495997430.2593994,9.005115485745158,396.04685135135134
EDELWEISS,2018-02-01,257,33267.77619999999,-4119.1206,129.4466,2018-04-02,38,2,1,rebalance_exit,1.8017306208414088,19.0,150,3.8563930502053023,1.0404628719893811,422128886.83496094,-12.381713088475092,113.41889338521398
IGL,2018-02-01,248,33300.0512,-1942.3951000000002,134.2744,2018-04-02,38,2,1,rebalance_exit,2.086399502555876,17.000000000000004,150,3.222459930349033,1.7387267812978426,492393124.85202026,-5.833009349847487,126.44216169354839
PAGEIND,2018-02-01,1,19638.7841,7330.8,19638.7841,2018-07-10,108,1,0,rebalance_exit,2.090957102376332,15.999999999999996,150,2.6965418732562147,1.943648844641498,306172764.91015625,37.32817654429023,26969.5841
TVSMOTOR,2018-02-01,54,35702.1162,-863.3274,666.3833,2018-05-02,59,2,1,rebalance_exit,2.171281438365837,14.0,150,4.356037112246054,1.4501129361178395,541993009.3306274,-2.418140692735743,645.1627555555555
TORNTPOWER,2018-02-01,159,36284.277,-2367.7942,228.203,2018-03-01,19,2,1,rebalance_exit,1.644199554134813,22.999999999999996,150,1.436793574428392,1.6947277648645478,253138257.397522,-6.525675570165005,213.3112125786164
FRETAIL,2018-02-01,60,33208.92,-619.3898,553.482,2018-04-02,38,3,2,rebalance_exit,1.709088796545232,21.0,150,4.397041787373832,0.687629524737106,227339385.0,-1.865130814251111,543.1588366666666
BRITANNIA,2018-02-01,21,45285.636,9659.9225,2076.0735,2018-08-01,124,10,9,rebalance_exit,1.6081371749926088,27.0,150,2.8041528422752666,1.1228039242888246,531886962.671875,21.331096023471993,2616.4551666666666
DBL,2018-02-01,62,52388.135899999994,-1590.2461,909.6374,2018-08-01,124,8,7,rebalance_exit,3.349229434778917,2.000000000000006,150,7.317245471731799,2.241783600497845,274711685.59399414,-3.0355080834246673,819.3208032258065
HEXAWARE,2018-03-01,77,26781.6857,6236.5401,347.8141,2018-06-01,62,3,2,rebalance_exit,1.5522972436774196,24.0,150,2.133018767929167,1.164010783287963,379028254.5,23.286585354856882,428.8081272727273
COFORGE,2018-03-01,176,26829.3344,-378.5764,152.4394,2018-04-02,19,2,1,rebalance_exit,2.5767418981965085,5.999999999999999,150,3.254996933999213,2.2619370181083767,381371021.8860626,-1.411054014072,150.28839772727272
TV18BRDCST,2018-03-01,573,35866.8083,-4815.5993,63.0702,2018-07-02,83,2,1,rebalance_exit,1.565263655783059,22.999999999999996,150,1.1811144503752622,1.5729570983175725,578507740.75,-13.426339081305988,54.19059162303664
RAJESHEXPO,2018-03-01,44,35216.1788,-5594.1138,800.3677,2018-05-02,40,1,0,rebalance_exit,1.450012281668,28.000000000000007,150,3.0631511363928725,0.628241556163651,347332261.3400879,-15.885067575815464,673.2287500000001
RAYMOND,2018-03-01,28,26175.9008,-1183.4916,934.8536,2018-04-02,19,1,0,rebalance_exit,1.6402782982069524,20.000000000000007,150,2.38185621946047,1.1959519803919163,489753694.8730469,-4.521302281218915,892.5860428571428
DIVISLAB,2018-03-01,27,26260.2837,1532.9871,972.6031,2018-04-02,19,2,1,rebalance_exit,1.448537593006506,29.0,150,1.1095793566540153,1.4248352222524698,533787073.8563232,5.837663893935769,1029.3804
UBL,2018-03-01,28,28864.023999999998,3705.0036,1030.858,2018-05-02,40,1,0,rebalance_exit,1.581300603331882,22.000000000000004,150,1.5224941454134906,1.4577328548705712,314523204.3392334,12.836060557599316,1163.179557142857
TATASPONGE,2018-03-01,31,32633.209699999996,1015.8913,1045.2557,2018-05-02,40,2,1,rebalance_exit,1.691873205431933,19.0,150,2.355908107673152,1.2849644234866946,179648530.6,3.113059700039252,1085.4548709677417
PRAJIND,2018-03-01,376,29837.7432,-2839.8572,79.3557,2018-04-02,19,1,0,rebalance_exit,1.4678214460175922,27.0,150,1.0383868238037437,1.4832496831981223,143871337.38983154,-9.51766754263104,71.80288829787234
MPHASIS,2018-03-01,52,39003.4459,6883.094300000001,714.3987,2019-03-01,248,7,6,rebalance_exit,1.9014905224599377,15.000000000000009,150,2.135845812201676,1.6934779605998802,109352649.9633789,17.647400482632744,882.4334653846155
STRTECH,2018-03-01,108,34751.4948,-461.37919999999997,321.7731,2018-08-01,105,3,2,rebalance_exit,2.3565341613704955,7.999999999999995,150,4.007095791014565,1.6197756705846842,376687545.766449,-1.327652817973171,317.50107037037037
LTI,2018-04-02,34,50419.312999999995,9297.098,1339.6763,2019-05-02,267,10,9,rebalance_exit,3.70453538906049,1.0,150,3.6885052227568007,2.849182675499163,206018227.2,18.43955708004193,1756.3650294117645
PERSISTENT,2018-04-02,130,41933.7591,-2431.7387,324.1405,2018-12-03,166,5,4,rebalance_exit,1.9315056954658032,14.0,150,1.6610234750124184,1.3647144680225591,138046225.9790039,-5.7990000233487295,303.8616953846154
NCC,2018-04-02,347,35996.1152,-5193.1563,105.6517,2018-07-02,64,2,1,rebalance_exit,1.7972365467328957,17.000000000000004,150,1.3693488965501732,1.3112621605968429,513063728.1958389,-14.42699099929539,88.7693340057637
OMAXE,2018-04-02,135,29726.622000000003,28.7366,220.1972,2018-05-02,21,1,0,rebalance_exit,1.6586826334394638,22.000000000000004,150,1.95464683908048,0.8777884765314696,117407828.70872498,0.09666957786189093,220.41006370370374
TATAELXSI,2018-04-02,30,26851.022999999997,6442.8321,895.0341,2018-06-01,43,2,1,rebalance_exit,1.5793925904039927,25.000000000000004,150,1.408938804486522,1.0056397853216097,425773486.1660156,23.994736066480595,1109.79517
IIFL,2018-04-02,90,32670.6049,-1691.157,365.1211,2018-07-02,64,2,1,rebalance_exit,1.5725572381557076,25.999999999999996,150,2.522738261170012,0.5211465385223505,146186674.95825195,-5.17638716876038,344.2160877777778
CHOLAFIN,2018-04-02,112,32075.6442,732.8058,286.926,2018-09-03,107,2,1,rebalance_exit,1.773226427219622,17.999999999999993,150,1.640179886879291,1.1638336490610053,246750621.20948792,2.2846175603855836,292.93258928571424
8KMILES,2018-04-02,128,33633.3568,-2547.2556999999997,262.7606,2018-06-01,43,2,1,rebalance_exit,1.881515988706544,15.999999999999996,150,0.4904769077070365,1.798116618382593,109903601.1,-7.5735993738216445,242.86016484375
SRF,2018-05-02,90,39251.043,-9443.3649,436.1227,2018-07-02,43,1,0,rebalance_exit,1.56923333399101,30.000000000000004,150,0.4759366260015601,0.6772344895667074,280139109.4970703,-24.05888908480725,331.1964233333333
CYIENT,2018-05-02,79,47065.16559999999,-3411.1008,626.1048,2019-01-01,165,6,5,rebalance_exit,1.8217369806539248,20.000000000000007,150,1.0621297563794156,0.7315222088470342,115303216.2927246,-7.247612446518197,552.5830987341772
LTTS,2018-05-02,24,29041.929600000003,-243.5122,1210.0804,2018-06-01,22,1,0,rebalance_exit,2.548499186469019,4.000000000000003,150,1.7677584635277892,1.3173785638033686,109711235.89709473,-0.8384849194042534,1199.9340583333335
DIVISLAB,2018-05-02,29,32648.8844,2814.2462,1125.8236,2018-09-03,86,2,1,rebalance_exit,2.108754992039606,15.000000000000009,150,1.887928438068452,0.7234306947063782,533787073.8563232,8.619731582620323,1222.866572413793
QUESS,2018-05-02,31,32132.368200000004,-4794.3535,1045.3322,2018-08-01,65,2,1,rebalance_exit,1.6521919652282284,25.999999999999996,150,0.9098152132647674,0.589465375018165,119718675.15020752,-14.920635385971954,881.871441935484
FRETAIL,2018-05-02,69,40370.782,-1777.9971999999998,598.8143,2018-09-03,86,3,2,rebalance_exit,1.621367042161378,28.000000000000007,150,1.652539214953249,0.2264485923963719,196578863.2433472,-4.404168341351426,559.3157217391305
LUXIND,2018-05-02,25,46746.5913,-7627.5628,1974.8024,2018-12-03,145,5,4,rebalance_exit,3.2637049048436366,2.000000000000006,150,3.4415498903478823,1.4652706252659755,98948080.4453125,-16.31683206813841,1564.76114
PIDILITIND,2018-05-02,62,32490.292999999998,-731.8616000000001,524.1535,2018-07-02,43,2,1,rebalance_exit,1.945268226398515,17.000000000000004,150,1.2870948289418764,0.785136099325636,467770783.9169922,-2.2525546322404666,512.232764516129
SHANKARA,2018-05-02,23,41346.4258,-5177.5792,1854.8387,2018-09-03,86,3,2,rebalance_exit,2.27750816595142,9.000000000000002,150,3.084200687801203,0.4076018646386046,98337007.50732422,-12.522434768714641,1572.5585478260869
FSL,2018-05-02,861,41437.899600000004,-5840.284900000001,49.858,2019-01-01,165,4,3,rebalance_exit,1.6076607619795389,29.0,150,0.5586355923246057,0.6883460727614087,267338379.03701785,-14.094065955022488,41.34450023228804
GODREJCP,2018-05-02,50,35360.072799999994,1125.8344,691.7521,2018-10-01,104,4,3,rebalance_exit,1.7459168731755832,22.999999999999996,150,0.9522047334143496,0.6862939544911745,417595805.80566406,3.1839142593620458,729.7181439999999
RAYMOND,2018-06-01,30,29303.649,-2223.2645,976.7883,2018-07-02,21,1,0,rebalance_exit,1.4895064595257437,29.0,150,1.559782826939217,0.3568605328651483,463522286.91101074,-7.586988569239278,902.6794833333333
GODREJPROP,2018-06-01,44,32229.0984,-1987.2307999999998,733.5606,2018-09-03,64,2,1,rebalance_exit,1.571677002874471,25.000000000000004,150,1.838408877130448,0.3444245602335133,102244435.43640137,-6.165952194306496,687.3151727272726
THOMASCOOK,2018-06-01,299,29826.6852,-2045.4641,99.7548,2018-08-01,43,2,1,rebalance_exit,1.7857158662258454,20.000000000000007,150,1.3867315352944816,0.7947355423986955,96235915.65444946,-6.857832462053142,92.91378294314381
PARAGMILK,2018-06-01,110,35645.06,-7858.4485,324.046,2018-11-01,103,2,1,rebalance_exit,1.54336247023668,28.000000000000007,150,0.6496682284797097,0.7966844801950979,124491472.44781494,-22.046388756254025,252.60555909090908
DABUR,2018-06-01,84,29734.1688,6827.099200000001,353.9782,2018-09-03,64,3,2,rebalance_exit,1.746948290026667,22.999999999999996,150,2.0835909583037124,0.4610283195968547,433494278.0044556,22.9604508063464,435.2531904761904
CHAMBLFERT,2018-06-01,211,29760.1363,-4031.219,141.0433,2018-08-01,43,1,0,rebalance_exit,1.8452156855751896,17.999999999999993,150,1.4132761395037023,0.857559091391998,88443698.40284729,-13.545700729871992,121.93799668246444
EDELWEISS,2018-07-02,305,38984.246,-12365.6892,127.8172,2018-10-01,61,1,0,rebalance_exit,1.7437026178045416,19.0,150,1.8606672198266885,0.3262002099540542,475182371.4239197,-31.71970852020583,87.27395672131146
EXIDEIND,2018-07-02,141,33606.369099999996,-3806.4604,242.977,2019-03-01,165,3,2,rebalance_exit,1.751050156497311,17.999999999999993,150,0.9333707931263642,0.7394740187496084,351562597.72927856,-11.326604158495659,211.34687021276594
BERGEPAINT,2018-07-02,160,37192.561799999996,4387.0256,225.567,2019-06-03,225,6,5,rebalance_exit,1.6093275561802751,24.0,150,0.9186877965434184,0.5586943313686253,160886852.37670898,11.795438086762823,259.87242125
TAKE,2018-07-02,162,35105.643000000004,-10534.7066,216.7015,2018-10-01,61,1,0,rebalance_exit,2.171548333526632,7.999999999999995,150,1.3884117571584558,1.0967775747058466,110234361.31384276,-30.008584659736893,151.67244691358027
TEAMLEASE,2018-07-02,13,37610.6607,-3442.1223,2968.3392,2018-09-03,43,3,2,rebalance_exit,1.8539133540531505,14.0,150,2.389827177252497,0.2414565824560268,84667602.25,-9.151985729407834,2628.3491076923074
BATAINDIA,2018-07-02,32,25682.7936,1478.423,802.5873,2018-08-01,22,1,0,rebalance_exit,1.5810172405628071,27.0,150,1.808136869758844,0.1342070516275413,466407757.56036377,5.756472691506581,848.78801875
COALINDIA,2018-07-02,190,26176.813,-296.1976,137.7727,2018-08-01,22,1,0,rebalance_exit,1.9069298344677423,10.999999999999998,150,1.2047073547305835,0.8272520593776416,349275609.81489563,-1.131526591873503,136.21376526315788
COLPAL,2018-07-02,32,31425.5936,944.3973,982.0498,2018-12-03,102,4,3,rebalance_exit,2.027055607187695,10.000000000000009,150,1.0251089927046542,1.064062778603904,289504345.59033203,3.005185238569368,1011.562215625
UBL,2018-07-02,26,29186.728999999996,5545.762,1122.5665,2018-09-03,43,2,1,rebalance_exit,1.5942460575984518,25.000000000000004,150,1.499456081074559,0.2860194889254676,427658164.7717285,19.000971297605844,1335.8650384615382
VENKEYS,2018-07-02,13,29448.2721,-1535.8763,2265.2517,2018-08-01,22,1,0,rebalance_exit,1.5545096462845378,29.0,150,1.7801172344734972,0.1113935272530947,418816234.2614746,-5.215505666290009,2147.107369230769
TATASPONGE,2018-07-02,30,28733.349,-1708.19,957.7783,2018-08-01,22,1,0,rebalance_exit,1.6464203925866494,22.000000000000004,150,1.1686798553165874,0.4988825969406109,145235906.4,-5.944973556684952,900.8386333333333
PAGEIND,2018-07-11,1,26426.6049,-272.4968,26426.6049,2018-07-18,5,1,0,rebalance_exit,1.4522225085791007,33.00000000000001,150,1.22086654826753,-0.0112850650709545,385229618.046875,-1.0311456996884227,26154.108099999998
PAGEIND,2018-07-25,1,26287.5397,3232.44,26287.5397,2018-08-10,12,1,0,rebalance_exit,2.6107809476141317,9.000000000000002,150,2.1035275803105,0.865413876393254,418481524.9804688,12.296472157110998,29519.9797
IBVENTURES,2018-08-01,128,58611.9393,-15621.0156,602.1017,2019-03-01,143,8,7,rebalance_exit,3.4391272570894023,1.0,150,2.515799965410892,1.4990309410286289,280761228.0,-26.65159315074907,335.86659140625
PIDILITIND,2018-08-01,52,28405.8476,402.4044,546.2663,2018-12-03,80,3,2,rebalance_exit,2.515779557076027,10.000000000000009,150,1.5975607693059035,0.8470244670970977,531772841.03027344,1.4166252162811717,554.0048461538462
BBTC,2018-08-01,22,34131.8274,-4124.612,1527.0431,2018-11-01,60,2,1,rebalance_exit,1.628663828094378,25.999999999999996,150,1.415328088512115,-0.0947648727761134,231924324.25268555,-12.084357370212178,1363.9643363636364
MARICO,2018-08-01,115,37122.5282,898.9486,324.4038,2019-06-03,203,6,5,rebalance_exit,1.561251999536986,28.000000000000007,150,0.1709824411549234,0.3880584161890734,402359507.477478,2.4215715997489635,330.6215373913044
INTELLECT,2018-08-01,225,45026.413700000005,-664.9918999999998,204.267,2019-03-01,143,7,6,rebalance_exit,1.91021914090628,17.999999999999993,150,1.4696414622179748,0.2057306815800663,86265081.62445068,-1.4768928843204754,197.16187466666668
LTTS,2018-08-01,35,47899.5063,4657.3414,1328.7928,2019-09-03,265,10,9,rebalance_exit,1.5527759006769115,29.0,150,1.4512289857168346,-0.1985281488937211,69242043.37011719,9.723151154900316,1501.62422
BHARATFIN,2018-08-01,29,34235.7849,-8432.2991,1213.1787,2018-11-01,60,2,1,rebalance_exit,2.48058860129147,10.999999999999998,150,1.991482933731348,0.6289296127698722,531728301.3,-24.63007383832465,889.7753724137931
BOMDYEING,2018-08-01,162,38216.043,-13363.5951,235.9015,2018-10-01,39,1,0,rebalance_exit,2.0287824603259823,14.0,150,2.566085698626132,-0.1514188431164262,291265440.6216278,-34.968547371584236,153.41017222222223
PAGEIND,2018-08-13,1,28530.3682,2156.6368,28530.3682,2018-08-14,1,1,0,rebalance_exit,2.657050540581671,5.999999999999999,150,2.2289418273104253,1.0978019165312518,450863876.5039063,7.559092069481249,30687.005
BALKRISIND,2018-09-03,27,33573.4578,-8105.8454,1243.4614,2018-10-01,18,1,0,rebalance_exit,1.8000782222952896,20.000000000000007,150,1.695245353446423,0.3360264109216221,480595945.9711914,-24.14361204105703,943.2449037037036
TORNTPHARM,2018-09-03,52,42154.104999999996,-3957.8262000000004,829.9378,2019-07-01,201,5,4,rebalance_exit,1.6292886303055123,27.0,150,1.0212948512342557,0.4594663596154723,324153127.79833984,-9.388946106197727,734.543823076923
SUVEN,2018-09-03,3073,34338.577300000004,-3116.3314,11.4151,2018-11-01,39,3,2,rebalance_exit,1.830849942994652,17.999999999999993,150,1.4490685265315506,0.4988689180773775,99145187.54813956,-9.075307263821905,10.160184152294176
KSCL,2018-09-03,56,33564.4853,-5383.716600000001,611.4478,2018-12-03,59,2,1,rebalance_exit,1.5843193959701674,28.000000000000007,150,0.4190016345259115,0.7058688533759945,242193976.65582275,-16.039920028209103,503.22801250000003
VMART,2018-09-03,44,34772.3772,-8494.75,790.2813,2018-10-01,18,1,0,rebalance_exit,2.369400163899229,12.000000000000004,150,1.5914480146777057,1.107927339474263,70407709.16308594,-24.4295923489522,597.2188000000001
IPCALAB,2018-09-03,145,79912.3266,22130.4291,371.9302,2021-03-01,615,19,18,rebalance_exit,1.9662596697818464,15.000000000000009,150,2.123761072788852,0.3303341128780294,75942149.66766357,27.693386041397023,703.7431427586207
M&MFIN,2018-09-03,125,33666.649999999994,-6524.5842,269.3332,2018-10-01,18,1,0,rebalance_exit,1.6962241119030574,22.999999999999996,150,0.8366074722170832,0.6370620307259338,510150659.07373047,-19.379962663347857,217.13652639999995
PAGEIND,2018-09-06,1,29937.4927,890.296,29937.4927,2018-09-12,4,1,0,rebalance_exit,2.64325087049719,4.000000000000003,150,2.012904908871292,1.285115771138465,587955697.5058594,2.973849576921985,30827.788699999997
DMART,2018-10-01,21,28711.607099999997,-439.4707,1380.3758,2018-11-01,21,2,1,rebalance_exit,1.7987934853902434,20.000000000000007,150,1.7281454359976482,0.5681994014606466,606379200.0987549,-1.5306377607821195,1346.2922095238093
CUB,2018-10-01,245,31286.5328,5683.3541000000005,126.4226,2019-10-01,245,5,4,rebalance_exit,1.9801982460385728,17.999999999999993,150,1.3465519543971312,1.054146317355482,91912912.38899232,18.16549675328677,150.8974975510204
NAUKRI,2018-10-01,127,37833.6921,16045.9349,279.9063,2019-11-01,265,12,11,rebalance_exit,1.7356234295437167,22.999999999999996,150,1.2148841175544676,0.7860071327007918,152950884.7970581,42.41176054821253,424.24903149606297
OFSS,2018-10-01,13,34708.5532,-1188.3519,2755.3159,2019-01-01,61,4,3,rebalance_exit,1.4555934085919642,28.000000000000007,150,0.921643138647254,0.5643430334570047,96170922.73730467,-3.423801312467268,2578.477023076923
SONATSOFTW,2018-10-01,276,29261.5752,-3316.56,106.0202,2018-11-01,21,1,0,rebalance_exit,2.1069587394626144,15.000000000000009,150,3.0019948094709337,0.242415517963944,87931721.48406982,-11.33418135329912,94.00367826086956
ABFRL,2018-10-01,189,34360.4525,1896.5358,178.3746,2019-09-03,226,6,5,rebalance_exit,1.883031493980912,19.0,150,0.7558176810353691,1.2701240003068035,120481672.47628784,5.519530920030812,191.83591693121693
PFIZER,2018-10-01,13,33030.202300000004,-2214.4824,2566.3859,2018-12-03,41,4,3,rebalance_exit,3.812653314075587,2.000000000000006,150,3.611073551000672,2.29764933803802,93211669.0517578,-6.70441670289134,2370.4399923076926
STRTECH,2018-10-01,114,32154.573999999997,-3704.7018000000003,274.5265,2019-02-01,84,3,2,rebalance_exit,1.490862127827452,25.999999999999996,150,1.3693183426529698,0.3462334253938175,282161701.59246826,-11.521539050711729,249.56028245614033
GSKCONS,2018-10-01,3,21561.262499999997,677.6919,7187.0875,2019-06-03,164,1,0,rebalance_exit,1.7732618961676538,22.000000000000004,150,1.8685720541640904,0.4478618695784028,106518025.75,3.1430993430927345,7412.984799999999
GRAPHITE,2018-10-01,65,41364.115300000005,-6436.828399999999,684.5818,2019-02-01,84,4,3,rebalance_exit,2.642016248230173,5.999999999999999,150,3.566941193396463,0.6631692253078367,583191496.8344727,-15.561382984540707,537.3428753846155
TATACHEM,2018-10-01,116,29935.188099999996,-5270.6008999999995,261.0326,2019-03-01,104,2,1,rebalance_exit,1.780270687316903,21.0,150,1.3889245682661877,0.7451061568679341,300689370.7008972,-17.606707138078747,212.62575172413787
AUBANK,2018-10-01,99,27518.0065,334.9322,279.2694,2018-11-01,21,2,1,rebalance_exit,1.4809361074957017,27.0,150,1.0588923503230083,0.5180897901813476,262742134.6680908,1.2171383126899111,281.34281515151514
GLENMARK,2018-11-01,49,29427.9698,-2918.8725,606.2882,2019-06-03,143,2,1,rebalance_exit,1.8868980284084105,20.000000000000007,150,0.193969826597002,0.4034556501862216,484598499.47351074,-9.918701561260947,541.0019857142856
INDHOTEL,2018-11-01,220,26905.684999999998,5286.9257,121.222,2019-06-03,143,3,2,rebalance_exit,1.6149086635660852,29.0,150,0.6354652827690689,-0.1155920060695756,110214398.012352,19.649846119881357,146.3300486363636
PRAJIND,2018-11-01,449,46970.893500000006,62.77379999999994,99.7948,2019-09-03,205,8,7,rebalance_exit,1.5921560396953502,30.000000000000004,150,0.5187454324584814,-0.0754461468176586,104504570.72277068,0.13364404064402124,104.75204298440981
DCMSHRIRAM,2018-11-01,74,26924.2414,-2902.733,363.8411,2018-12-03,20,1,0,rebalance_exit,1.8119649939611635,21.0,150,-0.2384798584769772,0.5618020912651198,85667083.02282715,-10.781113409568524,324.61497837837834
ABB,2018-11-01,21,23833.716900000003,2035.3729,1134.9389,2018-12-03,20,1,0,rebalance_exit,1.636322252940276,28.000000000000007,150,0.0793398685752238,0.2088239519153661,81701158.49304199,8.539888715385386,1231.8614190476192
ICICIGI,2018-11-01,39,31633.5478,13434.5324,773.0538,2019-11-01,244,8,7,rebalance_exit,1.9711030567946517,17.000000000000004,150,0.6238980317180949,0.2559893141915685,178391806.97998047,42.46925600928012,1155.5918
MERCK,2018-11-01,10,23393.512000000002,-2149.7354,2339.3512,2018-12-03,20,1,0,rebalance_exit,3.366148342695212,2.9999999999999964,150,2.4522298396841355,0.6922986964655873,71395247.14428711,-9.18945133163417,2124.37766
GRANULES,2018-12-03,314,27157.6402,98.4182,86.4893,2019-01-01,20,1,0,rebalance_exit,1.6837542656203293,22.999999999999996,150,-0.4908948580167255,0.4991653159976205,372297576.55194855,0.3623959934486502,86.80273375796179
COALINDIA,2018-12-03,211,27129.3883,143.3629,128.5753,2019-01-01,20,1,0,rebalance_exit,1.5677238369116135,27.0,150,0.2974055377094262,-0.1247443293302656,514646988.8027344,0.5284413286974111,129.25474502369667
PVR,2018-12-03,25,36351.6439,2056.7344,1419.6155,2019-08-01,165,6,5,rebalance_exit,1.4825855234582968,29.0,150,-0.0303629397650776,0.0013665244256254,407099013.5540772,5.657885529628,1536.3351320000002
BOSCHLTD,2018-12-03,1,17457.163,-1091.3835,17457.163,2019-05-02,101,1,0,rebalance_exit,1.9629960265765936,17.000000000000004,150,0.162274550567412,0.3573710660371378,338190449.609375,-6.251780429615052,16365.7795
GUJFLUORO,2018-12-03,30,27094.578,-106.2357,903.1526,2019-01-01,20,1,0,rebalance_exit,1.957894145939747,17.999999999999993,150,0.1371447214235945,0.3684647158879248,99644580.0,-0.3920921004933164,899.61141
BALRAMCHIN,2018-12-03,391,40033.302299999996,12890.7785,93.4219,2019-12-02,244,9,8,rebalance_exit,1.975524495766696,15.999999999999996,150,-0.5450928241135997,0.8256890791497871,476917066.2026367,32.20013778378708,135.355705370844
GODFRYPHLP,2019-01-01,123,31872.7982,-5774.446800000001,260.1911,2019-08-01,145,2,1,rebalance_exit,1.8193421674098995,24.0,150,-0.1204913385333416,0.6358925947502845,141109641.22558594,-18.117162991983555,212.181718699187
APOLLOHOSP,2019-01-01,19,23367.203199999996,1161.0183,1229.8528,2019-02-01,23,1,0,rebalance_exit,1.9882072410429583,15.999999999999996,150,0.1855940034849756,0.596451278952459,588787086.6485596,4.968580493193127,1290.9590263157893
COLPAL,2019-01-01,24,27092.6832,-3737.1814,1128.8618,2019-06-03,103,1,0,rebalance_exit,2.0483457010459936,12.999999999999996,150,0.7825463363117643,0.2442458076158054,462525305.3984375,-13.794061564193832,973.1459083333333
CUMMINSIND,2019-01-01,40,28857.199999999997,-3324.0632,721.43,2019-05-02,81,1,0,rebalance_exit,1.7990178300162376,27.0,150,-0.1909282029104139,0.6639232501217102,288493149.0563965,-11.519008081172117,638.3284199999999
AARTIIND,2019-01-01,90,31742.1356,5173.3897,344.2843,2019-12-02,224,6,5,rebalance_exit,2.826787308231451,2.000000000000006,150,1.3907264587857682,0.6188071180429446,59403974.06814575,16.29817780754487,410.17250333333334
ABB,2019-01-01,22,25780.1764,-985.6947,1171.8262,2019-02-01,23,1,0,rebalance_exit,1.9240729430901835,19.0,150,0.0230961427631007,0.643481931123818,85204478.31542969,-3.8234598736104846,1127.0218954545455
WELCORP,2019-01-01,248,29146.844800000003,-6817.7403,117.5276,2019-02-01,23,1,0,rebalance_exit,1.9765258342243843,17.000000000000004,150,0.3105085449972152,0.4979365601834657,60882479.844573975,-23.39100628826898,90.0367116935484
PIDILITIND,2019-01-01,44,23710.6056,727.9981,538.8774,2019-03-01,43,1,0,rebalance_exit,2.6494998429805827,2.9999999999999964,150,1.2575146846590002,0.5298295417011704,521256302.74072266,3.0703479796399638,555.4228113636364
MUTHOOTFIN,2019-01-01,61,29055.489499999996,15445.4755,452.3518,2020-03-02,287,6,5,rebalance_exit,1.769532797360016,28.000000000000007,150,0.0701683373153666,0.4528244860938362,336244576.0924072,53.15854513481868,729.5240163934426
ORIENTBANK,2019-02-01,308,30303.7324,640.5636,97.8776,2019-06-03,80,3,2,rebalance_exit,1.647938382622617,28.000000000000007,150,-0.5144362254416447,0.6250625372883145,455793072.0,2.1138109046923867,100.46849350649352
POWERGRID,2019-02-01,347,24958.4261,154.1495,71.9263,2019-05-02,58,1,0,rebalance_exit,1.9350239316480264,22.000000000000004,150,0.1204325989943487,0.4434802401084164,441614494.5065308,0.6176250833380875,72.370534870317
PTC,2019-02-01,532,24983.677599999995,-378.2097,46.9618,2019-03-01,20,2,1,rebalance_exit,1.7219606295536094,25.000000000000004,150,-0.4440726433651804,0.6438971659018562,61590637.97189331,-1.5138271717050977,46.250879511278185
PIIND,2019-02-01,42,42492.308000000005,25201.2752,844.6624,2020-11-02,431,13,12,rebalance_exit,1.6073613380681988,29.0,150,-0.3691321496752568,0.4853906073150072,53115231.04492188,59.30785214114517,1611.7519809523812
HINDZINC,2019-02-01,178,24984.4004,898.5699,140.3618,2019-03-01,20,1,0,rebalance_exit,1.7084527144582746,25.999999999999996,150,0.0292798545622788,0.2984477409833498,79021772.72491455,3.5965237732901527,145.40994550561797
LINDEINDIA,2019-02-01,71,32332.0202,1124.2312,452.0823,2019-05-02,58,4,3,rebalance_exit,2.83326022409574,2.9999999999999964,150,0.4553595509858636,1.0370616156323371,91424968.36682127,3.4771449264404453,471.21480845070425
DCBBANK,2019-03-01,174,30483.7771,585.7773,173.4986,2019-11-01,161,4,3,rebalance_exit,1.7660752321520836,25.999999999999996,150,0.1537935591385045,0.0752386714094128,196598015.25416565,1.9216034091785823,178.56065747126436
GODREJPROP,2019-03-01,46,35354.963,9332.6608,717.5045,2020-01-01,202,7,6,rebalance_exit,1.7178750123414328,28.000000000000007,150,-0.0628157364003022,0.1674772582772627,133535143.46655272,26.397031726493385,971.4700826086956
MGL,2019-03-01,36,27288.3924,-1932.7397,758.0109,2019-07-01,79,1,0,rebalance_exit,1.8780454939938207,21.0,150,-0.2517651081098807,0.4231243445766948,182587183.76489255,-7.082644047584131,704.3236861111111
KAJARIACER,2019-03-01,61,30847.2857,-3184.736,512.0829,2019-09-03,122,2,1,rebalance_exit,1.8043616891898,24.0,150,-0.2353309734199351,0.3491230915633067,238241048.38409424,-10.324201717365362,453.4844213114754
LALPATHLAB,2019-03-01,51,24511.3548,354.503,480.6148,2019-05-02,38,1,0,rebalance_exit,1.925167392750268,20.000000000000007,150,0.4586763011499762,0.0244631789247838,63742412.61932373,1.446280725372226,487.5658392156863
ALBK,2019-03-01,610,29778.541299999997,-1860.6839,48.3187,2019-06-03,60,2,1,rebalance_exit,1.6182918536085742,30.000000000000004,150,-0.2986173492634036,0.2270734467241079,202451953.4,-6.248405122516864,45.76697934426229
RADICO,2019-03-01,77,27558.715799999998,-874.5441,357.9054,2019-05-02,38,1,0,rebalance_exit,1.767571057561598,25.000000000000004,150,0.4648517710133584,-0.1158884718157328,178061444.73980713,-3.1733848062688033,346.5476844155844
KSCL,2019-03-01,63,24538.266900000002,2272.8618,389.4963,2019-05-02,38,2,1,rebalance_exit,1.7076936045455482,29.0,150,0.6017041996502042,-0.2524204724409959,268546357.83691406,9.26251967697034,425.57347142857145
OBEROIRLTY,2019-05-02,48,23905.862399999998,2263.0714,498.0388,2019-06-03,22,1,0,rebalance_exit,1.735571635872591,27.0,150,0.0553752610243987,1.046721738391226,220790473.33984372,9.466595942591889,545.1861208333333
VBL,2019-05-02,523,26788.4558,6070.8971,51.1985,2019-12-02,143,4,3,rebalance_exit,1.6721461354478655,30.000000000000004,150,0.9177345271930925,0.2671876285249877,80783937.96904755,22.66236301683354,62.82859063097514
SUVEN,2019-05-02,2171,26778.4166,418.054,12.3346,2019-07-01,41,1,0,rebalance_exit,2.5473735508975066,7.999999999999995,150,1.6290140255812646,0.7020846487714608,76727042.60518646,1.5611602666604267,12.527162874251497
SUNTECK,2019-05-02,66,29281.9296,-3.4465000000000074,443.6656,2019-09-03,84,3,2,rebalance_exit,2.300197551691503,14.0,150,0.3474266662683065,1.4638127239719254,68079788.53363037,-0.011770057667237913,443.61338030303034
PIDILITIND,2019-05-02,45,26469.256499999996,1656.5116,588.2057,2019-06-03,22,2,1,rebalance_exit,2.066460570045594,20.000000000000007,150,0.6321435837003918,0.9591584681267884,582675990.6212769,6.258247563546034,625.0170688888888
PFC,2019-05-02,508,29038.041999999998,-1193.9274999999998,57.1615,2019-11-01,123,2,1,rebalance_exit,2.2835391660462623,15.000000000000009,150,0.8385760968429645,1.0424553117062694,506578021.94280624,-4.11159781365424,54.811249015748025
KTKBANK,2019-05-02,322,29860.026,-4759.3937,92.733,2019-07-01,41,1,0,rebalance_exit,1.955420912045378,22.000000000000004,150,0.2964737367908407,1.1048646567364044,224819195.5383606,-15.939013917804356,77.95227422360249
BAJAJHLDNG,2019-05-02,16,46759.393,2529.4166999999998,2757.2237,2020-01-01,164,9,8,rebalance_exit,2.1227649019125168,17.000000000000004,150,0.8632445949547614,0.8354345603489922,66444703.314453125,5.409430143800199,3080.55060625
MANAPPURAM,2019-05-02,302,31637.427200000002,1098.8621,103.7226,2019-09-03,84,4,3,rebalance_exit,2.517718946244184,9.000000000000002,150,0.0515762976802132,1.958736019559132,283495771.57175446,3.473297917221284,108.39830894039736
SHREECEM,2019-05-03,1,19289.8478,1252.0604,19289.8478,2019-12-02,142,1,0,rebalance_exit,1.7901106757769285,27.0,150,0.1713939297953007,1.083192386047298,396722035.828125,6.490773867070118,20541.908199999998
RECLTD,2019-06-03,571,36520.013,-20.209699999999998,65.0981,2019-11-01,101,5,4,rebalance_exit,2.173913151775144,15.000000000000009,150,1.0515141461304316,0.6866098883024199,576732464.5263672,-0.05533869881152561,63.92259772329247
BANDHANBNK,2019-06-03,47,26948.9869,-2225.9477,573.3827,2019-07-01,19,1,0,rebalance_exit,2.0319381996012,17.999999999999993,150,0.6920723763731171,0.7766655560360353,368527856.1229248,-8.259856699844995,526.0221106382978
PRESTIGE,2019-06-03,105,29870.8725,-3773.9065,284.4845,2019-08-01,42,2,1,rebalance_exit,1.8090980540397283,30.000000000000004,150,-0.1255163086659404,1.0823204155245922,89976900.83679199,-12.634068522772477,248.54253333333332
DCMSHRIRAM,2019-06-03,74,35643.153399999996,-7358.2552,510.1079,2019-10-01,81,3,2,rebalance_exit,2.363194350800624,9.000000000000002,150,1.5189674155682662,0.5741689909447277,75260056.6821289,-20.644231775519618,382.228354054054
SIEMENS,2019-06-03,40,29285.888000000003,3588.6504000000004,723.3269,2019-12-02,121,4,3,rebalance_exit,1.9602038409601488,22.999999999999996,150,0.4094790121666085,0.8876393719088743,448525296.8515625,12.253855508837567,821.8634600000001
INOXLEISUR,2019-06-03,102,35379.599799999996,-2491.8767,354.0113,2019-10-01,81,4,3,rebalance_exit,2.3310668377729247,10.000000000000009,150,0.5568834378163338,1.1655864778835014,73559264.4,-7.043258584287322,322.4286578431372
MERCK,2019-06-03,12,40846.1872,3265.0842000000002,3364.3778,2019-11-01,101,7,6,rebalance_exit,2.4921733856604824,7.000000000000005,150,1.767904732999699,0.5426708328044768,75376361.625,7.993608274899157,3675.939283333333
COFORGE,2019-06-03,123,29531.2232,-2159.8181000000004,241.9314,2019-08-01,42,2,1,rebalance_exit,1.8854137812757803,29.0,150,0.6938685055718642,0.6279276489296218,512439362.4980164,-7.313676393871828,222.53174878048782
VAKRANGEE,2019-06-03,1085,41444.832500000004,-6485.3896,41.5668,2019-08-01,42,5,4,rebalance_exit,3.0649302441204664,2.000000000000006,150,0.413763018258218,1.9974968313643,271770102.0853958,-15.648246617958945,32.22068470046083
GUJGASLTD,2019-07-01,162,26683.911,-192.37580000000003,164.7155,2019-08-01,23,2,1,rebalance_exit,2.0627202743896262,25.000000000000004,150,0.3215208060380187,0.9856216867661955,56578327.81297302,-0.7209430431693465,163.52799506172838
ABB,2019-07-01,20,28010.236,-1111.1665,1400.5118,2019-10-01,62,2,1,rebalance_exit,2.526454038466444,12.000000000000004,150,1.2378415292329072,0.8438072548909998,137804578.54016113,-3.967001563285651,1344.953475
IGL,2019-07-01,193,26720.6184,-633.7737000000001,138.4488,2019-08-01,23,2,1,rebalance_exit,2.169306132680007,22.000000000000004,150,0.8054170395579727,0.7694110416781977,420661370.7797241,-2.371852666403859,135.16499844559584
RAMCOCEM,2019-07-01,34,26339.031600000002,311.178,774.6774,2019-12-02,102,1,0,rebalance_exit,2.083480080104775,24.0,150,0.464375565860306,0.9108528482769525,218892819.95581052,1.1814329574668188,783.8296941176471
NAM-INDIA,2019-07-01,279,55582.1495,7052.9858,183.1685,2020-06-01,223,15,14,rebalance_exit,1.810948934112378,30.000000000000004,150,0.1556136318335045,0.8398316168444871,124778024.98234558,12.689300186204566,224.49869283154123
RITES,2019-08-01,359,32790.4978,1713.732,89.523,2020-04-01,163,6,5,rebalance_exit,1.9414870443949117,27.999999999999996,149,1.2672375246295149,0.5081161577878391,65535954.31708527,5.226306750365955,96.11206072423398
VINATIORGA,2019-08-01,36,32809.9764,2348.1909,881.6695,2020-01-01,100,4,3,rebalance_exit,3.150366387691682,1.999999999999999,149,2.970518841212406,0.8176181774767659,52450398.69580078,7.156941752631068,976.6157583333334
OBEROIRLTY,2019-08-01,58,30639.1886,-1431.5084,530.5718,2019-11-01,59,3,2,rebalance_exit,2.171158138769518,20.000000000000007,149,0.873976301012088,1.0120836779289994,170200633.49853516,-4.67214853072186,503.5806931034483
RAJESHEXPO,2019-08-01,40,27476.356900000002,-335.8835,689.4622,2019-11-01,59,2,1,rebalance_exit,2.1648510468201403,21.000000000000004,149,1.0445530486531416,0.899023506075116,191770129.9758911,-1.2224455418978781,678.511835
NMDC,2019-08-01,1916,32370.6284,-4695.001,16.8949,2019-10-01,39,2,1,rebalance_exit,2.3859672552376274,11.000000000000002,149,0.9582436715947668,1.2027006748629956,238976904.8746376,-14.50389205295749,14.444481941544886
VGUARD,2019-08-01,113,25222.9221,2204.7793,223.2117,2019-11-01,59,1,0,rebalance_exit,1.9870078235495652,26.0,149,1.0634360041746294,0.6861588640163652,109293386.64154053,8.741173172794282,242.72302123893803
SBILIFE,2019-09-03,31,25412.374,450.9775,819.754,2019-10-01,19,1,0,rebalance_exit,3.170664640558185,1.9999999999999964,140,0.8091569604014742,1.468055520580091,469411854.82580566,1.7746374266331828,834.3016612903226
TORNTPOWER,2019-09-03,99,23155.803,87.5111,233.897,2019-12-02,59,1,0,rebalance_exit,2.559229849295986,9.000000000000004,140,0.8494444224987228,0.8110391508812472,236352695.56640625,0.3779229768019705,234.7809505050505
SOBHA,2019-09-03,56,27721.6352,-5016.2637,495.0292,2019-11-01,39,1,0,rebalance_exit,2.084195905708568,26.000000000000004,140,0.4446917681163139,0.6065349321027079,91373703.67163086,-18.095121964522498,405.45306250000004
TRENT,2019-09-03,88,41489.3727,10566.8824,465.5465,2020-07-01,202,10,9,rebalance_exit,2.1192405755924817,23.0,140,0.3154590243708972,0.7332441712788964,65454108.05145264,25.468889289810836,591.548353409091
KEC,2019-09-03,97,23043.3394,2423.8232,237.5602,2019-10-01,19,1,0,rebalance_exit,2.145777531657581,19.999999999999996,140,0.1596234388944923,0.8698698263593888,61540643.58679199,10.518541422863388,262.5480680412371
TATACONSUM,2019-09-03,97,25329.9301,4364.191,261.1333,2019-12-02,59,2,1,rebalance_exit,2.2893350265685037,18.0,140,0.1701076250284146,1.0101368007161855,455620393.1253052,17.229384300590706,306.1249597938144
CANFINHOME,2019-09-03,71,27575.6119,4307.316,388.3889,2020-02-03,103,2,1,rebalance_exit,2.471233147158216,12.000000000000009,140,0.5302801404458352,0.9444821979477044,161743385.2434082,15.620019659473087,449.05532253521125
GSPL,2019-09-03,116,25493.9348,-583.3615,219.7753,2019-12-02,59,1,0,rebalance_exit,2.3871622117184814,14.0,140,0.2518013297196455,1.0534164864447786,77387842.0,-2.2882364161376922,214.74632155172415
LALPATHLAB,2019-10-01,56,38751.169,8274.320899999999,666.6802,2020-08-03,206,9,8,rebalance_exit,2.046631323786232,21.000000000000007,137,0.6008632758661906,0.2708498175590725,63188252.03125,21.35244203858727,839.7408910714286
MANAPPURAM,2019-10-01,356,42779.0942,-8743.5183,125.2296,2020-04-01,124,6,5,rebalance_exit,2.0530113398797143,20.000000000000007,137,1.0143090314534726,-0.0049446346351868,530512333.124176,-20.438764456120715,95.60555028089887
IGL,2019-10-01,152,24064.199200000003,9563.1752,158.3171,2020-02-03,84,3,2,rebalance_exit,2.139730408054912,18.999999999999996,137,0.7056569507936185,0.293673547000806,454225291.0526733,39.74025946394259,221.23272631578948
COFORGE,2019-10-01,100,26778.9835,4835.9401,261.4576,2020-03-02,103,2,1,rebalance_exit,2.1631349646887577,16.999999999999996,137,0.4628265185965854,0.483178285177571,429328909.4627381,18.0587142151979,316.149236
MARICO,2019-10-01,75,26609.722499999996,-1757.834,354.7963,2019-11-01,20,1,0,rebalance_exit,2.458582488488763,9.000000000000005,137,0.6343553570190829,0.6655455255000199,491515736.00097656,-6.6059839594343766,331.3585133333333
GSKCONS,2019-10-01,2,17119.7588,1291.628,8559.8794,2019-11-01,20,1,0,rebalance_exit,2.1624935748283547,17.999999999999993,137,0.200830232248791,0.6613942494066962,93636972.0,7.544662369892735,9205.6934
BERGEPAINT,2019-10-01,68,24012.418400000002,4253.904,353.1238,2019-11-01,20,2,1,rebalance_exit,2.3915941254698074,10.000000000000004,137,0.6361556504242072,0.5964158799823133,256794813.77948,17.715433444221514,415.68121176470595
PETRONET,2019-10-01,154,30052.9922,-1319.433,195.1493,2020-03-02,103,1,0,rebalance_exit,2.03634985481805,22.000000000000004,137,0.453624992286698,0.360948604528758,455988910.4903717,-4.390354847927588,186.58155324675323
WHIRLPOOL,2019-11-01,16,33500.8585,-1502.2299,2193.0235,2020-07-01,163,3,2,rebalance_exit,2.615027809048996,7.000000000000008,142,1.1112107639976925,1.373462737213614,79154774.77783203,-4.48415344341101,1999.9142875000002
ASTRAL,2019-11-01,40,25311.924,766.287,632.7981,2020-01-01,41,1,0,rebalance_exit,2.1320207948840766,16.999999999999993,142,1.5499787692378393,0.5168764075530328,71502769.88061523,3.0273755562793254,651.955275
CROMPTON,2019-11-01,107,25730.0867,-1372.2499,240.4681,2020-01-01,41,1,0,rebalance_exit,1.779379264599155,27.0,142,1.0598714514087757,0.3939141975401703,141023472.35961914,-5.333250198492336,227.64333457943926
ATUL,2019-11-01,6,25425.261,-1833.3959,4237.5435,2019-12-02,20,1,0,rebalance_exit,1.9809778711333208,21.000000000000004,142,0.9070783473561724,0.7326287566687751,52386065.299072266,-7.210922633203253,3931.9775166666664
ABBOTINDIA,2019-11-01,7,98819.1131,6149.3226,10818.5399,2020-10-01,229,6,5,rebalance_exit,3.1310344945452098,1.0,142,1.8542014890659937,1.5373720770131811,81414927.63671875,6.222806911631754,14995.490814285715
PHOENIXLTD,2019-11-01,71,25827.3718,622.5587,363.7658,2019-12-02,20,1,0,rebalance_exit,1.76438488600546,28.0,142,0.8815725738211126,0.48630076921217,50293543.693359375,2.4104609048916084,372.53423239436626
COLPAL,2019-11-01,19,25316.5424,-1342.6933,1332.4496,2019-12-02,20,1,0,rebalance_exit,2.8653119350671,2.9999999999999973,142,1.8672938612183592,1.2076547154394193,467425252.8533936,-5.303620371160952,1261.7815315789474
CUB,2019-11-01,169,25684.721400000002,1521.2061,151.9806,2019-12-02,20,1,0,rebalance_exit,1.7498169711139346,28.999999999999996,142,1.261696148568033,0.2330166765129228,127865916.5260315,5.9226108639044845,160.98181952662722
ADANIPOWER,2019-11-01,2215,28980.617000000002,-1698.974,13.0838,2020-01-01,41,1,0,rebalance_exit,2.046382690953532,19.000000000000007,142,1.4754995830578397,0.4594020217346378,559466704.6822548,-5.8624493743525194,12.316768848758466
ADANIGREEN,2019-11-01,558,159088.32650000002,80156.1397,90.5661,2021-09-01,456,43,42,rebalance_exit,1.7847064400103172,26.0,142,0.8776325788894469,0.5133382580927224,50021456.4016037,50.3846771560577,428.753523655914
PGHL,2019-11-01,7,26762.2803,-1883.7804,3823.1829,2019-12-02,20,1,0,rebalance_exit,2.671626919279417,4.999999999999995,142,1.811386058684024,1.0078993224365482,60610575.61279297,-7.0389383075103655,3554.071414285714
KANSAINER,2019-11-01,81,28219.282199999998,-2020.7383,348.3862,2020-01-01,41,1,0,rebalance_exit,1.815567812676504,24.0,142,0.790816652171187,0.6045098332531718,68309352.94766235,-7.160842312282487,323.43881358024686
CGCL,2019-11-01,202,37742.3594,1948.4589,189.4006,2020-03-02,83,4,3,rebalance_exit,2.4573388479507434,10.000000000000004,142,2.115560601237521,0.5599798786595395,64909856.893951416,5.162525424947334,196.48919950495048
KEI,2019-12-02,58,29490.4132,-3109.1071,508.4554,2020-01-01,21,1,0,rebalance_exit,1.8893802231882155,22.000000000000007,147,1.4743331265896311,0.509358455213859,55525908.18054199,-10.542772252509506,454.85010517241375
GLAXO,2019-12-02,20,27985.949999999997,-680.2508,1399.2975,2020-02-03,44,1,0,rebalance_exit,2.468571065662565,10.999999999999996,147,1.1663365037382856,1.508085631784051,53642021.24633789,-2.430686826782725,1365.2849599999997
GMRAIRPORT,2019-12-02,2228,42311.5179,-7837.1236,19.7994,2020-04-01,84,5,4,rebalance_exit,1.6380480700972442,30.0,147,0.7847265723142682,0.6454014506155773,298400697.2052269,-18.52243547140624,15.473246992818671
INOXLEISUR,2019-12-02,73,26547.8662,1531.5887,363.6694,2020-02-03,44,1,0,rebalance_exit,2.002909771688029,20.000000000000004,147,1.9461864597777487,0.3369958677502347,59069881.65,5.769159330778908,384.65006712328767
RELAXO,2019-12-02,68,40306.135599999994,3597.8262,580.3157,2020-09-01,187,6,5,rebalance_exit,2.4687238374900438,9.999999999999991,147,1.4614347936310017,1.3041805252997265,55658883.44433594,8.926249431860693,645.6464970588235
ATGL,2019-12-02,271,43042.5472,-3266.9725,161.3172,2020-03-02,63,4,3,rebalance_exit,1.751015247695774,23.999999999999996,147,1.7031539486643583,0.1633915261711029,81484500.10748291,-7.590100290347128,146.77333837638375
SCI,2019-12-02,698,38118.3767,-8007.663799999999,55.3111,2020-03-02,63,2,1,rebalance_exit,2.4898754622713897,8.999999999999993,147,0.7652097126857036,1.8144355135673684,145895111.65494537,-21.00735785005241,43.13855716332379
ICICIGI,2019-12-02,24,31080.811199999996,-2705.0032,1295.0338,2020-03-02,63,1,0,rebalance_exit,2.2988937785965096,15.0,147,2.049009406378102,0.6673887537862412,634127224.508667,-8.703129344320331,1182.3253333333332
PRESTIGE,2019-12-02,175,48182.995599999995,-12712.9175,299.2592,2020-04-01,84,6,5,rebalance_exit,1.730135058455589,26.0,147,1.5183956811680224,0.262859616143455,50859168.74316406,-26.384655710364346,202.68616057142856
CREDITACC,2019-12-02,84,50685.314,-9026.5061,787.5222,2020-05-04,102,7,6,rebalance_exit,2.23096030064135,16.0,147,2.041374359040193,0.5805155068849507,69283869.71679688,-17.80891818091529,495.93818928571426
GRSE,2019-12-02,144,26611.6896,-1819.7414,184.8034,2020-01-01,21,1,0,rebalance_exit,3.89212250850034,1.0,147,3.401496420871738,1.8931787128650164,51771358.434173584,-6.838128008226881,172.16630694444447
PFIZER,2019-12-02,18,67833.5591,6950.9351,3661.9293,2020-10-01,209,13,12,rebalance_exit,2.316872973398421,13.999999999999998,147,1.6384335970032162,0.975763536177862,70565915.30053711,10.247044666715711,4154.694122222222
GUJGASLTD,2019-12-02,202,46576.7176,15809.813999999998,204.0262,2020-12-01,250,9,8,rebalance_exit,2.088827205043602,19.000000000000004,147,1.7665182139900928,0.57781815771656,62725074.19656372,33.943598464310845,308.8442158415842
MGL,2020-01-01,34,30907.332700000003,-1236.7347,901.2003,2020-03-02,42,2,1,rebalance_exit,1.848335477166923,26.000000000000004,146,0.7190328628749234,1.078832610331109,379081541.1914673,-4.001428114176931,872.6646470588236
DEEPAKNTR,2020-01-01,99,37506.2818,25137.134,362.2651,2020-10-01,188,11,10,rebalance_exit,1.80410636875816,27.999999999999996,146,1.351465313893249,0.5735285569349078,79265048.94885254,67.02113031102965,632.7617757575757
AVANTIFEED,2020-01-01,116,53566.999299999996,-17944.4908,552.1579,2020-04-01,63,5,4,rebalance_exit,1.8105030507819797,27.000000000000007,146,0.7323578587945049,1.0184566696527912,202937533.5594177,-33.49915252766455,307.09059051724137
GODFRYPHLP,2020-01-01,99,36504.1044,-1925.9715999999999,372.6396,2020-03-02,42,2,1,rebalance_exit,2.113297364337363,20.0,146,1.0587527549346014,1.1964987658392092,85547024.1831665,-5.276041233324985,349.2740686868687
MCX,2020-01-01,191,41902.71460000001,13165.493900000001,219.5526,2020-10-01,188,9,8,rebalance_exit,2.759804047511916,9.0,146,1.9289896321042133,1.4544838048044972,379450409.9810791,31.4191909180032,288.31522774869114
AAVAS,2020-01-01,27,42895.9331,-10613.4263,1973.9654,2020-05-04,81,4,3,rebalance_exit,2.835468316023622,7.999999999999996,146,3.334089621249188,0.5662286016046635,63611471.25,-24.742267000598243,1195.6484
ADANIENSOL,2020-01-01,168,47327.4013,-14684.7098,315.9083,2020-04-01,63,5,4,rebalance_exit,2.007315533960332,21.0,146,1.112033261434774,1.0161223470058844,73020900.86151123,-31.0279233523012,194.3017351190476
DIXON,2020-01-01,51,52759.1296,53831.7718,754.057,2021-04-01,312,16,15,rebalance_exit,2.524169664144332,11.999999999999996,146,1.7317558393719217,1.2759260801564625,84585337.83691406,102.03309305542447,2090.017674509804
GRANULES,2020-01-01,302,41659.7913,33374.3871,120.9533,2020-10-01,188,15,14,rebalance_exit,1.94066441613429,23.999999999999996,146,1.2142769265594582,0.8542443240092886,119267312.35377502,80.11174818343365,248.45754437086094
VBL,2020-01-01,468,29135.410200000002,2107.3472,61.8542,2020-02-03,23,2,1,rebalance_exit,1.8918802361556497,25.0,146,1.6102336781250923,0.509454600944368,107703174.22822952,7.232941583914958,66.75802863247864
NAVINFLUOR,2020-02-03,45,62280.4381,25199.8335,1107.9861,2021-03-01,268,11,10,rebalance_exit,2.906251794544867,7.000000000000005,150,1.6240945185900026,2.2226372691048693,59846493.34082031,40.4618757811853,1944.0060355555556
COROMANDEL,2020-02-03,67,40440.8217,8333.5659,571.0883,2021-01-01,228,4,3,rebalance_exit,2.06930542038,21.0,150,0.8127284401068879,1.6206656225617273,65054626.40771485,20.606816453484672,727.9759343283582
ISEC,2020-02-03,164,63418.0693,4675.6119,447.1107,2020-11-02,186,12,11,rebalance_exit,2.77128382329488,7.999999999999995,150,1.9345199031560507,1.8292258096297147,107207851.2,7.372680927705252,415.2053731707317
WELCORP,2020-03-02,415,50993.789,-27256.4094,122.8766,2020-05-04,39,1,0,rebalance_exit,1.9508393227143603,27.0,150,2.1191279794343867,1.256993547891064,115177054.8223877,-53.4504494263017,57.198505060240954
BERGEPAINT,2020-03-02,82,36886.5188,-2004.5254,464.5286,2020-09-01,124,4,3,rebalance_exit,3.1316239495636804,4.999999999999993,150,3.562459468380888,2.097740988116861,584804259.1130371,-5.434303548319665,425.3901634146341
JKCEMENT,2020-03-02,28,35541.0095,795.5507,1289.6734,2020-07-01,80,5,4,rebalance_exit,2.5361223391039047,12.999999999999996,150,3.436599645054429,1.304904724120627,74739844.36816406,2.2384020915331626,1297.734292857143
NAUKRI,2020-03-02,60,30707.964,-1972.8558,511.7994,2020-05-04,39,2,1,rebalance_exit,1.7993406157544525,29.0,150,1.747343255886874,1.2634366307309093,560029094.2456055,-6.424573768550726,478.91846999999996
GLAXO,2020-03-02,28,30482.939,-1625.6757,1094.8859,2020-04-01,21,4,3,rebalance_exit,1.8635295985477076,28.000000000000007,150,1.1125401060256164,1.7460960662298732,64666166.8527832,-5.333067457832724,1030.6165464285714
NH,2020-03-02,130,40349.98239999999,-4912.8872,335.2093,2020-06-01,58,4,3,rebalance_exit,2.678260085732549,9.000000000000002,150,2.721950960079419,1.950350194738452,73135368.85723877,-12.175686103892826,272.59304
AUBANK,2020-03-02,109,45600.3453,-17300.547599999998,437.4696,2020-05-04,39,3,2,rebalance_exit,2.388427704965702,15.999999999999996,150,2.505295054899121,1.659674292797727,327188339.4400635,-37.939510076473034,259.63117155963306
INOXLEISUR,2020-03-02,142,48851.823,-17833.181,414.0588,2020-05-04,39,3,2,rebalance_exit,1.9955493591948623,25.999999999999996,150,1.5775937197708487,1.6540593671104973,76979495.55,-36.50463770819771,218.4411408450704
AMBER,2020-04-01,25,29941.766000000003,5696.2656,1190.2918,2020-08-03,82,5,4,rebalance_exit,2.9069834554344087,9.000000000000002,150,1.673531142891369,1.3307989916999956,81595641.79418945,19.024481054323914,1425.521264
GMMPFAUDLR,2020-04-01,39,38967.709,22923.8885,838.4462,2020-09-01,103,10,9,rebalance_exit,3.3959642984642704,5.999999999999999,150,2.2097575716691407,1.5519721752069386,98252580.51635742,58.82790928252929,1586.9640384615386
SANOFI,2020-04-01,5,24178.872300000003,8525.5046,4593.6199,2020-10-01,125,2,1,rebalance_exit,2.4990023360302374,19.0,150,1.3778272716900388,1.0488827531468343,70016211.17578125,35.26014155755311,6540.87538
MIDHANI,2020-04-01,177,30624.5107,4017.3961,169.01,2020-09-01,103,3,2,rebalance_exit,2.89841016298038,10.000000000000009,150,1.3037002673846547,1.5582958168447665,114259809.07154846,13.118237673589997,195.71698757062146
AJANTPHARM,2020-04-01,34,29994.5767,4131.9958,865.5075,2020-10-01,125,2,1,rebalance_exit,2.1975680619293847,22.999999999999996,150,0.9632840640568258,0.9664526050918022,193396616.0991211,13.775809678287606,1003.7227205882353
VBL,2020-04-01,528,24961.367400000003,4490.0302,46.8637,2020-06-01,37,2,1,rebalance_exit,2.0713254281610345,30.000000000000004,150,1.197572721749825,0.6700808758313217,144074426.7257309,17.987917601020527,55.77916212121213
ALKEM,2020-04-01,17,38564.4055,4569.4782,2225.6484,2020-10-01,125,7,6,rebalance_exit,3.104793927967397,7.999999999999995,150,1.877264202825237,1.4287387518950283,201818317.1734619,11.848952786268155,2537.287276470588
ATUL,2020-04-01,6,24062.9064,5177.4289,4010.4844,2020-08-03,82,2,1,rebalance_exit,2.43486483313388,20.000000000000007,150,1.5357210342511691,0.8733631195162845,107442596.9296875,21.516224241307775,4873.3892166666665
RALLIS,2020-05-04,222,46808.567,9520.0955,194.5493,2020-12-01,148,6,5,rebalance_exit,2.1061167066810462,22.999999999999996,150,0.1654754226690953,0.1029922672760206,74354050.17749023,20.33836135167308,253.732713963964
MINDTREE,2020-05-04,30,27304.0767,11506.2641,886.5936,2020-10-01,107,3,2,rebalance_exit,2.0525890653127794,24.0,150,-0.3183442604886396,0.3652753587743832,665481526.6,42.141194615088374,1293.678026666667
METROPOLIS,2020-05-04,81,24740.8911,5593.6336,305.4431,2020-08-03,64,3,2,rebalance_exit,2.4938969242151323,15.999999999999996,150,0.9126237631930848,-0.0159693285240533,120569595.21240234,22.60886068085074,374.50030493827165
INDIACEM,2020-05-04,332,34539.5324,4396.1693,100.0117,2020-10-01,107,4,3,rebalance_exit,2.290098488784456,20.000000000000007,150,-0.1588252139918957,0.4849364529908197,182978810.05628204,12.727935193471234,117.27620993975903
APLLTD,2020-05-04,60,47141.4547,9987.1538,696.9267,2021-01-01,170,6,5,rebalance_exit,1.9627629798665496,25.999999999999996,150,0.0748464931444524,0.0271179960491489,117068282.22424316,21.185501939973015,952.1434750000001
TORNTPOWER,2020-05-04,96,27027.811199999996,422.8954,281.5397,2020-08-03,64,1,0,rebalance_exit,2.4186133022958405,17.999999999999993,150,0.4299418121474205,0.2251809391296266,296608697.2877197,1.564667582108906,285.94486041666664
RITES,2020-05-04,314,27175.498600000003,848.1473000000001,86.4967,2020-06-01,19,2,1,rebalance_exit,2.02060042464444,25.000000000000004,150,0.5653443829959912,-0.2354373453620044,103230031.5712738,3.1209999583963475,89.24727993630574
SUDARSCHEM,2020-06-01,71,27067.6708,-344.1946,381.2348,2020-07-01,22,1,0,rebalance_exit,1.9140911995319057,30.000000000000004,150,0.8083278965717017,0.2325241090279131,75765692.3338623,-1.271607751340023,376.3869887323944
LAURUSLABS,2020-06-01,288,26837.0414,33149.1831,92.2206,2020-10-01,88,10,9,rebalance_exit,2.9952912808741794,7.999999999999995,150,1.0245023279939278,1.3975890916393112,122599954.15325163,123.52025920413121,208.2855017361111
JBCHEPHARM,2020-06-01,139,51600.0866,12507.6949,327.8941,2021-02-01,171,7,6,rebalance_exit,3.0242133813998606,5.999999999999999,150,1.6906845203859229,1.0413860058851634,108309447.87902832,24.239678117129362,461.2070611510792
AARTIIND,2020-06-01,56,27009.6232,1818.2848,482.3147,2020-09-01,66,1,0,rebalance_exit,2.5385703752687023,15.999999999999996,150,1.082248579780024,0.818006667767398,281150753.3300781,6.7319887676182,514.7840714285715
NATCOPHARM,2020-06-01,43,23966.028500000004,8179.5151000000005,557.3495,2020-08-03,45,2,1,rebalance_exit,1.9792867625699448,28.000000000000007,150,0.6598703476944565,0.3975029567013933,111396205.23986816,34.129622686545666,747.570781395349
IEX,2020-07-01,507,27806.5164,-189.4242,54.8452,2020-08-03,23,1,0,rebalance_exit,1.9756153800869456,27.0,150,0.5568903745851342,0.5333265760844392,74531994.44766998,-0.681222333913068,54.47158224852071
ALKYLAMINE,2020-07-01,33,27448.007400000002,1558.5299,826.4538,2020-08-03,23,2,1,rebalance_exit,4.114202279314796,2.9999999999999964,150,2.798881450771114,1.745590127961205,77901096.12011719,5.67811672915827,878.9859787878789
BALKRISIND,2020-07-01,26,31853.387800000004,10479.593499999999,1225.1303,2020-12-01,107,2,1,rebalance_exit,2.25332273440606,21.0,150,1.2595976398944424,0.4659523904066754,771866365.4406738,32.89946289480706,1628.1915884615385
ASTRAZEN,2020-07-01,13,47800.3806,6809.4715,3474.3557,2020-10-01,66,7,6,rebalance_exit,1.9727706755452932,28.000000000000007,150,1.1313252787620087,0.2163392793340977,130472150.26367188,14.24564284745465,4200.757853846154
DMART,2020-07-01,14,31874.091200000003,-123.3245,2276.7208,2020-09-01,44,2,1,rebalance_exit,2.61579692891644,15.000000000000009,150,1.879633275208081,0.5403189511979851,724780000.0,-0.3869114235326025,2267.911907142857
BAYERCROP,2020-07-01,9,45462.890199999994,-4433.1174,5137.4566,2020-12-01,107,2,1,rebalance_exit,2.871960309240426,12.000000000000004,150,1.4804038244104272,1.0502544617863374,84751414.31542969,-9.751068136006893,4558.863644444444
SYNGENE,2020-08-03,111,57130.7025,2666.7821999999996,483.9615,2021-04-01,167,3,2,rebalance_exit,2.424653333558429,14.0,150,0.7368376316355141,0.9331339664981196,177342560.51229858,4.667861733364822,538.7160783783784
IDBI,2020-08-03,872,31979.9024,-3043.9992,36.6742,2020-10-01,43,1,0,rebalance_exit,2.0264770905820653,25.000000000000004,150,0.662792589908629,0.5717098214800684,99651680.02988052,-9.518475578587132,33.1833752293578
KSCL,2020-08-03,55,31510.671499999997,-3269.3873,572.9213,2020-10-01,43,1,0,rebalance_exit,1.833536037894216,29.0,150,0.5228371437162967,0.4431068032727451,105073068.0215454,-10.375492315357356,513.4778945454545
EIDPARRY,2020-08-03,140,38614.1578,-2477.9092,277.4222,2020-11-02,64,2,1,rebalance_exit,1.941857480125345,27.0,150,1.1180653143431465,0.2843264462834304,132056147.32641602,-6.417100206701906,258.1160614285714
SCI,2020-08-03,573,28698.0174,2870.4598,50.0838,2020-09-01,21,2,1,rebalance_exit,1.9219136372809376,28.000000000000007,150,1.6897270799867108,0.0089920255865859,113376336.63765337,10.002293050390303,55.09332844677138
TV18BRDCST,2020-08-03,1342,42488.8625,-3144.0402000000004,32.0645,2020-11-02,64,3,2,rebalance_exit,2.0335844354810098,24.0,150,0.8780838525717881,0.4825015812269122,196018042.5,-7.399680798703426,29.318049403874813
NATCOPHARM,2020-09-01,57,44721.691100000004,4294.4627,724.8491,2021-02-01,105,2,1,rebalance_exit,2.054442330242962,22.999999999999996,150,1.2170862103152025,0.689933939891954,249471763.30517575,9.60263933310876,859.9325228070176
BSOFT,2020-09-01,294,50323.0055,17720.0542,149.5478,2021-04-01,146,5,4,rebalance_exit,1.952037629460701,25.999999999999996,150,1.6665421936371745,0.3577705218070619,218274034.22839355,35.212630930797644,231.43897857142858
MPHASIS,2020-09-01,40,42808.75,18347.2298,980.4134,2021-04-01,146,4,3,rebalance_exit,2.1021147716377997,21.0,150,0.6201777653676457,1.0316716549977931,191109068.2489624,42.85859736619266,1528.8994950000001
LALPATHLAB,2020-09-01,33,27892.1709,1835.5438,845.2173,2020-10-01,22,1,0,rebalance_exit,1.93326779646548,27.0,150,1.5577328284080856,0.3891637786652217,196838211.59362796,6.5808567091491605,900.8398393939394
ITI,2020-09-01,306,40239.666000000005,-3424.1638000000003,132.4809,2020-11-02,43,2,1,rebalance_exit,2.379611272250781,15.000000000000009,150,1.6317762656421062,0.8557110496325673,215095470.0086975,-8.509424009632683,120.31209869281047
ALKYLAMINE,2020-09-01,23,27936.6257,1011.2872,1214.6359,2020-10-01,22,1,0,rebalance_exit,3.098697256847421,5.999999999999999,150,3.995198404486776,0.5242430166553641,119333428.01696776,3.619933240541645,1258.604908695652
SEQUENT,2020-09-01,303,42098.4936,19517.9123,130.2045,2021-02-01,105,5,4,rebalance_exit,2.097952530252621,22.000000000000004,150,1.4105735720542645,0.6455129516873918,162797182.25,46.36249573547686,203.35447491749173
CDSL,2020-09-01,211,42634.1366,18978.528,188.8491,2021-03-01,125,3,2,rebalance_exit,2.298210708423796,15.999999999999996,150,2.095593034452378,0.5402531474557066,235485604.1705933,44.51486417576473,292.00314976303315
LTI,2020-09-01,19,55635.503899999996,19264.4819,2501.1806,2021-04-01,146,7,6,rebalance_exit,1.979200788489047,25.000000000000004,150,1.337131393184212,0.5473240922563721,298026042.25,34.62623783299642,3942.104515789473
FDC,2020-09-01,109,33640.9488,3647.6744,301.1616,2020-11-02,43,2,1,rebalance_exit,2.243567521040508,17.000000000000004,150,2.083205896668176,0.4847400631548672,154853905.37857056,10.84295934007664,342.0974605504587
FSL,2020-10-01,1155,106715.721,56185.942800000004,64.2459,2022-01-03,311,12,11,rebalance_exit,1.9330091020040487,15.000000000000009,150,0.5464853158872234,2.3735364247187176,183789084.89312363,52.6501084127989,141.04040155844157
PERSISTENT,2020-10-01,78,57072.8919,83854.86750000001,628.3393,2022-01-03,311,9,8,rebalance_exit,2.1213785743585696,12.000000000000004,150,1.800773065864346,1.8849605929959363,157184249.88427734,146.92591300073934,1806.7661461538462
GMMPFAUDLR,2020-10-01,31,41183.3388,-1755.7552,1328.4948,2020-12-01,41,1,0,rebalance_exit,3.068244118154322,4.000000000000003,150,3.986056867973837,1.9560850264149685,142468068.7064209,-4.263265803985761,1271.8575354838708
ATGL,2020-10-01,209,56247.9074,85860.1091,192.978,2021-05-03,143,14,13,rebalance_exit,1.7435758408861175,24.0,150,0.640799959913182,2.0332689039221705,272173823.6103821,152.64587265338872,679.9426626794258
TATAELXSI,2020-10-01,37,53562.139599999995,32251.9772,1216.4066,2021-04-01,124,9,8,rebalance_exit,1.8614153056762293,19.0,150,1.3855182439208025,1.7521239201263432,443867044.8179932,60.21413155048796,2319.3004540540537
APLAPOLLO,2020-10-01,213,94749.99650000001,53013.7385,291.5056,2021-11-01,268,13,12,rebalance_exit,1.941758155521964,14.0,150,1.4042858174710091,1.8603892475530348,128272827.87689207,55.95117726468728,693.7264553990611
AFFLE,2020-10-01,118,86104.9344,14578.4857,577.0141,2021-08-02,206,7,6,rebalance_exit,3.10275791931958,2.9999999999999964,150,2.431286258335137,2.9612640933262795,150735423.5684204,16.931068819210434,853.249322881356
STAR,2020-10-01,81,59333.6334,7526.8534,699.0045,2021-03-01,103,5,4,rebalance_exit,1.6417232718763597,28.000000000000007,150,1.3164150954531957,1.4669891177787824,660367651.7807617,12.685643822378825,825.4381086419753
EMAMILTD,2020-10-01,131,43818.992,13206.5597,318.5751,2021-04-01,124,3,2,rebalance_exit,1.8715577989146257,17.000000000000004,150,0.2294205112802518,2.47641620987149,167755126.3289795,30.138894340609205,435.309554961832
STRTECH,2020-10-01,260,38713.584,2828.478,148.8984,2020-12-01,41,1,0,rebalance_exit,1.749888180702522,22.000000000000004,150,0.0238724453426243,2.421114185694752,200223755.02586365,7.30616416191278,159.77716153846157
HINDZINC,2020-10-01,280,35166.6,2093.9071,125.595,2020-11-02,21,2,1,rebalance_exit,1.56122722995994,30.000000000000004,150,0.5909877809001118,1.7919734415966393,141780262.5703125,5.954249486728885,133.07323964285712
INDIAMART,2020-11-02,27,66946.9392,39644.2569,2282.9788,2021-04-01,103,5,4,rebalance_exit,2.989529089951973,7.999999999999995,150,3.085119127439647,1.9816007985588249,592793312.4975586,59.2174300628818,3947.822077777778
DEEPAKNTR,2020-11-02,60,48422.6628,44314.4778,722.838,2021-05-03,122,8,7,rebalance_exit,2.1141992031140058,17.999999999999993,150,2.52203416087428,1.0834269965952397,799189707.2642822,91.51598701424574,1545.61901
AMBER,2020-11-02,21,48520.4154,19775.612999999998,2218.0819,2021-04-01,103,4,3,rebalance_exit,2.2348875797692225,15.999999999999996,150,1.8698846911629876,1.6157075780289774,323671643.9033203,40.757303574115724,3252.1918285714282
KEC,2020-11-02,111,35021.598900000005,3788.1617,315.5099,2021-01-01,42,1,0,rebalance_exit,1.5941288914922378,30.000000000000004,150,0.6111730168616359,1.4320034394966257,109781627.580719,10.816644068183875,349.6374828828829
ALKYLAMINE,2020-11-02,33,39431.657999999996,9461.125,1165.7375,2021-01-01,42,3,2,rebalance_exit,3.163578520629736,7.000000000000005,150,4.500731122002146,1.4305738213295385,107933061.6430664,23.993728592391424,1481.5994848484847
ADVENZYMES,2020-11-02,149,44011.3066,2934.0562,296.5298,2021-01-01,42,2,1,rebalance_exit,2.59301955022436,10.000000000000009,150,1.5554023752242492,2.2881314182596744,137439477.54833984,6.6665964422878545,315.0695489932886
GRANULES,2020-12-01,146,57640.3766,-13826.6981,394.7971,2021-04-01,83,1,0,rebalance_exit,3.6342160561958687,2.000000000000006,150,3.5573394499725124,1.9757357787405552,753825473.352356,-23.987869121590712,300.0936883561644
LALPATHLAB,2020-12-01,40,44178.024,-755.217,1104.4506,2021-02-01,42,1,0,rebalance_exit,1.9974268895934968,25.999999999999996,150,1.1165412158409214,1.3071371235220068,295925175.5551758,-1.709485693610923,1085.570175
PHILIPCARB,2020-12-01,737,52936.190200000005,12657.5186,69.5843,2021-05-03,102,4,3,rebalance_exit,1.8437578558541303,29.0,150,0.3140380753357395,1.5764613812481545,116580689.20898438,23.91089829505713,89.0009617367707
PIIND,2020-12-01,23,51719.086,-4327.5855,2249.5727,2021-02-01,42,2,1,rebalance_exit,1.7832721378030372,30.000000000000004,150,1.167412434104294,1.0052196875556731,683570910.2578125,-8.367482557599722,2060.5000217391307
BLUEDART,2020-12-01,10,38413.577,1743.9107,3841.3577,2021-01-01,22,1,0,rebalance_exit,1.9564101290156823,27.0,150,1.2007947677951951,1.2061535465948685,105615873.76757812,4.539828977655478,4015.7487699999997
CYIENT,2020-12-01,108,47749.316399999996,10745.3165,442.1233,2021-02-01,42,2,1,rebalance_exit,2.053299367813312,22.999999999999996,150,0.1210568414197079,1.954822574033349,147999693.29718018,22.503602795033945,541.6169712962962
JKCEMENT,2020-12-01,30,65282.89080000001,16626.9826,1993.814,2021-06-01,122,4,3,rebalance_exit,2.514433390811056,15.000000000000009,150,1.6975566571474654,1.628347765255409,139508245.20263672,25.46912735671932,2730.3291133333337
WOCKPHARMA,2021-01-01,109,54108.210399999996,-3373.142,496.4056,2021-03-01,40,1,0,rebalance_exit,1.7798764121671755,28.000000000000007,150,1.4581933413092345,1.0480793978528216,231966649.64019772,-6.234066835816104,465.459343119266
METROPOLIS,2021-01-01,101,49040.1897,2762.8170999999998,484.3785,2021-02-01,20,2,1,rebalance_exit,1.711096081976342,30.000000000000004,150,1.034009551632509,1.1962438661000878,171297237.78222656,5.633781428867515,512.9010574257426
SUPREMEIND,2021-01-01,29,45017.10310000001,4794.3361,1552.3139,2021-02-01,20,2,1,rebalance_exit,1.889948706251384,25.000000000000004,150,1.2841107949403,1.2743277097467325,111979897.14331056,10.650032476212356,1717.6358344827588
KAJARIACER,2021-01-01,91,65633.1275,18245.146,672.7029,2021-07-01,122,5,4,rebalance_exit,1.9381677372624515,22.000000000000004,150,0.7533367924912835,1.620360918043765,198633039.2039795,27.798684437215034,921.7392692307693
ASTRAL,2021-02-01,80,87261.6716,28527.047199999997,961.1034,2021-09-01,144,9,8,rebalance_exit,1.9863973852905847,21.0,150,0.942939825217705,1.4826820605063875,229359517.09472656,32.69138291409948,1447.358985
BERGEPAINT,2021-02-01,85,49383.631499999996,3528.8392,580.9839,2021-04-01,41,2,1,rebalance_exit,1.775869129732374,30.000000000000004,150,0.9857173589893168,1.219194218357098,674068355.4180908,7.145766912666194,622.4996552941176
HFCL,2021-02-01,2055,58379.43149999999,-5865.8552,28.6728,2021-04-01,41,2,1,rebalance_exit,1.8990232487723548,25.000000000000004,150,0.7306076357813992,1.5135476553011116,258392966.11831284,-10.047811445371819,25.554051727493913
LAURUSLABS,2021-02-01,145,49384.477000000006,14218.454899999999,340.5826,2021-05-03,60,3,2,rebalance_exit,4.750154895301994,2.000000000000006,150,5.830809934376311,1.6206733459694835,1012867829.1902466,28.79134449474882,438.64090965517244
CROMPTON,2021-02-01,138,55702.5408,-3934.1752,403.6416,2021-04-01,41,2,1,rebalance_exit,1.8796187739774752,27.0,150,1.0438689794752951,1.300756620611548,458354745.4760742,-7.062828990378837,375.1330840579711
INDIACEM,2021-02-01,323,49855.0753,4203.9909,153.8909,2021-04-01,41,2,1,rebalance_exit,2.07177630022589,17.999999999999993,150,1.8311280071752956,1.037685455313454,289062513.08891296,8.43242312784151,167.36553003095975
VAKRANGEE,2021-02-01,1151,53666.873900000006,7051.045999999999,45.9829,2021-04-01,41,3,2,rebalance_exit,2.3952516272010183,12.000000000000004,150,0.440364762509245,2.2500377326751777,307707148.69729614,13.138544296689506,52.75231963509992
ADANIENSOL,2021-02-01,171,123832.96970000002,81039.7686,467.1807,2021-09-01,144,19,18,rebalance_exit,1.8577573970004837,29.0,150,0.5882619023975392,1.5537595603921308,236926197.75,65.44280476865603,1198.086188888889
TATASTLBSL,2021-02-01,1504,70239.8907,48719.5175,38.3338,2021-07-01,102,10,9,rebalance_exit,1.8732244567253145,28.000000000000007,150,0.5775310821355328,1.5777417635966575,155103264.0,69.36160779077066,79.09535119680851
CYIENT,2021-03-01,95,56276.16650000001,17450.137,592.3807,2021-07-01,82,2,1,rebalance_exit,1.949248034342102,24.0,150,0.9556145020096868,1.0873305615140696,238599709.6640625,31.00804138817806,776.0663526315791
JKTYRE,2021-03-01,479,56196.3279,-2173.4471,117.3201,2021-05-03,40,1,0,rebalance_exit,2.951571346309932,9.000000000000002,150,1.556262102194692,1.7455998836452007,300424998.99090576,-3.8675963024979074,112.78263215031315
CHAMBLFERT,2021-03-01,254,55461.4334,-6700.7555,218.3521,2021-05-03,40,1,0,rebalance_exit,2.5013045115259485,12.999999999999996,150,1.4394741316114894,1.3691661679192233,201205747.3791504,-12.081828920058166,191.97117283464567
LTTS,2021-03-01,19,46287.2908,1363.6759,2436.1732,2021-04-01,21,1,0,rebalance_exit,2.036296825678043,22.000000000000004,150,0.929437899951558,1.1858226435738062,494374423.1020508,2.9461130181332624,2507.945615789474
CEATLTD,2021-03-01,40,60486.476,-7922.0375,1512.1619,2021-05-03,40,1,0,rebalance_exit,2.407797552961139,14.0,150,1.18074494078673,1.4146734889773578,388617468.9541016,-13.097204571812052,1314.1109625000001
PAGEIND,2021-03-01,1,26896.8179,1878.2301,26896.8179,2021-04-01,21,1,0,rebalance_exit,1.9263614269499136,25.000000000000004,150,0.7440368639100818,1.176668592038188,1151299040.4296875,6.98309408563903,28775.048
TATAMTRDVR,2021-03-01,617,81832.6516,3511.5358,129.5028,2021-09-01,124,4,3,rebalance_exit,2.403274885271616,15.999999999999996,150,1.120177645086762,1.442221710320514,645232331.1,4.291118192240028,138.32121134521879
TRIDENT,2021-03-01,4005,51122.223,-1312.7025,12.7646,2021-05-03,40,1,0,rebalance_exit,3.330499490789753,5.999999999999999,150,2.2429999834877368,1.7519952707453494,178823719.83312893,-2.567772727723519,12.436834082397004
INDIANB,2021-04-01,691,68238.293,15080.0331,99.479,2021-07-01,61,4,3,rebalance_exit,2.3193465344535453,17.999999999999993,150,3.63399659523878,2.474713937663431,334982554.77290344,22.099077273225458,120.5764487698987
HEG,2021-04-01,195,55760.24350000001,24439.301600000003,276.4229,2021-05-03,19,4,3,rebalance_exit,1.8061373841297748,29.0,150,3.656174006671253,1.664433092337982,544714372.8286743,43.82925910285883,411.27971846153855
PNCINFRA,2021-04-01,217,55413.488900000004,-4267.5114,255.3617,2021-05-03,19,1,0,rebalance_exit,1.831350078707635,25.999999999999996,150,4.081418087273325,1.5165310933843712,175536624.306427,-7.701214063061819,235.69574884792627
NCC,2021-04-01,871,63820.43459999999,6558.874199999999,73.2726,2021-07-01,61,2,1,rebalance_exit,2.855701910030222,9.000000000000002,150,6.001888529583088,2.268782673562063,443313680.53178406,10.277075424365725,80.8028803673938
ABB,2021-04-01,48,66060.50880000001,12284.911699999999,1376.2606,2021-06-01,39,2,1,rebalance_exit,1.7963066022814966,30.000000000000004,150,2.28154732827725,2.254328881281689,199078125.6335449,18.59645334732874,1632.1962604166667
RCF,2021-04-01,931,63997.312399999995,4960.5419,68.7404,2021-06-01,39,2,1,rebalance_exit,1.82216305511816,27.0,150,3.864805334547056,1.5975726974900937,170875326.24657822,7.751172219538395,74.06858678839956
PRAJIND,2021-04-01,377,83228.4976,34267.0752,187.0928,2021-09-01,103,8,7,rebalance_exit,2.33256056668038,17.000000000000004,150,3.879746474253865,2.387125067642889,271773074.8943176,41.17228616175333,311.6593442970822
TATACOMM,2021-04-01,51,50170.3677,1578.8582,983.7327,2021-05-03,19,1,0,rebalance_exit,1.9725520741117355,22.999999999999996,150,6.894237914772029,0.4983338268427258,277467154.4830322,3.1469934791807397,1014.6907039215687
ABCAPITAL,2021-04-01,523,62399.443799999994,1187.3154,119.3106,2021-06-01,39,1,0,rebalance_exit,1.8214599744901503,28.000000000000007,150,3.4957322978130074,1.7589740295843288,356551642.0938873,1.9027659986930845,121.5808015296367
DBL,2021-04-01,121,68799.8498,-78.75659999999999,568.5938,2021-07-01,61,2,1,rebalance_exit,2.2378905742984867,19.0,150,4.300921066982551,2.054018808140454,174028811.4638672,-0.11447205223404427,567.9429190082645
MMTC,2021-04-01,1349,57084.014200000005,-1968.4834,42.3158,2021-05-03,19,1,0,rebalance_exit,2.4251500688525347,15.000000000000009,150,4.336582475755958,2.3304095840426773,169947392.0,-3.448396941923541,40.856583246849524
HINDCOPPER,2021-04-01,790,99624.6181,-7152.3235,117.3186,2021-10-01,124,5,4,rebalance_exit,5.9115387805830775,1.0,150,9.975498359479433,5.285824914264511,322032719.4121628,-7.17927319211475,117.05353746835443
BAJAJELEC,2021-04-01,54,49551.8688,7638.887299999999,917.6272,2021-05-03,19,2,1,rebalance_exit,2.223517911487345,21.0,150,4.613246214720844,1.894087306564819,186888019.52661133,15.415941890772848,1059.088075925926
GRAPHITE,2021-04-01,188,98295.4431,1080.0391999999993,475.6784,2021-11-01,144,6,5,rebalance_exit,3.1813925357666584,5.999999999999999,150,6.044615053370889,2.757991100229073,495162637.3908081,1.0987683314080297,528.5929909574468
DALBHARAT,2021-04-01,59,99039.8195,10738.8898,1545.7914,2021-12-01,164,6,5,rebalance_exit,2.431430378630893,12.999999999999996,150,4.845115844276933,2.1163051989975985,223648993.2319336,10.843002192668576,1860.6560898305086
INTELLECT,2021-04-01,129,92698.76400000001,-6593.5559,727.5318,2021-09-01,103,3,2,rebalance_exit,5.010927868849175,2.000000000000006,150,14.381763378865378,1.941008905247801,167670260.87347412,-7.112884374596408,667.4822333333334
NBCC,2021-05-03,2343,59862.7128,10797.575900000002,25.5496,2021-06-01,20,2,1,rebalance_exit,1.854927036513179,22.999999999999996,150,2.70613886807144,1.949961511984556,451108460.8204136,18.037231182747206,30.15804041826718
BEML,2021-05-03,125,59645.825000000004,8773.0139,477.1666,2021-07-01,42,2,1,rebalance_exit,2.0820636271078765,17.000000000000004,150,2.7133468396393896,2.3169791842740417,564820101.5762329,14.708512959624583,547.3507112
SCI,2021-05-03,669,65565.06060000001,4397.9851,97.3702,2021-07-01,42,3,2,rebalance_exit,2.0581655474010763,17.999999999999993,150,2.898530994857076,2.190712344395496,330334937.0851364,6.7078182491605896,104.57854364723471
TATAELXSI,2021-05-03,26,98011.04560000001,46292.067800000004,3264.1023,2022-03-02,208,9,8,rebalance_exit,2.356819497056443,14.0,150,5.62800644367775,1.3911144448434507,1068003879.6044922,47.231480407755186,5550.119746153848
ALKYLAMINE,2021-05-03,25,85153.2198,6674.0566,3325.0207,2021-11-01,125,4,3,rebalance_exit,2.027712114093722,19.0,150,3.812054979027944,1.7104237592211076,184085465.8813477,7.837703161049466,3673.091056
CDSL,2021-05-03,293,140389.2608,36790.7765,384.4109,2022-06-01,269,14,13,rebalance_exit,1.7465325094075492,25.999999999999996,150,4.507497092785753,0.9240510972571842,494822820.94592285,26.206261284054005,604.7100249146757
IEX,2021-05-03,641,72683.30960000001,39972.063200000004,113.1406,2021-10-01,105,6,5,rebalance_exit,2.0201533570404173,20.000000000000007,150,3.113280508562953,2.0274913668233228,699793669.5569,54.99483089030937,175.7494115444618
CUMMINSIND,2021-05-03,94,72912.78940000001,13441.234,773.1081,2021-09-01,84,4,3,rebalance_exit,2.4472064435811123,10.999999999999998,150,3.511754126450485,2.5360955625479717,889927359.3405762,18.434672587083877,918.6598234042553
GUJGASLTD,2021-05-03,142,73988.1216,21193.2288,508.2438,2021-09-01,84,5,4,rebalance_exit,1.9498545592112035,21.0,150,2.8231682150118926,2.049603441992985,545299566.8170166,28.644096297749506,670.2912
HEG,2021-06-01,200,80585.5354,-1205.5452,396.9446,2021-11-01,105,3,2,rebalance_exit,2.7109227921279047,12.000000000000004,150,3.366389608797744,2.9420817970453794,846399924.520874,-1.495982118895248,396.899951
MMTC,2021-06-01,1636,93154.2072,-20819.6584,58.3681,2021-09-01,64,2,1,rebalance_exit,1.92857070419828,27.0,150,2.6198360951020154,2.026105544897991,250336278.0,-22.34967053640493,44.21427188264059
POLYCAB,2021-06-01,62,115892.82440000001,25645.245,1629.2495,2022-08-01,292,10,9,rebalance_exit,2.3043976497562992,17.000000000000004,150,4.161436221574388,1.989748638893168,406628328.0408936,22.12841488053336,2282.8720870967745
JSWENERGY,2021-06-01,707,107961.5191,79854.4097,114.2648,2022-03-02,188,15,14,rebalance_exit,1.909815171657102,28.000000000000007,150,3.652527893033157,1.5810812331261268,559932861.2170944,73.96562253448322,265.6519502121641
GNFC,2021-06-01,221,71740.0034,2378.4472,324.6154,2021-08-02,43,1,0,rebalance_exit,2.114166654499229,22.000000000000004,150,3.8881954494304463,1.803959319316376,309535662.18130493,3.31537090504236,335.37760452488686
LTTS,2021-06-01,22,56036.0284,3854.4707,2547.0922,2021-07-01,22,1,0,rebalance_exit,1.7651160495992109,29.0,150,3.481517161542623,1.4249295739514962,767618094.2167969,6.878557974319251,2722.2954136363637
KPITTECH,2021-06-01,248,59487.4624,4204.9802,239.8688,2021-07-01,22,1,0,rebalance_exit,2.6095542460692034,12.999999999999996,150,6.173552393333542,1.6540209993625117,221953868.7003784,7.06868309783542,256.8243653225806
BALRAMCHIN,2021-06-01,333,103436.2989,5667.6071,295.7867,2021-11-01,105,6,5,rebalance_exit,1.9402537616604023,25.999999999999996,150,3.69284007806385,1.6121817704525263,618606473.4992981,5.479321244352837,327.6393573573573
DIXON,2021-06-01,21,86037.27070000001,1833.4843,4065.1298,2021-09-01,64,3,2,rebalance_exit,3.5059318789882843,5.999999999999999,150,8.181367545210446,2.239412586283368,1030908368.9074708,2.131034939954226,4184.321666666667
BALAMINES,2021-07-01,45,134311.8054,7347.676800000001,2654.8915,2022-03-02,166,10,9,rebalance_exit,3.7723240128157487,4.999999999999993,150,7.2618127973628575,3.3460374970253577,275884069.6496582,5.470611297434023,3147.9884933333337
BSE,2021-07-01,771,74750.481,25126.291100000002,94.7974,2021-08-02,21,4,3,rebalance_exit,1.5851817680502776,25.999999999999996,150,3.093556099814605,1.408148540158227,402781146.1948471,33.613551061965744,129.54185745784696
FORTIS,2021-07-01,281,68467.2517,1635.4437,243.6557,2021-08-02,21,1,0,rebalance_exit,1.5174654457182086,29.0,150,2.624652405020133,1.4645920188619703,811421997.9468384,2.3886510110935273,249.475784341637
AARTIIND,2021-07-01,86,74544.2592,8250.3931,863.3784,2021-11-01,83,3,2,rebalance_exit,1.4909480323730682,30.000000000000004,150,2.7876508169522847,1.3679330840046102,878339867.7163086,11.067777973169528,962.7285151162791
PRINCEPIPE,2021-07-01,105,74976.55200000001,1295.6347,714.0624,2021-11-01,83,2,1,rebalance_exit,4.334948612425034,2.000000000000006,150,10.357124600745836,3.151382859328029,237458758.8269043,1.7280531918832436,726.4017780952381
MASTEK,2021-07-01,43,99928.4652,13750.816499999999,2190.4653,2022-02-01,146,5,4,rebalance_exit,2.472400280528647,12.999999999999996,150,7.108817923445248,1.3978485196956942,281235259.1340332,13.760660160724653,2643.7042255813953
HIKAL,2021-07-01,164,80926.5834,15420.5331,483.1212,2021-10-01,63,5,4,rebalance_exit,2.403963353773072,14.0,150,3.754137099106367,2.441935737141848,340798667.28845215,19.054966183089846,587.4824176829269
HFCL,2021-08-02,1164,86438.48920000001,-1726.1071,74.1756,2021-11-01,62,3,2,rebalance_exit,2.72384578590204,12.999999999999996,150,7.081049218951768,1.8605016614496104,1005906907.4249268,-1.9969195620786022,72.77696056701032
VENKEYS,2021-08-02,24,72630.4944,-8322.7241,3026.2706,2021-11-01,62,1,0,rebalance_exit,2.752119692891239,12.000000000000004,150,5.052215786056232,2.7894179991598924,406631171.2792969,-11.45899414392531,2679.4904291666667
LUXIND,2021-08-02,21,85093.42259999999,-11049.3776,4109.4168,2021-10-01,42,2,1,rebalance_exit,3.024255831171072,4.999999999999993,150,5.434597185886052,3.106924538831085,230525758.3439941,-12.984996092988274,3525.906904761904
IOB,2021-08-02,3244,78577.79,-14409.577,24.2225,2021-09-01,21,1,0,rebalance_exit,2.1422194725670285,22.999999999999996,150,2.7467108318262614,2.70521711588843,276518906.6031723,-18.33797692706807,19.780583538840936
RENUKA,2021-08-02,3246,101571.76319999999,-18818.6632,32.8807,2021-09-01,21,3,2,rebalance_exit,4.5928958890180285,1.0,150,5.960902602665087,5.663774045118276,234050885.08301732,-18.527455472979327,25.493869377695624
BSOFT,2021-08-02,246,97757.2562,15603.064699999999,383.1038,2022-02-01,125,5,4,rebalance_exit,1.8569822451143592,28.000000000000007,150,4.940171117857183,1.248812044892467,618061903.0726166,15.96102970410497,460.81431260162606
KPITTECH,2021-09-01,285,96409.39429999999,59107.6417,330.5115,2022-02-01,104,8,7,rebalance_exit,2.2724214716160684,15.000000000000009,150,4.171900151294848,1.9782540348110256,272750020.48553467,61.30900637760776,545.6738105263157
JKPAPER,2021-09-01,330,75355.599,-5954.5881,228.3503,2021-11-01,41,1,0,rebalance_exit,1.861480713464744,22.000000000000004,150,3.3828006444986327,1.6208221492908628,452052510.88064575,-7.901984960666293,210.30609363636367
JKLAKSHMI,2021-09-01,120,82090.39199999999,-12930.0587,684.0866,2021-11-01,41,1,0,rebalance_exit,2.317103408057767,14.0,150,3.830596804658708,2.2850384904031094,271468685.8984375,-15.751001286484295,576.3361108333334
LTTS,2021-09-01,18,66973.77,12176.179399999999,3720.765,2021-10-01,21,2,1,rebalance_exit,1.6637851511341897,29.0,150,3.42752052090234,1.1826810390084483,779652910.7363281,18.180519627310808,4397.219411111111
WELSPUNLIV,2021-09-01,598,75761.42,20851.3218,126.1855,2021-10-01,21,3,2,rebalance_exit,1.952274366016273,21.0,150,3.153074137461574,1.953266238673916,263373378.5431824,27.522348181963856,161.5597688963211
REDINGTON,2021-09-01,558,75451.08600000001,-7279.7206,135.217,2021-11-01,41,1,0,rebalance_exit,1.7502369076728077,25.000000000000004,150,3.413196280727026,1.3709972108146793,230882599.8010254,-9.648264837433883,122.17090573476705
JSL,2021-09-01,630,99176.689,24656.9085,148.8516,2022-04-01,145,6,5,rebalance_exit,2.211535292257963,17.999999999999993,150,3.636919165281802,2.1875475193054275,338223551.2241821,24.861596760908203,196.56126587301588
ISEC,2021-09-01,113,81932.3952,1601.1729,723.5256,2021-12-01,61,2,1,rebalance_exit,1.6408356760213276,30.000000000000004,150,1.3694833050698745,2.4260778565138303,450708542.4,1.9542610662015654,739.2351159292036
TRIDENT,2021-09-01,4907,122631.72200000001,75098.2726,19.3152,2022-05-02,164,16,15,rebalance_exit,1.670162678107833,28.000000000000007,150,3.8869536634479194,0.9077088888978267,246313565.3910809,61.23886330161782,40.29549512940697
BSE,2021-09-01,672,92737.40520000001,39713.761,127.6819,2022-01-03,84,6,5,rebalance_exit,2.439626824435086,10.999999999999998,150,3.5970680824603862,2.685686118897588,575017944.5420837,42.82388634268149,197.09994970238097
RADICO,2021-09-01,125,114814.333,3294.9776999999995,871.3883,2022-04-01,145,6,5,rebalance_exit,1.8397751048165016,22.999999999999996,150,3.2565478079101817,1.654995375904793,415211352.2687988,2.869831330205088,944.8744856000001
ATGL,2021-09-01,77,119302.0798,61698.6794,1509.9186,2022-08-01,228,12,11,rebalance_exit,2.4300510380599745,12.000000000000004,150,5.901381773462706,1.220332094239985,233725887.9985352,51.716348535945635,2350.6592103896105
MAXHEALTH,2021-10-01,270,96210.0637,4479.437,355.3835,2022-03-02,103,4,3,rebalance_exit,2.599713294405761,7.000000000000005,150,6.129122009893866,2.264221780353429,394210775.6188965,4.6558923544294455,372.9240766666667
LINDEINDIA,2021-10-01,36,90689.5398,-1539.8228,2526.8416,2022-01-03,63,2,1,rebalance_exit,1.7120783331786709,19.0,150,5.273798669519579,0.8111926303352748,488784085.4511719,-1.697905627700627,2476.381027777778
GUJGASLTD,2021-10-01,114,70044.9744,-937.7289,614.4296,2021-11-01,20,1,0,rebalance_exit,1.5618779408943542,30.000000000000004,150,4.099712387460792,1.1220288895074626,936599313.3391112,-1.338752577229866,606.2039078947369
ABREL,2021-10-01,107,93959.2958,-13811.398,890.131,2022-03-02,103,2,1,rebalance_exit,1.6023677895008115,25.999999999999996,150,3.4293823621129005,1.5719478451735085,514590947.439148,-14.699341754751632,749.0457738317757
FLUOROCHEM,2021-10-01,41,77666.505,4049.0298000000003,1894.305,2021-12-01,40,2,1,rebalance_exit,3.6246455965189783,2.000000000000006,150,5.833151134566128,4.636213234466166,235793160.3056641,5.213353941959922,1993.061824390244
CYIENT,2021-10-01,103,98288.5249,-7256.019400000001,961.4707,2022-02-01,83,2,1,rebalance_exit,1.5779322602204808,29.0,150,3.893056024317515,1.2684427199908574,256764722.0921631,-7.382366769042843,883.8107330097088
OFSS,2021-10-01,18,65516.0598,-1142.8627,3639.7811,2021-11-01,20,1,0,rebalance_exit,1.65019130465772,21.0,150,2.5000041536983666,2.177795748969039,541871996.2646484,-1.7444008438370708,3576.288727777778
KNRCON,2021-10-01,250,71460.22499999999,-1845.1035000000002,285.8409,2021-11-01,20,2,1,rebalance_exit,1.9985756415963447,14.0,150,4.725172290543884,1.726202163020674,250897505.996521,-2.582000686395824,278.460486
KEI,2021-11-01,89,83254.8795,25057.5186,923.6055,2022-04-01,104,4,3,rebalance_exit,1.8579696490356676,20.000000000000007,150,3.7943420445720406,1.6609932374438523,438412751.2871094,30.097357356694033,1216.9932370786516
PRESTIGE,2021-11-01,193,82732.1483,-604.6315000000001,428.2661,2021-12-01,20,2,1,rebalance_exit,1.4860024944572006,30.000000000000004,150,2.1507328528840763,1.7902120888000457,445736491.83984375,-0.730830169920778,425.53117512953366
WELSPUNLIV,2021-11-01,687,93684.5571,3185.9971,135.3381,2022-02-01,63,3,2,rebalance_exit,1.675453441967798,24.0,150,2.352011569632893,2.0513827715258937,322792928.6737366,3.400770840597804,141.0051735080058
IOC,2021-11-01,1389,90205.4103,-133.3861,64.9427,2022-02-01,63,2,1,rebalance_exit,1.7208932661675975,22.000000000000004,150,3.165870825462185,1.7203234413253146,943357471.922516,-0.14786929027470982,64.84666969042476
HIKAL,2021-11-01,163,91410.4489,-10968.1569,560.8003,2021-12-01,20,2,1,rebalance_exit,2.638770943155727,7.999999999999995,150,4.853562317878162,2.619270565467248,264726333.2845459,-11.998799953382571,493.5109938650307
ALLCARGO,2021-11-01,1274,83749.32939999999,19700.6691,64.6607,2021-12-01,20,3,2,rebalance_exit,2.3378177526440918,10.999999999999998,150,3.203265301690047,2.8886249935902373,302880460.4393463,23.523375340603028,81.20094073783359
ZENSARTECH,2021-11-01,257,107149.3165,-21210.5603,435.1712,2022-03-02,83,2,1,rebalance_exit,1.7484955486959513,21.0,150,3.298061846978484,1.7054764018546054,425016026.5182495,-19.795329539036306,334.39204747081715
ANGELONE,2021-11-01,969,114167.6411,23972.6891,113.0279,2022-06-01,144,7,6,rebalance_exit,4.070459773361943,2.000000000000006,150,7.267336451818163,4.133875917133416,451259132.6641846,20.997796633988614,142.55968028895768
SONATSOFTW,2021-11-01,285,83897.388,4266.989,294.3768,2021-12-01,20,1,0,rebalance_exit,1.6900139040564353,22.999999999999996,150,3.6052952346276834,1.4349088854281835,235966048.6418152,5.08596167499279,309.3486912280702
HAPPSTMNDS,2021-11-01,68,83489.48199999999,2634.4229,1227.7865,2022-01-03,43,2,1,rebalance_exit,2.861404781112305,4.999999999999993,150,6.884073495302475,2.0036321823134147,811960927.5700684,3.155394951426337,1266.528013235294
ALKEM,2021-11-01,24,82502.7504,551.8341,3437.6146,2022-01-03,43,2,1,rebalance_exit,1.6501966533544776,25.999999999999996,150,2.42894067437004,1.963204592925204,459418789.5048828,0.6688675193548457,3460.6076875
BRIGADE,2021-12-01,241,90503.93500000001,-2975.0799,375.535,2022-01-03,23,2,1,rebalance_exit,1.6287242513548812,19.0,150,2.394046722933557,1.590116404108317,287069338.84002686,-3.2872381736771996,363.1902701244814
BEL,2021-12-01,1184,75974.91200000001,2565.8065,64.168,2022-02-01,43,1,0,rebalance_exit,1.380700474936777,30.000000000000004,150,2.436256797618124,1.059786518862242,1115120117.189026,3.377176007785306,66.33506630067569
KAJARIACER,2021-12-01,75,82789.8135,-2196.0069000000003,1100.0632,2022-03-02,63,3,2,rebalance_exit,1.4847284205618494,25.999999999999996,150,3.2187655672410647,0.8636886126168655,321816071.7092285,-2.6525085722049613,1074.584088
SOBHA,2021-12-01,114,96632.2558,-13028.6733,857.9298,2022-04-01,84,2,1,rebalance_exit,1.454731484052913,27.0,150,2.652133630723777,1.0985822613723122,345719503.2183838,-13.48273740702636,733.3647587719298
HFCL,2021-12-01,1194,87333.33750000001,7866.0740000000005,72.1905,2022-01-03,23,3,2,rebalance_exit,1.8839975560905944,12.000000000000004,150,4.670561909559286,0.9225466749658404,303084481.34226227,9.006954532110948,79.73150041876049
APLAPOLLO,2021-12-01,114,103905.3995,-5449.4414,913.0536,2022-03-02,63,4,3,rebalance_exit,1.387533000241635,29.0,150,3.43677055711864,0.5504923036102657,464037748.11279297,-5.244618110534284,863.6487552631579
GUJALKALI,2021-12-01,134,75513.8106,3748.4242,563.5359,2022-01-03,23,1,0,rebalance_exit,1.9221984256292084,10.999999999999998,150,2.9689537261735,1.8908149519878523,279355760.2739868,4.9638922605237985,591.509214925373
ADANIENSOL,2021-12-01,48,82222.6608,766.097,1712.9721,2022-01-03,23,1,0,rebalance_exit,2.1768429771571345,7.000000000000005,150,6.736166555454775,0.442281977254012,250236147.3359375,0.9317346246717425,1728.9324541666665
BORORENEW,2022-01-03,151,95082.45079999999,-7463.741,640.0903,2022-04-01,61,3,2,rebalance_exit,2.493285777368905,7.000000000000005,150,2.997540876539152,2.339231427971989,253381745.06985477,-7.849756645103222,580.2563562913907
TTML,2022-01-03,820,155898.7663,-44401.9266,217.0401,2022-03-02,40,5,4,rebalance_exit,7.16954788876688,2.000000000000006,150,24.295321810495395,2.8245926256765084,378592394.7753334,-28.481255916134856,135.9717557317073
UNOMINDA,2022-01-03,252,137048.30229999998,-19794.680099999998,591.6633,2022-07-01,123,7,6,rebalance_exit,1.6827589644696292,17.000000000000004,150,3.0219933286010345,1.014183639912967,262527169.3571167,-14.443579210977209,465.29215158730153
BCG,2022-01-03,1955,176915.58539999998,-10931.393900000001,104.7786,2022-05-02,80,9,8,rebalance_exit,12.968970227158174,1.0,150,33.224128580626285,9.265326930766516,367419122.38656616,-6.178875578024683,84.90239974424551
TANLA,2022-01-03,76,122921.27359999999,-23676.1955,1766.9594,2022-06-01,101,5,4,rebalance_exit,2.033115862928012,12.000000000000004,150,2.54868068831787,1.7414768067327944,419837514.2238159,-19.261267644399027,1305.8562907894734
HAL,2022-01-03,137,77607.8696,15073.3126,566.4808,2022-02-01,20,2,1,rebalance_exit,1.4011528368244703,25.999999999999996,150,1.96893953643715,0.9083128141514044,769720892.2155762,19.42240223535269,676.5049795620439
PRESTIGE,2022-01-03,166,78510.2976,2242.5943,472.9536,2022-04-01,61,1,0,rebalance_exit,1.5291958596198132,20.000000000000007,150,1.557020801301762,1.2539052397101296,417297715.7102051,2.8564333196464666,486.4632042168675
SCI,2022-01-03,705,89356.8465,-20825.6444,126.7473,2022-03-02,40,1,0,rebalance_exit,1.3465986740879112,30.000000000000004,150,1.659832762081286,0.9229018188960074,283056447.7317047,-23.30615416245693,97.20737886524822
FLUOROCHEM,2022-01-03,32,78366.7584,10831.137599999998,2448.9612,2022-04-01,61,3,2,rebalance_exit,3.0099369178054345,4.999999999999993,150,6.39658192764624,2.04355639994715,254192373.51586917,13.821086671360899,2787.4342500000002
POONAWALLA,2022-01-03,358,78271.7596,22324.4469,218.6362,2022-02-01,20,3,2,rebalance_exit,2.218070252192426,10.999999999999998,150,6.8223819708093005,0.6147984602782683,692309836.1691284,28.521713340912292,280.9949902234637
TORNTPOWER,2022-01-03,177,87170.2875,-11187.0378,492.4875,2022-03-02,40,1,0,rebalance_exit,1.3885439121081165,27.0,150,2.5503757895003067,0.693659484810483,409206634.3569641,-12.833544686886572,429.2838966101695
IRB,2022-02-01,8436,104371.20479999999,-6776.8348,12.5172,2022-05-02,60,2,1,rebalance_exit,1.4064310255894836,24.0,150,1.8412382238543032,0.7756920815318641,294574714.3712044,-6.493011949977989,11.568796823138928
SIEMENS,2022-02-01,59,79906.00099999999,398.98080000000004,1354.339,2022-03-02,20,2,1,rebalance_exit,1.306781641349381,25.999999999999996,150,1.4855762546617692,0.7168786466356435,740761504.2773438,0.4993126861648352,1361.101386440678
VTL,2022-02-01,333,136960.4913,-40768.0825,471.7469,2022-07-01,103,5,4,rebalance_exit,1.4974474107645623,20.000000000000007,150,3.0022653638902894,0.6139651512278926,316090523.3312988,-29.766308599683004,288.8660924924925
PAGEIND,2022-02-01,7,294021.396,-5997.108400000001,40751.5208,2023-01-02,228,6,5,rebalance_exit,1.3027225325817169,28.000000000000007,150,1.1188356564643993,0.8052426430662419,758177874.8320312,-2.039684350046417,41146.326799999995
SUZLON,2022-02-01,8812,97381.412,-22267.5956,11.051,2022-03-02,20,1,0,rebalance_exit,1.3924642564085934,25.000000000000004,150,0.9772226829585826,0.9772226829585826,356185513.1617346,-22.86637166444044,8.524037267362687
KPRMILL,2022-02-01,169,106940.0074,-9376.634,667.4443,2022-08-01,124,3,2,rebalance_exit,2.6088074777587056,4.000000000000003,150,5.85643852487069,1.5565141663023196,278586513.11187744,-8.768125445257823,577.2980674556213
TATAMTRDVR,2022-02-01,408,100163.42880000001,-11583.1094,245.4986,2022-05-02,60,1,0,rebalance_exit,1.7344029793877795,15.000000000000009,150,1.914964638689296,1.2518708208408442,775330508.6,-11.564210150122175,217.10862598039216
ABB,2022-02-01,43,95274.7646,3321.2129,2215.6922,2022-06-01,81,4,3,rebalance_exit,1.5864485785577431,19.0,150,1.962078848460847,1.0163488703960062,463697798.668457,3.4859313627734747,2292.9297093023256
AFFLE,2022-02-01,85,109331.88220000001,-7120.2167,1293.9925,2022-05-02,60,3,2,rebalance_exit,1.2617530892821294,29.0,150,1.0559694977435805,0.7595844137603863,455121102.8565674,-6.512479760455454,1202.4901823529412
INDHOTEL,2022-03-02,408,80833.69559999999,20325.0981,194.8471,2022-05-02,40,2,1,rebalance_exit,1.7961344481913883,15.999999999999996,150,1.8215163766096327,1.2128736302973346,888029610.3558655,25.144338569619972,247.93821985294116
ADANIENSOL,2022-03-02,47,100147.7607,34000.0861,2118.3945,2022-08-01,104,7,6,rebalance_exit,1.740442269049533,21.0,150,3.1491720852403984,0.7518286727524064,289469456.10180664,33.949921458403615,2854.209506382979
PRAJIND,2022-03-02,289,92680.2466,8237.1711,322.0909,2022-07-01,83,5,4,rebalance_exit,1.6655071707735236,24.0,150,3.734575815747384,0.4758768227631583,277619153.75634766,8.887731099325753,349.19521695501726
ABFRL,2022-03-02,333,88446.2602,1609.1047,270.4528,2022-08-01,104,2,1,rebalance_exit,1.6126838867200797,27.0,150,1.6975708558638636,0.9838185772189622,841155983.5162354,1.8193021348346394,270.43653123123124
POONAWALLA,2022-03-02,373,87140.7407,2760.1616,229.1371,2022-07-01,83,4,3,rebalance_exit,1.8646974031080192,12.999999999999996,150,2.6084236250637947,1.0861113313730224,950574815.4171752,3.1674754860099554,241.02118579088472
TV18BRDCST,2022-03-02,1564,96327.3028,-11972.797,60.108,2022-05-02,40,2,1,rebalance_exit,1.712961964042874,22.000000000000004,150,1.655910363297388,1.1403999546304533,626094638.4,-12.42928707851249,53.93510601023018
RAJESHEXPO,2022-03-02,115,80678.26150000001,-1566.8581,701.5501,2022-04-01,21,1,0,rebalance_exit,1.5794792707147312,29.0,150,1.645629098054278,0.9508211130842436,219659986.46472168,-1.9421069205860362,687.9252469565218
CGPOWER,2022-03-02,650,115603.7957,52227.456000000006,165.3494,2023-04-03,270,11,10,rebalance_exit,3.454117496541749,2.9999999999999964,150,5.249923746732734,2.621115966456076,251866808.47375488,45.177976798905405,258.2019256923077
WELCORP,2022-03-02,539,72576.6195,12652.0225,134.6505,2022-04-01,21,2,1,rebalance_exit,1.5352622775805322,30.000000000000004,150,1.0931066027317815,1.0454864239716222,272942649.311554,17.43264234014096,158.1236400742115
RENUKA,2022-03-02,2840,99802.0727,38408.171,32.8647,2022-07-01,83,8,7,rebalance_exit,1.6098830504809334,28.000000000000007,150,3.831044195436824,0.3679848331748984,284287434.1049309,38.48434201908113,48.66557876760563
GNFC,2022-03-02,149,72105.15280000001,32917.557199999996,483.9272,2022-04-01,21,4,3,rebalance_exit,1.6505339347478518,25.000000000000004,150,2.033474256804141,0.9420875907425198,550752507.1913147,45.65215649886258,704.8504026845638
KPITTECH,2022-03-02,206,112015.3533,872.7965999999999,552.7293,2022-09-01,124,4,3,rebalance_exit,3.343856794879823,4.000000000000003,150,7.612332847897352,1.7846392987626731,972991148.7643431,0.7791758667782551,548.000727669903
ADANIGREEN,2022-03-02,40,72370.07999999999,42188.418699999995,1809.252,2022-05-02,40,3,2,rebalance_exit,2.300983678890229,7.999999999999995,150,1.641300322830162,1.992715290020017,933954957.8585204,58.295387679549336,2863.9624674999995
SIEMENS,2022-04-01,68,92923.78839999999,1137.1115,1366.5263,2022-06-01,40,3,2,rebalance_exit,1.5674950706307809,25.0,149,1.122079406348312,0.4509183560751236,628606415.8300781,1.2237033375191149,1383.2485279411762
VIPIND,2022-04-01,152,106829.8622,-13820.8838,740.2474,2022-07-01,62,4,3,rebalance_exit,1.8743856372329504,15.999999999999996,149,1.6233701537238716,0.6437755608689901,273048402.4738769,-12.937285058109904,611.9011736842106
EASEMYTRIP,2022-04-01,5392,118787.3238,12139.8843,21.4874,2022-10-03,125,6,5,rebalance_exit,1.7668646411363906,17.999999999999993,149,3.455839628403554,-0.0675589108908898,334263544.77996826,10.219848306743316,24.28175224406528
HFCL,2022-04-01,1175,92063.13,-17038.6064,78.3516,2022-06-01,40,2,1,rebalance_exit,1.646843683407735,22.000000000000004,149,2.67187202283575,0.04549493859989,841116292.9076843,-18.507524564937125,63.85065838297872
MAXHEALTH,2022-04-01,281,98513.4843,8060.1371,349.0412,2022-09-01,103,4,3,rebalance_exit,1.4905758161184948,30.000000000000007,149,2.1511730189468614,0.0323895084293199,420085310.8301392,8.181760250662457,379.2655565836299
REDINGTON,2022-04-01,664,84153.7,4108.2051,126.7375,2022-05-02,19,1,0,rebalance_exit,1.5426449192638116,27.0,149,2.1009611095403304,0.1084745773852605,421396070.2275391,4.881787847711984,132.92455587349397
OIL,2022-04-01,973,123470.44050000001,-13149.823100000001,131.9454,2022-09-01,103,5,4,rebalance_exit,1.5512017920827508,26.0,149,2.479566355864282,-0.0030421918195589,262220265.2574463,-10.650179141460178,113.38192949640289
CHAMBLFERT,2022-04-01,343,122773.9926,-27954.2479,389.283,2022-07-01,62,3,2,rebalance_exit,1.5720147954933177,24.0,149,1.5365765565295748,0.3232440691346185,677625992.6929932,-22.768867663264377,276.44240437317785
LINDEINDIA,2022-05-02,23,79937.9904,2709.7396,3475.5648,2022-08-01,64,2,1,rebalance_exit,2.356270482356484,5.999999999999999,150,2.013871168456469,1.193400134288811,421874893.92041016,3.38980200332882,3593.3795652173912
CUMMINSIND,2022-05-02,96,94102.6692,41033.1098,958.2428,2023-04-03,230,7,6,rebalance_exit,1.9790957579768824,15.999999999999996,150,1.042671429400852,1.0103077645007985,615557773.7353516,43.60461839056951,1407.6643645833335
DELTACORP,2022-05-02,295,74723.2935,-12362.6259,253.2993,2022-06-01,21,1,0,rebalance_exit,1.8664919024389173,19.0,150,2.262814357656296,0.5559116929208933,911389021.6519777,-16.544540960309785,211.39209355932203
TTML,2022-05-02,1460,173536.12709999998,-11965.091499999999,134.4917,2022-12-01,146,8,7,rebalance_exit,6.803271769016757,1.0,150,15.903972576496916,2.7063897855504964,382216774.7316895,-6.894870653132146,110.66509287671231
TRENT,2022-05-02,92,116519.1305,582.0218000000004,1217.077,2023-02-01,189,4,3,rebalance_exit,1.907794790291752,17.999999999999993,150,1.9416854346426151,0.6891195387024289,678093713.1361084,0.49950750361976004,1272.8386119565218
JKPAPER,2022-05-02,377,125929.83479999998,12752.6294,328.9454,2023-03-01,209,7,6,rebalance_exit,2.110418585562035,12.999999999999996,150,2.658670215343565,0.7357971036612901,303605886.362854,10.12677370716284,367.85799522546415
VBL,2022-05-02,570,81297.6446,26240.3638,142.8877,2022-09-01,84,5,4,rebalance_exit,1.561914873234697,29.0,150,1.5958241450487307,0.3770166670074338,456748245.347786,32.27690535083473,188.66317263157893
INTELLECT,2022-05-02,109,82264.1966,-9509.2514,754.7174,2022-06-01,21,1,0,rebalance_exit,1.622654145128763,27.0,150,0.5676387259446053,0.7200718256365792,345337893.1513672,-11.559404690034984,667.47656146789
BDL,2022-05-02,314,117600.33410000001,29225.644500000002,362.5621,2023-05-02,247,9,8,rebalance_exit,1.9904698524715432,15.000000000000009,150,1.7627546891030006,0.8329691921303554,384067725.6188965,24.85166791715773,467.59865796178343
GSFC,2022-05-02,797,112689.7402,-17070.2621,147.0095,2022-10-03,106,3,2,rebalance_exit,1.7649711840163778,22.000000000000004,150,1.9024667924552177,0.5328202900074633,368413725.4582443,-15.148017973689498,119.97425106649938
POLYPLEX,2022-05-02,50,116426.65349999999,-20851.905000000002,2483.3001,2022-10-03,106,3,2,rebalance_exit,2.637097537187467,2.9999999999999964,150,4.168817398564728,0.9507025105354606,333526314.10375977,-17.909906686444444,1911.4949699999997
GUJALKALI,2022-05-02,135,111425.846,-5240.385200000001,875.0664,2022-10-03,106,4,3,rebalance_exit,1.7225978366865062,22.999999999999996,150,2.1555414769522403,0.4163777518030693,352514053.3093262,-4.703024826035425,786.5589688888889
INOXLEISUR,2022-05-02,204,101738.12909999999,2627.6071,497.7374,2022-10-03,106,4,3,rebalance_exit,1.8302092930609923,20.000000000000007,150,2.1574796036209176,0.5414515247362006,257855303.7,2.58271615887224,511.5967460784313
TIINDIA,2022-05-02,44,80375.86480000001,-12304.8625,1826.7242,2022-06-01,21,1,0,rebalance_exit,1.5439934468477148,30.000000000000004,150,1.1915183802931466,0.463125069497579,272806760.0439453,-15.3091509878224,1547.0682340909093
NMDC,2022-06-01,2911,79557.62999999999,-11943.8515,27.33,2022-07-01,22,1,0,rebalance_exit,1.629868077064098,29.0,150,0.090603171052099,0.8809655552731365,1078236269.626999,-15.012829693393334,23.2269936447956
RCF,2022-06-01,916,79844.6056,-5547.6496,87.1666,2022-08-01,43,1,0,rebalance_exit,1.7383990798717508,22.999999999999996,150,0.4668679747414472,0.8878446853495655,538916131.6210327,-6.948058116527286,81.11021397379912
BORORENEW,2022-06-01,140,91080.724,-9843.8252,650.5766,2022-10-03,85,1,0,rebalance_exit,1.8952168058662704,19.0,150,2.831525888146345,0.3633268098663824,281587070.9178467,-10.807802977060216,580.2635628571428
NLCINDIA,2022-06-01,1291,86881.71800000001,-6684.15,67.298,2022-08-01,43,1,0,rebalance_exit,1.7387992963411942,22.000000000000004,150,0.9605956061013858,0.743368902107743,344074244.6571121,-7.693390685483452,62.12050193648336
MRPL,2022-06-01,1088,86572.7992,9293.7359,79.2084,2022-07-01,22,4,3,rebalance_exit,2.1305050732525466,15.000000000000009,150,0.8408713064687952,1.2019068242500417,300145391.6611481,10.735168535476904,88.11262417279411
BSE,2022-06-01,398,95290.3938,-16700.8469,239.4231,2022-10-03,85,1,0,rebalance_exit,3.0752273512384125,2.9999999999999964,150,3.633043736618768,1.403568564987509,952503724.005249,-17.526264961243136,197.46117311557788
GAEL,2022-06-01,554,88767.974,-12232.2785,160.231,2022-07-01,22,2,1,rebalance_exit,3.039929793138114,4.000000000000003,150,1.6825672766956832,1.937877214745592,251215658.7184448,-13.780058222349426,138.1510749097473
PHOENIXLTD,2022-07-01,171,106451.1012,13213.521700000001,589.4795,2023-02-01,146,5,4,rebalance_exit,1.825242884990225,27.0,150,1.0861385089705025,0.3044764022861593,218897571.5888672,12.41276187004818,699.7931163742691
BCG,2022-07-01,2524,87548.7913,33399.669200000004,32.7472,2022-08-01,21,5,4,rebalance_exit,4.381630369493984,2.000000000000006,150,7.801945442167896,-0.6457143467155145,202428559.1079712,38.149777631481705,47.91935835974643
WELCORP,2022-07-01,547,117940.3449,11519.4169,209.4324,2022-12-01,103,6,5,rebalance_exit,2.0096342100926483,20.000000000000007,150,1.1093167122661984,0.4973402125172256,331517444.927948,9.767155513888955,236.67232504570381
IIFL,2022-07-01,225,71356.61249999999,4636.1737,317.1405,2022-08-01,21,1,0,rebalance_exit,1.755831047084564,30.000000000000004,150,0.7103201197312679,0.4399239464761576,239438711.9300537,6.497188610235669,337.7457164444444
ABB,2022-07-01,32,71155.1488,23483.1559,2223.5984,2022-10-03,63,3,2,rebalance_exit,1.8368504824012604,25.999999999999996,150,1.0397533015918776,0.3437329289017281,352009792.50683594,33.002750041329406,2957.447021875
NHPC,2022-07-01,3812,111355.197,36691.1507,27.2385,2023-05-02,204,9,8,rebalance_exit,1.907339245689212,22.999999999999996,150,1.01453287059362,0.4367757908582196,264868717.49301147,32.949652722539746,38.836922271773346
COROMANDEL,2022-07-01,98,91323.41679999999,-2316.1014999999998,931.8716,2022-12-01,103,2,1,rebalance_exit,1.9614062752147317,21.0,150,0.1686851616406475,0.9765599640748504,421679589.6929321,-2.5361529180104,908.2379112244897
M&MFIN,2022-07-01,572,95019.16880000001,13579.153999999999,163.0284,2022-11-01,82,3,2,rebalance_exit,1.7581041408711853,29.0,150,0.3862270563240778,0.6261419741011002,590134880.0206299,14.290962730459075,189.8572076923077
KEI,2022-07-01,104,160995.1193,99104.1768,1150.792,2024-03-01,412,13,12,rebalance_exit,2.0995048900344977,19.0,150,1.722988921162274,0.2499462851095256,202152666.89868164,61.55725541923308,2500.9547701923075
RAYMOND,2022-08-01,80,76628.82400000001,-804.0296,957.8603,2022-09-01,20,1,0,rebalance_exit,2.425768968186116,12.000000000000004,150,1.7102242467936597,0.2327488932541707,377061980.5153198,-1.0492521717415366,947.8099300000001
TRIDENT,2022-08-01,2337,87132.4743,-6353.7127,37.2839,2022-09-01,20,1,0,rebalance_exit,1.7813796343516888,28.000000000000007,150,2.346516090681068,-0.7305129092748803,185248968.63955688,-7.292014545718002,34.56515258878905
EIDPARRY,2022-08-01,155,84587.45250000001,5301.4093,545.7255,2022-10-03,42,2,1,rebalance_exit,1.898798132148393,24.0,150,0.5667973413813631,0.3365074816962163,199361365.33676147,6.267370801833757,579.9281406451614
ABBOTINDIA,2022-08-01,5,95817.91070000001,-4625.3764,19035.3635,2022-09-01,20,2,1,rebalance_exit,1.851614926135812,25.999999999999996,150,0.1413658986272029,0.518898498523841,206305530.48828125,-4.8272565809556935,18238.50686
FINEORG,2022-08-01,22,126849.5949,-5844.172200000001,5425.9241,2023-02-01,125,4,3,rebalance_exit,2.7395694042662,7.000000000000005,150,1.4720425042469738,0.663426006123603,249605281.2597656,-4.607166624857705,5500.246486363636
RENUKA,2022-08-01,2249,115187.5518,15700.4746,49.0932,2023-01-02,104,5,4,rebalance_exit,2.115717597715196,19.0,150,0.3979373284912906,0.6364773068994198,758647735.1282425,13.630357060857335,58.19832209871054
TIINDIA,2022-08-01,41,88926.4067,23010.996199999998,2094.8505,2022-12-01,82,4,3,rebalance_exit,2.382591297844664,14.0,150,1.6405296252263986,0.2283944251693631,254683792.7215576,25.87644891312132,2730.1805585365855
SIEMENS,2022-08-01,49,77320.6868,1178.3525,1577.9732,2022-10-03,42,1,0,rebalance_exit,1.905887673972514,22.999999999999996,150,0.8559703881734506,0.188407123160719,642001777.409668,1.523980901835445,1602.0212102040814
PATANJALI,2022-08-01,208,77380.6384,15476.5306,372.0223,2022-10-03,42,3,2,rebalance_exit,1.721490679231828,29.0,150,-0.0683673557601085,0.5056120698385029,442107297.5899658,20.00052069872817,446.4286971153846
TIMKEN,2022-08-01,29,85289.9744,2968.8244,2941.0336,2022-10-03,42,1,0,rebalance_exit,2.539003234771413,10.999999999999998,150,1.305204555620868,0.5591258107395831,194906120.3847656,3.480859762105873,3043.406855172414
MRPL,2022-08-01,1756,118044.6416,-27776.8456,67.2236,2022-11-01,61,1,0,rebalance_exit,3.81504400895234,1.0,150,1.4892970881413756,1.6928195701021935,804176276.6328278,-23.53079752160474,51.405350797266514
DEEPAKFERT,2022-09-01,167,138261.3336,-24631.332599999998,881.6872,2023-02-01,105,4,3,rebalance_exit,1.9875488883671155,29.0,150,1.3066230402709005,0.6541271203691292,256421331.1554565,-17.815054982226787,680.4191676646708
SKFINDIA,2022-09-01,18,84694.9896,-2814.0002,4705.2772,2022-10-03,22,1,0,rebalance_exit,2.152225826790001,19.0,150,1.3903459679967307,0.7805565472829779,185005292.7285156,-3.3225108277243356,4548.943855555556
FLUOROCHEM,2022-09-01,38,128094.4501,-15352.4621,3349.9453,2023-02-01,105,5,4,rebalance_exit,2.286628640934214,15.999999999999996,150,1.965492475435833,0.587054978368973,335769298.784668,-11.985267189963917,2966.8944210526315
INDIANB,2022-09-01,591,109297.4666,43031.869699999996,175.803,2023-07-03,206,7,6,rebalance_exit,2.065245560479229,24.0,150,1.159618075067905,0.8229585535679771,185607472.8673096,39.37133315036965,257.74845397631134
SCHAEFFLER,2022-09-01,46,133384.3606,-1801.4443999999999,2961.1339,2023-03-01,125,7,6,rebalance_exit,3.4652198605746127,2.9999999999999964,150,2.5222959384998678,1.51673039729532,258767158.2583008,-1.3505664321488675,2860.4981782608697
PVR,2022-09-01,48,86917.224,-1008.0855,1810.7755,2022-10-03,22,1,0,rebalance_exit,2.3533900964247083,12.999999999999996,150,1.4797747441859304,0.9425180144307144,896438825.4711914,-1.1598224766129208,1789.77371875
MRF,2022-09-14,1,83499.8584,2419.9642,83499.8584,2022-09-15,1,1,0,rebalance_exit,1.6240236228982086,35.0,150,0.0825298578641829,1.0039576842171272,669563409.65625,2.8981656332964514,85919.8226
APOLLOTYRE,2022-10-03,348,93752.8008,12446.8439,269.4046,2023-02-01,83,3,2,rebalance_exit,1.7782445076880486,25.999999999999996,150,0.3056895710431764,1.0176061639933744,617318361.6108398,13.2762368631018,305.17139281609195
ESCORTS,2022-10-03,58,120158.4174,-1166.8912,2074.5112,2023-03-01,103,5,4,rebalance_exit,1.9422168337950103,22.999999999999996,150,1.1370664914957695,0.6654376391171939,712602805.3203125,-0.9711273044779632,2051.5780379310345
KARURVYSYA,2022-10-03,1757,119782.9907,22965.6655,65.4321,2023-05-02,141,6,5,rebalance_exit,2.612105429558925,7.000000000000005,150,1.2485192595299728,1.3684363424902115,367346922.6740456,19.172726750092743,81.24567797381901
KRBL,2022-10-03,280,101429.7417,6518.0075,359.3791,2023-02-01,83,3,2,rebalance_exit,2.0218543312067254,21.0,150,0.2563459643538474,1.3318518851032726,281825300.99694824,6.426130433495918,385.5276757142857
TEJASNET,2022-10-03,173,116921.8908,-14437.461200000002,681.0804,2023-02-01,83,3,2,rebalance_exit,2.2597978795171345,14.0,150,0.8523049284817522,1.2188195909515327,299025670.9512329,-12.347953921388347,592.3955468208092
CUB,2022-10-03,921,113995.85819999999,-16111.845800000001,126.9244,2023-03-01,103,3,2,rebalance_exit,2.179381098172556,15.000000000000009,150,0.6063605966860969,1.286053185772042,430300789.92214966,-14.133711570233173,106.28014375678609
MRF,2022-10-03,1,81854.7855,8348.6961,81854.7855,2022-11-01,19,1,0,rebalance_exit,1.8232546388443605,24.0,150,0.1590588216719138,1.1653219403269506,941716029.515625,10.19939890991468,90203.4816
PIDILITIND,2022-10-03,77,101673.5566,-3462.9173,1320.4358,2022-11-01,19,1,0,rebalance_exit,1.6216949016068956,30.000000000000004,150,0.6649425304212774,0.6021160783539304,880656654.5761719,-3.4059173454742706,1275.462848051948
ASAHIINDIA,2022-10-03,161,101197.4033,-2770.8774,628.5553,2022-11-01,19,1,0,rebalance_exit,2.286683703148818,12.999999999999996,150,1.4578152656838712,0.8551768626479149,245788693.59832764,-2.7380914031812904,611.3448813664597
ELGIEQUIP,2022-10-03,263,111140.2227,2687.0606000000002,417.298,2023-01-02,62,3,2,rebalance_exit,3.1762948643054183,2.000000000000006,150,2.34434644255756,1.3072649756991708,236368996.94940183,2.41772108667909,432.80335855513306
NAVINFLUOR,2022-11-01,21,93977.9547,-9737.1769,4475.1407,2023-01-02,43,1,0,rebalance_exit,1.83144735942048,30.000000000000004,150,0.9062983533767794,0.354267409941096,681898055.6757812,-10.361128768000311,4011.4656095238092
MAZDOCK,2022-11-01,293,91500.8587,33504.0338,307.3224,2022-12-01,21,5,4,rebalance_exit,2.6174383078090244,9.000000000000002,150,1.4466422922953992,0.8242523331441381,928303846.1391602,36.61608675154433,426.6378583617747
KALYANKJIL,2022-11-01,985,100043.5398,7114.295700000001,101.4669,2023-06-01,144,4,3,rebalance_exit,2.889122646352628,7.000000000000005,150,0.7757670245385915,1.494394270223616,355611208.13243866,7.111199497960988,108.7896807106599
SIEMENS,2022-11-01,57,96454.0092,-2111.0779,1692.1756,2023-01-02,43,2,1,rebalance_exit,2.115014801724592,24.0,150,0.900799265683379,0.6424797019900006,871580807.3144531,-2.188688596264177,1655.139145614035
ABFRL,2022-11-01,293,102614.28420000001,-18528.3613,350.2194,2023-01-02,43,1,0,rebalance_exit,1.9256910150425453,28.000000000000007,150,0.8990163954390178,0.4532834884686358,732680265.1536255,-18.056317835719014,286.9826720136519
DEVYANI,2022-11-01,474,91750.1418,-2230.7336,193.5657,2022-12-01,21,1,0,rebalance_exit,2.0116799938608017,25.999999999999996,150,1.377482463601689,0.2564647591996747,624715747.5,-2.431313517599381,188.85951097046413
COCHINSHIP,2022-11-01,412,107784.4578,-155.13670000000002,256.6719,2023-01-02,43,3,2,rebalance_exit,2.2948312716737,20.000000000000007,150,0.8617819908240624,0.8462737483238988,325975638.57629395,-0.14393234717371284,261.23621626213594
BAJAJHLDNG,2022-11-01,15,95008.2075,-9790.746,6333.8805,2023-02-01,64,2,1,rebalance_exit,2.329724432636885,17.000000000000004,150,1.2406565084584202,0.6570622516367922,528767235.5170898,-10.305158109629632,5681.1641
KPITTECH,2022-11-01,130,91379.821,-1076.9297,702.9217,2023-01-02,43,1,0,rebalance_exit,2.497304044118748,10.000000000000009,150,2.2058108784892565,0.2541377219505772,955155357.2964478,-1.178520255582466,694.6376253846154
ABB,2022-11-01,27,81468.909,-1944.0454,3017.367,2022-12-01,21,1,0,rebalance_exit,3.191644322988356,4.999999999999993,150,1.7622938331954028,1.214421638471748,990532749.1782228,-2.3862420939011226,2945.3653185185185
RAYMOND,2022-12-01,94,126922.9664,22105.629199999996,1359.6474,2023-07-03,144,7,6,rebalance_exit,1.9255110515250269,24.0,150,1.571401426735091,0.4114490057085573,362442803.607666,17.416571505533295,1585.4105914893617
RITES,2022-12-01,610,99700.10800000001,-2086.2952,163.4428,2023-02-01,43,2,1,rebalance_exit,3.1322074631094026,4.000000000000003,150,1.3991897131875268,1.898166501110308,326364454.67871094,-2.0925706519796345,160.02264393442624
UNIONBANK,2022-12-01,1483,109749.33439999999,1595.0842,74.9798,2023-01-02,22,3,2,rebalance_exit,2.085542354368345,20.000000000000007,150,0.5992351876138667,1.2397798846648176,657974164.5207672,1.4533884954476772,75.08052501685772
TRITURBINE,2022-12-01,324,92683.44,-9774.1327,286.06,2023-01-02,22,1,0,rebalance_exit,2.4319734743770813,10.999999999999998,150,1.0973564918416272,1.302554376675614,242042226.01675412,-10.545716365296757,255.8929237654321
RECLTD,2023-01-02,833,81874.90359999999,3237.7239,98.2892,2023-02-01,21,1,0,rebalance_exit,1.9589182132423395,20.000000000000007,150,1.137249345402466,1.3816201235204657,703136535.3254547,3.954476594950153,102.17602340936374
PFC,2023-01-02,921,90042.3579,8965.6616,97.7937,2023-04-03,62,4,3,rebalance_exit,2.147057727268031,12.000000000000004,150,1.2042992920572462,1.5925923601105263,638101973.952713,9.95715995127222,107.50056406080347
JKLAKSHMI,2023-01-02,112,89471.5696,-2392.3449,798.8533,2023-04-03,62,2,1,rebalance_exit,1.8215444882056455,24.0,150,0.6210559907298189,1.5538976280528376,240996702.77130127,-2.673860434879417,777.4930776785715
RCF,2023-01-02,858,104047.4292,-25767.3709,121.2674,2023-04-03,62,1,0,rebalance_exit,1.8129694337459583,25.000000000000004,150,1.3226252407941008,1.052163034225586,386533811.74342346,-24.765024083843485,91.23549918414919
GODFRYPHLP,2023-01-02,135,84970.269,-9047.7107,629.4094,2023-03-01,41,1,0,rebalance_exit,2.506628867073985,7.999999999999995,150,1.59911655742541,1.8095544336229772,266801215.2703857,-10.648089980743734,562.3893207407408
HUDCO,2023-01-02,1949,89265.5643,-13050.1784,45.8007,2023-04-03,62,1,0,rebalance_exit,2.224849408969376,10.999999999999998,150,1.2823828239891402,1.6446529836293764,323011957.57063293,-14.619499134225494,39.104867060030784
IDBI,2023-01-02,1890,97090.3584,-8548.376900000001,51.6708,2023-03-01,41,2,1,rebalance_exit,1.6858228615471471,28.000000000000007,150,0.2532209011609197,1.6248237237650789,641767544.6806641,-8.804557981732614,46.84760925925926
MAHABANK,2023-01-02,3319,90162.9161,722.7629999999999,27.2702,2023-02-01,21,2,1,rebalance_exit,2.119016548616816,14.0,150,0.9912397046923046,1.7029719631020896,471485011.1452408,0.8016189263426007,27.383452576077133
RHIM,2023-01-02,122,98265.22940000001,-22049.9403,805.4527,2023-04-03,62,1,0,rebalance_exit,2.605644437931537,4.999999999999993,150,2.43915925905606,1.358535817012006,216321669.45263672,-22.43920910238062,624.7154844262296
ABCAPITAL,2023-01-02,696,108583.9784,14206.930199999999,150.0697,2023-10-03,185,3,2,rebalance_exit,2.010638384427964,19.0,150,0.6378881931275212,1.8012503040458048,389737896.0,13.083818081950108,176.42371925287358
EASEMYTRIP,2023-01-02,3113,81967.7804,-681.9976,26.3308,2023-02-01,21,1,0,rebalance_exit,1.6922106825741436,27.0,150,1.7651276955751596,0.5776426043639074,730257807.8511047,-0.8320313136111223,26.111719498875683
IIFL,2023-01-02,173,81885.6575,4447.6879,473.3275,2023-02-01,21,1,0,rebalance_exit,1.94608738430644,21.0,150,1.6355285851829882,1.0160342156498483,226579531.2199402,5.43158354685007,499.0366786127168
GICRE,2023-02-01,609,99982.4532,-14068.2903,164.1748,2023-05-02,58,2,1,rebalance_exit,1.9785447868865105,22.000000000000004,150,0.8102284647351714,1.2493682801767525,299867850.08758545,-14.070759267987235,141.07415911330048
TIINDIA,2023-02-01,37,95757.39779999999,7819.967299999999,2608.1738,2023-06-01,80,3,2,rebalance_exit,2.0048903756192766,20.000000000000007,150,1.5290051980035746,0.7714383238663665,765775663.34375,8.166436724119084,2799.388245945946
BLS,2023-02-01,591,105757.6933,13277.046900000001,179.8889,2023-07-03,101,3,2,rebalance_exit,3.2054116335651357,4.999999999999993,150,3.88779353656126,0.7091867136949462,268434696.7052307,12.55421377463043,201.41241996615906
JSL,2023-02-01,393,100750.948,9448.5543,253.5954,2023-05-02,58,5,4,rebalance_exit,2.4704396280195846,10.999999999999998,150,0.3827558244865776,2.2198032827229426,241872337.68234253,9.378129424648192,280.4058582697201
PIIND,2023-02-01,27,80644.39110000001,3400.0815000000002,2986.8293,2023-03-01,20,2,1,rebalance_exit,1.681265989568231,30.000000000000004,150,1.4298296937538524,0.4047731542373225,774658512.1347656,4.216141325667471,3112.7582444444447
REDINGTON,2023-02-01,534,90819.6228,-5648.4242,170.0742,2023-06-01,80,1,0,rebalance_exit,1.7766254376526005,27.0,150,0.5701897700586774,1.147885271221533,516158041.6722107,-6.219387425158961,159.4966265917603
COCHINSHIP,2023-02-01,371,90419.9345,175.8052,243.7195,2023-05-02,58,2,1,rebalance_exit,2.79717634998529,7.000000000000005,150,1.6861598648565477,1.7302852655681935,779722530.8146973,0.19443190373025543,244.19336846361188
ADANIPOWER,2023-02-01,3061,120739.7542,-25626.8957,41.2822,2023-03-01,20,2,1,rebalance_exit,2.177421394228104,14.0,150,3.1035122685439385,-0.120254166974322,575647141.6625214,-21.22490299056779,31.072479091800066
FACT,2023-02-01,363,105482.355,-30489.8773,290.585,2023-04-03,41,1,0,rebalance_exit,4.827379926961145,1.0,150,2.4419061445865937,3.935054685413693,377294288.1855469,-28.905192057951307,206.59084765840217
LEMONTREE,2023-02-01,1053,82950.07500000001,-1313.1426,78.775,2023-04-03,41,1,0,rebalance_exit,1.975847964741404,22.999999999999996,150,1.7113418030285454,0.6018995707261633,324281940.39196014,-1.5830517332262806,77.527950997151
NMDC,2023-02-01,2343,82827.393,-6372.0607,35.351,2023-04-03,41,1,0,rebalance_exit,1.9899776950498764,21.0,150,0.6451186568257552,1.3827917772804894,730169516.6948547,-7.693180322601727,32.63138382415706
PNBHOUSING,2023-02-01,246,116061.42689999999,33288.007900000004,463.945,2023-09-01,144,6,5,rebalance_exit,1.74924707193754,28.000000000000007,150,0.5876561225923357,1.0983918573360458,355605113.51312256,28.68137053724264,607.1115235772357
CENTRALBK,2023-02-01,3208,92627.1504,-18063.2063,28.8738,2023-04-03,41,1,0,rebalance_exit,2.6310075735965217,9.000000000000002,150,1.2256431906543066,1.8346611502828023,405129459.1376724,-19.500984562297408,23.24312471945137
NCC,2023-02-01,1401,144216.7598,96456.4735,88.6129,2024-02-01,245,11,10,rebalance_exit,1.9266286593310824,25.000000000000004,150,0.6471415769300279,1.2957018059845884,379815825.9005127,66.88298477497759,171.78674753747322
UCOBANK,2023-03-01,4029,101339.2785,5486.417,24.8645,2023-07-03,81,3,2,rebalance_exit,4.820324252379242,2.000000000000006,150,2.725465211460662,2.845819136289559,696352776.9935913,5.413909671756742,26.5141959543311
ENGINERSIN,2023-03-01,1142,77609.178,3363.9628000000002,67.959,2023-04-03,21,2,1,rebalance_exit,2.260919660380894,20.000000000000007,150,1.2061239917664768,0.8777603564024905,203714250.338562,4.3344909541497785,70.90467670753064
RVNL,2023-03-01,1475,86803.0729,65262.3485,55.5371,2023-06-01,60,7,6,rebalance_exit,4.93128951094617,1.0,150,3.129286098528427,2.71631865345492,570848348.937912,75.18437575958212,103.09520094915254
RECLTD,2023-03-01,787,77433.1661,31182.3063,98.3903,2023-07-03,81,3,2,rebalance_exit,2.067638480866628,28.000000000000007,150,1.3894238481003205,0.539679684747377,745814675.7544098,40.269961659232735,138.01203608640407
MAHABANK,2023-03-01,3791,87396.1487,13126.9307,22.7564,2023-07-03,81,2,1,rebalance_exit,2.770976728592905,10.000000000000009,150,1.373818468549227,1.3558444797003073,708186697.2498779,15.020033371333216,26.51624357689264
APOLLOTYRE,2023-03-01,336,107629.47469999999,11799.109199999999,302.334,2023-10-03,144,2,1,rebalance_exit,2.418316331176211,14.0,150,1.6135144555929424,0.7992156255095433,723857000.1407166,10.96271187134206,355.4422139880952
MAHINDCIE,2023-03-01,272,112662.9481,20272.063000000002,401.4509,2023-09-01,124,3,2,rebalance_exit,2.821632516955682,9.000000000000002,150,2.197641947745461,0.8902229138267068,275536919.1435547,17.99354920306759,488.7316584558824
APARINDS,2023-03-01,41,97879.0212,43314.5048,2275.1138,2023-08-01,102,4,3,rebalance_exit,2.177754345060046,24.0,150,2.2737339802331697,0.1037676780120466,235312873.25219727,44.253103748855224,3443.744536585366
TRITURBINE,2023-04-03,295,101940.2664,13927.6509,333.2984,2023-08-01,81,2,1,rebalance_exit,2.3767775984457558,17.000000000000004,150,1.53245325071961,0.8890561699899618,288118328.24246216,13.662560822972306,392.7726010169492
EQUITASBNK,2023-04-03,1656,119190.8982,31985.713499999998,65.8366,2023-12-01,163,5,4,rebalance_exit,2.375880482372193,17.999999999999993,150,0.9510752339221038,1.2552005860543058,240657459.67490387,26.835701369016114,91.29022445652174
FINCABLES,2023-04-03,118,95931.6046,25479.800499999998,812.9797,2023-08-01,81,2,1,rebalance_exit,3.2051257043997827,4.999999999999993,150,2.35182421512382,1.380025463645768,284075498.4135742,26.560381853552357,1028.9102127118645
ZYDUSLIFE,2023-04-03,211,107717.0968,46053.7393,505.0999,2024-02-01,204,3,2,rebalance_exit,2.387140895466779,15.999999999999996,150,1.309368875752699,1.0425885841796738,391984748.0412293,42.75434510225307,728.7717350710901
M&MFIN,2023-04-03,405,95351.4001,20039.6679,219.8997,2023-08-01,81,2,1,rebalance_exit,2.5719034912005507,12.000000000000004,150,1.606730260992885,1.0797093865402936,654159803.2489014,21.01664776708402,284.91621728395063
JBMA,2023-04-03,284,109362.3425,68164.1678,323.3618,2023-10-03,123,7,6,rebalance_exit,2.191931781117608,22.999999999999996,150,0.6160146654862352,1.2428840133070476,212900910.3102417,62.32873788342636,625.0933461267606
OIL,2023-04-03,619,95646.45629999999,-4158.5469,154.5177,2023-07-03,60,1,0,rebalance_exit,2.0211616572086823,28.000000000000007,150,0.3414936718791777,1.208371956976088,280292811.8007355,-4.347831650925473,147.79953053311792
SONATSOFTW,2023-04-03,226,93928.62759999999,21551.0048,404.0032,2023-08-01,81,2,1,rebalance_exit,2.404892899740063,14.0,150,0.8793527151156055,1.3358287224351746,225157787.1769409,22.94402180746863,510.971824778761
BOSCHLTD,2023-04-03,5,92352.9435,763.8555,18470.5887,2023-08-01,81,1,0,rebalance_exit,2.0594572854072686,25.999999999999996,150,1.28218012114279,0.6607984292612961,292672281.0,0.8271046607193414,18623.3598
IRFC,2023-04-03,3096,80516.4074,16763.3023,25.5277,2023-07-03,60,2,1,rebalance_exit,2.0698974425890304,25.000000000000004,150,0.9148329613980308,0.9055503079160446,727822075.3451958,20.819734562573146,31.421094864341082
SUPREMEIND,2023-04-03,31,76136.0,6932.1899,2456.0,2023-06-01,39,1,0,rebalance_exit,2.3942010978502,15.000000000000009,150,1.3363820648380866,1.0341212757691591,220930757.31567383,9.105009325417674,2679.619029032258
UNIONBANK,2023-04-03,1429,88058.1238,6188.7961,61.6222,2023-07-03,60,1,0,rebalance_exit,2.919199643163036,7.999999999999995,150,1.9049081322405323,1.314203793728952,668391721.0784912,7.028080809507322,65.95305801259623
PETRONET,2023-04-03,432,87836.1408,-2947.8955,203.3244,2023-07-03,60,1,0,rebalance_exit,1.946194862256232,30.000000000000004,150,1.0123735270331289,0.6933257525084503,377301635.14328,-3.3561304870079174,196.50056782407407
POLYCAB,2023-04-03,28,82519.0156,48619.380300000004,2947.1077,2023-08-01,81,3,2,rebalance_exit,2.0273319434320607,27.0,150,1.069354573081253,0.7561195333101054,690503993.7011719,58.9190018161099,4683.514139285714
IOB,2023-04-03,3480,79348.872,4572.7589,22.8014,2023-06-01,39,1,0,rebalance_exit,1.962956938590592,29.0,150,0.7591359409227437,0.8736956232991546,468825770.3608856,5.762853062359852,24.115411178160922
CGPOWER,2023-05-02,403,135894.5868,43108.5297,306.8926,2023-12-01,146,5,4,rebalance_exit,2.338012317226766,17.999999999999993,150,1.5186363499214273,0.4044049922270309,623374874.1363525,31.722035965600366,444.1764677419355
MAZDOCK,2023-05-02,221,81719.47940000001,48743.0196,369.7714,2023-07-03,43,3,2,rebalance_exit,2.194360486592857,21.0,150,1.8698807926441907,0.0206512447355539,580563054.9332886,59.64675736786448,590.3280497737557
MGL,2023-05-02,101,96200.4093,9065.4649,952.4793,2023-08-01,64,1,0,rebalance_exit,2.119107510461813,22.000000000000004,150,0.626042820569119,0.7312405885548781,321119212.0112915,9.423520093068877,1042.2363782178218
BANKINDIA,2023-05-02,1338,98938.27620000001,-8547.7984,73.9449,2023-07-03,43,1,0,rebalance_exit,2.4991748888928016,12.000000000000004,150,1.1017909983069345,0.8494847101049932,727893571.703125,-8.639526307008772,67.55641091180867
CYIENT,2023-05-02,116,154260.09889999998,63909.6191,1119.5275,2024-03-01,208,7,6,rebalance_exit,2.367159347983824,14.0,150,0.4444122996809962,1.1226182938039009,295912294.98547363,41.42977967454163,1880.7734310344827
DALBHARAT,2023-06-01,56,116717.97760000001,-2809.4575,2084.2496,2023-09-01,64,1,0,rebalance_exit,1.945029138266285,28.000000000000007,150,1.7814772097453893,0.471757848741865,522155736.1796875,-2.4070477896971374,2034.0807160714287
AUROPHARMA,2023-06-01,141,92576.4969,23480.0649,656.5709,2023-09-01,64,2,1,rebalance_exit,2.0325829196783407,25.999999999999996,150,0.6501133751899791,1.1134664914124963,776272948.6660156,25.362879009521045,823.0961829787234
GLENMARK,2023-06-01,189,119246.22320000001,49623.7598,594.6661,2024-02-01,165,4,3,rebalance_exit,2.153748878256411,22.000000000000004,150,1.3532937599611667,0.8965671381728885,495620553.51501465,41.61453375070079,893.4919735449736
ANURAS,2023-06-01,82,93248.5714,-9894.2639,1137.1777,2023-07-03,21,1,0,rebalance_exit,3.149874788157276,5.999999999999999,150,1.7222961253133802,1.7490701203257335,342315868.80371094,-10.610633226280184,1016.5159451219512
ALKEM,2023-06-01,25,82460.125,2885.6388,3298.405,2023-07-03,21,1,0,rebalance_exit,1.978433680690857,27.0,150,1.0693681843869938,0.853175265232211,407562453.83496094,3.4994353937736573,3413.830552
INDIAMART,2023-06-01,41,109204.2872,1969.4722,2663.5192,2023-10-03,84,1,0,rebalance_exit,2.121451756715226,22.999999999999996,150,1.2002629143140062,0.93762731881517,417888840.0390625,1.8034751661288255,2711.5551073170736
IOC,2023-07-03,1484,113171.1756,3473.2751,76.2609,2023-11-01,83,2,1,rebalance_exit,2.1184198978377644,22.000000000000004,150,1.688970854530709,1.175643746095595,695151960.1526794,3.0690457014215196,78.60138187331536
CEATLTD,2023-07-03,57,119822.42009999999,114.37090000000012,2073.7681,2023-10-03,63,2,1,rebalance_exit,1.923872889771149,29.0,150,2.5807550435104973,0.4878702529919601,405970919.8999024,0.09545033383948495,2104.154228070175
RAMCOCEM,2023-07-03,120,110715.924,-7305.8186,922.6327,2023-09-01,43,1,0,rebalance_exit,2.14413170632623,20.000000000000007,150,1.8814935282950436,1.1053453735414729,277978544.5467529,-6.598706252950569,861.7508783333334
CANFINHOME,2023-07-03,163,123130.6041,-2664.5392,757.3243,2023-09-01,43,2,1,rebalance_exit,2.1998385011968145,19.0,150,2.018571120370106,1.098475158690572,358707524.0012207,-2.1639942559170797,739.0556128834355
SYNGENE,2023-07-03,162,123170.5206,-11783.737000000001,763.8571,2023-11-01,83,2,1,rebalance_exit,1.940238308504775,28.000000000000007,150,1.350666043899095,1.1456079939245174,324561871.3590698,-9.567010793327766,687.5727382716049
FACT,2023-07-03,379,194179.8541,42980.176999999996,435.9476,2024-04-01,183,9,8,rebalance_exit,1.9404545485256504,27.0,150,3.197819197118472,0.1865460540807854,310089521.6281128,22.13421016263911,625.7520609498681
ZENSARTECH,2023-07-03,287,109909.93860000001,52495.5211,374.9254,2024-01-01,123,5,4,rebalance_exit,2.67594020756757,10.999999999999998,150,1.121526239605534,2.114071002767454,366261252.4968262,47.76230591034103,565.8726818815331
EXIDEIND,2023-07-03,468,113927.6889,26949.679,234.9558,2024-04-01,183,2,1,rebalance_exit,1.962538025853369,22.999999999999996,150,2.2677049889423047,0.6950953008243496,453048469.9057617,23.655073898369935,301.02001688034187
ENGINERSIN,2023-07-03,1157,132072.1023,34343.124800000005,109.5936,2023-12-01,103,5,4,rebalance_exit,2.613649588024085,12.000000000000004,150,2.6521846408054737,1.2472073355044746,403373134.6884384,26.003315008941147,143.8333855661193
DATAPATTNS,2023-07-03,58,109379.9434,8560.187,1874.9038,2023-08-01,21,2,1,rebalance_exit,3.1326784352476054,4.000000000000003,150,3.5898587016505283,1.359513992730834,306008812.0814209,7.82610297090353,2033.450524137931
TORNTPHARM,2023-07-03,68,125833.8674,2085.7071,1859.1133,2023-11-01,83,3,2,rebalance_exit,1.951254249944172,25.999999999999996,150,1.653047916040378,1.001286462560249,431399413.2000733,1.6575085412975237,1881.170213235294
TRENT,2023-08-01,61,107283.59139999999,16991.5685,1758.7474,2023-09-01,22,2,1,rebalance_exit,2.4401673722983634,12.000000000000004,150,1.5848878593429916,1.7676104166497697,591728927.0737305,15.837993749340502,2037.2977032786885
PIIND,2023-08-01,33,118858.3944,1200.7508,3596.3398,2023-09-01,22,2,1,rebalance_exit,1.6628142319201067,29.0,150,1.1273807760541563,1.0599017999994769,899876403.9697266,1.0102364297123638,3638.1559151515153
TATACOMM,2023-08-01,62,108177.8046,-727.0782,1744.8033,2023-09-01,22,1,0,rebalance_exit,1.7563681383347398,28.000000000000007,150,1.849909955570764,0.7682332633368026,884463364.7285156,-0.6721140280933378,1733.0762322580645
HEG,2023-08-01,337,117794.8789,-3402.4167,349.5397,2023-10-03,42,1,0,rebalance_exit,2.0563586282808832,20.000000000000007,150,1.322066189061879,1.4390395621771854,347317777.502594,-2.8884249737956993,339.4435080118694
ASTRAL,2023-08-01,54,106929.80099999999,-2836.9121,1980.1815,2023-09-01,22,1,0,rebalance_exit,1.91214597702908,22.000000000000004,150,1.697121477308519,1.048078453685802,896027779.0170898,-2.6530603007481517,1927.6460907407406
POLICYBZR,2023-08-01,160,117941.98449999999,7491.9031,736.3235,2023-09-01,22,2,1,rebalance_exit,1.8134986342333292,24.0,150,0.7544029781272662,1.4577323745572557,943191769.9191284,6.352193522739988,783.9617974999999
KALYANKJIL,2023-08-01,915,203217.2256,207396.05969999998,174.5966,2024-10-01,286,16,15,rebalance_exit,1.7843127395544416,25.999999999999996,150,2.4587095229083444,0.4592424057481407,423197569.7817993,102.05633852527114,448.757688852459
TATAMTRDVR,2023-08-01,350,161336.3936,85694.7303,415.2008,2024-09-12,273,5,4,stale,1.8001417282984304,25.000000000000004,150,1.1042753994024173,1.243602179126593,841639071.5999999,53.11556084020462,705.8032111428572
CUMMINSIND,2023-08-01,62,117605.4192,-15995.4224,1896.8616,2023-09-01,22,1,0,rebalance_exit,2.701602513427475,7.999999999999995,150,2.559190671997207,1.5424193162778488,976127821.0839844,-13.600922907130798,1638.8709161290324
UNIONBANK,2023-09-01,1403,113771.6551,25634.7111,81.0917,2023-10-03,20,3,2,rebalance_exit,1.876147365597319,30.000000000000004,150,2.7084797238471845,0.8802008310402906,1006352097.6157532,22.531720293133013,99.36305502494653
COLPAL,2023-09-01,81,161827.71889999998,48767.337199999994,1823.0911,2024-07-01,200,5,4,rebalance_exit,2.3388651032475787,12.000000000000004,150,1.6500772934410792,2.0730841922523378,615693544.1455078,30.13534240702938,2599.938964197531
ABB,2023-09-01,26,112196.3726,-7481.2364,4315.2451,2023-10-03,20,1,0,rebalance_exit,1.9308232549224569,29.0,150,1.579514022017659,1.583464567738791,942946348.0634766,-6.66798420183506,4027.5052384615387
LTF,2023-09-01,1109,139679.4774,33687.6578,120.7494,2024-05-02,160,3,2,rebalance_exit,2.338183799959377,12.999999999999996,150,2.2541329895179274,1.733854641209601,954734123.1727142,24.11782920946123,156.32744382326422
LODHA,2023-09-01,169,113367.2956,20144.2193,670.8124,2023-10-03,20,3,2,rebalance_exit,2.317052955668081,14.0,150,0.927477927825837,2.449543649573375,639132358.975708,17.7689863671759,790.0089639053255
LUPIN,2023-09-01,132,153616.89740000002,107289.8626,1086.3742,2024-09-02,243,5,4,rebalance_exit,2.3008477577442057,15.000000000000009,150,1.8592208510374737,1.9066374426073145,851470907.6812744,69.8424876533146,1976.5663636363638
SJVN,2023-09-01,2229,134832.3721,23010.723299999998,59.5247,2023-10-03,20,3,2,rebalance_exit,2.8012946646078443,9.000000000000002,150,2.821292167506738,2.0167318626919024,706754043.3050537,17.066171084592227,70.81341202332884
NATCOPHARM,2023-09-01,146,130393.65120000001,-12126.0691,893.1072,2023-11-01,40,3,2,rebalance_exit,2.2370469582115007,17.000000000000004,150,1.304664494020204,2.1345216081241487,479963436.3821411,-9.299585515402763,810.0519321917808
MUTHOOTFIN,2023-09-01,93,113436.0618,3399.663,1219.7426,2023-11-01,40,3,2,rebalance_exit,2.0247632636011765,25.000000000000004,150,1.3362001507350498,1.841570769895987,483954225.0615234,2.996986096003555,1256.2981161290322
SUPREMEIND,2023-09-01,37,160425.6953,-8724.6125,4390.1531,2024-02-01,101,4,3,rebalance_exit,2.047001820892982,22.999999999999996,150,2.856508044252011,1.0188486470363023,513666271.8632813,-5.438413393617998,4100.029264864865
TANLA,2023-09-01,122,112991.9226,-1436.9316,926.1633,2023-11-01,40,2,1,rebalance_exit,2.178364680211815,17.999999999999993,150,1.6211101712137914,1.881174336585332,816630212.2431641,-1.2717117887150633,914.3851721311477
TRENT,2023-10-03,48,99495.5328,43414.7147,2072.8236,2024-01-01,60,3,2,rebalance_exit,2.1019899737787826,20.000000000000007,150,1.741826683897373,2.1931957665840667,800359096.3363037,43.634838146220766,2977.2968229166668
OLECTRA,2023-10-03,100,123414.3025,65139.2218,1195.0504,2024-03-01,102,4,3,rebalance_exit,1.7275127451976413,30.000000000000004,150,1.791125104521696,1.611065834626893,947495320.7231444,52.780934203310835,1885.5352429999998
BSOFT,2023-10-03,326,175104.8218,24171.1313,467.3679,2024-06-03,161,5,4,rebalance_exit,2.541534118129457,12.000000000000004,150,1.9897363413309803,2.6877323782176257,947280773.2382812,13.80380680071027,611.2759297546013
BLS,2023-10-03,414,102414.3678,3713.8291,247.3777,2023-11-01,20,1,0,rebalance_exit,2.2272274194757435,17.000000000000004,150,2.328262489636641,2.0157214225966618,693988062.4492493,3.6262774255000574,256.3483016908213
UJJIVANSFB,2023-10-03,2534,133773.3745,4367.0008,52.8411,2024-02-01,81,3,2,rebalance_exit,2.9934511861586133,4.000000000000003,150,3.0629481576113378,2.69107484047814,564121931.5333061,3.2644768185914304,54.51474952644042
GODREJPROP,2023-10-03,65,101322.117,6785.009099999999,1558.8018,2023-11-01,20,2,1,rebalance_exit,1.7835427762858682,28.000000000000007,150,1.1772681969509662,2.072519106860905,884317972.0385742,6.696473880426323,1663.1865553846153
HUDCO,2023-10-03,1815,169417.9153,107885.2453,83.8556,2024-03-01,102,9,8,rebalance_exit,2.223319202204931,17.999999999999993,150,2.5583725473604484,1.8679268378556595,552165298.2132263,63.679950912487705,152.784110523416
APARINDS,2023-10-03,26,140449.5196,18958.2168,5389.9932,2024-03-01,102,3,2,rebalance_exit,3.576985721578414,1.0,150,5.229471658655131,2.213470235107019,420433430.4628906,13.498242538666538,6131.066784615385
BHARATFORG,2023-10-03,135,146724.2396,7374.8097,1070.5844,2024-03-01,102,2,1,rebalance_exit,1.766758431261683,29.0,150,1.7705471943826747,1.6815865469417337,967466335.2333984,5.026306300925618,1141.4744392592593
MRPL,2023-10-03,1574,190022.4708,117150.1258,92.7318,2024-08-01,202,7,6,rebalance_exit,1.9983407760688117,24.0,150,1.323368124032218,2.298790146838518,482367870.8143158,61.65066968490338,195.15412744599746
BEML,2023-10-03,133,160743.4316,46127.0833,1129.9364,2024-04-01,120,6,5,rebalance_exit,2.098745231605691,21.0,150,1.429295430208808,2.381327191046261,647143933.9616699,28.696092176745587,1555.417405263158
ESCORTS,2023-10-03,39,121351.1325,-5740.9992,3111.5675,2024-02-01,81,1,0,rebalance_exit,2.636660834888894,10.999999999999998,150,2.061771816260628,2.78341390322492,814585419.2016602,-4.7308987413034655,2964.3623923076925
GMRAIRPORT,2023-10-03,1901,112269.6382,1964.6448,59.0582,2023-12-01,40,1,0,rebalance_exit,1.875298738146565,25.999999999999996,150,1.915039179569217,1.7523054942486096,540599216.6269455,1.7499342043840307,60.09167964229353
FINCABLES,2023-10-03,126,134464.71779999998,-13300.045,1067.1803,2023-12-01,40,1,0,rebalance_exit,1.820853081387093,27.0,150,3.204746562091778,0.8760137268504767,395487657.79052734,-9.891103939832165,961.6243873015871
PRAJIND,2023-11-01,264,135402.306,-3564.6575,512.7662,2024-02-01,61,2,1,rebalance_exit,1.8075736646798408,25.000000000000004,150,1.0395015133916117,1.925953405815319,625765757.697998,-2.63264164791994,499.38503219696975
MCX,2023-11-01,227,106561.6088,36048.7347,469.4344,2023-12-01,20,2,1,rebalance_exit,1.7340734477192774,29.0,150,1.6042004447297349,1.505924994512062,941704117.8601074,33.82900756280624,628.2393986784142
SYRMA,2023-11-01,211,127297.7559,-970.6096,603.3069,2024-02-01,61,2,1,rebalance_exit,3.111763784945444,2.9999999999999964,150,3.047890413338566,2.632042834835175,399843919.0623779,-0.7624718858064331,598.7068545023697
UCOBANK,2023-11-01,2973,106705.4295,7497.5501,35.8915,2024-01-01,40,1,0,rebalance_exit,2.252164497907682,15.999999999999996,150,4.254594265536735,0.7472941691608573,957525905.7877196,7.026399814078814,38.413380289270094
CENTRALBK,2023-11-01,3231,146449.6972,46362.971600000004,41.9538,2024-04-01,100,4,3,rebalance_exit,2.1951749970588263,17.000000000000004,150,3.0696492765360666,1.3318655011613574,1070271565.9873048,31.657949785095223,59.67584921077066
ITI,2023-11-01,643,176112.6139,22331.1275,271.9388,2024-05-02,120,4,3,rebalance_exit,2.294911459526247,14.0,150,1.8259864044686396,2.169600730074964,487077873.0,12.680027287926137,308.62168180404353
SWANENERGY,2023-12-01,246,104688.9654,21527.5136,425.5649,2024-01-01,20,1,0,rebalance_exit,1.8451139366028837,22.999999999999996,150,1.456244136134633,1.4593237271332329,531865666.8,20.563307238491436,513.0751178861789
SUNTV,2023-12-01,201,127966.65,-1678.6063,636.65,2024-02-01,41,1,0,rebalance_exit,2.014967174113345,20.000000000000007,150,1.3166794011986929,1.8007669852177437,498392909.4030762,-1.3117529450055934,628.2987248756218
WELSPUNLIV,2023-12-01,829,129071.8182,-10053.9427,155.6958,2024-01-01,20,1,0,rebalance_exit,2.2756394278522074,12.999999999999996,150,2.2851093165076706,1.575466532113341,417961971.9196472,-7.78941742683222,143.56800422195417
PCBL,2023-12-01,611,159631.46430000002,2214.157,257.2893,2024-05-02,100,3,2,rebalance_exit,1.7072022684917258,29.0,150,1.4199399545792444,1.2768918925606103,582556210.7286072,1.3870429678192207,264.88645057283145
PRESTIGE,2023-12-01,192,228649.60089999996,87456.2133,1018.2344,2024-09-02,183,9,8,rebalance_exit,2.10994921096886,17.000000000000004,150,1.7496868942925066,1.6678982271254328,641340016.456543,38.249012006038456,1646.3844489583332
INDIANB,2023-12-01,315,117200.1915,28155.715200000002,372.0641,2024-02-01,41,2,1,rebalance_exit,1.7571143038656376,25.999999999999996,150,1.3622527258384016,1.387792021261176,539838514.7163391,24.023608527977537,461.4473228571428
WELCORP,2023-12-01,224,117126.59840000002,12784.197900000001,522.8866,2024-02-01,41,2,1,rebalance_exit,2.35998036429116,10.999999999999998,150,2.0780422610643376,1.8322996735086972,529743248.3948059,10.91485458865678,579.9589120535715
JSL,2023-12-01,257,131346.062,34756.2832,499.3354,2024-03-01,62,3,2,rebalance_exit,2.9272509797021047,4.999999999999993,150,4.08259289808735,1.4072215666335433,459432141.4958191,26.461610398338397,646.3126272373541
TATAINVEST,2024-01-01,283,120831.0667,40156.4171,426.9649,2024-02-01,21,2,1,rebalance_exit,2.330788819983577,12.000000000000004,150,2.5167712784169214,1.9197894246516325,484715075.5236816,33.233520316178755,568.8603667844523
PHOENIXLTD,2024-01-01,109,123259.80510000001,29643.5725,1130.8239,2024-03-01,42,2,1,rebalance_exit,2.0883393726606982,19.0,150,2.233075628109525,1.7113057539105112,577828072.5230713,24.049666860944917,1402.783280733945
HDFCAMC,2024-01-01,96,153301.844,35890.2561,1533.9052,2024-08-01,142,2,1,rebalance_exit,1.5978299780595906,29.0,150,1.1948906006867068,1.583093860293454,1171715831.456787,23.411496667972237,1970.7510427083334
OBEROIRLTY,2024-01-01,106,148211.8076,-6828.777,1398.2246,2024-03-01,42,1,0,rebalance_exit,2.148507688177577,17.000000000000004,150,2.45683980702058,1.6660595042872717,841443412.8908691,-4.607444650044198,1333.802175471698
ALKEM,2024-01-01,27,136603.341,-337.2108,5059.383,2024-03-01,42,1,0,rebalance_exit,2.051448624105279,20.000000000000007,150,2.3596505762994737,1.5722379466781522,741530391.5390625,-0.24685399166042363,5046.893711111111
OIL,2024-01-01,521,120995.47699999998,68492.2413,232.237,2024-04-01,60,5,4,rebalance_exit,1.610175655262846,28.000000000000007,150,2.048449404998466,1.063051968460386,633526919.6557617,56.60727408843555,363.70003512476006
SOLARINDS,2024-01-01,20,134924.316,1142.7249,6746.2158,2024-03-01,42,1,0,rebalance_exit,2.4716709607305143,9.000000000000002,150,2.05503697157465,2.437188609629423,477191664.3583984,0.8469377009848988,6803.352045
NLCINDIA,2024-02-01,896,210253.4689,3133.7733000000003,243.7764,2024-06-03,80,5,4,rebalance_exit,3.854627691014311,2.000000000000006,150,5.265538105052789,2.8361039925318825,985586105.7429656,1.4904740056823862,238.15540424107144
KPITTECH,2024-02-01,94,144218.75299999997,3293.4369,1533.7234,2024-03-01,21,2,1,rebalance_exit,1.8358116089092495,25.000000000000004,150,3.0188031458770506,1.084510700991303,1551100309.3222656,2.283639839820277,1569.2786159574464
TRENT,2024-02-01,42,129645.6672,35593.5926,3086.8016,2024-04-01,39,3,2,rebalance_exit,4.379992408535236,1.0,150,6.140620496014442,3.126217496563072,1536846857.6694336,27.454517662430604,3934.2680904761905
JINDALSAW,2024-02-01,517,132316.7923,-9705.8907,255.9319,2024-03-01,21,1,0,rebalance_exit,1.8835188016183364,22.000000000000004,150,4.662947560364986,0.218019624821271,591219884.3060303,-7.335343104444347,237.1584170212766
ZENSARTECH,2024-02-01,264,145052.2128,-3335.3793,549.4402,2024-03-01,21,1,0,rebalance_exit,2.015234968237763,21.0,150,4.2899546469733,0.6287827658764694,518393230.986969,-2.299433587131047,536.8061875000001
SHYAMMETL,2024-02-01,240,162424.56,-14035.8251,676.769,2024-05-02,59,2,1,rebalance_exit,2.3328215889237,12.999999999999996,150,3.1488853935765917,1.7571272408271417,540428430.3153992,-8.641442587254046,618.2863954166667
TATACONSUM,2024-02-01,133,145455.4809,212.7586,1094.8961,2024-05-02,59,2,1,rebalance_exit,1.8305098757453215,25.999999999999996,150,2.615460926275549,1.3066985083650011,1078418788.821777,0.14627059680636623,1095.2499210526316
CDSL,2024-02-01,151,132538.136,24283.2308,877.736,2024-05-02,59,2,1,rebalance_exit,2.2028909582032528,17.000000000000004,150,2.5675713812145027,1.893592484437456,1718698646.133545,18.321693312481777,1038.5520980132449
CESC,2024-02-01,1172,152389.7688,-15940.4912,130.0254,2024-04-01,39,2,1,rebalance_exit,2.668377239005863,9.000000000000002,150,2.8894313567836005,2.409407242709388,1146634204.3305206,-10.460342138139659,116.42429829351536
MRF,2024-02-12,1,137428.177,6673.3165,137428.177,2024-02-13,1,1,0,rebalance_exit,1.491390486628582,45.0,150,2.462706643577014,0.9992543808089014,929558455.9375,4.8558575436826175,144101.49349999998
OFSS,2024-03-01,26,183762.7776,59033.0636,6959.1772,2024-09-02,121,5,4,rebalance_exit,1.9399441103918864,27.0,150,3.085747657991079,1.7409793987545743,1116850820.8535156,32.124603453969556,9338.301584615385
BSE,2024-03-01,220,173420.69400000002,29288.4795,771.5049,2024-06-03,59,4,3,rebalance_exit,4.783081847519354,1.0,150,8.985380025994584,3.503790134093338,1654365317.7161863,16.888687747957,921.4053340909093
LICHSGFIN,2024-03-01,239,151062.3161,32418.9417,632.0599,2024-07-01,78,2,1,rebalance_exit,1.982283252755939,22.999999999999996,150,2.933387712490235,1.8965881589728093,1171026665.3476562,21.460641235329238,767.7040075313807
GODREJPROP,2024-03-01,68,171028.1081,42850.406299999995,2404.3216,2024-10-01,142,3,2,rebalance_exit,1.916823133891524,29.0,150,3.3607682649740016,1.5527076458523876,1428759718.5056152,25.05459878849001,3145.2722705882356
TVSMOTOR,2024-03-01,78,163127.7168,8874.6507,2119.1356,2024-06-03,59,3,2,rebalance_exit,2.3364710494069048,14.0,150,3.467342240975769,2.224432633152082,1660466972.9401855,5.440308289780464,2205.1585576923076
BLS,2024-03-01,432,153078.2928,-17367.3688,354.3479,2024-04-01,18,2,1,rebalance_exit,1.945729003909411,25.999999999999996,150,3.980921612594519,1.268973632221164,1065512339.1348268,-11.345415788436334,314.1456574074074
SOBHA,2024-03-01,98,149874.291,-9544.6848,1529.3295,2024-04-01,18,2,1,rebalance_exit,2.6669661463800654,9.000000000000002,150,3.0463591617957,3.025352118344429,586908194.263916,-6.368460351882499,1431.9347571428573
GSFC,2024-03-01,640,135810.624,-14375.9246,212.2041,2024-04-01,18,1,0,rebalance_exit,2.186334496831352,19.0,150,3.219223102062084,2.097192120528105,1386573662.9954224,-10.585272474707134,189.7417178125
GICRE,2024-03-01,456,161828.6088,-11821.9085,354.8873,2024-05-02,38,1,0,rebalance_exit,1.879970087589343,30.000000000000004,150,3.2126831132038327,1.568422225370352,784667369.3579407,-7.305203071114828,328.9620620614035
ADANIPOWER,2024-03-01,1441,167744.85809999998,45543.8495,110.6789,2024-07-01,78,3,2,rebalance_exit,2.4686920596110022,12.000000000000004,150,5.166581758072263,1.5391085578150634,866695784.9340439,27.150667994156535,148.01437029840386
INFIBEAM,2024-03-01,4942,178424.857,-22497.2646,37.0666,2024-06-03,59,2,1,rebalance_exit,2.3988316343780856,12.999999999999996,150,2.3792466557885525,2.9187270021592124,1275080499.0,-12.608817503493922,31.55151606636989
ANGELONE,2024-03-01,543,148741.4817,-1199.6047,272.7774,2024-05-02,38,2,1,rebalance_exit,2.552163835579167,10.000000000000009,150,4.5350795074335135,2.0242041548801635,1238512815.083313,-0.8065031262896181,271.7161639042357
IRB,2024-03-01,6718,207129.9568,14071.5178,30.4457,2024-08-01,100,4,3,rebalance_exit,2.483069254864604,10.999999999999998,150,2.675148322434142,2.9057404702580785,1240199325.1749802,6.793569610786497,32.92668571003275
ENGINERSIN,2024-03-01,664,135919.4056,21499.1924,204.6979,2024-05-02,38,1,0,rebalance_exit,1.958219871159424,24.0,150,4.512234466236832,1.00456058743838,1544285080.467453,15.81760331064897,237.07620180722893
TORNTPHARM,2024-04-01,53,135687.2345,4866.0521,2560.1365,2024-06-03,41,1,0,rebalance_exit,2.122558034552625,20.000000000000007,150,3.378127040168668,1.898858608783557,559242842.3525391,3.586226897416794,2651.9488037735846
ZYDUSLIFE,2024-04-01,213,220277.8702,7747.576999999999,1005.2358,2024-10-01,124,3,2,rebalance_exit,2.819545482863837,5.999999999999999,150,4.598804438386862,2.4592077742369565,871062560.0665283,3.5171835432064205,1070.5420056338028
PHOENIXLTD,2024-04-01,119,170064.0298,48854.5067,1389.6785,2024-09-02,103,3,2,rebalance_exit,2.0377005973482447,24.0,150,3.60891070100329,1.6255649357540316,1376910774.9770508,28.72712516424211,1839.6515672268906
DIXON,2024-04-01,18,135494.9802,15024.7436,7527.4989,2024-05-02,20,2,1,rebalance_exit,2.1875076739100128,17.000000000000004,150,4.525306937592188,1.392489812926374,1852137915.1259768,11.088782461034672,8362.206877777777
CUMMINSIND,2024-04-01,52,156748.5204,37137.6708,2953.6941,2024-08-01,82,2,1,rebalance_exit,2.0703556387544637,22.999999999999996,150,2.543103536367941,2.2588170620492467,1243126058.4521484,23.692517610520294,3728.5806000000002
MCX,2024-04-01,205,136076.171,30316.3142,663.7862,2024-05-02,20,2,1,rebalance_exit,2.7288602977705545,7.999999999999995,150,3.7522068408850826,2.7580542941134274,1795801128.9697266,22.278929497509157,811.6706595121951
MRF,2024-04-01,1,135827.9148,-7548.914,135827.9148,2024-06-03,41,1,0,rebalance_exit,2.3910426260570308,15.000000000000009,150,4.200083490980422,1.9245864423580883,1410413661.25,-5.557704402011478,128279.0008
BOSCHLTD,2024-04-01,11,346967.20279999997,35508.4586,29341.1046,2024-10-01,124,7,6,rebalance_exit,2.453834031622028,14.0,150,3.1680149986698853,2.5923589427810434,837791870.0488281,10.23395246393588,34770.51467272727
ADANIGREEN,2024-04-01,95,174450.56339999998,-24.978300000000218,1856.8131,2024-07-01,60,2,1,rebalance_exit,1.99508426988527,25.999999999999996,150,2.930510461776333,1.9176473044187017,1854043538.0,-0.014318268461379024,1836.0587905263158
BDL,2024-04-01,181,164892.8355,98908.815,878.4861,2024-07-01,60,6,5,rebalance_exit,1.986550308696163,28.000000000000007,150,2.631645844689316,2.064248990422689,1366647308.6391602,59.98369468272017,1457.467682320442
SUZLON,2024-05-02,4070,173704.11339999997,88803.65359999999,41.6749,2024-08-01,62,5,4,rebalance_exit,2.688201813150459,12.000000000000004,150,7.2341912264297585,0.3475471847588269,1533955469.25,51.123517953490214,64.49822285012284
SOLARINDS,2024-05-02,22,202453.21879999997,26821.3576,8993.4337,2024-11-01,126,4,3,rebalance_exit,2.5786363050318317,12.999999999999996,150,3.8787010996777,1.9444856784589128,950090350.875,13.248175434788395,10421.571654545452
SIEMENS,2024-05-02,42,143774.0766,40749.5484,3423.1923,2024-07-01,40,3,2,rebalance_exit,2.287511778318736,15.000000000000009,150,2.5088251216202653,2.185086403484091,1188835662.1601562,28.34276481800753,4393.419642857143
JSL,2024-05-02,319,228133.1426,20716.405000000002,706.7438,2024-09-02,83,4,3,rebalance_exit,2.3550301104927134,14.0,150,4.370139901827221,1.3105078124089653,1136102998.9368286,9.080839707855759,780.0926257053292
GPPL,2024-05-02,828,158839.4628,-1009.1188,191.8351,2024-07-01,40,1,0,rebalance_exit,1.964987275379823,28.000000000000007,150,2.584106046881628,1.6067103454517888,1220300791.5771484,-0.6353073614147225,190.61635748792273
LODHA,2024-05-02,166,209352.23919999998,-289.7636000000002,1234.0882,2024-09-02,83,3,2,rebalance_exit,1.931470224836896,29.0,150,3.5891945903839395,1.0176249094175156,896546904.0429688,-0.13840960149615644,1259.4125036144576
TORNTPOWER,2024-05-02,127,183908.2159,40600.450300000004,1447.5941,2024-08-01,62,3,2,rebalance_exit,3.1051938721534884,7.000000000000005,150,4.456110177073992,2.517281899419503,1157466041.1834717,22.07647445292845,1767.7847732283465
NBCC,2024-05-02,1732,159121.7029,19312.6558,92.0767,2024-07-01,40,3,2,rebalance_exit,2.058864939912284,25.000000000000004,150,3.608417015684361,1.2201103093714036,1816805236.8306277,12.13703438816076,103.02214705542725
INDHOTEL,2024-05-02,252,144548.38439999998,11537.2226,573.6047,2024-07-01,40,1,0,rebalance_exit,2.1452540475106607,20.000000000000007,150,2.91726342808156,1.7309433037861728,1905299463.1019287,7.98156454524856,619.3873293650793
PERSISTENT,2024-05-02,43,144750.4227,4167.3014,3366.2889,2024-06-03,21,1,0,rebalance_exit,2.025120491527597,27.0,150,3.2511518556306718,1.353279373556363,1901348690.3046875,2.8789562906057062,3463.2028860465116
ABB,2024-05-02,22,142684.22960000002,36626.0715,6485.6468,2024-06-03,21,3,2,rebalance_exit,2.284229602158394,15.999999999999996,150,3.1705970571145747,1.828582806230048,1771480320.9082031,25.669320010121144,8150.468231818182
THERMAX,2024-06-03,38,203464.17140000002,-37488.8256,5354.3203,2024-09-02,62,1,0,rebalance_exit,2.4653876853802714,10.000000000000009,150,3.137673159902658,2.266178786661577,751390814.5151367,-18.425271310445567,4367.772257894737
MOTHERSON,2024-06-03,1385,145716.81949999998,30125.399999999998,105.2107,2024-07-01,19,2,1,rebalance_exit,1.9388921363693887,28.000000000000007,150,2.3853554159391663,1.8111314924861148,1806374759.2820663,20.673934624273077,126.96189133574006
MCX,2024-06-03,211,158136.2077,6981.5217,749.4607,2024-07-01,19,1,0,rebalance_exit,2.359868785169056,12.999999999999996,150,5.129764926200418,1.0474599547359495,1869450149.1619875,4.41487866791686,782.5484805687204
EXIDEIND,2024-06-03,286,145589.5298,14911.512,509.0543,2024-07-01,19,1,0,rebalance_exit,2.5743773188251167,7.000000000000005,150,4.01629487141362,1.9800157280927857,1514247378.226776,10.242159597935593,561.1924538461537
SWSOLAR,2024-06-03,251,183403.41590000002,-10023.9395,730.6909,2024-08-01,41,1,0,rebalance_exit,2.365059419180083,12.000000000000004,150,2.756638749683203,2.304523059634788,701923502.2258301,-5.465514069522846,690.754886055777
CESC,2024-06-03,1599,239016.55089999997,40179.0172,142.6881,2025-01-01,145,7,6,rebalance_exit,2.0071899027890647,25.000000000000004,150,3.2567277811890176,1.4630186359357231,610322907.1620483,16.810140155026396,174.60635903689806
APARINDS,2024-06-03,24,197263.00540000002,28850.4459,8096.983,2024-10-01,83,3,2,rebalance_exit,2.2762803535654896,15.999999999999996,150,4.821054737458716,1.0748032976810906,783329218.2324219,14.62537075388186,9421.393804166668
SUNDARMFIN,2024-06-03,32,141748.6336,5514.5006,4429.6448,2024-07-01,19,1,0,rebalance_exit,2.1891617500397103,19.0,150,3.313171989049956,1.727413237193954,974225646.125,3.890337747848315,4601.97294375
IOB,2024-06-03,2995,210009.25499999998,-26405.5065,70.6782,2024-09-02,62,2,1,rebalance_exit,1.9345995154845053,30.000000000000004,150,3.3028083330978872,1.3214552712744871,852415466.9580231,-12.573496582329193,61.303421869782966
ARE&M,2024-06-03,193,248694.05550000002,-5007.528299999998,1229.2437,2025-01-01,145,4,3,rebalance_exit,2.071561817662364,22.000000000000004,150,2.299694608558386,2.070618125748955,907454335.5566406,-2.01352955137281,1262.6244932642487
MAHABANK,2024-07-01,2751,168370.8285,4849.2795,61.2035,2024-08-01,22,1,0,rebalance_exit,2.281830614350107,15.000000000000009,150,3.4323637028616587,1.3027340458878376,1272338698.410286,2.8801185711335973,62.966233369683756
POLICYBZR,2024-07-01,132,189027.75679999997,70719.02720000001,1402.7212,2025-01-01,126,5,4,rebalance_exit,1.873794711068273,28.000000000000007,150,2.052442433077595,1.4245928539218875,2118579687.6083984,37.41198033409664,1967.7786666666666
ENGINERSIN,2024-07-01,777,188096.58690000002,10131.7315,241.7843,2024-08-01,22,2,1,rebalance_exit,1.86896989096902,30.000000000000004,150,2.360867387436429,1.2519449412967345,1827620907.6381223,5.386451539062987,255.12010090090092
ESCORTS,2024-07-01,49,196546.1638,-11360.4427,4011.1462,2024-11-01,86,2,1,rebalance_exit,1.9267907258966763,25.999999999999996,150,2.8491144004228004,1.077762551174568,879658935.1298828,-5.780037870166764,3779.3004306122452
HINDZINC,2024-07-01,385,226221.53399999999,-40454.4547,587.5884,2024-09-02,43,1,0,rebalance_exit,3.4410709247604983,2.000000000000006,150,3.360168384385548,3.0968910009709623,1200109878.203247,-17.882671903374153,482.5118942857142
BEML,2024-07-01,83,183115.6682,6888.5163,2199.9588,2024-08-01,22,2,1,rebalance_exit,2.168363240394068,19.0,150,3.132240856896951,1.2917997680761957,1886769045.205078,3.7618388244507415,2289.2070421686744
NCC,2024-07-01,652,202613.10760000002,-8166.3486,310.7563,2024-10-01,64,1,0,rebalance_exit,2.132103372545693,22.000000000000004,150,2.665436783297088,1.4871370274261624,1501568953.017273,-4.030513473058246,298.23122546012274
POWERINDIA,2024-07-01,14,181070.2488,-12032.6673,12933.5892,2024-09-02,43,1,0,rebalance_exit,3.145004689884131,2.9999999999999964,150,3.628152209408939,2.504891874041209,847821153.1171875,-6.645303344830881,12074.112964285714
GLENMARK,2024-07-01,160,203515.376,41095.9683,1230.4355,2025-04-01,188,6,5,rebalance_exit,2.0841700658653157,24.0,150,2.532398834359845,1.4858704220416534,704189333.8653564,20.193053275738734,1528.820901875
AEGISLOG,2024-07-01,193,167976.1025,-10022.9353,870.3425,2024-08-01,22,1,0,rebalance_exit,2.442807611183849,10.000000000000009,150,2.306178544997874,2.1502334266113574,620258802.9838867,-5.966881687828183,818.4101927461139
ABREL,2024-07-01,74,166350.60880000002,6711.9166,2247.9812,2024-08-01,22,1,0,rebalance_exit,2.70512214284509,5.999999999999999,150,3.8554215653696766,1.7169360114445442,636127331.585083,4.034801344231689,2338.6827756756757
CGPOWER,2024-08-01,269,197643.3653,6805.9108,734.7337,2024-10-01,42,2,1,rebalance_exit,1.950199080559067,24.0,150,1.9486056381756731,1.6398883137269595,1583796184.8151245,3.4435311246949305,760.0344836431227
LICHSGFIN,2024-08-01,275,201906.4025,-19929.8815,734.2051,2024-09-02,21,1,0,rebalance_exit,2.266840520043335,15.000000000000009,150,3.399927945731047,1.3240105560176771,1661253537.3277588,-9.870851668510115,661.7328036363637
TEJASNET,2024-08-01,158,197416.5034,12648.4036,1252.7568,2024-09-02,21,2,1,rebalance_exit,1.899324207013856,25.000000000000004,150,1.3155463085430836,1.897397052348906,815063138.3664551,6.406963643952373,1329.524727848101
JINDALSTEL,2024-08-01,182,180860.3342,-4080.3189,993.7381,2024-09-02,21,1,0,rebalance_exit,1.9555892527658307,22.999999999999996,150,2.0230769532487547,1.6087797248412647,1861677619.82074,-2.256060687960401,971.3187653846154
GRASIM,2024-08-01,72,198504.9504,1576.8206,2757.0132,2024-10-01,42,1,0,rebalance_exit,2.0953098221637805,19.0,150,2.5288306449764963,1.539019343601585,1999286819.578125,0.7943482501683746,2778.913486111111
MCX,2024-08-01,210,181171.788,33827.4997,862.7228,2024-09-02,21,2,1,rebalance_exit,1.7543644082726506,30.000000000000004,150,3.32369065931949,0.6601488573078033,2040271633.3276367,18.67150513522558,1023.8061319047619
VOLTAS,2024-08-01,118,180469.7074,33926.3796,1529.4043,2024-10-01,42,3,2,rebalance_exit,2.247158055079812,15.999999999999996,150,2.978827471819612,1.5147312365347427,1832290611.917847,18.798933122224366,1816.9159915254238
BSE,2024-08-01,225,200721.8521,71713.9294,869.1592,2024-10-01,42,4,3,rebalance_exit,2.2082812164903247,17.000000000000004,150,4.959146127484517,0.4374500054111415,1981174064.257324,35.72801299395742,1210.8256955555555
UNOMINDA,2024-08-01,234,240598.1292,4164.2943,1032.2428,2024-12-02,83,6,5,rebalance_exit,2.723879249698273,5.999999999999999,150,3.0722036729528206,2.120664074538572,851422968.5820923,1.7308090939220817,1045.9932628205129
BHARATFORG,2024-08-01,127,215432.4749,-24417.262,1696.3187,2024-10-01,42,1,0,rebalance_exit,1.868197557892454,27.0,150,2.707131837977457,1.135157815928483,1844392984.2346191,-11.334067443329547,1504.056794488189
TVSMOTOR,2024-08-01,72,181244.55599999998,-1091.1523,2517.2855,2024-11-01,64,2,1,rebalance_exit,1.7577062736259756,29.0,150,3.125509700238844,0.7672050328751202,2021700593.3100584,-0.6020331446534594,2502.1306069444445
CAMS,2024-09-02,270,225787.13999999998,-27937.1072,839.1259,2025-02-01,106,3,2,rebalance_exit,1.8129644396050195,25.999999999999996,150,2.055108597639519,1.3205507445528826,1135591433.461914,-12.373205666186303,732.7778992592592
SUNTV,2024-09-02,233,185057.24430000002,1393.674,794.2371,2024-10-01,21,1,0,rebalance_exit,1.915411678384367,19.0,150,2.129713250035912,1.413200747355332,855125157.0822754,0.7531042652622056,800.2185334763949
AUROPHARMA,2024-09-02,157,237457.669,-27753.183599999997,1568.3624,2025-01-01,83,2,1,rebalance_exit,1.898870023183609,21.0,150,2.3517142241438216,1.2801210311473086,1711705988.098755,-11.68763414417245,1335.6973592356687
GRANULES,2024-09-02,333,227823.48179999998,-37827.838299999996,684.1546,2024-11-01,43,2,1,rebalance_exit,2.345651029316512,7.999999999999995,150,3.6857048256506206,1.175133506376508,918798388.75,-16.604012018922624,570.5574879879879
GESHIP,2024-09-02,159,201915.4515,-6544.1057,1269.9085,2024-11-01,43,2,1,rebalance_exit,1.906969368023833,20.000000000000007,150,2.1859460953169867,1.374083177522862,1134444444.0058594,-3.241012835513482,1228.7506025157234
KAYNES,2024-09-02,38,182416.2716,40049.0104,4800.4282,2024-12-02,62,5,4,rebalance_exit,2.0587693408059344,15.000000000000009,150,3.098539011952029,1.106584602010641,950618445.0,21.954735752860326,5854.349526315789
NAUKRI,2024-09-02,132,203284.7214,21235.976,1526.4788,2025-01-01,83,3,2,rebalance_exit,1.745048299779571,30.000000000000004,150,2.341784126858452,1.089487961605203,1716758197.0367432,10.446420101692896,1700.9143742424242
DEEPAKFERT,2024-09-02,281,297019.6589,41074.0399,1029.7919,2025-05-02,164,12,11,rebalance_exit,2.049579504986176,15.999999999999996,150,1.6820512986617602,1.8097759277914804,1390056256.361328,13.828727718601527,1203.1804227758007
TORNTPHARM,2024-09-02,67,227671.37610000002,-1469.3894,3429.9387,2025-07-01,206,4,3,rebalance_exit,1.752811067281958,29.0,150,2.657216096687696,0.9401676466783264,717268410.748291,-0.6453992702862219,3376.1490552238806
EXIDEIND,2024-09-02,413,201455.02120000002,-10773.4435,491.3124,2024-11-01,43,2,1,rebalance_exit,2.226560364796719,12.000000000000004,150,2.6028125175711927,1.570182306258885,2055037361.4938965,-5.347815823019059,461.6987353510896
MUTHOOTFIN,2024-09-02,95,183853.709,-1589.6716,1935.3022,2024-11-01,43,1,0,rebalance_exit,1.786225961563171,27.0,150,1.797951767338382,1.4163254260674012,974800285.2998048,-0.8646393965323811,1918.5688147368421
CROMPTON,2024-09-02,425,201876.1475,-29474.429,475.0027,2024-12-02,62,1,0,rebalance_exit,2.2305489894039665,10.999999999999998,150,1.9370266288128075,1.911267418628669,1331623758.2771912,-14.600253355835417,405.65110235294117
COROMANDEL,2024-09-02,117,202807.14479999998,-9310.2801,1733.3944,2024-10-01,21,1,0,rebalance_exit,2.3050494727590367,9.000000000000002,150,2.082504499246457,1.9326035280589875,727017221.4814453,-4.590706165298768,1653.8193564102562
COLPAL,2024-09-02,70,232802.171,-50739.7176,3325.7453,2025-01-01,83,1,0,rebalance_exit,2.4888717696899225,4.000000000000003,150,3.255909377432292,1.5742060641331912,1080411025.152832,-21.795208086783692,2600.8921914285716
PCBL,2024-10-01,522,261590.38199999998,-72526.1292,501.131,2025-03-03,105,4,3,rebalance_exit,3.090685188040448,2.000000000000006,150,4.234710916401672,1.8389712871512276,2000867736.689392,-27.725074846215104,362.19205517241375
ICICIGI,2024-10-01,97,204163.2914,-33296.0395,2104.7762,2025-01-01,62,1,0,rebalance_exit,1.8911942190046385,22.999999999999996,150,2.3726568585951635,1.2762206533146985,1569572171.474121,-16.30853385624836,1761.518060824742
HINDZINC,2024-10-01,341,172004.8671,11197.7149,504.4131,2024-11-01,22,1,0,rebalance_exit,1.8328202908633064,27.0,150,1.4765468945857658,1.6891892901469787,805593785.0355835,6.510115143131319,537.2509736070381
PHOENIXLTD,2024-10-01,109,198431.6987,-29078.2812,1820.4743,2024-11-01,22,1,0,rebalance_exit,1.730889578647417,29.0,150,2.558124948381069,0.9635735088997414,1005114660.197754,-14.654050431711592,1553.7010779816515
FSL,2024-10-01,853,265423.28630000004,42812.8223,302.9667,2025-07-01,185,9,8,rebalance_exit,1.868696163789111,25.999999999999996,150,2.121231103829152,1.38402435473533,1513797783.0471497,16.130017413622834,361.355344196952
FORTIS,2024-10-01,378,239011.3849,86725.83290000001,615.4797,2025-11-03,270,10,9,rebalance_exit,1.8799627801150045,25.000000000000004,150,2.459339969843787,1.2140307103640138,834925584.7807617,36.28523090491495,861.7386714285714
LALPATHLAB,2024-10-01,105,171458.7525,-10629.2698,1632.9405,2024-11-01,22,1,0,rebalance_exit,2.0849345508947104,17.999999999999993,150,1.70166204391287,1.8983632613472692,666775284.7382812,-6.199315955013728,1531.709359047619
BDL,2024-10-01,157,180640.0238,-10959.379,1150.5734,2024-11-01,22,1,0,rebalance_exit,2.056804999611902,21.0,150,3.126078253463892,1.0825779419323651,1537482487.5999756,-6.066971632008831,1080.7684382165605
BALRAMCHIN,2024-10-01,341,209852.9345,-32458.0983,615.4045,2025-01-01,62,1,0,rebalance_exit,1.8856630578927296,24.0,150,1.1404531514673282,1.9425662126416443,1166842298.207153,-15.467069058307596,520.2194609970675
PPLPHARMA,2024-10-01,1226,280696.52009999997,-9915.1749,230.1431,2025-06-02,164,7,6,rebalance_exit,2.214008466889962,14.0,150,2.443202583932708,1.6630665242808618,775626442.09729,-3.5323469263059097,220.86569755301792
BLUESTARCO,2024-10-01,140,275589.6571,-42997.2664,2051.8316,2025-06-02,164,6,5,rebalance_exit,1.955966379511055,22.000000000000004,150,3.106298512253859,0.9605037258312348,684132598.4765625,-15.60191585288634,1661.3742192857144
PERSISTENT,2024-10-01,34,184184.66400000002,13055.621299999999,5417.196,2024-12-02,41,3,2,rebalance_exit,1.7285826157800963,30.000000000000004,150,2.5939600110296444,0.940942630552932,2012963973.964844,7.088332446614555,5801.1848617647065
NATCOPHARM,2024-10-01,193,249613.67089999997,-86478.0869,1404.0599,2025-03-03,105,3,2,rebalance_exit,2.331229337018077,10.999999999999998,150,2.3777730053868504,1.8533128408504835,1136162680.918213,-34.64477189418234,845.2620932642486
TORNTPOWER,2024-10-01,147,249424.86119999998,-35054.5683,1748.1596,2025-01-01,62,2,1,rebalance_exit,1.7677437502739075,28.000000000000007,150,3.367319137203703,0.5697616766711179,1028822551.3973387,-14.054159690156819,1458.3013122448979
CUMMINSIND,2024-10-01,50,186309.08,-14437.5693,3726.1816,2024-12-02,41,2,1,rebalance_exit,2.071512146752492,19.0,150,3.6468017432532376,0.8172845452018657,1962545760.328125,-7.749256933693194,3437.4302139999995
ANANTRAJ,2024-11-01,431,276770.9232,-59104.4633,739.7989,2025-05-02,121,5,4,rebalance_exit,3.4733789776189443,2.000000000000006,150,4.572962721403058,2.227975863176516,785013497.3613281,-21.355011796990674,505.02658909512763
BRITANNIA,2024-11-01,32,179529.568,-24074.7115,5610.299,2024-12-02,19,1,0,rebalance_exit,2.265170332341391,15.000000000000009,150,2.211343130391372,1.907515141119426,1692432893.0859375,-13.409886609875873,4857.964265625
HSCL,2024-11-01,378,212530.454,-21561.839,562.3134,2025-02-01,63,3,2,rebalance_exit,2.849089906124759,5.999999999999999,150,3.732744293487423,1.862547007969236,1045572209.0428468,-10.145293812810468,505.2079761904762
SIGNATURE,2024-11-01,147,200007.8913,-447.6226,1360.5979,2025-01-01,40,1,0,rebalance_exit,2.450014680524598,9.000000000000002,150,4.932768116724727,0.715486625934106,780350484.4442139,-0.22380246953786065,1357.5528482993195
SIEMENS,2024-11-01,40,163523.54799999998,13216.6251,4088.0887,2024-12-02,19,2,1,rebalance_exit,2.050337860002184,20.000000000000007,150,3.646370110025898,0.8751194880105251,1884123349.527344,8.082398689147817,4418.5043275
GRAVITA,2024-11-01,76,163531.9816,788.2549,2151.7366,2024-12-02,19,1,0,rebalance_exit,2.9507313316385484,4.000000000000003,150,2.541240885421458,2.620522540890344,642104775.7141113,0.4820188028590488,2162.108375
UNITDSPR,2024-11-01,123,179078.3937,-8241.5597,1455.9219,2025-04-01,102,2,1,rebalance_exit,2.0294218544708524,21.0,150,2.3186687511344988,1.5462379164135172,1025861218.0881348,-4.602207742496632,1388.9173495934958
BOSCHLTD,2024-11-01,7,234470.76919999998,-43094.9021,34449.5222,2025-03-03,83,3,2,rebalance_exit,2.304649242947888,12.999999999999996,150,3.665430559877066,1.193940539813627,1027712196.90625,-18.379648024799504,27339.409585714282
KFINTECH,2024-11-01,287,301913.2308,64640.782900000006,1006.7811,2025-07-01,163,12,11,rebalance_exit,1.9668151542271104,22.000000000000004,150,3.0475750739558003,1.0819913562596286,786020127.1962891,21.410384277865838,1277.1916853658538
RPOWER,2024-11-01,6576,277496.3428,93532.0226,42.1824,2025-07-01,163,11,10,rebalance_exit,2.345705255391924,10.999999999999998,150,3.1106493226294094,1.538757715927778,1027624227.3191414,33.7056775798344,56.42158841240876
PGEL,2024-11-01,547,364507.73600000003,-7158.4540000000015,641.7712,2025-09-01,205,10,9,rebalance_exit,4.202675607143164,1.0,150,3.6602988305345994,3.650930907492404,670598950.520813,-1.9638688820585144,653.2893638025595
ALKEM,2024-11-01,28,160435.0776,-5046.2062,5729.8242,2024-12-02,19,1,0,rebalance_exit,1.7673948023172008,28.000000000000007,150,2.690906266719873,1.0116780513118857,1198360041.4672852,-3.145325994469429,5549.6025500000005
COCHINSHIP,2024-11-01,121,179514.5352,14045.6346,1483.5912,2024-12-02,19,2,1,rebalance_exit,1.8634870354504995,25.000000000000004,150,3.907799344429588,0.4960361013779528,1872343018.5388184,7.824232497024005,1599.6708247933884
INOXWIND,2024-12-02,1140,213158.56799999997,-35366.0701,186.9812,2025-03-03,64,3,2,rebalance_exit,2.8228332274602512,4.999999999999993,150,4.122136502146633,0.8338459239949625,1349666189.3329468,-16.591437272181338,155.95833149122802
ABREL,2024-12-02,72,196737.66,-16907.8506,2732.4675,2025-01-01,21,1,0,rebalance_exit,1.8544464428941996,21.0,150,2.5286947939449185,0.5411752334018923,613156864.5373535,-8.594109841501622,2497.6362416666666
OFSS,2024-12-02,19,201616.31550000003,-62314.4584,10769.9162,2025-03-03,64,2,1,rebalance_exit,2.755668989080665,7.000000000000005,150,3.710242530599968,0.9919093144049688,1594623588.5859375,-30.907448261547067,7331.676689473686
MFSL,2024-12-02,178,200127.1622,-3140.5101,1124.3099,2025-04-01,83,3,2,rebalance_exit,1.5766256669080678,28.000000000000007,150,1.1216142354672891,1.0194049011926698,949421756.25,-1.569257298947499,1106.6665848314606
PETRONET,2024-12-02,610,198826.45,-15231.9434,325.945,2025-02-01,44,2,1,rebalance_exit,1.6269095381642504,25.999999999999996,150,2.247830507902606,0.4170496915135446,809278217.3864136,-7.660924087313332,300.9746009836066
ICICIPRULI,2024-12-02,290,198166.831,-8888.253,683.3339,2025-01-01,21,1,0,rebalance_exit,2.090211205441552,14.0,150,1.5073085325035878,1.4465005319298443,754082241.5709839,-4.485237491636529,652.684751724138
NUVAMA,2024-12-02,154,196243.86320000002,-32946.2604,1274.3108,2025-03-03,64,2,1,rebalance_exit,1.7412289605525912,24.0,150,2.141791599168642,0.6256825382392361,677999368.828125,-16.78842836803673,1060.3740441558443
APARINDS,2025-01-01,26,242992.929,-78242.2827,10275.7404,2025-03-03,43,3,2,rebalance_exit,1.909289268679006,20.000000000000007,150,2.2418404615474343,0.4992259736516649,756569829.8144531,-32.19940720991103,6336.5633192307705
COROMANDEL,2025-01-01,146,287873.4472,42989.3234,1876.1006,2025-12-01,227,9,8,rebalance_exit,1.6801907582084037,28.000000000000007,150,1.8462203818926624,0.4389087248863431,617496062.1456299,14.933410433694213,2266.1833602739725
GVT&D,2025-01-01,129,241182.4071,20747.5717,2041.9357,2025-06-02,102,6,5,rebalance_exit,3.6960676346533305,1.0,150,6.395731209018329,0.3891160666380177,596976439.7402344,8.602439933107377,2030.4649519379846
ZENTEC,2025-01-01,142,283062.5814,-76278.5957,2326.7946,2025-04-01,62,4,3,rebalance_exit,3.1278723062308926,4.000000000000003,150,3.4129568513807627,1.327135422005393,648406946.3779297,-26.94760830722785,1456.2252514084507
TRITURBINE,2025-01-01,366,248788.9169,-40608.3589,734.6061,2025-04-01,62,4,3,rebalance_exit,1.7154468084812586,25.000000000000004,150,1.8423829143211552,0.4833581035930523,722304920.1933594,-16.322414762681092,568.7993387978142
360ONE,2025-01-01,161,198725.71320000003,-39140.8964,1234.3212,2025-02-01,23,1,0,rebalance_exit,1.6821770290607263,27.0,150,1.9857577314261523,0.365474060905944,587603190.7382812,-19.695939579096194,991.2100422360251
KEC,2025-01-01,223,247334.53790000002,-91571.75219999999,1151.5841,2025-03-03,43,2,1,rebalance_exit,1.7171796687811554,24.0,150,1.8499465306726892,0.4813304382390289,584762724.8522949,-37.02343917573833,698.4878282511212
LAURUSLABS,2025-01-01,304,186973.6796,66771.4053,604.2124,2026-06-02,351,14,14,rebalance_trim,2.0683298381182498,15.999999999999996,150,1.501632561246863,1.0925434533411214,868615580.4675293,35.71166029509963,834.6877792763158
POWERINDIA,2025-01-01,23,336754.2106,53896.5191,14033.1883,2025-08-01,146,13,12,rebalance_exit,1.5784673822179092,30.000000000000004,150,2.686703775711551,-0.140022978817039,707022845.1777344,16.00470533210907,16984.814334782608
JMFINANCIL,2025-01-01,1600,198804.8,-31044.0484,124.253,2025-02-01,23,1,0,rebalance_exit,1.8756380343888,22.000000000000004,150,0.968768491172896,1.1505482744735775,1090469405.0133743,-15.615341480688597,104.85046974999999
LLOYDSME,2025-02-01,134,162748.27959999998,-1116.3611,1214.5394,2025-05-02,58,2,1,rebalance_exit,3.726915164574113,2.9999999999999964,150,3.192867001882913,1.816688576813815,611578286.5671387,-0.6859434107345244,1206.2083470149253
NETWEB,2025-02-01,102,179690.0952,-30360.545000000002,1761.6676,2025-03-03,20,2,1,rebalance_exit,2.054798605473545,22.999999999999996,150,1.9666385644305129,0.538441954919772,597760701.6872559,-16.896059277061365,1464.0151980392156
PRAJIND,2025-02-01,260,161156.216,-35599.3931,619.8316,2025-03-03,20,1,0,rebalance_exit,1.7813122236593413,30.000000000000004,150,1.4981668582061756,0.4766763675411909,548421868.1000366,-22.089990683325553,482.91085730769225
JUBLFOOD,2025-02-01,314,214707.3194,3886.3576000000003,707.9905,2025-07-01,100,4,3,rebalance_exit,2.071293217923581,22.000000000000004,150,1.4431784705621131,0.8455036311881644,1135948271.7121582,1.81007224665672,696.1582070063694
WOCKPHARMA,2025-02-01,135,194151.0708,-28249.8239,1492.683,2025-03-03,20,3,2,rebalance_exit,3.632141950617464,4.000000000000003,150,4.170165426476369,1.1687020919752862,559217581.8808594,-14.550434248751,1228.898125185185
MANKIND,2025-02-01,67,161812.2695,206.1999,2415.1085,2025-04-01,39,1,0,rebalance_exit,2.41894724095286,12.000000000000004,150,1.2423565225527045,1.3618526696241064,975662950.6196288,0.127431560435533,2418.186110447761
VOLTAS,2025-02-01,130,163745.57400000002,10102.6323,1261.262,2025-03-03,20,3,2,rebalance_exit,2.125054982714236,21.0,150,2.133719001771495,0.528614381763913,1625423438.369751,6.1697132039733775,1337.2938946153847
PAGEIND,2025-02-01,3,131653.1136,10468.0411,43884.3712,2025-08-01,123,1,0,rebalance_exit,1.8929763733705447,28.000000000000007,150,1.4022586904367569,0.6597911828004817,1347562026.7734375,7.95122941930938,47373.71823333334
MUTHOOTFIN,2025-02-01,98,223639.5828,76517.32430000001,2217.9427,2026-03-02,267,9,8,rebalance_exit,2.410783177232489,14.0,150,2.303990963106298,0.7686262484666478,818945158.8857422,34.214571205147145,3062.8255826530612
SBICARD,2025-03-03,231,196562.87440000003,-11468.1365,840.334,2025-09-01,122,2,1,rebalance_exit,1.8028404819609367,27.0,150,0.2163791915499538,0.3102829852459811,859620189.8358154,-5.834334960254325,801.2759216450218
MARICO,2025-03-03,277,169215.9032,25249.431,591.9784,2025-08-01,103,2,1,rebalance_exit,2.0864549682865943,21.0,150,0.9901166952380605,0.1455096364987994,981507336.2670898,14.92142908705049,702.0409176895307
GRSE,2025-03-03,110,138176.62099999998,67223.8898,1256.1511,2025-05-02,38,3,2,rebalance_exit,1.8234277517473017,25.999999999999996,150,1.3532493362377391,-0.2447270576252262,875173988.6385498,48.65069742876402,1867.277370909091
BIOCON,2025-03-03,457,138992.3456,14010.3845,304.1408,2025-06-02,59,1,0,rebalance_exit,1.7897092833534844,29.0,150,0.8438994712099859,-0.0154152653964648,1085639482.9660034,10.079968389280856,334.79809649890586
BDL,2025-03-03,142,138208.1172,114053.75899999999,973.2966,2025-06-02,59,6,5,rebalance_exit,1.7894624855795571,30.000000000000004,150,0.9184707784018152,-0.0530819381673811,968228837.154419,82.52319857230498,1776.492085915493
NAVINFLUOR,2025-03-03,42,159755.154,49602.6932,3742.8461,2025-08-01,103,3,2,rebalance_exit,2.417629606570144,15.000000000000009,150,0.684146081698869,0.5608520895705349,582529288.6010742,31.04919744874084,4984.710647619048
ZENSARTECH,2025-03-03,231,165475.76429999998,21726.9651,716.3453,2025-06-02,59,3,2,rebalance_exit,2.618103874072439,10.000000000000009,150,1.533189246209994,0.2925658397629351,800268763.6169434,13.129998336560034,810.4014259740259
BAJAJHLDNG,2025-03-03,12,136722.5508,6437.2835,11393.5459,2025-10-01,144,1,0,rebalance_exit,2.3359872485934736,15.999999999999996,150,0.9298412619061832,0.3729024183420895,656381028.75,4.708282183395308,11929.986191666665
SRF,2025-03-03,59,165258.3923,1672.7833,2794.4972,2025-06-02,59,2,1,rebalance_exit,2.0950909518268093,19.0,150,0.596184525139877,0.35028021584037,1147694332.991211,1.012222905426389,2829.341959322034
SOLARINDS,2025-03-03,15,132778.8285,36772.8595,8851.9219,2025-04-01,19,1,0,rebalance_exit,1.7904785350228734,28.000000000000007,150,1.1007979921785245,-0.1438979242506302,669245963.5859375,27.694821467716142,11303.445866666667
REDINGTON,2025-04-01,1008,242211.71859999996,38361.2544,231.7578,2025-12-01,165,6,5,rebalance_exit,2.994310226757018,4.000000000000003,150,0.6450717578260933,0.819126861447535,881584569.1069336,15.837901907360482,278.34620337301584
CHAMBLFERT,2025-04-01,357,213474.69090000002,-23727.181699999997,612.2043,2025-08-01,84,2,1,rebalance_exit,2.7589347133489133,10.000000000000009,150,1.414554907623388,0.2593194824845975,872637026.2097168,-11.114751636349597,531.5056280112045
AEGISLOG,2025-04-01,207,165825.9842,306.9323999999997,797.9792,2025-06-02,40,2,1,rebalance_exit,2.471708662300026,17.999999999999993,150,1.484131141510755,-0.0011027774037343,1251402037.6192017,0.18509306697665281,802.5744763285024
PATANJALI,2025-04-01,297,175536.9495,-14339.9835,591.0335,2025-07-01,61,1,0,rebalance_exit,2.4469189942837404,19.0,150,1.006754546382178,0.211438002172643,1165785540.633545,-8.169210836149343,542.7507272727272
360ONE,2025-04-01,159,148617.8883,6112.8533,934.7037,2025-05-02,19,1,0,rebalance_exit,2.265479930736172,22.999999999999996,150,1.3372446669295224,-0.0923828390919249,659917404.0574951,4.113134273352476,973.1493182389936
VIJAYA,2025-04-01,166,165203.95260000002,4143.8778,992.5829,2025-05-02,19,2,1,rebalance_exit,2.8866104439523275,9.000000000000002,150,1.4382507597862884,0.3485230223429476,555284319.9532471,2.508340590393356,1020.1676530120483
ASHOKLEY,2025-04-01,1512,148992.1776,25121.9359,98.5398,2025-06-02,40,2,1,rebalance_exit,2.114926022923644,25.000000000000004,150,1.1957032659665654,-0.1423393675105211,1355447023.787201,16.86124486846885,115.15483697089948
UPL,2025-04-01,313,195491.5832,28571.926199999998,616.7745,2025-11-03,146,4,3,rebalance_exit,2.757156935524076,10.999999999999998,150,1.4149738409703083,0.2577132977975039,1093774582.2601318,14.615425243535496,715.8578575079872
SHREECEM,2025-04-01,9,269544.3362,-11199.257099999999,30518.3268,2025-11-03,146,4,3,rebalance_exit,2.3412979494581645,20.000000000000007,150,0.52015788090937,0.3646930594601009,756070493.9511719,-4.154884965451557,28705.008788888892
JSWSTEEL,2025-05-02,167,169671.0982,1462.6164,1015.9946,2025-09-01,84,1,0,rebalance_exit,2.2546978884699,17.999999999999993,150,0.9187566757097378,0.3762939635881544,1672578330.4558103,0.8620303725953016,1024.7527820359282
GODFRYPHLP,2025-05-02,67,181877.46159999998,17153.2244,2708.23,2025-07-01,42,2,1,rebalance_exit,2.105776838062043,19.0,150,1.486098737825503,-0.0658803828064178,682833925.0605469,9.431198483363923,2970.607253731343
TVSMOTOR,2025-05-02,61,164682.91999999998,13407.4474,2699.72,2025-07-01,42,1,0,rebalance_exit,1.7124326033006676,29.0,150,0.8597196650093762,-0.059933660882274,1544689588.2226562,8.141370944843581,2919.514219672131
PCBL,2025-05-02,423,149898.1293,14748.2809,354.3691,2025-06-02,21,2,1,rebalance_exit,1.946332349075222,22.000000000000004,150,1.2459638493483738,-0.0710777582277206,647053201.6834717,9.838869216628709,389.2350122931442
SOLARINDS,2025-05-02,14,194730.6672,44735.0761,13165.7985,2025-07-01,42,5,4,rebalance_exit,1.820121495028016,27.0,150,0.678592471495218,0.1332342714594074,1008495566.3671876,22.972794549126878,17104.69595
NH,2025-05-02,112,200373.5367,12041.526600000001,1766.3628,2026-01-01,168,3,2,rebalance_exit,3.118942074329363,4.000000000000003,150,1.0236955558427756,1.065546293966383,677094361.3671875,6.009539382452793,1896.5630651785716
FEDERALBNK,2025-05-02,768,149838.1056,4239.3203,195.1017,2025-06-02,21,1,0,rebalance_exit,1.9141928479656467,24.0,150,0.9458729133204934,0.0669141076331504,1319566320.4015503,2.829267150051315,200.62164830729168
UNITDSPR,2025-06-02,120,179958.54,-10230.977,1499.6545,2025-07-01,21,1,0,rebalance_exit,2.135212120838496,21.0,150,1.322268785497173,0.1487124508810376,931495082.8051758,-5.685185598860715,1414.3963583333332
MANAPPURAM,2025-06-02,851,204666.74810000003,18866.300499999998,236.7404,2026-04-01,207,5,4,rebalance_exit,2.9635844246319256,4.999999999999993,150,0.7481983686849186,1.1925065148931695,1364202117.0142212,9.218058465844162,262.67103243243247
MFSL,2025-06-02,145,218853.66290000002,24864.7099,1505.4058,2026-06-01,248,5,4,rebalance_exit,2.3596238149956674,15.999999999999996,150,1.255553962119757,0.3824651598702401,1054268934.8352052,11.361340527967924,1680.816364137931
BHARTIHEXA,2025-06-02,90,164002.851,9328.0439,1822.2539,2025-07-01,21,1,0,rebalance_exit,2.818796615075505,9.000000000000002,150,1.488208430484709,0.656982381008916,593318475.7397461,5.68773276996264,1925.8988322222222
PNBHOUSING,2025-06-02,222,220607.8824,-30811.0957,993.7292,2025-10-01,85,3,2,rebalance_exit,2.0225871992302498,25.999999999999996,150,0.647071806883725,0.4225742444222821,924644409.7894896,-13.966452768960536,854.9404806306306
SBILIFE,2025-06-02,110,199075.7747,13293.6594,1812.3847,2025-11-03,106,3,2,rebalance_exit,2.4800536118548644,12.999999999999996,150,0.9062820617124924,0.6809358722725432,1653601011.567139,6.677688141630023,1930.631219090909
NYKAA,2025-06-02,892,180523.6643,49653.134,199.3583,2026-06-01,248,5,4,rebalance_exit,2.0097129976570813,28.000000000000007,150,0.494578468579011,0.4954496185808977,1131220543.1623535,27.505055468785983,258.0457380044843
TATACONSUM,2025-06-02,167,182469.1599,-6076.6826,1092.6297,2025-08-01,44,1,0,rebalance_exit,2.24757948719437,17.000000000000004,150,0.2464755537588658,0.8411313915924064,1543114800.880005,-3.3302518646604455,1056.2423790419161
IEX,2025-06-02,1342,241204.7726,-64718.3727,179.7353,2025-08-01,44,1,0,rebalance_exit,2.0083291795003797,29.0,150,0.6228827674211533,0.4234142258314725,799407353.5584259,-26.831298569421424,131.5099850223547
GVT&D,2025-07-01,96,234721.8112,58043.956600000005,2361.0258,2026-02-02,147,7,6,rebalance_exit,1.7772422792432163,28.000000000000007,150,0.943644675122794,0.1567634373926157,666049353.1728516,24.728829546455035,3049.6434145833337
WOCKPHARMA,2025-07-01,142,232533.3535,-54044.5024,1692.4029,2025-12-01,104,2,1,rebalance_exit,2.5425494430930846,7.000000000000005,150,2.3152738341663053,0.0059962627514917,681031225.6135254,-23.24161312196446,1256.9637401408452
IDBI,2025-07-01,1800,182620.25999999998,-16150.4239,101.4557,2025-08-01,23,1,0,rebalance_exit,1.865528393877808,24.0,150,0.3581663324813848,0.593185116207008,740392550.9152069,-8.84371969462753,92.48324227777778
LTF,2025-07-01,421,87760.1916,20919.682099999998,205.7552,2026-06-16,238,6,6,rebalance_trim,1.7471304581316702,29.0,150,-0.1862884330800592,0.8192527932061329,922083634.7260896,23.83732500875716,258.14696840855106
DALBHARAT,2025-07-01,106,231312.6474,-12996.0707,2193.4017,2025-12-01,104,3,2,rebalance_exit,1.9353969457073452,22.000000000000004,150,0.4304024264530152,0.6117533889319844,647445034.0249023,-5.618400397072279,2059.590346226415
UNIONBANK,2025-07-01,1377,201798.6615,-21791.1695,146.5495,2025-08-01,23,1,0,rebalance_exit,1.8406459528154349,27.0,150,0.2114384422819633,0.6604083453655374,1533458421.930725,-10.798470781730137,130.7243950617284
BRITANNIA,2025-07-01,31,179786.2856,-2646.6984,5799.5576,2025-08-01,23,1,0,rebalance_exit,1.956532569531609,21.0,150,0.2093602152025119,0.7655851158669158,1489251461.455078,-1.47213587019009,5714.180232258065
INDIANB,2025-07-01,131,83762.8182,19893.6624,633.3702,2026-06-18,240,6,6,rebalance_trim,1.733976500671625,30.000000000000004,150,0.4757046709760886,0.4035080919517064,1133600542.8180542,23.749991735593255,791.2708442748092
APLAPOLLO,2025-07-01,115,197610.71,-14504.2816,1718.354,2025-09-01,42,1,0,rebalance_exit,2.031136410720766,17.999999999999993,150,0.4047665442234355,0.7132403652889509,880810843.1640625,-7.3398256602590015,1592.2298121739132
NBCC,2025-07-01,1643,198980.6083,-22674.5617,121.1081,2025-08-01,23,1,0,rebalance_exit,2.0067651412299767,19.0,150,0.3521599706615048,0.7234888000782198,1527623543.6380615,-11.395362539958622,107.30739293974437
JMFINANCIL,2025-08-01,1526,236070.0524,-2701.183000000001,154.1774,2026-01-01,103,4,3,rebalance_exit,2.53885037691226,10.000000000000009,150,1.2707774511402543,1.1259446529569812,768295240.0979004,-1.1442294236556034,152.9284858453473
DEEPAKFERT,2025-08-01,111,176654.71289999998,-24107.3351,1591.4839,2025-09-01,19,1,0,rebalance_exit,2.860862564951908,7.999999999999995,150,1.7985770717526202,1.100520893767312,678986238.6313477,-13.646584743904674,1374.300700900901
NUVAMA,2025-08-01,124,176013.846,-22858.8248,1419.4665,2025-10-01,41,1,0,rebalance_exit,2.2536175933806986,17.999999999999993,150,0.7863172675116479,1.1596135376074153,725808285.3344727,-12.98694694734413,1235.1211387096773
GLENMARK,2025-08-01,92,194228.57839999997,-18511.8968,2111.1802,2025-09-01,19,1,0,rebalance_exit,1.8430818435230245,28.000000000000007,150,0.7009541329934836,0.8054475823161484,1625404679.640625,-9.530985065378001,1909.9639304347825
LLOYDSME,2025-08-01,130,193527.477,-26215.9849,1488.6729,2025-09-01,19,1,0,rebalance_exit,2.7316228822246758,9.000000000000002,150,2.449859699479564,0.5428206990712193,584571572.3980713,-13.546389022577914,1287.0114776923076
SRF,2025-08-01,58,176080.04820000002,-11863.740000000002,3035.8629,2025-10-01,41,2,1,rebalance_exit,2.083552032887315,22.000000000000004,150,1.0042971192932668,0.8462079945884782,1637824640.2250977,-6.7376969289130395,2831.31565862069
MRF,2025-08-01,1,148661.3417,-12426.917,148661.3417,2026-03-02,144,1,0,rebalance_exit,2.09724660986581,20.000000000000007,150,0.2069992488352027,1.3844940043804508,995992290.390625,-8.359212191880816,136234.4247
RPOWER,2025-08-01,4320,213507.68279999998,-20588.91,50.0369,2025-10-01,41,3,2,rebalance_exit,3.3126864426674523,2.9999999999999964,150,1.986653316426056,1.428372358034953,1677012743.3140526,-9.64317055479748,44.65712333333333
IDFCFIRSTB,2025-08-01,2567,177184.8647,-2942.8656,69.0241,2025-09-01,19,1,0,rebalance_exit,1.750906569616593,30.000000000000004,150,0.1094629232506446,1.1025015498392778,1559018563.035469,-1.660901231593739,67.8776778730035
ABCAPITAL,2025-08-01,232,59615.1608,12525.3568,256.9619,2026-06-17,216,4,4,rebalance_trim,2.8905253208011388,7.000000000000005,150,0.6730487319280926,1.8707330297668043,1017730633.7153932,21.010354802230108,310.9505068965517
GODFRYPHLP,2025-08-01,68,208290.98729999998,25077.184999999998,3015.3831,2025-10-01,41,4,3,rebalance_exit,3.304797882068434,4.000000000000003,150,1.7214018588688544,1.5950152531987505,776547332.3232422,12.039495959506645,3431.8848867647057
NAM-INDIA,2025-09-01,83,65535.6098,18195.2736,777.2366,2026-05-21,178,4,4,rebalance_trim,2.221174584203565,17.999999999999993,150,0.4397423061036655,1.3003796678259516,565222536.9543457,27.76394948567336,1008.8058240963854
MOTILALOFS,2025-09-01,196,169673.94400000002,18733.8959,855.5943,2025-12-01,62,2,1,rebalance_exit,2.00649509248544,22.999999999999996,150,0.4834115495863185,1.051044608064302,1005098269.2514038,11.041115364183435,961.2644892857144
BOSCHLTD,2025-09-01,5,196317.8645,-13637.1634,39263.5729,2026-02-02,105,2,1,rebalance_exit,3.139047526106917,4.000000000000003,150,0.914113575203236,1.8843184515581013,1109640350.0,-6.946470936168929,36536.14022
IIFL,2025-09-01,358,153743.1,5879.977,429.45,2025-10-01,22,1,0,rebalance_exit,2.261187026422381,17.000000000000004,150,0.2833527609691038,1.4549656206139376,676999256.8892212,3.8245469227562077,445.8745167597766
PIIND,2025-09-01,41,152265.1399,-8441.14,3713.7839,2025-10-01,22,1,0,rebalance_exit,1.8692731127216136,28.000000000000007,150,-0.1298647881511562,1.359270270574371,627358910.5754395,-5.543711453287148,3507.9024365853656
TORNTPHARM,2025-09-01,48,169861.128,-781.4631,3538.7735,2025-11-03,43,1,0,rebalance_exit,2.0871235150520047,22.000000000000004,150,0.5985353735993854,1.0487718307468834,1158365458.453125,-0.46005999677571907,3522.49301875
DELHIVERY,2025-09-01,461,210198.9891,-5814.2442,455.9631,2026-02-02,105,1,0,rebalance_exit,2.142337582386766,19.0,150,-0.0605728464176217,1.5853752094033575,1076215257.324371,-2.76606668038443,443.3508566160521
RADICO,2025-09-01,66,189568.63199999998,-24865.5254,2872.252,2026-03-02,125,1,0,rebalance_exit,2.39749005270215,14.0,150,1.3516174433985386,0.8140003113195319,598229194.8266602,-13.116898686065321,2495.501615151515
JKCEMENT,2025-09-01,30,202921.734,-37572.0147,6764.0578,2026-01-01,84,1,0,rebalance_exit,3.315659019929835,2.9999999999999964,150,1.6677144279038856,1.5136634443924608,709488996.2915039,-18.515520225152425,5511.65731
GMDCLTD,2025-09-01,420,173137.0629,67764.3863,397.0673,2025-11-03,43,5,4,rebalance_exit,1.997299004509545,24.0,150,0.3099412588294978,1.1682346136485589,775838383.692627,39.139156668690376,573.574879047619
JPPOWER,2025-09-01,9560,176642.032,-4973.2049,18.4772,2025-11-03,43,1,0,rebalance_exit,1.909077077675568,25.999999999999996,150,0.3472117465893357,1.0516781581263883,1077597640.4737358,-2.815414227118945,17.956990282426776
SYRMA,2025-09-01,308,230912.7586,9708.2839,757.9619,2026-02-02,105,4,3,rebalance_exit,3.028502548607852,7.000000000000005,150,1.395799053284037,1.4210490054398728,751062810.310791,4.204308137350363,781.237150974026
DATAPATTNS,2025-10-01,65,166693.111,11345.9578,2564.5094,2025-11-03,21,1,0,rebalance_exit,1.801415571790017,30.000000000000004,150,0.0120571845542236,0.9236325848785866,624634229.4238281,6.806494720708645,2739.062596923077
UNOMINDA,2025-10-01,144,185254.8768,2186.6264,1286.4922,2025-12-01,40,1,0,rebalance_exit,2.354886567006502,20.000000000000007,150,0.393736868226409,1.184942190344312,729167365.0412598,1.180334055313787,1301.6771055555555
ASHOKLEY,2025-10-01,1194,167047.5252,-1764.2496,139.9058,2025-11-03,21,1,0,rebalance_exit,1.9728806209602043,28.000000000000007,150,0.3458194847072982,0.835792321328334,1468107379.0401611,-1.0561363288008772,138.4282040201005
HBLENGINE,2025-10-01,330,266782.6381,-36390.314,814.9654,2026-04-01,122,6,5,rebalance_exit,3.095259451736464,10.000000000000009,150,0.7965800410913046,1.6188646843929717,822083407.25,-13.640435621736211,698.1585578787877
AIIL,2025-10-01,294,183309.5586,-13385.8774,623.5019,2025-11-03,21,1,0,rebalance_exit,4.2470871515820106,1.0,150,1.861229706613492,1.9509480103800567,542015609.5596313,-7.302334642139059,577.9717047619048
LEMONTREE,2025-10-01,998,167106.11800000002,-2653.928,167.441,2025-11-03,21,1,0,rebalance_exit,2.58550129184449,15.999999999999996,150,1.1069010688313168,0.8598274595725376,526864479.2893066,-1.588169261403104,164.78175350701403
UNIONBANK,2025-11-03,1178,175838.05740000002,5247.5226,149.2683,2025-12-01,19,1,0,rebalance_exit,1.696544953676283,30.000000000000004,150,0.921618639416706,0.3895399952849808,1108571964.5282593,2.984292864463822,153.72290322580648
PNB,2025-11-03,1468,175920.71600000001,222.1992,119.837,2026-01-01,41,1,0,rebalance_exit,1.7705783402892337,28.000000000000007,150,0.7490520716275415,0.586938944828846,1490947309.0612793,0.12630644363680282,119.98836185286105
GPIL,2025-11-03,693,194632.8615,-28266.2308,280.8555,2026-03-02,82,1,0,rebalance_exit,2.1923159070210843,22.000000000000004,150,1.0009665428912196,0.845085908197838,573305802.7928009,-14.522846030293813,240.06728816738817
JINDALSTEL,2025-11-03,164,175138.798,-2675.6777,1067.9195,2025-12-01,19,1,0,rebalance_exit,1.7392818599502544,29.0,150,0.6361387952741395,0.6338794342798415,1399287372.0,-1.527746981568299,1051.6043920731709
FORCEMOT,2025-11-03,16,291922.706,19956.1034,17864.1092,2026-05-01,121,9,8,rebalance_exit,4.030001570642093,2.000000000000006,150,3.113439567277008,1.2580466666395196,1492516762.03125,6.8360915371893,19492.4255875
POONAWALLA,2025-11-03,366,175629.67500000002,1569.5578,479.8625,2026-01-01,41,1,0,rebalance_exit,2.7181393558189333,12.999999999999996,150,1.7871980432319985,0.8357228550001081,563555384.2384644,0.8936746025408291,484.1509092896176
TATAINVEST,2025-11-03,244,192109.862,-23215.8821,787.3355,2026-01-01,41,1,0,rebalance_exit,3.345057179739693,4.999999999999993,150,1.3843809196892096,1.764751298831457,681768006.4094238,-12.0846904257315,692.1884422131147
GLENMARK,2025-11-03,92,174110.1472,3598.7152,1892.5016,2026-02-02,62,1,0,rebalance_exit,2.3431562750015957,17.000000000000004,150,0.542075842970513,1.3225476925350064,1199077791.6992188,2.066918705126452,1931.6180695652176
HINDCOPPER,2025-11-03,514,175822.6436,-3961.4661,342.0674,2025-12-01,19,1,0,rebalance_exit,2.2671097064811274,17.999999999999993,150,0.5040401189340933,1.270815894059688,1486366447.322815,-2.2531034791015965,334.3602675097277
POLYCAB,2025-11-03,22,168991.35220000002,-2552.5146,7681.4251,2026-01-01,41,1,0,rebalance_exit,1.836186411952748,25.999999999999996,150,0.364846655310876,0.9241203936373318,1539794482.300293,-1.5104409585285274,7565.40170909091
IDFCFIRSTB,2025-12-01,2200,177396.78,10628.2225,80.6349,2026-01-01,22,1,0,rebalance_exit,1.877774187466964,30.000000000000004,150,0.7968331765597974,0.5938671015522933,1460537845.643097,5.9912150040152925,85.46591022727273
IOC,2025-12-01,1140,177309.21600000001,10362.1111,155.5344,2026-01-01,22,1,0,rebalance_exit,2.0288837380941205,25.999999999999996,150,0.9171113818072326,0.6602250606655421,1485168909.782776,5.8440905293947045,164.6239711403509
BANKINDIA,2025-12-01,1365,194895.35210000002,-2181.4755999999998,143.0914,2026-06-01,123,2,1,rebalance_exit,2.2399669360475185,19.0,150,1.1529461823102882,0.7098435564178884,970879566.5895844,-1.1193061181267643,141.18232710622712
M&MFIN,2025-12-01,677,241815.4134,-31030.7984,374.7684,2026-06-01,123,3,2,rebalance_exit,2.0173379262754887,27.0,150,0.662523638111127,0.8110212973402733,532147569.7414551,-12.832431962750974,311.3509822747415
NAVINFLUOR,2025-12-01,14,81712.2622,13179.0288,5791.4548,2026-06-15,133,4,4,rebalance_trim,2.207915926670593,21.0,150,1.44100445128433,0.4966021632250906,443019473.1347656,16.128581494589927,6777.949357142857
SBILIFE,2025-12-01,99,192971.10280000002,-10695.467700000001,1967.8064,2026-06-01,123,2,1,rebalance_exit,2.1626367723014077,22.000000000000004,150,1.5489611004655952,0.3852571960981457,1614389889.3927002,-5.542522970957494,1841.1680313131315
SAGILITY,2025-12-01,3541,177404.1,7810.266,50.1,2026-01-01,22,1,0,rebalance_exit,2.5371756759838635,12.999999999999996,150,1.6999048578059723,0.6432121249773551,1329045176.465881,4.402528464674717,52.30566676080203
JSWSTEEL,2025-12-01,152,177383.6352,-3048.7870000000003,1166.9976,2026-04-01,82,2,1,rebalance_exit,2.390914539044702,15.999999999999996,150,1.141572794640495,0.8596681691611084,1491336701.9318848,-1.7187532528367084,1146.9397907894736
UPL,2025-12-01,232,176869.9096,-21883.2862,762.3703,2026-02-02,43,1,0,rebalance_exit,2.158496403345014,22.999999999999996,150,1.2510896541898144,0.5705413969719454,1369755585.1411743,-12.372532020562527,668.0457905172415
ANANDRATHI,2026-01-01,120,186150.06000000003,24684.542999999998,1551.2505,2026-05-01,80,3,2,rebalance_exit,3.015678058665688,10.000000000000009,150,1.4873695193632357,1.1255281077761796,554355454.8017578,13.260561398690923,1756.9550250000002
ADANIENSOL,2026-01-01,197,201265.95620000002,-13103.6862,1021.6546,2026-04-01,60,3,2,rebalance_exit,1.7935572288683874,30.000000000000004,150,0.7366735525597224,0.3756226343101985,941126242.2663574,-6.510632223851477,955.1384263959392
IIFL,2026-01-01,473,264551.2611,-38675.3706,607.6044,2026-06-01,101,4,3,rebalance_exit,2.2610300353858714,21.0,150,1.101859389120053,0.6169358982476917,616718166.3164368,-14.619235016755699,477.5388805496829
CUB,2026-01-01,1024,222273.2866,-8961.6495,217.3657,2026-05-01,80,2,1,rebalance_exit,3.1331455353896267,7.999999999999995,150,1.9936119556617504,0.9443296279822692,623316292.3952942,-4.031815805255655,208.31214560546874
UNOMINDA,2026-01-01,145,185960.035,-22657.982,1282.483,2026-03-02,41,1,0,rebalance_exit,1.95703317533801,25.999999999999996,150,0.740146012924057,0.5324970432135081,875122252.1209717,-12.1843287456899,1126.2210551724138
CHENNPETRO,2026-01-01,110,92221.38279999999,20812.6232,831.1216,2026-06-03,103,5,5,rebalance_trim,2.3981352429425877,17.000000000000004,150,1.095837160456744,0.7537175307769799,1508729689.600708,22.56811009344354,1027.5818727272726
GMRAIRPORT,2026-01-01,1782,186339.99779999998,-14811.0219,104.5679,2026-05-01,80,1,0,rebalance_exit,2.7780553422707825,12.000000000000004,150,1.3435249770617763,0.9784853482218782,1336330775.1207125,-7.9483857866612055,96.2564398989899
NEULANDLAB,2026-01-01,14,208699.11860000002,-19508.153,14907.0799,2026-02-02,21,1,0,rebalance_exit,2.065988822030703,24.0,150,0.4838038492392429,0.7879716165035273,735354720.0,-9.34750138422482,13513.640400000002
TATACONSUM,2026-01-01,157,185907.89190000002,-13286.7377,1184.1267,2026-03-02,41,1,0,rebalance_exit,2.0931285773561834,22.999999999999996,150,1.4068978504797138,0.2757524023820465,1190523906.8259275,-7.146946568113926,1099.4977974522294
NESTLEIND,2026-02-02,139,179789.9253,21713.4488,1293.4527,2026-05-01,59,2,1,rebalance_exit,2.0756495553006027,25.999999999999996,150,0.9138048234723726,0.8082138775431108,1036761217.2055664,12.07712209889883,1449.6645618705038
HEG,2026-02-02,343,180573.1732,10373.6367,526.4524,2026-04-01,39,3,2,rebalance_exit,2.0139274080253142,28.000000000000007,150,1.340183963477341,0.4832769137943446,622102248.0,5.7448382371341085,556.6962387755102
AUBANK,2026-02-02,187,180870.10259999998,-13796.9157,967.2198,2026-03-02,20,1,0,rebalance_exit,3.0881697238915926,7.999999999999995,150,2.1946706184195137,1.1193718575648528,1666712181.0690308,-7.6280797664566595,893.4395021390372
NMDC,2026-02-02,2298,180521.4582,647.99,78.5559,2026-03-02,20,1,0,rebalance_exit,1.9186395225835209,29.0,150,1.0154357576374695,0.577851020615962,1468033141.9773102,0.3589545566832786,78.83787998259355
IOC,2026-02-02,1035,164344.545,20641.3214,158.787,2026-03-02,20,1,0,rebalance_exit,2.4649391083697387,17.999999999999993,150,1.6034782902311162,0.8082321588285633,1695998489.7521973,12.559784932320085,178.7303057004831
RBLBANK,2026-02-02,95,27694.78,4148.521000000001,291.524,2026-06-10,87,2,2,rebalance_trim,3.069645501729201,9.000000000000002,150,2.901607949184676,0.6706881637379688,1502760356.6615295,14.979432947291876,335.19264210526313
APLAPOLLO,2026-02-02,86,177240.1692,-19739.8867,2060.9322,2026-06-01,80,1,0,rebalance_exit,2.22693813159094,24.0,150,0.8612990274205734,1.0026327286016203,949673564.2614746,-11.137366201521319,1831.3986337209303
HINDPETRO,2026-02-02,470,200662.505,-36458.5207,426.9415,2026-04-01,39,1,0,rebalance_exit,2.341188259092814,22.000000000000004,150,1.542924703940053,0.7119787291791391,1692495553.0,-18.16907483538093,349.3701793617021
MOTHERSON,2026-03-02,1477,182997.05060000002,-2912.5226,123.8978,2026-05-01,39,2,1,rebalance_exit,1.90191180446572,30.000000000000004,150,0.9391506646264248,0.7303306362137931,1618590672.1842194,-1.591568055578268,121.92588219363576
OIL,2026-03-02,346,173386.0322,-3874.81,501.1157,2026-05-01,39,1,0,rebalance_exit,2.150153756735719,17.999999999999993,150,0.9170698871181664,1.0779281437457464,963498234.3547974,-2.234787860841307,489.91682716763
JKTYRE,2026-03-02,421,185935.3657,-15274.8839,441.6517,2026-05-01,39,1,0,rebalance_exit,3.179809720033355,4.999999999999993,150,2.0973229525461674,1.6421810848450236,585497480.2874756,-8.215157908498954,405.36931543942995
BHARATFORG,2026-03-02,85,158413.0295,-13324.5672,1863.6827,2026-04-01,19,1,0,rebalance_exit,2.104434600426774,21.0,150,1.0915924584686365,0.8963039716953527,1122207607.2038574,-8.411282356038775,1706.923085882353
MAHABANK,2026-03-02,429,29795.637300000002,5251.930200000001,69.4537,2026-06-10,67,2,2,rebalance_trim,2.118676598731393,20.000000000000007,150,1.1724586025901118,0.859578286101944,1132122785.2542686,17.62650735448441,81.69596153846155
TORNTPHARM,2026-03-02,4,16717.0128,1022.2098,4179.2532,2026-06-09,66,1,1,rebalance_trim,1.912453700587683,29.0,150,1.3220891582138763,0.4802353584278689,806938090.6879883,6.114787445757055,4434.80565
KARURVYSYA,2026-03-02,57,17606.929500000002,-563.3042,308.8935,2026-05-05,41,1,1,rebalance_trim,3.049196490888371,7.000000000000005,150,2.210461796969574,1.3892469607881912,657960778.0484619,-3.1993323992124805,299.0109701754387
GRAPHITE,2026-03-02,30,20449.278000000002,2306.7037,681.6426,2026-05-14,48,1,1,rebalance_trim,2.128580453386656,19.0,150,1.4261831395413025,0.6977802813442091,614305995.5112305,11.28012294614998,758.5327233333335
MRPL,2026-03-02,966,178177.3098,951.1327999999999,184.1943,2026-04-01,19,2,1,rebalance_exit,2.2508220179248823,15.999999999999996,150,1.1639881099337348,1.0423475903371042,1002640765.3146971,0.5338125270089805,185.43317039337472
PNB,2026-04-01,1555,158265.8785,6686.3832,101.7787,2026-05-01,20,1,0,rebalance_exit,2.1926702793423027,27.0,150,1.5909120013401548,0.6330066669992194,1921284328.4593503,4.224778747871419,106.07862488745981
MARICO,2026-04-01,231,173869.1031,13691.3907,752.6801,2026-06-01,41,2,1,rebalance_exit,2.2628127228310992,22.000000000000004,150,1.5507325230959292,0.744046043419618,1158489958.5709229,7.8745392113315615,811.9501896103895
GESHIP,2026-04-01,13,18659.410900000003,1662.5863,1435.3393,2026-05-01,20,1,1,rebalance_trim,2.534128333642088,19.0,150,1.5474674663988317,1.078605535244126,554450034.3114014,8.91017572264299,1563.230553846154
KEI,2026-04-01,7,28970.473,6437.7996,4138.639,2026-06-01,41,2,2,rebalance_trim,2.58605489856784,17.999999999999993,150,2.2824761832789715,0.6835746300953792,1469070552.0,22.22193472643681,5058.324657142858
APARINDS,2026-04-01,5,51843.1835,16984.747600000002,10368.6367,2026-06-16,52,3,3,rebalance_trim,2.110671052719882,28.000000000000007,150,1.7226012792600065,0.4503303467545646,732000368.0,32.761775904444605,13765.586220000001
AUBANK,2026-04-01,18,15501.564,3520.7465,861.198,2026-04-24,15,1,1,rebalance_trim,3.151984449112553,4.999999999999993,150,2.7049028331789007,1.1135635270012836,1934511743.0775144,22.712201813958902,1056.7950277777777
ACUTAAS,2026-04-01,18,46464.371999999996,6357.6103,2581.354,2026-06-08,46,3,3,rebalance_trim,2.810754305937736,12.999999999999996,150,1.905562580868882,1.19417173157004,665204883.0,13.682763860447745,2934.554572222222
SYRMA,2026-05-01,63,60832.34389999999,15100.1815,960.6767,2026-06-24,38,4,4,rebalance_trim,2.311413898731904,12.999999999999996,150,1.327649623406986,0.1328844059020222,856128515.0481567,24.822619895795274,1205.278180952381
ABB,2026-05-01,26,186042.3942,2196.2871,7155.4767,2026-06-01,21,1,0,rebalance_exit,2.2385883274120166,19.0,150,0.3109527826044773,0.6776810980173381,2049985994.9521484,1.1805304427758219,7239.94928076923
MRPL,2026-05-01,1095,182625.85199999998,-23043.5285,166.7816,2026-06-01,21,1,0,rebalance_exit,2.2803266419117447,15.999999999999996,150,0.6151744458500052,0.5357896349279796,1986924118.2211916,-12.617889662193063,145.73728173515983
ASTRAL,2026-05-01,120,182527.068,8239.055400000001,1521.0589,2026-06-01,21,2,1,rebalance_exit,2.162655767880744,21.0,150,0.5597507869953937,0.4450694225756337,1060514242.4677734,4.513881415111539,1589.717695
NMDC,2026-05-01,214,19325.9548,495.3806,90.3082,2026-06-02,22,1,1,rebalance_trim,2.0523714728488858,28.000000000000007,150,0.670459150392179,0.2605473528410992,2162694600.709976,2.5632917241429127,92.62306261682242
HSCL,2026-06-01,23,13917.014799999999,1740.7608,605.0876,2026-06-10,7,1,1,rebalance_trim,2.4513466688996948,10.999999999999998,150,0.8438635846952712,1.1702817831318384,1656914638.774414,12.508147939887223,680.772852173913
