,swing,lowvol,blend,w_swing
2017-09-15,,,,
2017-09-18,0.009739293787695669,0.0091010998774112,0.009420196832553435,0.5
2017-09-19,0.0011392152350280238,-0.0012936049086944,-7.719483683318808e-05,0.5
2017-09-20,-3.793753587444382e-05,-0.0025554252317518,-0.001296681383813122,0.5
2017-09-21,-0.0010241573336715604,-0.0063539676811695,-0.00368906250742053,0.5
2017-09-22,-0.005657677924209792,-0.004232286347224,-0.004944982135716896,0.5
2017-09-25,-0.0008783015719650011,-0.0121577434611802,-0.006518022516572601,0.5
2017-09-26,0.0006115300391258405,-0.002713723220907,-0.0010510965908905798,0.5
2017-09-27,-0.003055769220991711,-0.008847916957506,-0.005951843089248856,0.5
2017-09-28,-0.0014559498583276431,0.0094298081013297,0.003986929121501028,0.5
2017-09-29,-0.0018033931038381468,0.0068035931680605,0.0025001000321111765,0.5
2017-10-03,-0.005738785737630536,0.0018605195905128,-0.0019391330735588682,0.37481240141373107
2017-10-04,0.00809489955061693,0.0022274663702885,0.004426653090742004,0.37481240141373107
2017-10-05,-0.004757323255790369,-0.0017979080659842,-0.002907133580055723,0.37481240141373107
2017-10-06,0.008568772233697342,0.0057012179928896,0.006776012884070879,0.37481240141373107
2017-10-09,-0.011486321228053042,0.0013630908645443,-0.003453028138636745,0.37481240141373107
2017-10-10,-0.005690138443757764,0.0012474469075189,-0.0013528461180058295,0.37481240141373107
2017-10-11,-0.013573179370271249,-0.0025860675965818,-0.006704173345079421,0.37481240141373107
2017-10-12,0.0028647886121651034,0.0118100491808099,0.008457254585804586,0.37481240141373107
2017-10-13,0.0012640706733164642,0.0084107505425929,0.005732086298654229,0.37481240141373107
2017-10-16,0.01633066907328029,0.0036566492249914,0.00840702903989385,0.37481240141373107
2017-10-17,-0.006676362600741115,0.0022055640019176,-0.0011234922372054148,0.37481240141373107
2017-10-18,-0.004696869118235636,-0.0019987491292389,-0.0030100379616171563,0.37481240141373107
2017-10-19,0.00364708812383685,-0.0036229003228636,-0.0008980184949057238,0.37481240141373107
2017-10-23,-0.005718754035968887,-0.0009463978968176,-0.002735136161734456,0.37481240141373107
2017-10-24,0.005646476888684138,0.0001396470439161,0.002203675162210412,0.37481240141373107
2017-10-25,0.0035732446640261983,-0.0173279376927961,-0.009493915341249229,0.37481240141373107
2017-10-26,0.006050594254569441,0.0013788942443668,0.003129905343875404,0.37481240141373107
2017-10-27,-8.56221575321614e-05,0.0005576620456471,0.00031655114866196255,0.37481240141373107
2017-10-30,-0.003357245813197962,0.0056258813615774,0.002258893892994901,0.37481240141373107
2017-10-31,-0.004556642590558546,-0.0011900022094832,-0.002451860775410489,0.37481240141373107
2017-11-01,-7.811352503273028e-05,0.0077668981083063,0.004826490458895841,0.37481240141373107
2017-11-02,0.009119700603917646,-0.001398162403849,0.002544063087832665,0.37481240141373107
2017-11-03,-0.0025836348315281255,0.0001096945614669,-0.0008997986961197521,0.37481240141373107
2017-11-06,-0.0029883267541866987,0.0094059809179076,0.004760440695469305,0.37481240141373107
2017-11-07,-0.011738883643752307,-0.0042446885428325,-0.007053605805271272,0.37481240141373107
2017-11-08,0.002548052213750651,0.0002107469875316,0.0010867979722076265,0.37481240141373107
2017-11-09,0.008281018083874603,-0.0020143968861422,0.0018444523223206737,0.37481240141373107
2017-11-10,0.011667801171768577,-4.8234728585172526e-05,0.004343080822275901,0.37481240141373107
2017-11-13,-0.0020862689681862,-0.0033476496672081,-0.002874868538310771,0.37481240141373107
2017-11-14,-0.01082496319784787,-0.0019105481868556,-0.005251781484324224,0.37481240141373107
2017-11-15,-0.01432792809193495,-0.0057816926336319,-0.008984927668805645,0.37481240141373107
2017-11-16,0.0027665065950797096,0.0067585059130168,0.0052622550622188225,0.37481240141373107
2017-11-17,0.004226304557072957,0.0050791953491873,0.004759521303251264,0.37481240141373107
2017-11-20,0.032925693565275305,0.0037221414966246,0.014667994977286505,0.37481240141373107
2017-11-21,0.009938101882073891,-0.0010244880096881,0.0030844266333571063,0.37481240141373107
2017-11-22,0.005602778519190554,0.0036479343862541,0.004380634210109556,0.37481240141373107
2017-11-23,-0.026990033334386765,-0.0018161446339566,-0.011251630310686819,0.37481240141373107
2017-11-24,0.027316150125787475,0.0033077489071795,0.012306395422030303,0.37481240141373107
2017-11-27,-0.008681737457768568,-0.0003315415728173,-0.00346129854473094,0.37481240141373107
2017-11-28,0.0042377523108276804,0.0019501938208887,0.002807599111877098,0.37481240141373107
2017-11-29,0.0076983429392116776,0.0032403181182745,0.004911241106971982,0.37481240141373107
2017-11-30,0.004291393083144079,-0.0089914559421515,-0.004012879401364427,0.37481240141373107
2017-12-01,0.00016926755509905078,-0.0050893133881,-0.0031183320367510806,0.37481240141373107
2017-12-04,0.014620724728035217,-0.0060634752043376,0.0016892194436367888,0.37481240141373107
2017-12-05,0.0001601353129931926,-0.0068031057739568,-0.0041931966605343145,0.37481240141373107
2017-12-06,-0.008302046790205297,-0.0025900890209071,-0.004731001629191576,0.37481240141373107
2017-12-07,0.016792295876598695,0.0063126679331373,0.010240562448548506,0.37481240141373107
2017-12-08,0.004910990692590822,0.0136655049914342,0.010384204463873867,0.37481240141373107
2017-12-11,0.025801618857639985,0.0093561174089988,0.015520095299416996,0.37481240141373107
2017-12-12,0.00293952469236336,-0.0103857160592159,-0.005391250573700367,0.37481240141373107
2017-12-13,-0.008974038314495836,-0.0030652728652307,-0.005279951432660249,0.37481240141373107
2017-12-14,-0.0015012636747283592,0.0076326464800575,0.004209143680644948,0.37481240141373107
2017-12-15,0.01691461671324679,0.0063376428818577,0.010302023843290837,0.37481240141373107
2017-12-18,-0.0044770771183452185,0.0084220125692227,0.003587273787374274,0.37481240141373107
2017-12-19,0.013430148221968086,0.0209885798143343,0.018155585918278108,0.37481240141373107
2017-12-20,0.009166721992078797,-0.0004954671387259,0.0031260411723046597,0.37481240141373107
2017-12-21,-0.0009735188500643588,0.0014558534298605,0.0005452945716939129,0.37481240141373107
2017-12-22,-0.0006509941040833134,0.0007291598254992,0.00021186101683178064,0.37481240141373107
2017-12-26,0.014704857313639907,0.0023503921491252,0.006980998905619243,0.37481240141373107
2017-12-27,0.0001372344799268621,-0.0023964981048414,-0.0014468237102041876,0.37481240141373107
2017-12-28,0.008871624897018648,-0.0013594187473069,0.0024753032899914496,0.37481240141373107
2017-12-29,0.0038421880439181155,0.0093710057823679,0.007298736328840703,0.37481240141373107
2018-01-01,0.004565578745459931,-0.0044779564409875,-0.0010883273004855642,0.3689538844916344
2018-01-02,-0.003603490350490235,-0.001667832883885,-0.0023820012252342374,0.3689538844916344
2018-01-03,0.006384384752822436,-0.0014365628274634,0.0014490061626885081,0.3689538844916344
2018-01-04,0.021342010502981346,-0.0016644320796425,0.0068238842795503175,0.3689538844916344
2018-01-05,0.0022264487527179355,0.0084185265383471,0.006133935386264861,0.3689538844916344
2018-01-08,0.007091984681277141,0.00576797575653,0.00625647399241705,0.3689538844916344
2018-01-09,0.01370868946948156,-0.0002381121468767,0.004907614485712886,0.3689538844916344
2018-01-10,0.010959547359473909,0.0017397790285045,0.005141448368328616,0.3689538844916344
2018-01-11,-0.0024438646359149496,0.0017112226406872,0.0001781870495830705,0.3689538844916344
2018-01-12,-0.006686162695920039,-0.0052786797962101,-0.005797976079413632,0.3689538844916344
2018-01-15,-3.440384227870741e-05,-0.0040703479596849,-0.0025812706999767242,0.3689538844916344
2018-01-16,-0.006285527814603342,0.0055474560668518,0.0011816306986620275,0.3689538844916344
2018-01-17,0.013276109380569556,-0.0020973128592057,0.003574770994089463,0.3689538844916344
2018-01-18,-0.027486259492869536,0.0038600638808952,-0.007705283892386214,0.3689538844916344
2018-01-19,0.009735692732730783,0.0046954071765932,0.006555040111477239,0.3689538844916344
2018-01-22,0.02083408467156911,0.0015880524751441,0.00868895081506617,0.3689538844916344
2018-01-23,0.013127659984636386,-0.0011409462502555,0.004123511446389416,0.3689538844916344
2018-01-24,-0.008674626534277197,-0.0054257706174196,-0.006624448628097841,0.3689538844916344
2018-01-25,0.013379554391173443,-0.0032341453108807,0.0028955437299696854,0.3689538844916344
2018-01-29,0.03391983211535177,-0.0006385132830271,0.012111922493308383,0.3689538844916344
2018-01-30,-0.029992687317927258,-0.0042904516504413,-0.013773391340079679,0.3689538844916344
2018-01-31,-0.017519301032820844,-0.0046164358066095,-0.009376998052892205,0.3689538844916344
2018-02-01,-0.0050703674965781875,0.0013354620510868,-0.0010279936439154865,0.3689538844916344
2018-02-02,-0.041362620707221964,-0.0149856585457033,-0.024717541196284467,0.3689538844916344
2018-02-05,0.011082668643147997,0.0007050634338976,0.004533921187571155,0.3689538844916344
2018-02-06,0.04130399695081577,-0.0123602593302118,0.007439376483027913,0.3689538844916344
2018-02-07,-0.0021132821654284983,-0.0008303725850893,-0.00130370705820698,0.3689538844916344
2018-02-08,0.015901171756025345,0.0029194149133939,0.007709084528008627,0.3689538844916344
2018-02-09,-0.006811327300590531,-0.0030818653672913,-0.004457864834645732,0.3689538844916344
2018-02-12,-0.004113008374900029,0.005386103639918,0.0018813693628297323,0.3689538844916344
2018-02-14,0.0007560142000222481,-5.465717078134702e-05,0.0002444431805227975,0.3689538844916344
2018-02-15,-0.024119356416215654,0.0001096376610414,-0.008829743821087392,0.3689538844916344
2018-02-16,-0.005467185986714473,-0.007795949497435,-0.006936743154092286,0.3689538844916344
2018-02-19,-0.007756688831129788,-0.002744701966497,-0.004593893989224314,0.3689538844916344
2018-02-20,0.0048719863520967355,-0.0024217486362109,0.00026930322017774803,0.3689538844916344
2018-02-21,-0.0036961349729550674,0.0014024873552673,-0.0004786691582861236,0.3689538844916344
2018-02-22,-0.008824021414653882,-0.0067678592478427,-0.007526488266432421,0.3689538844916344
2018-02-23,0.00767673135064606,0.0088906630203602,0.008442778215311753,0.3689538844916344
2018-02-26,0.01089612141982399,0.0020796760601078,0.005332537822983333,0.3689538844916344
2018-02-27,-0.004554683880268695,0.0017536206740231,-0.0005738527958391263,0.3689538844916344
2018-02-28,-0.001917193261404937,-0.0071456167533926,-0.005216569596256436,0.3689538844916344
2018-03-01,0.006643687751587191,-0.0010403089499501,0.0017947314815029893,0.3689538844916344
2018-03-05,-0.00651819054707925,-0.0075203975689489,-0.007150629395165299,0.3689538844916344
2018-03-06,-0.008876716255492467,-0.0094937021926433,-0.009266062834454789,0.3689538844916344
2018-03-07,-0.021914764720679436,0.0013830528286904,-0.007212767456326971,0.3689538844916344
2018-03-08,-0.006250613806305649,0.0008482966280567,-0.0017708739523594843,0.3689538844916344
2018-03-09,0.004006382358868077,0.0008739806235482,0.0020296924115828048,0.3689538844916344
2018-03-12,0.0050219073649189205,0.0181055950126334,0.013278317631533927,0.3689538844916344
2018-03-13,0.009825181085720613,-0.0012815943342737,0.0028162936011094063,0.3689538844916344
2018-03-14,-0.008042866623207523,-0.0044584491351021,-0.005780933890978343,0.3689538844916344
2018-03-15,0.0011681417421713913,-0.0010262246937735,-0.00021660467323356911,0.3689538844916344
2018-03-16,-0.01424173996605127,-0.0108668358457224,-0.012112019830704559,0.3689538844916344
2018-03-19,-0.022075403302742158,-0.003626856230869,-0.010433519336263368,0.3689538844916344
2018-03-20,-0.00756574307428004,0.0033033543778346,-0.0007068413480412232,0.3689538844916344
2018-03-21,-0.002451147956281541,0.0040110047706181,0.0016267684198502694,0.3689538844916344
2018-03-22,-0.006787139405839859,-0.0008455542541556,-0.003037725175907324,0.3689538844916344
2018-03-23,-0.016453333433465223,-0.0064754939867941,-0.01015685660947727,0.3689538844916344
2018-03-26,0.0018234283808316043,0.0087422414784661,0.006189518510022254,0.3689538844916344
2018-03-27,0.00019556339219684027,0.0081889206544003,0.005239740442380918,0.3689538844916344
2018-03-28,-0.00552322238776648,0.0001180730436354,-0.0019633048193452344,0.3689538844916344
2018-04-02,0.014388208639640077,0.0149981591246703,0.014773115523870842,0.2856963610655124
2018-04-03,0.023614317966578646,0.0043232453731765,0.00983463461416213,0.2856963610655124
2018-04-04,-0.007951442482740045,-0.0017337159144278,-0.0035100977690949646,0.2856963610655124
2018-04-05,0.06138866320659342,0.007934679436955,0.023206288084395656,0.2856963610655124
2018-04-06,-0.010145088258988966,0.0075717702152546,0.0025101282196505277,0.2856963610655124
2018-04-09,0.007892515500034225,0.0057670835158978,0.006374311699457829,0.2856963610655124
2018-04-10,0.006493154052351402,-0.0045124693191819,-0.0013682027706772805,0.2856963610655124
2018-04-11,0.008131304232955605,0.0023247499660246,0.003983661390416212,0.2856963610655124
2018-04-12,-0.0020649998966647543,0.0039024810590588,0.002197593465280835,0.2856963610655124
2018-04-13,0.029472685847857116,-0.0028862364142151,0.00635858992406073,0.2856963610655124
2018-04-16,0.02891206461861473,0.0102352208379425,0.015571127142269603,0.2856963610655124
2018-04-17,0.011352799881931164,0.0068313978470302,0.00812314595531561,0.2856963610655124
2018-04-18,0.008937120731996817,0.0054824166681561,0.006469413047753631,0.2856963610655124
2018-04-19,-0.00038488297431704677,0.0036336591372416,0.0024855762791807746,0.2856963610655124
2018-04-20,-0.008322885210840458,-0.0040777772185763,-0.005290589124296294,0.2856963610655124
2018-04-23,0.012225554693946261,-0.0026459493026617,0.0016027852727404184,0.2856963610655124
2018-04-24,0.016542737006099317,-0.0009698667452487,0.0040334204192936695,0.2856963610655124
2018-04-25,-0.0008922565998386034,-0.0002270569697321,-0.00041710208343565284,0.2856963610655124
2018-04-26,-0.004606557218678753,0.0061136798634005,0.0030509471392908914,0.2856963610655124
2018-04-27,0.0031577307766448293,-0.0010695554681808,0.00013816482914817696,0.2856963610655124
2018-04-30,0.02467635074903063,0.0096498379159162,0.013942857951841216,0.2856963610655124
2018-05-02,-0.001666697441641607,-0.0010490194548699,-0.0012254878080008485,0.2856963610655124
2018-05-03,-0.008990112793408667,-0.0062301739224308,-0.007018678414632435,0.2856963610655124
2018-05-04,0.0010489738276791005,-0.0040748356870198,-0.0026109819538774753,0.2856963610655124
2018-05-07,0.010757952843863938,0.0095338749621041,0.009883589558583667,0.2856963610655124
2018-05-08,0.0076251960813396025,-0.0050366167386316,-0.0014191828914731745,0.2856963610655124
2018-05-09,0.002457688554560633,-0.003014162935378,-0.0014508748764116303,0.2856963610655124
2018-05-10,-0.013677444444465947,0.0004845855374751,-0.003561454893666141,0.2856963610655124
2018-05-11,-0.014233110168264895,0.0076792531790312,0.001418970708363396,0.2856963610655124
2018-05-14,-0.009764016698890265,0.0038124382237478,-6.630554381985765e-05,0.2856963610655124
2018-05-15,-0.003661648436607323,0.0050437806820509,0.002556671261336495,0.2856963610655124
2018-05-16,-0.007093763765111949,0.0106092235162276,0.005551544469959843,0.2856963610655124
2018-05-17,-0.002372644787395184,-0.0070666294573902,-0.0057255751182753245,0.2856963610655124
2018-05-18,-0.01632449181562723,0.0050087120064965,-0.0010861066953531296,0.2856963610655124
2018-05-21,-0.016472380726766822,-0.0032330747632759,-0.007015496300078194,0.2856963610655124
2018-05-22,0.02500726844222778,0.0079718337433543,0.012838795445991615,0.2856963610655124
2018-05-23,-0.01226326507264286,-0.0069668662221155,-0.008480028100462729,0.2856963610655124
2018-05-24,0.007180823139133041,-0.008987354637595,-0.004368165081723514,0.2856963610655124
2018-05-25,0.01409522818960296,0.0122169763571875,0.012753586070873228,0.2856963610655124
2018-05-28,-0.008700188576440837,0.0096267735652539,0.0043908271719863045,0.2856963610655124
2018-05-29,-0.007260509284068184,-0.0034213847070545,-0.004518208628384484,0.2856963610655124
2018-05-30,0.009752012098168672,-0.0025691578434274,0.0009509555729563697,0.2856963610655124
2018-05-31,0.0012918453398507168,0.0126631966082293,0.009414442930455841,0.2856963610655124
2018-06-01,-0.009850562641626315,0.0043114883837416,0.00026544194056987843,0.2856963610655124
2018-06-04,-0.017916335775066572,-0.0128017739199206,-0.014262985630380282,0.2856963610655124
2018-06-05,-0.015057536839032437,0.0005179418122764,-0.003931915760256109,0.2856963610655124
2018-06-06,0.013224866079849962,0.0061261691227816,0.008154241011722857,0.2856963610655124
2018-06-07,0.01769371008993237,0.0082702972737018,0.010962532024116987,0.2856963610655124
2018-06-08,0.0007454731182496843,-0.0053276442147652,-0.003592576692398958,0.2856963610655124
2018-06-11,0.016294128762915472,0.0014146661172416,0.005665674449720846,0.2856963610655124
2018-06-12,0.0023001868159193695,0.006715537054903,0.005454087558795637,0.2856963610655124
2018-06-13,0.00523962194245331,-0.0010617756104613,0.0007385107400335284,0.2856963610655124
2018-06-14,-0.005990989276324243,-0.0040380036948186,-0.004595964568668176,0.2856963610655124
2018-06-15,0.002621902583418656,0.0009354942207042,0.0014172949532021688,0.2856963610655124
2018-06-18,-0.007391554285079205,-0.0023679793563721,-0.003803196433043661,0.2856963610655124
2018-06-19,-0.010574709131197624,-0.0083613714144604,-0.008993713945941274,0.2856963610655124
2018-06-20,0.002218383645229638,0.006296712971731,0.005131549123922799,0.2856963610655124
2018-06-21,-0.0015070556729579465,-0.0058886136381859,-0.004636818471722663,0.2856963610655124
2018-06-22,0.015072556043288277,0.0052251265878149,0.008038501349092984,0.2856963610655124
2018-06-25,0.0010742580391647216,-0.0043756764750678,-0.0028186500163062283,0.2856963610655124
2018-06-26,-0.005539165072089847,0.0054893645728153,0.0023385537853627724,0.2856963610655124
2018-06-27,-0.020746300909141868,-0.0045325592310897,-0.00916476622776544,0.2856963610655124
2018-06-28,-0.020658253386979908,-0.0015074151925653,-0.006978739976063981,0.2856963610655124
2018-06-29,0.01123295407308711,0.0087503156988077,0.009459596448180927,0.2856963610655124
2018-07-02,-0.007774758739927057,-0.0103548555167062,-0.009617731256383542,0.2940768432322958
2018-07-03,-0.0018422021009599776,0.0052879177523499,0.0031911146140206114,0.2940768432322958
2018-07-04,0.020595889598274075,0.0125205100229355,0.014895292156353625,0.2940768432322958
2018-07-05,-0.00059421361454981,0.0038244321201441,0.0025250107311234667,0.2940768432322958
2018-07-06,-0.001400435501408115,0.0030644119988845,0.0017514037404848409,0.2940768432322958
2018-07-09,0.008511398281894955,0.0064975435724463,0.007089771608129454,0.2940768432322958
2018-07-10,0.0033519297826425376,0.0070043457023467,0.005930254758508718,0.2940768432322958
2018-07-11,0.006043341536305036,4.746096953889278e-05,0.0018107105990113489,0.2940768432322958
2018-07-12,0.012741198600339843,0.0076102467619494,0.009119140881360207,0.2940768432322958
2018-07-13,0.006387722899953818,0.0028909676369897,0.003919282386278105,0.2940768432322958
2018-07-16,0.0009736382667331345,0.0002204173492401,0.0004419221789129851,0.2940768432322958
2018-07-17,0.006811702787619334,0.0003103768933307,0.0022222662891474843,0.2940768432322958
2018-07-18,-0.0018653087847871896,-0.0024197008038018,-0.0022566669489368046,0.2940768432322958
2018-07-19,0.0007366568693676356,-0.0004476336706743,-9.936124718889678e-05,0.2940768432322958
2018-07-20,0.029407482905614346,0.0002707588277885,0.00883919466672595,0.2940768432322958
2018-07-23,0.008172781229349946,0.0012787820733084,0.0033061475823632095,0.2940768432322958
2018-07-24,0.0015213530030995237,0.0112686440450877,0.008402191465393383,0.2940768432322958
2018-07-25,0.007204386180248212,-0.0061798834813133,-0.002243879710271502,0.2940768432322958
2018-07-26,-0.006368606161974544,-0.0036814623019133,-0.004471689085591157,0.2940768432322958
2018-07-27,-0.0003033531668436007,0.0025649250774417,0.0017214308658504074,0.2940768432322958
2018-07-30,-0.004503587248019136,0.0042641236374132,0.0016857428978518218,0.2940768432322958
2018-07-31,0.006076831250091397,0.0115975197773168,0.009974013122761602,0.2940768432322958
2018-08-01,0.0029165703843736512,-0.0016710906235681,-0.0003219657565326975,0.2940768432322958
2018-08-02,-0.0015852348495730695,-0.0088765821241728,-0.0067323657347481075,0.2940768432322958
2018-08-03,0.009520150192795063,0.0090408529119412,0.009181803143264528,0.2940768432322958
2018-08-06,0.0006676287288220895,0.0043450968355525,0.0032636386236377735,0.2940768432322958
2018-08-07,0.0044742174831098325,0.0014361693249111,0.0023295889368618737,0.2940768432322958
2018-08-08,0.010458058846811724,0.0015269291571855,0.004153367582809014,0.2940768432322958
2018-08-09,-0.012451703069058628,-0.0045283750097783,-0.006858442313345332,0.2940768432322958
2018-08-10,0.0009752393306217133,-0.0038310098051792,-0.002417603231534918,0.2940768432322958
2018-08-13,-0.004100604754343151,-0.0009356889869637,-0.001866417424930768,0.2940768432322958
2018-08-14,0.008168275980294348,0.0085527613446467,0.008439693102428942,0.2940768432322958
2018-08-16,0.0002280723800949236,-0.0075242096543928,-0.005244443025844211,0.2940768432322958
2018-08-17,0.004143934429847729,-0.0017928752952692,-4.699703243601959e-05,0.2940768432322958
2018-08-20,0.005179833202089146,0.0057166113816931,0.005558757349119191,0.2940768432322958
2018-08-21,0.020030682176742642,0.0060852539999802,0.01018628149572521,0.2940768432322958
2018-08-23,0.022010231943678793,0.0067929129875097,0.011267974108598883,0.2940768432322958
2018-08-24,0.005605070659820743,-0.0061737489383709,-0.0027098708539320024,0.2940768432322958
2018-08-27,-0.00345514223932486,0.0065907200081654,0.003636464550876968,0.2940768432322958
2018-08-28,-0.002046550903669564,0.0069953790883949,0.004336356859601166,0.2940768432322958
2018-08-29,0.000175948782016766,-0.0069658181201341,-0.004865589854448681,0.2940768432322958
2018-08-30,0.005002588639618999,-0.0032771129639573,-0.0008422444534722045,0.2940768432322958
2018-08-31,0.0015060319973414504,0.0020409234819864,0.0018836242827101773,0.2940768432322958
2018-09-03,-0.008020565632769872,-0.0087248643965479,-0.008517746439403649,0.2940768432322958
2018-09-04,-0.01873096639915206,-0.0200525235361727,-0.01966388418516656,0.2940768432322958
2018-09-05,-0.0012433985797468683,-0.0072410879715357,-0.005477306408510613,0.2940768432322958
2018-09-06,0.003859446243891229,0.0014162687789947,0.0021347506953277545,0.2940768432322958
2018-09-07,-0.006594628236896161,0.0023390431847423,-0.000288142705407715,0.2940768432322958
2018-09-10,-0.015919411700547004,-0.0098766908443725,-0.011653715118290255,0.2940768432322958
2018-09-11,-0.013922144880750276,-0.0125267639754459,-0.012937113187184435,0.2940768432322958
2018-09-12,0.011968462812477876,-0.0007487492103831,0.0029910883560156547,0.2940768432322958
2018-09-14,0.01447464056697867,0.0161710681712545,0.01567218809661694,0.2940768432322958
2018-09-17,-0.006388528565352325,-0.0097366852337429,-0.008752069890055439,0.2940768432322958
2018-09-18,-0.005686997372678748,-0.0067608604282762,-0.006445062170822314,0.2940768432322958
2018-09-19,-0.0059669207506013455,-0.0111972913178396,-0.009659160452491062,0.2940768432322958
2018-09-21,-0.015306774067696871,-0.0013375844142207,-0.005445599610028221,0.2940768432322958
2018-09-24,-0.023400259154523373,-0.0250752398594945,-0.024582666821301585,0.2940768432322958
2018-09-25,-0.005004561618496717,0.0074478038094283,0.0037858514936091343,0.2940768432322958
2018-09-26,-0.004097861798464608,-0.0075878801069112,-0.00656154653994031,0.2940768432322958
2018-09-27,-0.017593117912719114,4.617976127274659e-05,-0.005141129215529558,0.2940768432322958
2018-09-28,-0.005095267607756582,-0.0019126148321375,-0.002848559313496064,0.2940768432322958
2018-10-01,-0.022447291380319978,0.0043028660410386,-0.0035637358094015004,0.4276585966108745
2018-10-03,-0.022746045936084314,-0.004798431130879,-0.012473882890985657,0.4276585966108745
2018-10-04,0.005663543279610828,-0.0202824316073833,-0.009186412399510395,0.4276585966108745
2018-10-05,-0.02973454372444173,-0.0085871300805869,-0.01763100332146752,0.4276585966108745
2018-10-08,-0.015687097481071777,-0.0052660126523694,-0.009722679165375135,0.4276585966108745
2018-10-09,0.0003961683005198058,-0.0081377200538665,-0.004488129336595767,0.4276585966108745
2018-10-10,0.03813995884673971,0.0155449715280611,0.0252079120952077,0.4276585966108745
2018-10-11,-0.012790012630739866,0.0033308193827901,-0.0035633930123157844,0.4276585966108745
2018-10-12,0.020077129166780727,0.018426427639778,0.019132364338239415,0.4276585966108745
2018-10-15,0.015892350820007728,0.001505452007859,0.007658132963445183,0.4276585966108745
2018-10-16,0.012495815865212645,0.0001059459112291,0.005404580307940943,0.4276585966108745
2018-10-17,-0.047411763830076725,-0.0116076269972347,-0.02691957390803164,0.4276585966108745
2018-10-19,0.007244707275722018,-0.0030364209359796,0.0013603919266131843,0.4276585966108745
2018-10-22,-0.023714203269973977,-0.0034679884740683,-0.012126456280367645,0.4276585966108745
2018-10-23,0.00747839254020688,-0.0133677159411852,-0.0044526984432350135,0.4276585966108745
2018-10-24,0.026312897980121264,0.0021906938321478,0.012506761805231147,0.4276585966108745
2018-10-25,-3.342162025365969e-05,-0.0035529028691347,-0.002047766457439946,0.4276585966108745
2018-10-26,0.007066495101658354,-0.0056602590015005,-0.00021755320233189527,0.4276585966108745
2018-10-29,0.023652861088825583,0.0058319842880352,0.013453235451036508,0.4276585966108745
2018-10-30,0.00010377542285122665,0.0017196448041558,0.001028604372240604,0.4276585966108745
2018-10-31,0.006777544538456137,0.005997049638539,0.006330834992099507,0.4276585966108745
2018-11-01,-0.015131189639338571,-0.0009400217029689,-0.007008996666905994,0.4276585966108745
2018-11-02,-0.008527836674557587,0.0054153517287083,-0.0005475726561134102,0.4276585966108745
2018-11-05,-0.007124374382371679,-0.0018736896551081,-0.004119190116815795,0.4276585966108745
2018-11-06,-0.011505863237061598,-0.0023124901966673,-0.0062441152092425735,0.4276585966108745
2018-11-07,0.006823995392682747,0.0058800358006423,0.006283728235031691,0.4276585966108745
2018-11-09,0.001648389886997892,-0.0026290839635106,-0.0007997854995624244,0.4276585966108745
2018-11-12,0.0011779901699722206,-0.0068836794637783,-0.0034360371418680497,0.4276585966108745
2018-11-13,0.012943985298954352,0.0040309105692306,0.00784266359963211,0.4276585966108745
2018-11-14,-0.00596010947572434,-0.0046702420948638,-0.0052218649687767625,0.4276585966108745
2018-11-15,0.007818914918014785,0.0021611083040931,0.004580717940498571,0.4276585966108745
2018-11-16,-0.0082279143665821,0.0053770870045752,-0.00044120878870295517,0.4276585966108745
2018-11-19,0.004210645391999224,0.0036584233168583,0.003894585834530612,0.4276585966108745
2018-11-20,-0.00293354167996307,-0.0057489731384593,-0.004544929672064694,0.4276585966108745
2018-11-21,0.0008904827958100547,-0.0029902006373828,-0.0013305930064524732,0.4276585966108745
2018-11-22,-0.008962148210170495,-0.004496272436208,-0.0064061426023393035,0.4276585966108745
2018-11-26,0.012540571087924945,0.012924059427507,0.012760057342384702,0.4276585966108745
2018-11-27,0.004845910966191136,0.0067054881531063,0.005910223983060563,0.4276585966108745
2018-11-28,-9.250961174167571e-05,-0.0016755483450932,-0.0009985482220074306,0.4276585966108745
2018-11-29,0.01616600411683189,0.0048553547887464,0.00969245120715317,0.4276585966108745
2018-11-30,0.001617689105049891,-0.0019187949888641,-0.0004063871643241624,0.4276585966108745
2018-12-03,0.00651848938357813,0.0039179136914888,0.005030072242348076,0.4276585966108745
2018-12-04,0.007340860062046817,-0.0085763039826549,-0.0017691919452726924,0.4276585966108745
2018-12-05,-0.004966976878057916,-0.0025803825406851,-0.0036010301256854185,0.4276585966108745
2018-12-06,-0.01710831834799198,-0.010505918809731,-0.013329491730527977,0.4276585966108745
2018-12-07,-0.0029711306802809867,0.0076664067919929,0.0031171724452046597,0.4276585966108745
2018-12-10,-0.03735917830490476,-0.0081152621031257,-0.02062167426538455,0.4276585966108745
2018-12-11,0.027838514422632077,0.0091513169212482,0.01714305757928027,0.4276585966108745
2018-12-12,0.01909201423959561,0.0166096192374489,0.01767123680030081,0.4276585966108745
2018-12-13,0.00021825681945308872,0.013445691257137,0.007788865208754746,0.4276585966108745
2018-12-14,0.004382984915569432,0.0024096668862469,0.0032535733053339106,0.4276585966108745
2018-12-17,0.009125553806841324,0.0065375459116558,0.007644329736128704,0.4276585966108745
2018-12-18,0.0026654929278357997,-0.0014106226416289,0.0003325632224321092,0.4276585966108745
2018-12-19,0.011786693327991538,0.0121679810307442,0.01200492006688001,0.4276585966108745
2018-12-20,-0.012054179082991001,-0.0033405912784745,-0.007067032010399658,0.4276585966108745
2018-12-21,-0.012970158883304328,-0.0128316083765949,-0.01289086069185398,0.4276585966108745
2018-12-24,-0.017140222230683677,-0.0034628201981454,-0.009312078756663442,0.4276585966108745
2018-12-26,-0.004121453909089912,0.0101604998387467,0.0040526995420854745,0.4276585966108745
2018-12-27,0.003173241584541797,-0.0039166053048117,-0.0008845713339248093,0.4276585966108745
2018-12-28,0.0019934451059624436,0.0108100843136518,0.007039572763266957,0.4276585966108745
2018-12-31,0.0005775731149186836,0.0047966853030811,0.0029923457057477246,0.4276585966108745
2019-01-01,0.004474301911486567,-0.0005568283225606,0.001594777772698552,0.3358566878360081
2019-01-02,-0.004472483687234519,-0.0008746353640011,-0.0020829967851786115,0.3358566878360081
2019-01-03,0.0125031733369656,-0.0004056939786613,0.003929835441679651,0.3358566878360081
2019-01-04,0.004163979698723619,6.848156570704589e-07,0.001398955245568402,0.3358566878360081
2019-01-07,0.007258656178796397,0.001004079540652,0.0031047209341556513,0.3358566878360081
2019-01-08,-0.005043747424273715,-0.0014764365130238,-0.0026745417401574482,0.3358566878360081
2019-01-09,-0.0005529641622747938,0.0013773770146987,0.0007290590206069209,0.3358566878360081
2019-01-10,-0.010399464123435176,0.0064284121020457,0.0007766573296413867,0.3358566878360081
2019-01-11,0.00240579826505094,-0.0014933102298989,-0.00018376856527180414,0.3358566878360081
2019-01-14,0.0066473471596795175,-0.0097062595718039,-0.004213791380795233,0.3358566878360081
2019-01-15,0.012670084312905283,-8.963284591712029e-05,0.004195803496769252,0.3358566878360081
2019-01-16,0.002147279947348313,0.00062314912936,0.0011350386577183404,0.3358566878360081
2019-01-17,-0.009924969806421324,0.0014365675961134,-0.0023792807246268348,0.3358566878360081
2019-01-18,-0.009312449098929032,-0.0060158537161246,-0.007123037322528774,0.3358566878360081
2019-01-21,-0.007630259589931021,0.0025042602781006,-0.0008994859975847177,0.3358566878360081
2019-01-22,0.013732237858613328,-0.00503772211217,0.0012662944744317433,0.3358566878360081
2019-01-23,0.004215079257986476,-0.0007582444117992,0.0009120796034714379,0.3358566878360081
2019-01-24,-0.00438909669659826,0.0012316114712005,-0.0006561409573291892,0.3358566878360081
2019-01-25,-0.0018837000606598542,-0.0076386292967506,-0.005705797824786554,0.3358566878360081
2019-01-28,-0.011187420694552808,-0.011527368687739,-0.011413194880710988,0.3358566878360081
2019-01-29,0.007552202389962348,-0.0001185018823326,0.002457755447929898,0.3358566878360081
2019-01-30,0.015439181802885393,0.0038593314057864,0.007748501605792551,0.3358566878360081
2019-01-31,0.0121332007544257,0.0013527888265081,0.004973462270126299,0.3358566878360081
2019-02-01,0.006112680264251269,0.0031238539202727,0.004127671236678347,0.3358566878360081
2019-02-04,-0.023854822934240016,-0.0056763269179861,-0.011781696379845209,0.3358566878360081
2019-02-05,-0.008984495940698278,-0.0083155097522544,-0.008540193237713196,0.3358566878360081
2019-02-06,0.01985532558349612,0.0042324642402424,0.009479506705508803,0.3358566878360081
2019-02-07,0.005712831110850081,0.0049100243322861,0.005179652357906894,0.3358566878360081
2019-02-08,-0.007058167760538692,-0.002333811266218,-0.003920517990557082,0.3358566878360081
2019-02-11,-0.020063681853708548,-0.0071435814252033,-0.011482883561629662,0.3358566878360081
2019-02-12,-0.021119495347706407,-0.0082072364387008,-0.012543904948360409,0.3358566878360081
2019-02-14,-0.012450816481975435,-0.0131030625550466,-0.012884001349290877,0.3358566878360081
2019-02-15,-0.019159448038544524,0.001095640698854,-0.0057071663163130995,0.3358566878360081
2019-02-18,-0.0020468770021627725,-0.0052221684198709,-0.0041557255614053466,0.3358566878360081
2019-02-19,-0.0031808277396712104,-0.0009628584077441,-0.001707778241286983,0.3358566878360081
2019-02-20,0.01743265077182321,0.0051693292778165,0.00928804781666172,0.3358566878360081
2019-02-21,0.01086555802842315,-0.0014964215007461,0.002655431999017219,0.3358566878360081
2019-02-22,-0.004732133908704195,-0.0025214439740209,-0.003263918973316032,0.3358566878360081
2019-02-25,-0.006598551528215979,-0.0004814917566069,-0.0025359471907944135,0.3358566878360081
2019-02-26,0.020988918359791775,-0.000994844684391,0.0063885491577998655,0.3358566878360081
2019-02-27,0.009965215249138959,0.0001417134901064,0.003441002253846274,0.3358566878360081
2019-02-28,0.006910896302456004,0.001986996854423,0.0036407214142769135,0.3358566878360081
2019-03-01,0.01070659078350844,0.0054797034610187,0.007235188524842125,0.3358566878360081
2019-03-05,0.005326342275543405,0.0091840249336934,0.007888396413404735,0.3358566878360081
2019-03-06,-0.006896958537336961,0.0038206412301029,0.0002210636706585778,0.3358566878360081
2019-03-07,-0.011657480088016148,-0.0032217697190286,-0.006054959463100628,0.3358566878360081
2019-03-08,0.00863933660756011,0.0012018929057806,0.0036998081134270457,0.3358566878360081
2019-03-11,0.009053183280549826,0.0058320930532438,0.006913917748207736,0.3358566878360081
2019-03-12,0.017090490032962702,0.004196645086324,0.008527129143573123,0.3358566878360081
2019-03-13,-0.002429684306834212,0.005533611118786,0.002859085092877561,0.3358566878360081
2019-03-14,0.002380940771709472,-0.0005242252029272,0.00045149421892814095,0.3358566878360081
2019-03-15,0.001995460201355881,0.004674926121545,0.003775009572420821,0.3358566878360081
2019-03-18,-0.0025316579578028575,0.0037366609089022,0.0016314040960306796,0.3358566878360081
2019-03-19,0.004689513216795671,0.0004821180335929,0.0018951998442405572,0.3358566878360081
2019-03-20,0.0031061259751663517,-0.0024766634056951,-0.0006016462553529345,0.3358566878360081
2019-03-22,-0.006864841973280855,-0.0060940797999576,-0.006352945430599231,0.3358566878360081
2019-03-25,-0.0003109772626440632,-0.0021487601140423,-0.0015315284526098735,0.3358566878360081
2019-03-26,0.007536059437566189,0.0105699068879498,0.009550968931864242,0.3358566878360081
2019-03-27,-0.0027175419630018904,-0.0020902058195193,-0.0023009008588291773,0.3358566878360081
2019-03-28,-0.0004985374437743717,0.0021294915682883,0.0012468504487599945,0.3358566878360081
2019-04-01,0.08978174722311483,0.00674625025153,0.03463427723722336,0.33163132068835627
2019-04-02,-0.001461762128935784,0.0021058502232116,0.0009227182271648699,0.33163132068835627
2019-04-03,5.999021400926452e-05,-0.0063648930089252,-0.00423420050043498,0.33163132068835627
2019-04-04,-0.0043175968230816375,0.0017504646383021,-0.00026189459815470625,0.33163132068835627
2019-04-05,-0.004247126763115783,-0.0015210788042495,-0.0024251216891081236,0.33163132068835627
2019-04-08,-0.0003112719350999438,-0.0054697092721786,-0.003759009885395077,0.33163132068835627
2019-04-09,-0.003802759090235752,-0.0002947271494503,-0.0014581004149899171,0.33163132068835627
2019-04-10,0.001129819825306022,-0.0019225822503219,-0.0009103101187095321,0.33163132068835627
2019-04-11,-0.001166588232035748,0.0042340088374703,0.0024430016988043423,0.33163132068835627
2019-04-12,-0.000575056653930206,-0.0007435546959008,-0.0006876754677086897,0.33163132068835627
2019-04-15,0.00697448943559853,0.0054352562840742,0.005945714206961514,0.33163132068835627
2019-04-16,-0.002048176419901959,0.0014408220772463,0.00028376089775733254,0.33163132068835627
2019-04-18,0.009258130372174156,0.0005312863741033,0.0034253811746247933,0.33163132068835627
2019-04-22,-0.0048962935580169065,-0.0037959643213164,-0.0041608679592754,0.33163132068835627
2019-04-23,-0.0008842134756473774,0.0029234797805002,0.0016607294371878312,0.33163132068835627
2019-04-24,-0.0045958485644286284,0.002379347561991,6.615405852615172e-05,0.33163132068835627
2019-04-25,0.0006498605360165666,-0.0043553699559526,-0.0026954787575512334,0.33163132068835627
2019-04-26,-0.018771502166394782,0.0018049139856748,-0.005018870077869261,0.33163132068835627
2019-04-30,-0.008760202629156222,0.0015338341230708,-0.0018799908802847249,0.33163132068835627
2019-05-02,0.004704103223032385,-0.0036316726569853,-0.0008672682929328896,0.33163132068835627
2019-05-03,-0.006824964762121577,-0.0047235642445752,-0.0054204544735043,0.33163132068835627
2019-05-06,-0.003997417851098861,-0.0081241418620748,-0.006755590928198498,0.33163132068835627
2019-05-07,-0.000594308164452495,-0.0022307751148364,-0.0016880714188177387,0.33163132068835627
2019-05-08,-0.0018394812080217982,-0.0038435816006402,-0.0031789591406441056,0.33163132068835627
2019-05-09,0.002652734364338327,-0.000904547322553,0.0002751587013312747,0.33163132068835627
2019-05-10,0.00016347056039900387,0.0005107491155045,0.0003955806696281202,0.33163132068835627
2019-05-13,-0.01548085467699567,-0.0029944491551111,-0.007135332308984064,0.33163132068835627
2019-05-14,-0.006946869919330356,-0.0018633255293022,-0.003549188069145122,0.33163132068835627
2019-05-15,-0.006604411904707841,0.0002009707142742,-0.0020559073114483992,0.33163132068835627
2019-05-16,0.012035930429952657,0.0017316821014685,0.005148893583344489,0.33163132068835627
2019-05-17,0.008024857889852743,0.0128002061144836,0.01121655107600247,0.33163132068835627
2019-05-20,0.03210359459041712,0.0202530060763177,0.024183032396182753,0.33163132068835627
2019-05-21,-0.008711226575364273,-0.0068698562512257,-0.007480512323696121,0.33163132068835627
2019-05-22,0.01129012754391745,-0.000352295007252,0.003508696959404227,0.33163132068835627
2019-05-23,-0.00517157928169687,-0.0026232729374636,-0.003468371135920196,0.33163132068835627
2019-05-24,0.02049354518608415,0.0062351546064156,0.0109636835052415,0.33163132068835627
2019-05-27,0.008979603533237235,0.0078262263443005,0.008208722344719413,0.33163132068835627
2019-05-28,0.006489201645980325,-0.0021967765781145,0.0006837658518123702,0.33163132068835627
2019-05-29,-0.011284843502251674,-0.0069612725688324,-0.008395104107572021,0.33163132068835627
2019-05-30,-0.006341032988715023,0.0056168412776966,0.0016512356421012038,0.33163132068835627
2019-05-31,0.007262719093146464,-0.0005966698898647,0.0020097496583748094,0.33163132068835627
2019-06-03,0.00717628838124873,0.0092214785088813,0.008543229405795723,0.33163132068835627
2019-06-04,0.00038505918019438035,-0.0071393842238394,-0.004644043120314885,0.33163132068835627
2019-06-06,-0.012716804798484693,-0.0014451901432139,-0.005183210597631585,0.33163132068835627
2019-06-07,0.0010187291512187002,0.0024395272561774,0.0019683461041984326,0.33163132068835627
2019-06-10,0.001840710562623471,-0.000126265713048,0.0005260452270155942,0.33163132068835627
2019-06-11,0.0007244320982719987,0.0062406258110556,0.004411283204912366,0.33163132068835627
2019-06-12,-0.004055539593681767,-0.0061890846755747,-0.005481534302318399,0.33163132068835627
2019-06-13,-0.0012774977585137126,-0.0010773127024816,-0.001143700336995602,0.33163132068835627
2019-06-14,-0.003516815066762158,-0.0067288080958844,-0.005663610605594796,0.33163132068835627
2019-06-17,-0.020734912744848177,-0.0064567966630512,-0.01119186715619919,0.33163132068835627
2019-06-18,0.014845410701222361,-0.0066703803243404,0.000464929869121662,0.33163132068835627
2019-06-19,-0.0022987709991293404,-0.0139647528239091,-0.010095947864231026,0.33163132068835627
2019-06-20,0.002303954630879179,-0.0065660091011289,-0.0036244513142252395,0.33163132068835627
2019-06-21,0.012375547918097807,-0.0135044148458113,-0.00492180861505064,0.33163132068835627
2019-06-24,0.0021428253877500136,-0.0037322754004275,-0.001783907966866988,0.33163132068835627
2019-06-25,-0.004229756939943874,0.0031179264830678,0.0006812045254944961,0.33163132068835627
2019-06-26,0.012164669948334872,-0.0010631456230439,0.003323612324714446,0.33163132068835627
2019-06-27,0.004669572415529677,-0.0010597968810384,0.0008402414254937902,0.33163132068835627
2019-06-28,0.001062858976353498,-0.0005710683477093,-2.9206871321562473e-05,0.33163132068835627
2019-07-01,0.011688897857777159,0.0036888976283719,0.0063419482699567185,0.29005051440810836
2019-07-02,0.014014256178309648,0.0102813849184757,0.011364106147609779,0.29005051440810836
2019-07-03,-0.002751838189372524,-0.001335353017047,-0.0017462052699314763,0.29005051440810836
2019-07-04,-0.0008622267814502038,0.0037611765305325,0.002420156021575765,0.29005051440810836
2019-07-05,-0.011919894247303775,0.002151360277518,-0.001930014335773978,0.29005051440810836
2019-07-08,-0.006302511080815032,-0.010396633467047,-0.009209131162870665,0.29005051440810836
2019-07-09,0.006738703750942765,-0.0022032484320573,0.00039036939843457613,0.29005051440810836
2019-07-10,-0.013161301832433026,-0.0101207562423063,-0.011002668054803861,0.29005051440810836
2019-07-11,0.004599049017210977,-0.0001641150630444,0.0012174431286438962,0.29005051440810836
2019-07-12,0.0015884134029222619,-0.001205717757669,-0.00039527857721577967,0.29005051440810836
2019-07-15,-0.013799986151507682,0.0018349436107274,-0.002699975809543529,0.29005051440810836
2019-07-16,0.0056740002798829625,0.00383992197,0.004371897327246308,0.29005051440810836
2019-07-17,0.006769058118527349,0.0024499594336493,0.0037027162289775626,0.29005051440810836
2019-07-18,0.0028647791837146386,0.004344587973952,0.0039153686731180125,0.29005051440810836
2019-07-19,-0.020783321926267195,-0.0215761593321467,-0.02134619643472936,0.29005051440810836
2019-07-22,-0.0041941311594544395,-0.0049284978531779,-0.004715494415899229,0.29005051440810836
2019-07-23,0.008743341405175853,-0.0046384256223784,-0.0007570372123468262,0.29005051440810836
2019-07-24,-0.020859441470155726,-0.0054834072035733,-0.009943233852152233,0.29005051440810836
2019-07-25,0.03147580374798675,0.0041555541115241,0.012079806572338028,0.29005051440810836
2019-07-26,0.007995884796367037,-0.0008092133563768,0.0017447098922404346,0.29005051440810836
2019-07-29,-0.012303427983668125,-0.0122539555141493,-0.012268305029382275,0.29005051440810836
2019-07-30,-0.013947543273524543,-0.0068842914795478,-0.008932991295784749,0.29005051440810836
2019-07-31,0.010159593591624994,-0.0047344512533231,-0.0004144258844284714,0.29005051440810836
2019-08-01,-0.016333641386202857,-0.0061381177715603,-0.00909533464064739,0.29005051440810836
2019-08-02,-0.003829313000726642,-0.0051812303326062,-0.004789106015057297,0.29005051440810836
2019-08-05,-0.005445454540657257,-0.0043259510562965,-0.004650663617817008,0.29005051440810836
2019-08-06,0.017985366256604962,0.0060972269758996,0.00954538788962343,0.29005051440810836
2019-08-07,-0.0027387903529209057,0.0028385462333053,0.001220836887443226,0.29005051440810836
2019-08-08,-0.00040340367958346945,0.0152174009062431,0.010686578500655566,0.29005051440810836
2019-08-09,0.003706473699814694,0.0085447860238581,0.00714143104540222,0.29005051440810836
2019-08-13,-0.007971337180593174,-0.0099985788622586,-0.009410576369661985,0.29005051440810836
2019-08-14,0.019063040297392808,0.0104503872541956,0.01294849169979351,0.29005051440810836
2019-08-16,0.01305076716006881,-0.0041248673361082,0.000856934284793593,0.29005051440810836
2019-08-19,0.016472109283652614,-0.0026674035591737,0.002884021986408669,0.29005051440810836
2019-08-20,-0.004932593476988378,0.0035468789776054,0.0010874036302410896,0.29005051440810836
2019-08-21,0.001481755089116854,-0.0044428105421259,-0.00272438723313934,0.29005051440810836
2019-08-22,-0.014088142409346416,-0.001349363126133,-0.005044252610160406,0.29005051440810836
2019-08-23,-0.01627207241394424,-0.0082390707209782,-0.010569046994264204,0.29005051440810836
2019-08-26,0.017565182656476663,0.0109158581092705,0.012844498114654108,0.29005051440810836
2019-08-27,-0.00026206320923982673,0.0052868944802861,0.0036774164480102766,0.29005051440810836
2019-08-28,-0.00486581047910295,-0.002744177467284,-0.003359558213747311,0.29005051440810836
2019-08-29,0.007959953591372804,-0.0007674705330464,0.001763923323699125,0.29005051440810836
2019-08-30,0.019109820080269957,0.0097436622348381,0.01246032113593315,0.29005051440810836
2019-09-03,-0.023274380771110326,-0.0080048580214688,-0.012433790949768639,0.29005051440810836
2019-09-04,0.0013936420663829274,0.0014787859320251,0.001454089909996893,0.29005051440810836
2019-09-05,0.0022997440071579334,-0.0017382895071267,-0.0005670558091112605,0.29005051440810836
2019-09-06,0.006839152017547923,-0.0015767568420423,0.0008642818518936007,0.29005051440810836
2019-09-09,0.018221061323211662,0.0068298878394021,0.010133903568093067,0.29005051440810836
2019-09-11,0.012037541396468843,0.0050277260251065,0.007060926579476013,0.29005051440810836
2019-09-12,0.002924180102263918,0.0002441844679512,0.0010215185802950886,0.29005051440810836
2019-09-13,0.0037004001706890666,-0.0009665827535072,0.00038707804438978493,0.29005051440810836
2019-09-16,0.01717051926511859,0.0046178088893054,0.008258728991026015,0.29005051440810836
2019-09-17,-0.02206434183549366,-0.0075943096084086,-0.011791349899376528,0.29005051440810836
2019-09-18,-0.005520467507392546,0.0009862663977546,-0.0009010151185500093,0.29005051440810836
2019-09-19,0.0030018432982938936,-0.0016757201425462,-0.0003189904603539696,0.29005051440810836
2019-09-20,0.02523159099908634,0.0251253517840719,0.025156166523037152,0.29005051440810836
2019-09-23,0.018971758111703485,0.0170931771673634,0.01763806053662651,0.29005051440810836
2019-09-24,0.014043800944495866,0.0087658603795681,0.01029672975544082,0.29005051440810836
2019-09-25,-0.004442252928439361,-0.0046416343870154,-0.004583803692391981,0.29005051440810836
2019-09-26,-0.009626716570500071,-0.0030170666869493,-0.004934199035730695,0.29005051440810836
2019-09-27,-0.0027955438418435508,0.0029799199684021,0.0013047437192949354,0.29005051440810836
2019-09-30,-0.012437427972442072,-0.0043402789934019,-0.006688861220011591,0.29005051440810836
2019-10-01,-0.014393663440865234,-0.0076904013672992,-0.009634685979949391,0.37620849798957273
2019-10-03,0.006843463700626051,-0.0033906544299309,0.0004595077802137847,0.37620849798957273
2019-10-04,-0.00831916319133541,-0.0135500279874504,-0.011582132199317446,0.37620849798957273
2019-10-07,0.0034208168285654317,4.5434483229023215e-06,0.001289774525425705,0.37620849798957273
2019-10-09,0.003654604455892274,0.0077820664004217,0.006229280141761163,0.37620849798957273
2019-10-10,-0.024057691057305375,-0.0068569927385835,-0.013328041617441626,0.37620849798957273
2019-10-11,0.009915273273298775,0.010070043083177,0.010011817365468582,0.37620849798957273
2019-10-14,0.007299006391061402,0.0056568826634846,0.006274663564549306,0.37620849798957273
2019-10-15,0.009741521183212809,-0.0031709554930431,0.0016868279626565262,0.37620849798957273
2019-10-16,-0.014499583229615531,0.0030546344742854,-0.0035494114014811354,0.37620849798957273
2019-10-17,0.009488289465077404,0.0190997452237642,0.01548383388929541,0.37620849798957273
2019-10-18,0.023947896905319288,0.0056663726640344,0.01254403743980815,0.37620849798957273
2019-10-22,0.029376897834890503,0.008833412638936,0.016562046347977068,0.37620849798957273
2019-10-23,-0.006254192881092968,-0.0012068647863182,-0.0031057125077139872,0.37620849798957273
2019-10-24,-0.00041190606637309113,-0.0030512170171326,-0.002058285808619934,0.37620849798957273
2019-10-25,-0.012765399713221548,-0.0050722102857022,-0.007966453524978516,0.37620849798957273
2019-10-27,0.012089806387168611,0.0019161767981406,0.005743582704931102,0.37620849798957273
2019-10-29,0.011446696541231871,-0.0048630631799164,0.0012728070273476237,0.37620849798957273
2019-10-30,0.0015774537065866845,-0.004196320515442,-0.0020241775876416743,0.37620849798957273
2019-10-31,0.018385497581399957,-0.0007136941247192,0.0064715840998547935,0.37620849798957273
2019-11-01,0.001838638417636984,0.0013902584291904,0.0015589427911724713,0.37620849798957273
2019-11-04,-0.00656763025580942,0.0029885747216846,-0.0006065507993789044,0.37620849798957273
2019-11-05,-0.01190172318033711,0.0048224611799219,-0.0014693190983518455,0.37620849798957273
2019-11-06,-0.005426758755289862,0.0067983215669622,0.002199142461125869,0.37620849798957273
2019-11-07,-0.0065689033800852,0.0022445825860728,-0.0010711257313076796,0.37620849798957273
2019-11-08,-0.0045396459338330475,-0.0042464284495848,-0.004356739358918114,0.37620849798957273
2019-11-11,0.006975955792138722,0.0037973952088456,0.0049931967116551654,0.37620849798957273
2019-11-13,-2.393945907452899e-05,-0.0128358480662795,-0.008015899172783237,0.37620849798957273
2019-11-14,0.03189791506673756,-0.0072744267307383,0.007462541139624252,0.37620849798957273
2019-11-15,0.00904556362279707,-1.4883455639047584e-05,0.0033937337308534168,0.37620849798957273
2019-11-18,-0.005786907893269411,-0.0041046180939106,-0.004737509812510558,0.37620849798957273
2019-11-19,-0.0015693065785871152,-0.0065578510801418,-0.004681118246057769,0.37620849798957273
2019-11-20,-0.004793532089533814,0.0079666539128802,0.0031661635028444523,0.37620849798957273
2019-11-21,-0.006464089070620238,0.0011887209021588,-0.0016903312431000247,0.37620849798957273
2019-11-22,0.0010063600382406168,-0.0028143909694928,-0.0013769919716812647,0.37620849798957273
2019-11-25,0.031112187044635142,0.0077990158408325,0.01656962896278885,0.37620849798957273
2019-11-26,-0.024668221343681962,-0.0099355889263018,-0.015478130439476878,0.37620849798957273
2019-11-27,0.001722109234254754,0.0056537746474216,0.004174648707736548,0.37620849798957273
2019-11-28,-0.001412340753450314,0.0020222307923223,0.0007301157898494599,0.37620849798957273
2019-11-29,0.01176390737413291,-0.001839191114507,0.0032784101359084475,0.37620849798957273
2019-12-02,-0.009224075020667466,-0.0085771049823814,-0.008820500608729256,0.37620849798957273
2019-12-03,-0.010827378212960426,-0.0057257396731195,-0.007645019445478771,0.37620849798957273
2019-12-04,0.005976387564119667,0.0124803847188332,0.010033525718329966,0.37620849798957273
2019-12-05,0.008385851496633956,0.0006794024772889,0.0035786340876899194,0.37620849798957273
2019-12-06,-0.005718415725062154,-0.0277942073780662,-0.019489106958358798,0.37620849798957273
2019-12-09,0.003907591391993703,-0.0044342225771565,-0.0012959612733140662,0.37620849798957273
2019-12-10,-0.0031901065990993516,-0.0094450811378086,-0.007091906561637773,0.37620849798957273
2019-12-11,-0.0003197768467340101,-0.0031361890104232,-0.002076630820602127,0.37620849798957273
2019-12-12,0.0065889328547759085,-0.0029021568754933,0.0006684717362155379,0.37620849798957273
2019-12-13,0.017011037783728034,0.0065594665915034,0.010491436491361316,0.37620849798957273
2019-12-16,-0.007812350126001011,-0.0040162651802155,-0.005444384595910295,0.37620849798957273
2019-12-17,0.005297823037660132,0.0059028763427242,0.00567525014762242,0.37620849798957273
2019-12-18,0.0026093453057212113,0.0111029005965375,0.007907552917988114,0.37620849798957273
2019-12-19,-0.008948092078198355,0.0007729778149232,-0.002884171288419717,0.37620849798957273
2019-12-20,0.00949757257965178,4.03490991922606e-05,0.003598236939927656,0.37620849798957273
2019-12-23,-0.006327247910967393,0.0036612247627589,-9.652353903356068e-05,0.37620849798957273
2019-12-24,-0.005292686350215625,-0.0054224463047605,-0.005373629507161977,0.37620849798957273
2019-12-26,0.004774682645597883,-0.0006443645052103,0.0013943270839299202,0.37620849798957273
2019-12-27,0.006232459913600552,0.0014037087460658,0.0032203259699694446,0.37620849798957273
2019-12-30,0.001857818715300219,0.0089109586209708,0.006257507450948154,0.37620849798957273
2019-12-31,-0.0018582317308838414,-0.0050236997303838,-0.0038328237688578628,0.37620849798957273
2020-01-01,-0.0016307155348376234,0.0122618021800238,0.007035318957222252,0.3885385434475424
2020-01-02,0.0035828841627387753,0.0025772578440721,0.002967982429179364,0.3885385434475424
2020-01-03,-0.003876370513447913,-0.0035681522399196,-0.0036879069189802074,0.3885385434475424
2020-01-06,-0.031789089153154926,-0.0079829287395358,-0.01723253963172192,0.3885385434475424
2020-01-07,0.0145998626467716,0.0023778894847967,0.007126597135205382,0.3885385434475424
2020-01-08,0.0014559449448410255,0.0037455313356569,0.0028559387742719848,0.3885385434475424
2020-01-09,0.02590547413565436,0.0069384047266165,0.01430784224827251,0.3885385434475424
2020-01-10,0.008802627519919337,0.0050971532230625,0.006536872809145562,0.3885385434475424
2020-01-13,0.034104414267402294,0.0147564439789777,0.022273876173508518,0.3885385434475424
2020-01-14,-0.006355742640221984,0.0035623548551459,-0.0002912082994750557,0.3885385434475424
2020-01-15,0.016816265779829864,-0.0044122459146417,0.0038358490986874017,0.3885385434475424
2020-01-16,-0.0014653942179516655,0.0036303061884475,0.0016504301747001186,0.3885385434475424
2020-01-17,-0.0007599309531383103,0.0082928399095498,0.00477548950439661,0.3885385434475424
2020-01-20,-0.02095477228219167,-0.0012120217381332,-0.008882841278169854,0.3885385434475424
2020-01-21,-0.0038069614340695557,-0.0023208853041765,-0.002898283159137309,0.3885385434475424
2020-01-22,-0.006847534158849644,-0.0010311983716506,-0.0032910690066107317,0.3885385434475424
2020-01-23,0.03435382985930979,-5.27068961887478e-05,0.013315558779866985,0.3885385434475424
2020-01-24,0.02548482492326709,0.0073575869638005,0.014400717597298652,0.3885385434475424
2020-01-27,0.006098768402584165,0.0010040238803266,0.0029835284962418996,0.3885385434475424
2020-01-28,-0.002954568932817647,-0.0064543410441704,-0.005094544685627072,0.3885385434475424
2020-01-29,0.0066184284678900696,0.0076717734211229,0.007262508307245997,0.3885385434475424
2020-01-30,-0.013738505443497528,-0.0026617938819538,-0.006965523258264553,0.3885385434475424
2020-01-31,0.00917454111694882,-0.008408930648173,-0.0015770741398015813,0.3885385434475424
2020-02-03,-0.009540625482589715,0.0187547953434976,0.007760933749494377,0.3885385434475424
2020-02-04,0.017870813869049984,0.0014080790398931,0.007804486051576841,0.3885385434475424
2020-02-05,0.02506496534757008,0.006788543011664,0.01388963752548908,0.3885385434475424
2020-02-06,0.0022729908557488354,-0.0031955575708799,-0.0010708157304252217,0.3885385434475424
2020-02-07,0.034647640615957265,0.0017666132264353,0.01454215971541891,0.3885385434475424
2020-02-10,-0.005159138625857818,-0.0063143110956924,-0.005865482066832172,0.3885385434475424
2020-02-11,0.011126300661683963,0.0103009981821458,0.010621660005449205,0.3885385434475424
2020-02-12,-0.009457837178452722,0.0033018270188875,-0.001655794323226825,0.3885385434475424
2020-02-13,-0.005094526408930933,0.0071196298632438,0.002373959375812365,0.3885385434475424
2020-02-14,0.003764287229591101,-0.0066367744628156,-0.0025955611025398704,0.3885385434475424
2020-02-17,-0.005858984072850015,-0.008417316749661,-0.007423305897758608,0.3885385434475424
2020-02-18,-0.003734172363538457,-0.003391226266429,-0.003524474043480928,0.3885385434475424
2020-02-19,-0.00238297512245933,0.0063210683087504,0.0029392119518840227,0.3885385434475424
2020-02-20,0.025121979998785404,-0.0062945717364163,0.005911969514923331,0.3885385434475424
2020-02-24,-0.03161728227434679,-0.0188153865248946,-0.02378941645275404,0.3885385434475424
2020-02-25,-0.011014773680791512,-0.0079961580774469,-0.00916900658719844,0.3885385434475424
2020-02-26,-0.013777910436926888,-0.0030453762634389,-0.007215379458706896,0.3885385434475424
2020-02-27,-0.009481177339985103,-0.0022441525454928,-0.0050560156180385896,0.3885385434475424
2020-02-28,-0.040128139232656235,-0.0385176595036688,-0.03914339295182137,0.3885385434475424
2020-03-02,0.010423784957694027,-0.0101691987819073,-0.002168030874483676,0.3885385434475424
2020-03-03,-0.0010604771105801047,0.0156127351732509,0.009134549557899531,0.3885385434475424
2020-03-04,-0.008017530259531336,0.0052288823621176,8.214049619698115e-05,0.3885385434475424
2020-03-05,0.00640571141391999,0.0131177183303878,0.010509844939453566,0.3885385434475424
2020-03-06,-0.0074583022825344125,-0.0082469695647535,-0.007940541927655365,0.3885385434475424
2020-03-09,-0.0393433861027892,-0.0312795954422014,-0.03441268892013208,0.3885385434475424
2020-03-11,-0.037223303151369236,0.0072452865936927,-0.010032474495019986,0.3885385434475424
2020-03-12,-0.1165640808088314,-0.0654994443629458,-0.0853400238293085,0.3885385434475424
2020-03-13,0.036456182582818686,0.0339361889945875,0.03491530363285599,0.3885385434475424
2020-03-16,-0.05650974839872103,-0.0470667948212436,-0.05073574625007944,0.3885385434475424
2020-03-17,-0.015068777394216748,-0.0033098928441261,-0.00787867271978613,0.3885385434475424
2020-03-18,-0.049885166023740046,-0.0483100296014156,-0.048922030812676716,0.3885385434475424
2020-03-19,-0.035981574819997086,-0.0402882281198069,-0.03861492731956525,0.3885385434475424
2020-03-20,0.000263400662915414,0.0512743628496297,0.031454637901746074,0.3885385434475424
2020-03-23,-0.11014099588132265,-0.0901381700526671,-0.09791003886496781,0.3885385434475424
2020-03-24,0.029286200926709194,0.0008640741779886,0.011907165906617934,0.3885385434475424
2020-03-25,0.012298734737564265,0.0111637482459572,0.011604734244238846,0.3885385434475424
2020-03-26,0.012948707369975887,0.0375599226895762,0.027997516936824854,0.3885385434475424
2020-03-27,0.003231010027866743,-0.0098711865375687,-0.004780478168071021,0.3885385434475424
2020-03-30,-0.027005859109775265,0.0078167996042435,-0.005713145491472222,0.3885385434475424
2020-03-31,0.04214222932215872,0.031175259968458,0.035436350267178715,0.3885385434475424
2020-04-01,-0.028298395906093843,-0.0164771380037112,-0.021070152330820702,0.4310195888905942
2020-04-03,0.004964084347948816,0.0047685916772823,0.004852852847824106,0.4310195888905942
2020-04-07,0.06566854161980773,0.0641949654499058,0.0648301056448559,0.4310195888905942
2020-04-08,0.03634522631196635,0.0064020852670172,0.01930816561030426,0.4310195888905942
2020-04-09,0.04649387807723748,0.0230315723425931,0.03314428571476495,0.4310195888905942
2020-04-13,-0.004943662735304222,-0.0115552544511049,-0.008705528907848033,0.4310195888905942
2020-04-15,-0.008396728689616717,0.0147342847154081,0.00476436482695148,0.4310195888905942
2020-04-16,0.014338674817344632,0.0047166509407055,0.00886393171630998,0.4310195888905942
2020-04-17,0.0237452329057799,0.0151116230654979,0.018832878029498037,0.4310195888905942
2020-04-20,0.019267797976189494,0.0070766556731469,0.012331276816711052,0.4310195888905942
2020-04-21,-0.021924212036569357,-0.021816125951765,-0.02186271317160217,0.4310195888905942
2020-04-22,0.04935640923443518,0.0193519008724989,0.03228443173152507,0.4310195888905942
2020-04-23,0.006455864018304558,0.0020664121559357,0.003958351893108978,0.4310195888905942
2020-04-24,-0.011380738301721594,-0.0124779895264369,-0.012005052754650407,0.4310195888905942
2020-04-27,0.0402179937426459,0.027732671295612,0.03311408984389906,0.4310195888905942
2020-04-28,-0.004044973727006074,-0.0050527235845385,-0.004618363655240319,0.4310195888905942
2020-04-29,0.001870593802903553,0.0010630107902813,0.001411094888376771,0.4310195888905942
2020-04-30,-0.008002840372504538,0.0123688805394999,0.003588269767013826,0.4310195888905942
2020-05-04,-0.015520652893964426,-0.020981139538138,-0.018627562829623724,0.4310195888905942
2020-05-05,-0.0017801724094977933,-0.0143407007192556,-0.008926866970935119,0.4310195888905942
2020-05-06,0.002059570690519763,0.0005245387861072,0.0011861676064810489,0.4310195888905942
2020-05-07,0.003926141152163387,-0.0136567200221663,-0.0060781624272863285,0.4310195888905942
2020-05-08,-0.008851775670893458,0.0020420424617288,-0.0026534065512429468,0.4310195888905942
2020-05-11,0.005960505266624949,-0.0001651360430089,0.002475135355960723,0.4310195888905942
2020-05-12,-0.0026888812051845123,-0.0090809450896602,-0.006325840342011074,0.4310195888905942
2020-05-13,0.006479031973309235,0.0055682469666611,0.005960813145794296,0.4310195888905942
2020-05-14,-0.006576197172705522,0.0063459333014346,0.0007762419368801052,0.4310195888905942
2020-05-15,0.010993225189484424,-0.004766547736098,0.0020262231112956534,0.4310195888905942
2020-05-18,-0.027423672271544852,-0.0157548659511748,-0.020784350054224666,0.4310195888905942
2020-05-19,-0.0095179289902807,0.0068748050630624,-0.00019078442940238718,0.4310195888905942
2020-05-20,0.016218291987939448,0.006817121073847,0.010869209896329338,0.4310195888905942
2020-05-21,0.015410185403630816,-0.0067082511962154,0.0028252282539529884,0.4310195888905942
2020-05-22,-0.005416715920934068,-0.0054171342246353,-0.005416953927545963,0.4310195888905942
2020-05-26,0.016915449793205806,-0.0007564228261378,0.006860500445178629,0.4310195888905942
2020-05-27,0.005170768873955733,-0.000984895173611,0.0016683166135198248,0.4310195888905942
2020-05-28,0.006017328893278107,0.0069968742528743,0.00657467101468146,0.4310195888905942
2020-05-29,0.013358384986516203,0.0229558151156774,0.018819134727000135,0.4310195888905942
2020-06-01,0.013665018315191846,0.0266664859030458,0.021062598688354604,0.4310195888905942
2020-06-02,0.00991420242216634,0.0002967167686893,0.004442041481212162,0.4310195888905942
2020-06-03,-0.007767591591615219,0.0019694133148489,-0.0022274265369609638,0.4310195888905942
2020-06-04,0.0032604912884337534,-0.0080928889517992,-0.0031993596681353965,0.4310195888905942
2020-06-05,0.016095866202629816,0.021749607039055,0.019312733988045054,0.4310195888905942
2020-06-08,0.003756690595406953,0.0113198887438452,0.008060002187207243,0.4310195888905942
2020-06-09,-0.018865798897359398,-0.0111475740843542,-0.014474280170220883,0.4310195888905942
2020-06-10,0.009251644072110654,-0.0106808729586809,-0.0020895676625143564,0.4310195888905942
2020-06-11,-0.004452473958800218,-0.0082552818729999,-0.0066161971691916545,0.4310195888905942
2020-06-12,-0.0011636194764829133,0.0187083826487644,0.010143160462307288,0.4310195888905942
2020-06-15,0.005108093273535452,-0.0131953744730045,-0.005306221329618598,0.4310195888905942
2020-06-16,8.25734303122605e-05,-0.0028932421092445,-0.0016106073187705033,0.4310195888905942
2020-06-17,0.013511287347014012,-0.0063787050841405,0.002194271276572748,0.4310195888905942
2020-06-18,0.005949183300034466,0.0064657627207285,0.006243106871191616,0.4310195888905942
2020-06-19,0.008440726403491583,0.0108506064088729,0.009811900919677782,0.4310195888905942
2020-06-22,0.005445537900245601,0.018292834476643,0.012755397987928654,0.4310195888905942
2020-06-23,-0.0010030705973064213,0.0191812508082831,0.010481412894010283,0.4310195888905942
2020-06-24,-0.017841946335556247,-0.0070920864390408,-0.011725486632268373,0.4310195888905942
2020-06-25,-0.00046002295611047295,0.0053154991591193,0.002826135991384428,0.4310195888905942
2020-06-26,0.0067487871342106764,0.0128112071112567,0.010198185345068196,0.4310195888905942
2020-06-29,-0.016104024550871898,-0.0073029247440636,-0.011096371164579202,0.4310195888905942
2020-06-30,-0.0008875172747416782,-0.0067213736254956,-0.004206867259546863,0.4310195888905942
2020-07-01,0.0039686717128673,-0.005214845363281,-0.001256569608549808,0.45943392445047115
2020-07-02,0.014370792884008665,0.0108420398284752,0.012463268693195532,0.45943392445047115
2020-07-03,-0.00014648922133986275,0.0077390627915496,0.004116172683809482,0.45943392445047115
2020-07-06,0.007077216657182861,0.0136380479981923,0.010623779507534686,0.45943392445047115
2020-07-07,-0.005291744856351754,0.0105627474243934,0.003278655815680953,0.45943392445047115
2020-07-08,0.0012364699766589382,0.0068936323238288,0.004294540025415111,0.45943392445047115
2020-07-09,0.013139181350833029,0.0087943462741011,0.010790510904494115,0.45943392445047115
2020-07-10,0.012599293331774453,-0.001843962850788,0.004791759019010198,0.45943392445047115
2020-07-13,0.018686277374710514,0.0192067752428062,0.018967640864598893,0.45943392445047115
2020-07-14,0.001795495817087378,0.0001566485587387,0.0009095905862167283,0.45943392445047115
2020-07-15,-0.004549159041399964,0.0066067260284132,0.0014813339700705196,0.45943392445047115
2020-07-16,-0.008155002089724306,0.0028669627035289,-0.002196901836590346,0.45943392445047115
2020-07-17,0.0062055285473905375,0.0067961512817442,0.006524799161030428,0.45943392445047115
2020-07-20,0.00985940775060934,0.0093576206569576,0.009588158670632615,0.45943392445047115
2020-07-21,0.006202420762370986,-0.0055247147326767,-0.00013687084962452252,0.45943392445047115
2020-07-22,-0.010125769618187896,-0.0116352456620033,-0.010941741159329218,0.45943392445047115
2020-07-23,0.005542412047819578,0.0142317201928023,0.010239557250993445,0.45943392445047115
2020-07-24,-0.008688867272187317,-0.0004902931929927,-0.004256996257094991,0.45943392445047115
2020-07-27,0.010010665895819892,-0.0055989977346443,0.001572611286451653,0.45943392445047115
2020-07-28,0.027768236329570595,0.0054258546735808,0.015690702759362407,0.45943392445047115
2020-07-29,-0.011458505119212092,0.0161835229101816,0.003483837492867331,0.45943392445047115
2020-07-30,-0.013637350176379459,0.0073722105795912,-0.002280294369505007,0.45943392445047115
2020-07-31,0.0076677375869229625,0.0009366214450285,0.004029124550030987,0.45943392445047115
2020-08-03,0.005412431571718335,0.0088698196420169,0.007281378272531389,0.45943392445047115
2020-08-04,0.0025551481075680726,0.0019481755110308,0.0022270393130918117,0.45943392445047115
2020-08-05,0.004476658547835299,-0.0023357167769711,0.0007941195533342569,0.45943392445047115
2020-08-06,0.008448059207868841,0.0094004301746821,0.008962878643866395,0.45943392445047115
2020-08-07,0.009295344730998467,0.0075510195082935,0.008352421690878785,0.45943392445047115
2020-08-10,0.009237392530320632,0.0088380315703513,0.009021511543462318,0.45943392445047115
2020-08-11,-0.0076651282601021276,-0.0058639554835679,-0.006691475360904371,0.45943392445047115
2020-08-12,-0.008104246018115657,-0.0070399222851592,-0.00752890871467716,0.45943392445047115
2020-08-13,0.007243928013158651,0.007563019308413,0.0074164179423763105,0.45943392445047115
2020-08-14,-0.01599447701344281,-0.0062696415951275,-0.010737560895999042,0.45943392445047115
2020-08-17,0.041303317579000964,0.0047424526927053,0.021539754328719546,0.45943392445047115
2020-08-18,-0.011748987149955648,0.008834581180352,-0.0006222083968356745,0.45943392445047115
2020-08-19,0.00513068217719681,-0.0010381870368006,0.0017960007556079237,0.45943392445047115
2020-08-20,-0.0011998807943210954,-0.0002343985432305,-0.0006779738428363274,0.45943392445047115
2020-08-21,-0.0028058433446571662,0.0099857854614422,0.004108877238942273,0.45943392445047115
2020-08-24,0.005366439365606546,0.019894042056995,0.013219568539633176,0.45943392445047115
2020-08-25,0.015251867320209334,-0.001085405159879,0.006420492050464665,0.45943392445047115
2020-08-26,0.008811057205430517,-0.0006445396001923,0.0036996823482363292,0.45943392445047115
2020-08-27,-0.004405645186164153,-0.0024178455107374,-0.0033311081166400858,0.45943392445047115
2020-08-28,-0.004933588212890028,-0.00971337967698,-0.00751738132657828,0.45943392445047115
2020-08-31,-0.035310610627336314,-0.0263389560383323,-0.030460838514972492,0.45943392445047115
2020-09-01,-0.0045639365535534715,0.0091616154410221,0.0028556312229052537,0.45943392445047115
2020-09-02,0.015080919658547076,0.0055843411152409,0.009947391464244195,0.45943392445047115
2020-09-03,0.0036894081792129274,0.0068658952258084,0.005406509316024956,0.45943392445047115
2020-09-04,-0.008425908856571351,-0.0131506286992373,-0.01097993211999227,0.45943392445047115
2020-09-07,-0.007092734635176456,-0.0006413537069673,-0.003605336964939356,0.45943392445047115
2020-09-08,-0.011608856148807578,-0.0029723823988455,-0.006940271427204055,0.45943392445047115
2020-09-09,-0.010212121709339161,0.0013914727277477,-0.003939612202214772,0.45943392445047115
2020-09-10,0.012837101316758526,0.0057201029858615,0.008989893459332973,0.45943392445047115
2020-09-11,0.005804086433759181,0.0090979783473252,0.007584652658759891,0.45943392445047115
2020-09-14,0.029291810775942784,0.0059523396840364,0.016675284482389273,0.45943392445047115
2020-09-15,0.012385831317929474,0.006007553312701,0.00893795060787924,0.45943392445047115
2020-09-16,0.019923554918516162,-0.0001855769490529,0.009053240422156387,0.45943392445047115
2020-09-17,-0.004621414147236713,-0.0051044878184671,-0.004882547385895027,0.45943392445047115
2020-09-18,-0.014186556159919594,-0.0076130092871721,-0.010633119724477603,0.45943392445047115
2020-09-21,-0.041026856086371244,-0.0137901064584252,-0.026303593229267362,0.45943392445047115
2020-09-22,-0.013027911415034787,-0.0105446862635864,-0.011685564140210448,0.45943392445047115
2020-09-23,-0.004182859160775654,-0.0077737625653877,-0.006123979721884229,0.45943392445047115
2020-09-24,-0.017706680292961186,-0.0138739685000022,-0.015634846320328948,0.45943392445047115
2020-09-25,0.0166480561280824,0.0181698871157092,0.01747070633271348,0.45943392445047115
2020-09-28,0.01476539941606192,0.0166627319226688,0.015791033003170953,0.45943392445047115
2020-09-29,-0.005733745352656916,-0.010781277123837,-0.008462269793415297,0.45943392445047115
2020-09-30,0.004344688596257473,0.0054162919850517,0.004923961034683544,0.45943392445047115
2020-10-01,0.006698137710021923,0.0093804231172534,0.008148090206112813,0.40054572469115346
2020-10-05,-0.00245015755982958,0.0051895130769346,0.0021294756653301656,0.40054572469115346
2020-10-06,0.020634652038211243,-0.0013534749285463,0.007453775321954695,0.40054572469115346
2020-10-07,0.044504417062668944,0.0073689514833126,0.022243403455539275,0.40054572469115346
2020-10-08,-0.0202364108348263,-0.0012421674130116,-0.008850230409362544,0.40054572469115346
2020-10-09,-0.006336753335991929,-0.0080353176237418,-0.0073549649601705154,0.40054572469115346
2020-10-12,-0.0037677995966796107,-0.0033248055429118,-0.0035022449172120995,0.40054572469115346
2020-10-13,-0.0012400379136058293,0.0011915104169315,0.0002175641287548611,0.40054572469115346
2020-10-14,-0.009298836598937599,-0.0008036039068946,-0.004206333041948941,0.40054572469115346
2020-10-15,-0.011712247478381177,-0.0078359000210516,-0.009388554422502386,0.40054572469115346
2020-10-16,0.0007733969168925992,0.0033697890217023,0.002329815264498909,0.40054572469115346
2020-10-19,0.0013786791295382628,0.0125250730349339,0.008060432610404148,0.40054572469115346
2020-10-20,-0.00017191890073853244,0.0009842234708059,0.0005211355867494865,0.40054572469115346
2020-10-21,0.014666165039308066,-0.011649880282155,-0.0011091008378643378,0.40054572469115346
2020-10-22,0.014708890149879528,-0.0021487978138803,0.004603477028181216,0.40054572469115346
2020-10-23,0.005048907028541327,0.0132837239099146,0.009985303214465998,0.40054572469115346
2020-10-26,-0.007366570201703282,-0.0197113114511958,-0.014766678121293043,0.40054572469115346
2020-10-27,-0.005266404801354541,0.0271744984220076,0.014180433330770436,0.40054572469115346
2020-10-28,-0.012324662208219261,-0.002509937644465,-0.006441183607498015,0.40054572469115346
2020-10-29,-0.011946833387461941,0.0096703340392976,0.001011670046576203,0.40054572469115346
2020-10-30,-0.0058635555101392844,-0.0101994131648824,-0.008462703918405635,0.40054572469115346
2020-11-02,-0.004900750771040574,0.0014500942782293,-0.001093709554431726,0.40054572469115346
2020-11-03,0.010636059018711785,0.007401991156827,0.008697383212266012,0.40054572469115346
2020-11-04,0.0031721605451651147,0.0005809872409578,0.0016188706298918894,0.40054572469115346
2020-11-05,0.010795027998638407,0.0101960791282154,0.010435985537571931,0.40054572469115346
2020-11-06,0.011801724615133624,0.007162156041268,0.009020515397941308,0.40054572469115346
2020-11-09,0.0018931809207742845,0.0036563013284498,0.0029500909870396486,0.40054572469115346
2020-11-10,-0.011482672628125523,-0.0133239793399353,-0.012586451808674768,0.40054572469115346
2020-11-11,0.01208476977163464,0.0090404587036727,0.010259844486574814,0.40054572469115346
2020-11-12,0.0009802677914936275,0.006168027309694,0.004090092413953002,0.40054572469115346
2020-11-13,0.0018544547321259763,-0.0025226167956887,-0.0007693995085551562,0.40054572469115346
2020-11-14,0.005325265688533198,0.0042653064159812,0.0046898685709486475,0.40054572469115346
2020-11-17,-0.009133442204963704,0.0019351257387363,-0.0024983418295662883,0.40054572469115346
2020-11-18,0.0012478366423633869,-0.0026076337664315,-0.0010633415775154545,0.40054572469115346
2020-11-19,-0.002399443623917308,-0.0085311052229244,-0.006075094384189187,0.40054572469115346
2020-11-20,0.0004909015797380789,0.008377481440652,0.0052185455949275775,0.40054572469115346
2020-11-23,0.0041920558827095444,0.0094557770159326,0.007347416020053631,0.40054572469115346
2020-11-24,0.004611181341201975,0.0007957431204941,0.002324000587621861,0.40054572469115346
2020-11-25,-0.008559153373043138,-0.0171399501099007,-0.013702948662508603,0.40054572469115346
2020-11-26,0.011340791313563692,0.0084102047779119,0.009584038685604684,0.40054572469115346
2020-11-27,0.007124081872998511,0.0010956768850676,0.003510328729690151,0.40054572469115346
2020-12-01,0.004812896498178176,0.0063335090880662,0.0057244342162750105,0.40054572469115346
2020-12-02,0.009154159638133708,0.0141891990661138,0.012172435549584982,0.40054572469115346
2020-12-03,0.01362564024588564,0.0075847693814175,0.010004414379591566,0.40054572469115346
2020-12-04,0.01134921027693192,0.0034708432978891,0.00662648950889266,0.40054572469115346
2020-12-07,0.008547118586694769,0.0070975126700392,0.0076781461224425885,0.40054572469115346
2020-12-08,-0.007140690826337837,-0.0003467837274603,-0.003068054169864575,0.40054572469115346
2020-12-09,0.01058356611517497,0.0055786650049323,0.007583356747142009,0.40054572469115346
2020-12-10,-0.0293486679663717,0.0089082806113385,-0.006415376581192625,0.40054572469115346
2020-12-11,-0.0018568237151980194,0.0032730693755436,0.001218312629924357,0.40054572469115346
2020-12-14,0.007670120213947529,0.0022764375344754,0.004436854072078686,0.40054572469115346
2020-12-15,-0.006280608814691835,-0.0062875729331597,-0.006284783485281154,0.40054572469115346
2020-12-16,0.016737949100704697,0.0048498653685347,0.009611586482225844,0.40054572469115346
2020-12-17,-0.00727878989063957,0.0029220870430408,-0.001163830600845475,0.40054572469115346
2020-12-18,-0.0014572408134058135,0.0115245015875034,0.006324720169777345,0.40054572469115346
2020-12-21,-0.030902615570898462,-0.0302336230845574,-0.030501585164811815,0.40054572469115346
2020-12-22,-0.018827725210095236,0.0102771144170452,-0.0013807046634275654,0.40054572469115346
2020-12-23,0.016005946955415684,0.0193058302536608,0.017984076106568977,0.40054572469115346
2020-12-24,-0.0018659338481035181,0.0029243810766981,0.0010056409136445874,0.40054572469115346
2020-12-28,0.006910502488586712,0.0093388935863498,0.008366211914262737,0.40054572469115346
2020-12-29,-0.008525749847604902,-0.0043277038435964,-0.006009213222558787,0.40054572469115346
2020-12-30,-0.0034963311233513483,0.007871282071491,0.003318033206354153,0.40054572469115346
2020-12-31,0.0049104863845867985,-0.0013172857751064,0.0011772217378093024,0.40054572469115346
2021-01-01,0.009332945296996575,0.0047699278633877,0.006597624988110935,0.43593291079736934
2021-01-04,-0.00156255560956009,0.0186343726618771,0.009829866931343806,0.43593291079736934
2021-01-05,0.009653023668465321,0.0077155576165512,0.00856016283213321,0.43593291079736934
2021-01-06,0.006517436585330216,-0.0043591081932241,0.00038233563150901146,0.43593291079736934
2021-01-07,0.01816598908204048,0.00149710832653,0.008763622034013936,0.43593291079736934
2021-01-08,-0.0014993979124240386,0.010506238316974,0.005272586369518159,0.43593291079736934
2021-01-11,-0.006905687611008737,0.0004892502232805,-0.002734446551986802,0.43593291079736934
2021-01-12,-0.0018447793227038822,-0.0036924347622251,-0.002886980948324023,0.43593291079736934
2021-01-13,-0.0017736523153950579,-0.0054214282778507,-0.0038312426846007367,0.43593291079736934
2021-01-14,-0.006208076969568155,0.0009117973440075,-0.002191990190020957,0.43593291079736934
2021-01-15,-0.006686275449615864,-0.0095457646966313,-0.008299219225786084,0.43593291079736934
2021-01-18,0.0003455912528755878,-0.0117850223403066,-0.006496888646872554,0.43593291079736934
2021-01-19,0.003197872814298952,0.0062179818997756,0.0049014169552181845,0.43593291079736934
2021-01-20,-0.0032106937087057474,0.0028749258892466,0.00022200402390571664,0.43593291079736934
2021-01-21,0.004684471079689612,-0.0049467389739973,-0.0007481775407926772,0.43593291079736934
2021-01-22,0.0009349236645570524,-0.0071960562398316,-0.0036514945024765395,0.43593291079736934
2021-01-25,-0.0011811070018609149,-0.0089962027775951,-0.005589345327919071,0.43593291079736934
2021-01-27,-0.009032789235787653,-0.0180588893519384,-0.014124115255156333,0.43593291079736934
2021-01-28,0.006062533596379316,-0.0065346167797021,-0.0010431043485047528,0.43593291079736934
2021-01-29,0.004879424780231956,-0.0169518503716383,-0.007434879048265219,0.43593291079736934
2021-02-01,0.004333819276035156,0.0064048104700087,0.005501997250584094,0.43593291079736934
2021-02-02,0.005175736425981015,0.0028172561352373,0.0038453953134394334,0.43593291079736934
2021-02-03,0.00032264552808203284,0.0007953820316444,0.0005893006316062863,0.43593291079736934
2021-02-04,0.005995697915985865,0.0024859507336145,0.0040159650389885145,0.43593291079736934
2021-02-05,-0.008305124858452584,-0.0057813723372845,-0.006881559119969502,0.43593291079736934
2021-02-08,-0.005792426563180464,-0.0013306231666688,-0.0032756701087157188,0.43593291079736934
2021-02-09,-0.0034652605388164615,0.0006722374529055,-0.0011314340900441247,0.43593291079736934
2021-02-10,0.004507465131537547,0.0017221147132242,0.002936340628670208,0.43593291079736934
2021-02-11,0.03704366564515338,0.0152443229662018,0.024747373873706485,0.43593291079736934
2021-02-12,-0.009017223500763949,0.003543512946222,-0.0019321254548711913,0.43593291079736934
2021-02-15,-0.003331772350386508,-0.0079018929950697,-0.005909626999737806,0.43593291079736934
2021-02-16,-0.004142579578372385,-0.0052510390200826,-0.004767825069157039,0.43593291079736934
2021-02-17,-0.0009854280481447208,-0.0066056424261947,-0.004155606013066146,0.43593291079736934
2021-02-18,-0.0005492671578062325,-0.0067223346015327,-0.004031291342240545,0.43593291079736934
2021-02-19,0.0013244617846819295,-0.0071783121348507,-0.0034716731502568844,0.43593291079736934
2021-02-22,-0.006351368247170974,-0.0206942458576785,-0.014441713471719539,0.43593291079736934
2021-02-23,0.001565064237537106,-0.0038717870672458,-0.0015016846523793126,0.43593291079736934
2021-02-24,0.0031448232126629616,0.0112137409411112,0.007696234148764262,0.43593291079736934
2021-02-25,0.008071310531897247,-0.0014584310825282,0.002695896918595107,0.43593291079736934
2021-02-26,-0.003084990093895623,-0.0062733020117053,-0.0048834119168445845,0.43593291079736934
2021-03-01,-0.008506930461857465,0.0088622027859261,0.001290425971192446,0.43593291079736934
2021-03-02,0.01810456893947099,0.0119296862594224,0.014621520839968243,0.43593291079736934
2021-03-03,-0.006085512004384008,0.0042805693483516,-0.00023834666930876592,0.43593291079736934
2021-03-04,-0.00457902423085077,0.0015988984389856,-0.001094261373157224,0.43593291079736934
2021-03-05,-0.0028330785032577577,-0.0057665091359445,-0.0044877301816152,0.43593291079736934
2021-03-08,0.009666193787558619,0.0014158014299181,0.005012418985604702,0.43593291079736934
2021-03-09,0.006621382109878171,0.0041347148023338,0.0052187349198962755,0.43593291079736934
2021-03-10,0.023552542141248578,0.0063321581668434,0.01383909027785422,0.43593291079736934
2021-03-12,-0.012160364179121586,-0.0100145420576992,-0.010949976541144248,0.43593291079736934
2021-03-15,0.0006146796310726454,-0.0078321662591595,-0.004149908143173804,0.43593291079736934
2021-03-16,-0.003445990319086989,0.009301938069455,0.003744696540401473,0.43593291079736934
2021-03-17,-0.013766082877368246,-0.009232690526432,-0.011208945449762168,0.43593291079736934
2021-03-18,-0.010964490589541631,-0.0104086323804714,-0.010650949267541999,0.43593291079736934
2021-03-19,-0.0111265042352382,0.0183974563755664,0.005526990288231473,0.43593291079736934
2021-03-22,0.011064658689059481,0.0106143932978226,0.01081067880045581,0.43593291079736934
2021-03-23,0.025419517315462548,-0.0031913074467736,0.009281092672141457,0.43593291079736934
2021-03-24,-0.0022089600132108034,-0.0068622932209406,-0.00483375213078489,0.43593291079736934
2021-03-25,-0.009732403521008348,-0.0163094349214217,-0.01344229047863381,0.43593291079736934
2021-03-26,-0.0026148801588349313,0.0107755835157972,0.004938239709188377,0.43593291079736934
2021-03-30,-0.00010769404904820146,0.0183845758899705,0.010323186828203388,0.43593291079736934
2021-03-31,-0.007266888270012317,-0.0063923785291051,-0.006773606105979437,0.43593291079736934
2021-04-01,0.008888650898560613,0.0041904851886127,0.006238570241958683,0.48985170538223405
2021-04-05,-0.02235367681508127,-0.0062781282295183,-0.014152763119111282,0.48985170538223405
2021-04-06,-0.002795086135502056,0.0152994772009993,0.006435824492467265,0.48985170538223405
2021-04-07,0.02165392867914573,0.0026461916725528,0.011957164060689347,0.48985170538223405
2021-04-08,0.00019665366775423188,0.0181673010333915,0.009364348774511333,0.48985170538223405
2021-04-09,-0.0021772817414162926,0.0214860756194434,0.00989453966115704,0.48985170538223405
2021-04-12,-0.04847730882991319,-0.0238097537091129,-0.03589319765264719,0.48985170538223405
2021-04-13,0.020994009039241535,0.0096211797271164,0.015192179560681958,0.48985170538223405
2021-04-15,-0.020245109008161566,0.003333046224849,-0.008216753325808271,0.48985170538223405
2021-04-16,0.006590008378202006,0.006202952887685,0.006392552679792313,0.48985170538223405
2021-04-19,-0.017376648258784932,-0.0146601745588006,-0.01599084383336391,0.48985170538223405
2021-04-20,0.004399797969734998,-0.0043379649676802,-5.775689156168641e-05,0.48985170538223405
2021-04-22,-0.0009089668306411225,0.0125988748736489,0.00598203557876917,0.48985170538223405
2021-04-23,0.0003494850406537964,0.005817757547937,0.0031391149347495383,0.48985170538223405
2021-04-26,0.0049245454752357976,-0.0055312976539722,-0.00040948506592054833,0.48985170538223405
2021-04-27,0.028023873925761444,-0.0016398464805804,0.012890977548447929,0.48985170538223405
2021-04-28,-0.000873250542641979,0.0095150333785543,0.004426314783761462,0.48985170538223405
2021-04-29,-0.005103211575179678,-0.0024086774833667,-0.0037285996034518566,0.48985170538223405
2021-04-30,-0.003136881033391159,-0.0031175130289718,-0.0031270004789664737,0.48985170538223405
2021-05-03,0.009490850162673148,0.0180824981831975,0.013873864748299752,0.48985170538223405
2021-05-04,-0.0006991135492149247,-0.0026056940186631,-0.0016717523242554511,0.48985170538223405
2021-05-05,0.03881585589516212,0.0053875057585748,0.021762440081096537,0.48985170538223405
2021-05-06,0.005567262723312538,0.0035852700959593,0.004556152564523299,0.48985170538223405
2021-05-07,-0.020843444158219593,-0.0024390595295097,-0.011454478726393815,0.48985170538223405
2021-05-10,0.006892487839759376,0.0101022950555138,0.008529965516928294,0.48985170538223405
2021-05-11,0.007251771718481459,0.0025313371279411,0.004843650062262583,0.48985170538223405
2021-05-12,-0.008663301680348345,0.0023168676124312,-0.0030617870410224986,0.48985170538223405
2021-05-14,-0.004012212764754275,0.013151105986001,0.004743625025924654,0.48985170538223405
2021-05-17,0.016018108897668304,0.0045825355643032,0.010184270663675696,0.48985170538223405
2021-05-18,0.0068564581512062794,-0.0038397701979933,0.0013997955000199123,0.48985170538223405
2021-05-19,-0.010186962447881198,-0.0007758881261028,-0.0053859189321049,0.48985170538223405
2021-05-20,-0.010408201798559946,-0.0038233903753936,-0.0070489714806520505,0.48985170538223405
2021-05-21,0.0029204133620661654,0.0035923670478161,0.003263209388913617,0.48985170538223405
2021-05-24,0.0015646039648982146,0.0015230022495142,0.001543380920741886,0.48985170538223405
2021-05-25,0.005760359221432365,0.0075453071733337,0.006670947375076306,0.48985170538223405
2021-05-26,0.02044794880990275,-0.0026898727653457,0.008644228592119602,0.48985170538223405
2021-05-27,0.0017426785343845896,0.0035443973677178,0.0026618223245902383,0.48985170538223405
2021-05-28,-0.007837648157978494,0.004064228520108,-0.0017659260679017078,0.48985170538223405
2021-05-31,-0.00600041026804965,0.0075545302017892,0.000914619496283979,0.48985170538223405
2021-06-01,-0.006185512452214659,-0.002770797499349,-0.0044435014424044576,0.48985170538223405
2021-06-02,0.012526840110464121,0.0008579273399007,0.006573964160517721,0.48985170538223405
2021-06-03,0.0038306881834169193,0.0062889641012811,0.005084773450615255,0.48985170538223405
2021-06-04,-0.004460555037407388,-0.0039643798768959,-0.0042074321254407555,0.48985170538223405
2021-06-07,0.013013464961364019,0.0045433682383662,0.008692459562879153,0.48985170538223405
2021-06-08,0.027082545009903036,0.0115528213085134,0.019160082947754013,0.48985170538223405
2021-06-09,0.0005540680881834792,0.0030590339074842,0.0018319721289755367,0.48985170538223405
2021-06-10,0.01487247077201781,0.0054166584681347,0.010048604250966153,0.48985170538223405
2021-06-11,-0.002742345012341496,0.0045841069418695,0.0009952319576982426,0.48985170538223405
2021-06-14,-0.014964584944327064,0.0049495577723903,-0.0048054189986188964,0.48985170538223405
2021-06-15,0.01753246292245314,0.009682925984753,0.013528035040146253,0.48985170538223405
2021-06-16,-0.014363187542360434,0.0006474944419572,-0.00670551372701117,0.48985170538223405
2021-06-17,-0.01118091076008576,-0.0037481888145659,-0.007389120335210761,0.48985170538223405
2021-06-18,-0.008809942880979138,0.0009588037264758,-0.0038264334586329144,0.48985170538223405
2021-06-21,-0.002310932509805852,-0.0011544693638996,-0.001720964808133481,0.48985170538223405
2021-06-22,0.007643250526767176,-0.0006559212200437,0.003409442213391662,0.48985170538223405
2021-06-23,-0.005906183609522886,-0.0037442819852435,-0.004803293182765379,0.48985170538223405
2021-06-24,-0.010098013138159834,0.0085721570453309,-0.0005734576588285736,0.48985170538223405
2021-06-25,0.011460697244213947,-0.0037182698036913,0.00371717309066582,0.48985170538223405
2021-06-28,0.0030751832529480883,-0.0043564945116035,-0.000716074484786676,0.48985170538223405
2021-06-29,0.007781333187753647,-0.0001961208333983,0.003711648623471342,0.48985170538223405
2021-06-30,-0.0017250766941799833,-0.0005435393446853,-0.0011223174303080753,0.48985170538223405
2021-07-01,0.0037579787358883454,0.0089949545396637,0.0064296130111388475,0.3624236978236069
2021-07-02,0.01960821001038293,-0.0016848305921065,0.006032271920955922,0.3624236978236069
2021-07-05,0.017831525239831336,-0.0013001879068432,0.0056335983174751,0.3624236978236069
2021-07-06,-0.009766513681957578,-0.0023154115652598,-0.005015867547254714,0.3624236978236069
2021-07-07,0.014986584106466916,0.0063517365133378,0.009481209908182926,0.3624236978236069
2021-07-08,-0.008384450575686153,-0.0029181611949159,-0.00489927400566857,0.3624236978236069
2021-07-09,0.004569573058017973,-0.0045381068938424,-0.0012372678470952345,0.3624236978236069
2021-07-12,-0.0014654176812776143,0.0008724592227515,2.5157230136862627e-05,0.3624236978236069
2021-07-13,4.2284506492462626e-05,0.001653997459013,0.0010698744909303035,0.3624236978236069
2021-07-14,0.00574953548969015,0.0009401472811116,0.0026831835399338906,0.3624236978236069
2021-07-15,0.0030874493709047712,0.00819444909645,0.006343551371133753,0.3624236978236069
2021-07-16,-0.010729642291976704,0.0046277321395136,-0.0009381442908088281,0.3624236978236069
2021-07-19,0.006161613864456017,0.0037170895913216,0.00460304311781054,0.3624236978236069
2021-07-20,-0.021438962030624453,0.007511673414235,-0.002980722938034145,0.3624236978236069
2021-07-22,0.013460097510028524,7.222206551249499e-06,0.00488286302039736,0.3624236978236069
2021-07-23,0.01183557057167528,0.0125986367902002,0.012322083509598123,0.3624236978236069
2021-07-26,-0.005908769099022271,0.0057582206997746,0.001529827114424339,0.3624236978236069
2021-07-27,-0.009931098002966321,-0.0076517310713798,-0.008477827663422236,0.3624236978236069
2021-07-28,-0.0021374533304283627,-0.0031450133920991,-0.00277984974876901,0.3624236978236069
2021-07-29,0.01051329452306593,-0.0115651961269446,-0.0035634279032038542,0.3624236978236069
2021-07-30,0.01784608983096092,0.0040463540286481,0.009047705307111131,0.3624236978236069
2021-08-02,0.023169854606210016,0.0080405780519967,0.013523786406170689,0.3624236978236069
2021-08-03,0.0037580899722946537,0.0151179102599414,0.011000842184680839,0.3624236978236069
2021-08-04,-0.0030326147099328793,-0.0098124271367259,-0.007355262446457131,0.3624236978236069
2021-08-05,-0.0026883009586017304,0.0033194852995999,0.0011421211881686147,0.3624236978236069
2021-08-06,-0.001319017796034272,-0.0040312595868463,-0.0030482788876284835,0.3624236978236069
2021-08-09,-0.012034181097419161,-0.0014018106776271,-0.005255233681798474,0.3624236978236069
2021-08-10,-0.0014859352165738082,-0.0063108937321278,-0.004562214425075221,0.3624236978236069
2021-08-11,-0.003784660984105903,-0.0058378754200014,-0.005093741851719343,0.3624236978236069
2021-08-12,0.004706164080371611,0.0017886057181668,0.0028459980084132542,0.3624236978236069
2021-08-13,-0.011484166101346949,0.0091332217873587,0.0016609918292703517,0.3624236978236069
2021-08-16,0.009261239820595124,-0.0030632072958475,0.0014034644017251248,0.3624236978236069
2021-08-17,0.006343535641677223,0.0088231150835074,0.007924456733151912,0.3624236978236069
2021-08-18,-0.008414916164048547,-0.0016053337323115,-0.00407328777785631,0.3624236978236069
2021-08-20,-0.02496482550939738,-0.0024939772094989,-0.010637945143581419,0.3624236978236069
2021-08-23,-0.012572837888036759,-0.0047360565281994,-0.00757629180766677,0.3624236978236069
2021-08-24,0.018463259348672434,-0.0023655167165892,0.005183325326122758,0.3624236978236069
2021-08-25,-0.0014408077423553323,0.0030475291008158,0.001420849465035784,0.3624236978236069
2021-08-26,0.014420009082973584,-0.0019396340704818,0.0039894882962681535,0.3624236978236069
2021-08-27,-0.004365128068510082,0.0049098354860728,0.0015483688974416866,0.3624236978236069
2021-08-30,0.00574290115591225,0.0094355238965542,0.008097229908223202,0.3624236978236069
2021-08-31,-0.014576327510464449,0.0081700685959684,-7.37643930854865e-05,0.3624236978236069
2021-09-01,0.0137730238416649,0.0008151805283367,0.005511410017772005,0.3624236978236069
2021-09-02,0.016014241362667603,0.0140033263771937,0.014732129622238056,0.3624236978236069
2021-09-03,0.025888380541681855,0.0027470577461121,0.011134021526212219,0.3624236978236069
2021-09-06,0.024454522154351066,0.0017131031057142,0.009955132291077385,0.3624236978236069
2021-09-07,-0.002713186378110133,-0.0020291547277772,-0.002277064007919246,0.3624236978236069
2021-09-08,-0.0017492594738728329,0.0003884500512141,-0.0003863065397406528,0.3624236978236069
2021-09-09,-0.003433666159876392,-0.000639455259721,-0.0016521435066543465,0.3624236978236069
2021-09-13,0.007577957425140225,0.005833146041503,0.006465507035165527,0.3624236978236069
2021-09-14,0.0036897964671285255,0.0088677446719196,0.006991133536400112,0.3624236978236069
2021-09-15,0.007394658497886564,0.0041813968423518,0.005345959013625515,0.3624236978236069
2021-09-16,0.00037417456853439113,0.0148090966658187,0.009577538821525226,0.3624236978236069
2021-09-17,-0.017367331876712355,-0.0061213606301,-0.010197167114915208,0.3624236978236069
2021-09-20,-0.013280324595538961,-0.0003068887496116,-0.005008769342369928,0.3624236978236069
2021-09-21,0.01058297905316663,0.0018332845105426,0.005004381161507434,0.3624236978236069
2021-09-22,0.012094327515433045,-0.0004959741407948,0.004067049542169978,0.3624236978236069
2021-09-23,0.01519541648995415,0.0061867694460842,0.009451716620111253,0.3624236978236069
2021-09-24,0.004344662407320232,-0.0012786921029339,0.0007593448328454605,0.3624236978236069
2021-09-27,0.024695636030358514,-0.0022011123372085,0.0075469066655962,0.3624236978236069
2021-09-28,-0.006230072136946596,-0.0024667083799374,-0.003830640589008015,0.3624236978236069
2021-09-29,0.0065009623083540635,0.0010480316900198,0.0030243029686920714,0.3624236978236069
2021-09-30,0.010023186866236822,-0.0030563540237735,0.001683981551419111,0.3624236978236069
2021-10-01,0.010178601794407216,-0.0053701224281971,0.0002651037009986433,0.3338921463234878
2021-10-04,0.00466086851123193,0.007024768102865,0.006235480594521418,0.3338921463234878
2021-10-05,-0.0014368445618193615,0.0018363348997445,0.0007434459840209841,0.3338921463234878
2021-10-06,-0.01661768142348785,-0.0077613741640158,-0.01071842560338121,0.3338921463234878
2021-10-07,0.022142612768218273,0.0061581015986784,0.011495204341007832,0.3338921463234878
2021-10-08,0.009710674989203971,0.0055566943692897,0.006943675874259049,0.3338921463234878
2021-10-11,0.008235574459648731,0.0036235060120681,0.005163439445021633,0.3338921463234878
2021-10-12,0.015908277084774936,0.0080457525075421,0.010670987714155544,0.3338921463234878
2021-10-13,0.01847810407114725,0.0139623402663364,0.015470118335414614,0.3338921463234878
2021-10-14,-0.007639222977675275,0.0107583311525349,0.004615532316896477,0.3338921463234878
2021-10-18,0.009306299920267103,0.0057020426440459,0.006905475841905445,0.3338921463234878
2021-10-19,-0.02873264739227943,-0.0110785390419344,-0.01697310717045851,0.3338921463234878
2021-10-20,0.0044283012917483155,-0.0166687983689429,-0.009624642482034183,0.3338921463234878
2021-10-21,-0.0004316049214173612,-0.0231334662185476,-0.015553493024510662,0.3338921463234878
2021-10-22,-0.008176904953112296,-0.0123317357046717,-0.0109444703474227,0.3338921463234878
2021-10-25,-0.02099366235784006,-0.0181477276933514,-0.01909796292677393,0.3338921463234878
2021-10-26,0.015121014583161507,0.0099575503761559,0.011681590522697509,0.3338921463234878
2021-10-27,0.0008391683387141136,-0.0005951682094055,-0.00011625450080361954,0.3338921463234878
2021-10-28,-0.025655283602581624,-0.0094892895093157,-0.014886987974569086,0.3338921463234878
2021-10-29,-0.007822198343337528,-0.0058974107200323,-0.006540082190794567,0.3338921463234878
2021-11-01,0.012897061655565478,0.0055222559501768,0.00798464565586773,0.3338921463234878
2021-11-02,0.02153354071486091,0.0032706623665867,0.00936849401633673,0.3338921463234878
2021-11-03,-0.009103734198320002,-0.0045092904207846,-0.006043339114828488,0.3338921463234878
2021-11-04,0.02190717234041495,0.0106994476914743,0.014441618929911752,0.3338921463234878
2021-11-08,0.0366954905434711,0.0054038642684166,0.015851892527346992,0.3338921463234878
2021-11-09,0.0029656110696905102,-0.0020055653298566,-0.0003457285720591468,0.3338921463234878
2021-11-10,-0.02657474137651339,0.0008326120281225,-0.008318488025197728,0.3338921463234878
2021-11-11,-0.005951839539589443,0.0047839126382125,0.0011993293011691507,0.3338921463234878
2021-11-12,0.015190500985122757,-0.002290865756148,0.0035460253057629284,0.3338921463234878
2021-11-15,0.0006776684725964266,0.0014750465427948,0.0012088082675049843,0.3338921463234878
2021-11-16,-0.021363413474404735,-0.0043426795442553,-0.010025768928193908,0.3338921463234878
2021-11-17,-0.0010080586730315533,-0.0090948334374099,-0.006394722854496996,0.3338921463234878
2021-11-18,-0.02931377608435659,-0.0098069974696621,-0.016320157649179556,0.3338921463234878
2021-11-22,-0.028152744032364896,-0.0187137088450206,-0.021865328562945912,0.3338921463234878
2021-11-23,0.03401889847401551,0.0091321065951719,0.01744161095070494,0.3338921463234878
2021-11-24,-0.01144142197155018,-0.0006281040147174,-0.004238585956202609,0.3338921463234878
2021-11-25,0.001277637234357032,-0.0082243800061677,-0.005051731075326112,0.3338921463234878
2021-11-26,-0.03387904311620171,-0.0051782121028235,-0.014761194171148075,0.3338921463234878
2021-11-29,-0.02804161031226704,-0.0166079750956414,-0.02042557609840035,0.3338921463234878
2021-11-30,0.012273341387816439,0.0083509920809068,0.009660633709621304,0.3338921463234878
2021-12-01,0.007880572031379929,-0.0077556970626081,-0.0025348696143248184,0.3338921463234878
2021-12-02,0.009751598807979489,0.0050033056987208,0.006588723476344212,0.3338921463234878
2021-12-03,0.006761143983923246,-0.009674131273901,-0.004186521942648748,0.3338921463234878
2021-12-06,-0.005347909601032819,-0.0184968524403326,-0.014106523693833941,0.3338921463234878
2021-12-07,0.007388036810433984,0.0028942490659991,0.004394689501110649,0.3338921463234878
2021-12-08,0.020612909808794155,0.0118712768679858,0.014790039452964403,0.3338921463234878
2021-12-09,0.011713137075963997,0.0203053808705684,0.017436498148253265,0.3338921463234878
2021-12-10,0.011838739257529651,-0.0003701193982401,0.0037063226224949546,0.3338921463234878
2021-12-13,0.000521847809414,-0.0094555922574559,-0.006124203378714745,0.3338921463234878
2021-12-14,0.005397513059186121,0.0123058762087593,0.00999922800916622,0.3338921463234878
2021-12-15,-0.0010733615125245732,-0.0077486156070869,-0.005519800690198835,0.3338921463234878
2021-12-16,-0.013068160687122687,-0.0052039953356161,-0.00782977838387344,0.3338921463234878
2021-12-17,-0.03403862034211491,-0.0159511735806513,-0.021990430001348205,0.3338921463234878
2021-12-20,-0.03862096641761503,-0.0218964462472112,-0.027480632183137798,0.3338921463234878
2021-12-21,0.01702641900796431,0.0047102478351752,0.008822520662545224,0.3338921463234878
2021-12-22,0.014479433447817325,0.0060032106690686,0.00883335488538105,0.3338921463234878
2021-12-23,0.019837835457476416,0.0119034253652867,0.014552662580778666,0.3338921463234878
2021-12-24,-0.017218826057574965,-0.0041558236628722,-0.008517457569868367,0.3338921463234878
2021-12-27,-0.004175164277144483,-0.0016775353772867,-0.0025114740513797864,0.3338921463234878
2021-12-28,0.020031879727296475,0.006340428744924,0.010911896699711172,0.3338921463234878
2021-12-29,0.014534771900121202,0.0041831802351479,0.007639495394030162,0.3338921463234878
2021-12-30,-0.009481358409954788,0.0096112374927177,0.0032363696678873537,0.3338921463234878
2021-12-31,0.012988264171970076,0.0098370351020071,0.010889205739734006,0.3338921463234878
2022-01-03,0.01088007607122532,0.0038582380879284,0.0062027746433071995,0.3620831698671478
2022-01-04,0.003926830985360175,-0.0064223493956944,-0.0026750853577952633,0.3620831698671478
2022-01-05,-0.0028875370259257016,0.0062378624599677,0.0029337088878113758,0.3620831698671478
2022-01-06,0.005011660853504019,-0.0029901157109899,-9.280708794928618e-05,0.3620831698671478
2022-01-07,0.017631516811915215,0.0086654034742881,0.011911882212964239,0.3620831698671478
2022-01-10,0.021221341894634094,0.0033459618742033,0.009818336134580764,0.3620831698671478
2022-01-11,-0.004560514417957906,-0.002291729167534,-0.003113218122755318,0.3620831698671478
2022-01-12,0.00984097874068457,-0.0064303459974006,-0.0005387731582969834,0.3620831698671478
2022-01-13,0.00030178312073037006,0.0006976739687745,0.000554328555593288,0.3620831698671478
2022-01-14,0.0008569370453177516,-0.0023685798803982,-0.0012006744874748306,0.3620831698671478
2022-01-17,0.013875691189818129,-0.0030217145028283,0.0030965517128963066,0.3620831698671478
2022-01-18,-0.015779381052423713,-0.0118207757956569,-0.013254120135279782,0.3620831698671478
2022-01-19,0.008470990112244614,-0.0087037788058702,-0.0024850840342634226,0.3620831698671478
2022-01-20,-0.006849778664187678,-0.013491792072578,-0.011086830803367932,0.3620831698671478
2022-01-21,-0.011359283193744685,-0.0072233953230105,-0.008720930713461021,0.3620831698671478
2022-01-24,-0.04012121500481114,-0.0204630448048002,-0.02758093738460806,0.3620831698671478
2022-01-25,0.012894985160067929,0.0021617693351068,0.006048086143876958,0.3620831698671478
2022-01-27,0.0033705729261488404,-0.0090871172115898,-0.004576397277294688,0.3620831698671478
2022-01-28,-0.0048620026797103755,0.0049605288415266,0.0014039554921971382,0.3620831698671478
2022-01-31,0.0135402242238154,0.0081199215225771,0.010082521906280926,0.3620831698671478
2022-02-01,0.014072662411851233,0.0088983170923839,0.010771860447643871,0.3620831698671478
2022-02-02,0.008250766232330564,0.0140506435851475,0.01195060560839886,0.3620831698671478
2022-02-03,0.007077982418344231,-0.0044444037502842,-0.00027234164191383735,0.3620831698671478
2022-02-04,0.0028051156707742386,0.0053811679079112,0.004448422748145291,0.3620831698671478
2022-02-07,-0.014622104862008323,-0.0178553666227434,-0.016684656955406205,0.3620831698671478
2022-02-08,0.0008201529928024698,-0.0068120686167895,-0.004048569623259894,0.3620831698671478
2022-02-09,0.005392867062073536,0.0103031024746933,0.008525188871698014,0.3620831698671478
2022-02-10,0.006625705600735499,-0.0016865407204502,0.0013231837762412559,0.3620831698671478
2022-02-11,-0.017661600584364057,-0.0041178693112675,-0.009021826462459121,0.3620831698671478
2022-02-14,-0.04309530971640707,-0.0234115098224501,-0.030538682483084667,0.3620831698671478
2022-02-15,0.016354795110350206,0.0087304337650235,0.011491086689151945,0.3620831698671478
2022-02-16,0.0035493835677600227,0.004758547880781,0.004320729833432132,0.3620831698671478
2022-02-17,-0.006582195005587432,-0.0046237284792823,-0.005332856247205564,0.3620831698671478
2022-02-18,-0.0018636508596607815,-0.0052814981404682,-0.0040439531629116385,0.3620831698671478
2022-02-21,-0.011712539532278576,-0.0041355085594089,-0.006879023952247111,0.3620831698671478
2022-02-22,-0.011061940075794086,-0.012110433238602,-0.011730791510628478,0.3620831698671478
2022-02-23,0.009255156781698304,-0.005193462871624,3.8139132655709736e-05,0.3620831698671478
2022-02-24,-0.0532559947012452,-0.0383907317698127,-0.04377319329293439,0.3620831698671478
2022-02-25,0.04382148940841657,0.0142902971090912,0.024983044826787232,0.3620831698671478
2022-02-28,0.008784889649088967,0.0083094495802944,0.00848159842748539,0.3620831698671478
2022-03-02,0.009005803420103264,-0.0073087761249933,-0.0014015414482550052,0.3620831698671478
2022-03-03,0.004729222004185907,-0.0103926432834046,-0.00491727036576984,0.3620831698671478
2022-03-04,-0.01744162127370974,-0.0128922659803014,-0.014539510965790578,0.3620831698671478
2022-03-07,-0.020553545724507183,-0.0184250390550835,-0.019195735497031793,0.3620831698671478
2022-03-08,0.01859378220001906,0.0119220882520463,0.014337796345111741,0.3620831698671478
2022-03-09,0.025644225378415264,0.0064960566011684,0.013429286249185091,0.3620831698671478
2022-03-10,0.015285467157927446,0.0199883498367798,0.018285515168907633,0.3620831698671478
2022-03-11,0.005758390967455673,0.0187355464895044,0.014036736882222036,0.3620831698671478
2022-03-14,-0.007842191436620793,0.0016019073861217,-0.001817641852155501,0.3620831698671478
2022-03-15,-0.013795159431500337,-0.0007969785289161,-0.005503401072630425,0.3620831698671478
2022-03-16,0.024981233798411884,0.0041384264346924,0.011685256193878281,0.3620831698671478
2022-03-17,0.0004099358930209629,0.0039098888225141,0.0026426147714174145,0.3620831698671478
2022-03-21,-0.014105845020448204,0.0060883979582866,-0.0012235975525210913,0.3620831698671478
2022-03-22,0.004226160852669469,-0.0015416302400705,0.0005467898419202885,0.3620831698671478
2022-03-23,-0.003254605279471523,0.0043778797331712,0.0016142853658300252,0.3620831698671478
2022-03-24,0.002625503524547268,-0.0060902254563846,-0.002934406679265823,0.3620831698671478
2022-03-25,-0.00573947257139662,-0.0039909768228163,-0.004624077705961493,0.3620831698671478
2022-03-28,0.00898675257656989,-0.0025465600189619,0.0016294583646969524,0.3620831698671478
2022-03-29,0.0001378271189989011,-0.0033038964942737,-0.002057706298573343,0.3620831698671478
2022-03-30,0.005656394262922637,0.0064999526096742,0.006194514329514503,0.3620831698671478
2022-03-31,-0.004336152033647012,-0.0003540378294336,-0.001795894363268187,0.3620831698671478
2022-04-01,0.020980592858486746,0.0025228440826823,0.00920608426803704,0.3950397948987592
2022-04-04,0.008592309146664201,0.0138058409987487,0.01174628844520309,0.3950397948987592
2022-04-05,0.0015058728160828316,0.0180897715138894,0.011538471573686095,0.3950397948987592
2022-04-06,0.0033642235204214277,-1.5366184875853506e-05,0.0013197062391467423,0.3950397948987592
2022-04-07,0.01167080892911021,-0.0005065388598287,0.004303998113124586,0.3950397948987592
2022-04-08,0.028463543084692233,0.002065301628404,0.012493657518984024,0.3950397948987592
2022-04-11,0.03049265649963906,0.0160276829575827,0.02174192313885262,0.3950397948987592
2022-04-12,-0.009971709823420993,-0.0131284641614449,-0.011881420575206168,0.3950397948987592
2022-04-13,0.00041491085301448294,-0.0064929574188705,-0.00376407455355741,0.3950397948987592
2022-04-18,0.0016192408483310938,0.0057493469772049,0.004117790699144483,0.3950397948987592
2022-04-19,-0.00395748868905943,-0.003359512821171,-0.003595737085376053,0.3950397948987592
2022-04-20,-0.004673798608842872,0.0130235586855742,0.006032398289737619,0.3950397948987592
2022-04-21,0.024425480847645176,0.0061825704798601,0.013389246049906364,0.3950397948987592
2022-04-22,0.01331942528149721,-0.0021477219344526,0.003962416729405127,0.3950397948987592
2022-04-25,-0.02314941086982747,-0.0125886461888563,-0.01676056850240121,0.3950397948987592
2022-04-26,0.01247316025344114,0.004116106050328,0.007417475028683628,0.3950397948987592
2022-04-27,-0.00833520643242236,-0.0058401104656575,-0.006825772664621012,0.3950397948987592
2022-04-28,0.012865687125158232,0.0046008774319372,0.007865806158024513,0.3950397948987592
2022-04-29,0.001795008717414781,-0.0006229217924403,0.0003322569802523034,0.3950397948987592
2022-05-02,-0.012800057476846538,0.0011563555781661,-0.004356982972608458,0.3950397948987592
2022-05-04,-0.03375581382261317,-0.0136215999479929,-0.021575415667470642,0.3950397948987592
2022-05-05,-0.015597209217509289,-0.0109851441911484,-0.012807093413221747,0.3950397948987592
2022-05-06,-0.037469380623129545,-0.0045155728506832,-0.017533638314243538,0.3950397948987592
2022-05-09,0.007773480523560972,-0.0059047457893394,-0.0005013020721124262,0.3950397948987592
2022-05-10,-0.017480198007236658,-0.0125309612070166,-0.014486106697480922,0.3950397948987592
2022-05-11,-0.023791870849417918,-0.0020488023247234,-0.010638179655188389,0.3950397948987592
2022-05-12,-0.014025794503354727,-0.0045553620391313,-0.008296559737400674,0.3950397948987592
2022-05-13,0.014952920962718608,0.0154614523211513,0.015260562197616463,0.3950397948987592
2022-05-16,0.025228813153333363,-0.0044978897001828,0.007245340898086584,0.3950397948987592
2022-05-17,0.012817324989485623,0.0124780650349747,0.012612086217822057,0.3950397948987592
2022-05-18,0.011719342906770791,0.0117953598342519,0.011765330122810929,0.3950397948987592
2022-05-19,-0.016249296730271645,-0.0152855612479139,-0.01566627511520116,0.3950397948987592
2022-05-20,0.010244125303733753,0.0128977615027496,0.011849469602954457,0.3950397948987592
2022-05-23,0.0035297716936180112,0.0043952610122255,0.004053358289315731,0.3950397948987592
2022-05-24,0.002007094254501629,-0.0119527761690697,-0.006438071820128828,0.3950397948987592
2022-05-25,-0.020012429785011387,-0.0016982378947123,-0.00893307250279257,0.3950397948987592
2022-05-26,0.0024920591454249408,0.0043548967748805,0.003619001779810685,0.3950397948987592
2022-05-27,0.01525247670773311,0.0139216716296861,0.014447392594768018,0.3950397948987592
2022-05-30,0.01641022877218523,0.0124591512610987,0.014019984110707423,0.3950397948987592
2022-05-31,0.004827869989310951,0.0021844079338009,0.0032286806420322427,0.3950397948987592
2022-06-01,0.016461920782723904,-0.005723555925183,0.003040590243239743,0.3950397948987592
2022-06-02,-0.00435726014503357,0.0041306194980421,0.0007775692647161339,0.3950397948987592
2022-06-03,-0.021918431157548435,-0.0112385584498631,-0.01545753317385197,0.3950397948987592
2022-06-06,0.000461313116335349,-0.0098216416824646,-0.0057594653277934565,0.3950397948987592
2022-06-07,-0.0037628501674119574,-0.0061338577440522,-0.005197215397272834,0.3950397948987592
2022-06-08,-0.0025010106118623643,-0.0007139253371341,-0.0014198951375293462,0.3950397948987592
2022-06-09,0.00284674291775433,9.748165993972437e-05,0.001183549263349911,0.3950397948987592
2022-06-10,0.0026077939293400743,-0.0084991421206896,-0.004111460381532242,0.3950397948987592
2022-06-13,-0.019337673152173496,-0.0217190727076553,-0.020778325115685774,0.3950397948987592
2022-06-14,-0.01407755341832917,-0.0129291142995642,-0.013382793453494825,0.3950397948987592
2022-06-15,-0.012270886146765747,0.0018861472471978,-0.003706444321128444,0.3950397948987592
2022-06-16,-0.02601238144936313,-0.0123493604485238,-0.01774679746239281,0.3950397948987592
2022-06-17,-0.012109785932150174,-0.0153248277507961,-0.01405475829016728,0.3950397948987592
2022-06-20,-0.02844930622106079,-0.0110611142299031,-0.01793014202775028,0.3950397948987592
2022-06-21,0.03186652392963518,0.0180663397011262,0.02351796164832148,0.3950397948987592
2022-06-22,0.011979093567037635,-0.0173811805526802,-0.00578270388625552,0.3950397948987592
2022-06-23,0.007383196978541173,0.0064821652551263,0.006838108642341387,0.3950397948987592
2022-06-24,0.004343261740248794,0.008061639320666,0.006592732203941842,0.3950397948987592
2022-06-27,0.007597622028150175,0.0077146187233343,0.0076684003728649305,0.3950397948987592
2022-06-28,-0.0020853308054109565,0.0057417956629977,0.0026497692282708954,0.3950397948987592
2022-06-29,0.0011833667956937521,-0.0043528745708136,-0.0021658389168785095,0.3950397948987592
2022-06-30,0.004435179752478424,-0.0002070009593476,0.0016268451569351285,0.3950397948987592
2022-07-01,-0.005165808754115764,0.0131633516821703,0.005922603902753402,0.382696044988223
2022-07-04,0.007231210485723727,0.0106893148514224,0.00936591198751301,0.382696044988223
2022-07-05,0.0034124910370096906,-0.0016910926379499,0.000262028649723596,0.382696044988223
2022-07-06,0.019680401989928153,0.0009414685488431,0.008112784264043903,0.382696044988223
2022-07-07,0.016303611039711452,0.0101482468179605,0.0125038803610866,0.382696044988223
2022-07-08,-0.005482267724014722,0.0018959072183273,-0.0009276911513382022,0.382696044988223
2022-07-11,0.012268867076177248,0.003431696737921,0.006813646875258903,0.382696044988223
2022-07-12,-0.01394482344821324,-0.0009391588523626,-0.005916375255637995,0.382696044988223
2022-07-13,0.0049614532882249485,0.0016702663078504,0.0029297905485564718,0.382696044988223
2022-07-14,0.002518119471237812,-0.0008532466691779,0.0004369618189664031,0.382696044988223
2022-07-15,0.00847729052339341,0.0039163448426724,0.005661800716090449,0.382696044988223
2022-07-18,0.00572685569818665,0.0093834550264964,0.007984088925445665,0.382696044988223
2022-07-19,0.000172147874787143,0.0033438041601554,0.002130023843682929,0.382696044988223
2022-07-20,-0.006492316314144819,0.0018808742810259,-0.0013235126436785196,0.382696044988223
2022-07-21,0.015043062503707683,0.0012485264069461,0.0065276408136240366,0.382696044988223
2022-07-22,-0.005092276923093442,-0.0007293226806458,-0.0023990080136951013,0.382696044988223
2022-07-25,-0.00781782967404654,-0.0006609243069258,-0.003399843685277893,0.382696044988223
2022-07-26,-0.0028043975925818865,-0.0041466423087227,-0.0036329705644492704,0.382696044988223
2022-07-27,0.016588284071972215,0.0047902296234303,0.009305298399443001,0.382696044988223
2022-07-28,-0.007502967729791865,-0.0003970935031623,-0.0031164834658771825,0.382696044988223
2022-07-29,-0.0027034437697225355,0.007508867855043,0.003600656586057975,0.382696044988223
2022-08-01,0.02145179338788883,0.0043152501386425,0.010873337464898703,0.382696044988223
2022-08-02,0.011710978135821337,0.0081762062059951,0.009528949443474988,0.382696044988223
2022-08-03,-0.018863899581725185,-0.0027990543130931,-0.008947007060746366,0.382696044988223
2022-08-04,0.0025182545526534206,-0.0010781002777348,0.00029821049222906364,0.382696044988223
2022-08-05,0.007914281831031378,0.0050557419693646,0.006149693868865658,0.382696044988223
2022-08-08,-0.0043064658815540335,-0.0036007259438323,-0.003870809826788642,0.382696044988223
2022-08-10,-0.006842120783409067,0.0012870148438322,-0.0018239732098858904,0.382696044988223
2022-08-11,-0.00604990930541216,-0.0027464499762414,-0.004010670796294498,0.382696044988223
2022-08-12,0.0026015638187941725,0.0041577570942701,0.003562208082508194,0.382696044988223
2022-08-16,0.005753026879454115,0.0036643139594001,0.004463656133020574,0.382696044988223
2022-08-17,-0.0012913430058202335,0.0004349636458433,-0.00022568708218519633,0.382696044988223
2022-08-18,0.019494694443169758,0.0023516696858048,0.00891223745958356,0.382696044988223
2022-08-19,-0.022175275102868208,-0.0013975937237326,-0.009349130211553244,0.382696044988223
2022-08-22,-0.014597165746599416,-0.0018837297211494,-0.006749111406299915,0.382696044988223
2022-08-23,0.008530244001553777,0.0035335887409024,0.005445788947323281,0.382696044988223
2022-08-24,0.036961993587652175,0.0008557568332654,0.014673470838577632,0.382696044988223
2022-08-25,0.003886936849388789,0.0009645327861036,0.0020829252629803543,0.382696044988223
2022-08-26,0.025286860813898526,0.0028370429036772,0.011428499428624676,0.382696044988223
2022-08-29,0.007106448689320866,0.0022384501407828,0.004101413932316727,0.382696044988223
2022-08-30,0.007691621296397999,0.0095819257998941,0.008858513742582716,0.382696044988223
2022-09-01,0.0205169632532205,-0.0016596129383903,0.006827275061519142,0.382696044988223
2022-09-02,-0.006966840162139443,-0.0012189291304219,-0.0034186319492043797,0.382696044988223
2022-09-05,0.0026658423854681867,-0.0004440807051765,0.0007460745618307727,0.382696044988223
2022-09-06,-0.0036257898687764856,-0.0029907804937283,-0.0032337960700896838,0.382696044988223
2022-09-07,0.02432853852203931,0.0064199589976734,0.013273501553005305,0.382696044988223
2022-09-08,0.006712194956467243,-0.002307297044826,0.0011444268718718367,0.382696044988223
2022-09-09,-0.004587143290787465,-0.0024375638054797,-0.003260199372894802,0.382696044988223
2022-09-12,0.007117060880398318,0.0038009363390074,0.005070004085686089,0.382696044988223
2022-09-13,0.001811296972690224,0.0013099032035712,0.0015017846159947885,0.382696044988223
2022-09-14,-0.002612128350182985,-0.0072514074992756,-0.005475973717321527,0.382696044988223
2022-09-15,0.001459858113016299,-0.0033696725825689,-0.0015214302862192224,0.382696044988223
2022-09-16,-0.006248854837245799,-0.0203287358350651,-0.014940421063294816,0.382696044988223
2022-09-19,0.012804320765578137,-0.0015620622348876,0.003935895720176679,0.382696044988223
2022-09-20,0.015993966534655568,0.0110689030272652,0.01295370535285932,0.382696044988223
2022-09-21,0.006593034884788018,-0.0042134475949043,-7.784948969152437e-05,0.382696044988223
2022-09-22,0.006354165391360578,0.0031297518018418,0.0043637221299569155,0.382696044988223
2022-09-23,-0.03129708032668088,-0.0118290070957428,-0.0192793617247639,0.382696044988223
2022-09-26,-0.03459628450446062,-0.0145192910649027,-0.022202677049476014,0.382696044988223
2022-09-27,0.010387280220136796,0.0057313459636978,0.0075131535893621865,0.382696044988223
2022-09-28,-0.011699879442279792,-0.0071784102663703,-0.008908758637527023,0.382696044988223
2022-09-29,0.023913124185912737,0.0126869096993937,0.01698313758357403,0.382696044988223
2022-09-30,0.018764432004365172,0.0067781163393649,0.011365231938340886,0.382696044988223
2022-10-03,0.008976404911070102,0.0043560007462846,0.006124211146395125,0.3107393623098025
2022-10-04,0.013097462964736017,0.0067934474548247,0.008752353214365648,0.3107393623098025
2022-10-06,0.021112454686467386,0.0017026628820726,0.007734049209936266,0.3107393623098025
2022-10-07,0.015507751223610144,-0.0064517251334034,0.00037194854643217336,0.3107393623098025
2022-10-10,-0.017054214133429113,-0.0008836584752582,-0.005908486628673398,0.3107393623098025
2022-10-11,-0.027942112640304106,-0.0134876789133637,-0.017979240432222467,0.3107393623098025
2022-10-12,0.013111738718548649,0.0031484812853572,0.0062444575466755105,0.3107393623098025
2022-10-13,0.0031967012058997657,-0.0029965487822823,-0.0010720622303294135,0.3107393623098025
2022-10-14,0.0010430930446099218,0.0066205516548838,0.004887415723017978,0.3107393623098025
2022-10-17,0.0020854122947915332,-0.0015065458713063,-0.00039038308132957177,0.3107393623098025
2022-10-18,0.012989113516599149,0.0028256007567604,0.005983804230580234,0.3107393623098025
2022-10-19,0.0009105545182468422,0.001788711184476,0.0015158333420038494,0.3107393623098025
2022-10-20,0.013430944512628162,0.004409702098842,0.007212957213744056,0.3107393623098025
2022-10-21,-0.00647806156682007,-0.0074142395307608,-0.007123332187237368,0.3107393623098025
2022-10-24,0.005903337287372912,0.0084463127104257,0.007656110149096776,0.3107393623098025
2022-10-25,-0.00905566930891688,0.000140643401868,-0.002717012945482825,0.3107393623098025
2022-10-27,0.001275887806893028,0.0060843594101229,0.004590178010450456,0.3107393623098025
2022-10-28,0.0024250694873055867,0.0018965129231636,0.002060756252849741,0.3107393623098025
2022-10-31,-0.024737310572059856,0.0070622091697405,-0.002819153316584517,0.3107393623098025
2022-11-01,-0.004702460323952828,0.0109452430012078,0.00608288564833441,0.3107393623098025
2022-11-02,0.018588289761063193,0.0023743488396077,0.0074126585020695916,0.3107393623098025
2022-11-03,0.008487981621542184,-0.0002648511939838,0.0024549984935170574,0.3107393623098025
2022-11-04,0.0029263222472699635,-0.0077158233565345,-0.004408889818000233,0.3107393623098025
2022-11-07,0.00393113834560066,0.0031476527658034,0.0033911125752485267,0.3107393623098025
2022-11-09,-0.002728053960678989,-0.0053242952248785,-0.004517540870038748,0.3107393623098025
2022-11-10,-0.015783139429083604,-0.0011534356432555,-0.005699460468445028,0.3107393623098025
2022-11-11,0.019734366275959037,0.0074081196228354,0.011238369647500376,0.3107393623098025
2022-11-14,-0.006975857042429201,-0.0040440764655145,-0.00495509609241724,0.3107393623098025
2022-11-15,0.0030571916812875966,0.0028234135250442,0.002896057600237234,0.3107393623098025
2022-11-16,-0.013062725086890437,0.0013490314244606,-0.0031292686036407647,0.3107393623098025
2022-11-17,-0.009938998923134656,0.003479251111838,-0.0006903273473428881,0.3107393623098025
2022-11-18,-0.006198176283095491,-0.006982579697278,-0.006738834680561296,0.3107393623098025
2022-11-21,0.01646610582153607,-0.0026520670047978,0.0032887018277857807,0.3107393623098025
2022-11-22,-0.013046597581725106,0.0037465746634028,-0.0014717249712069193,0.3107393623098025
2022-11-23,0.006628719122904192,-0.0030526947262586,-4.429836051246397e-05,0.3107393623098025
2022-11-24,0.0005607090508270574,0.0067541890803235,0.004829631045479278,0.3107393623098025
2022-11-25,0.004537478832037145,0.0047820320692577,0.0047060397522729865,0.3107393623098025
2022-11-28,0.001508356707928149,0.0095505670494131,0.007051535736338767,0.3107393623098025
2022-11-29,0.005056197223666903,0.0027596858557106,0.0034733023337265535,0.3107393623098025
2022-11-30,0.009305980555886606,0.0097936645183884,0.009642121914871876,0.3107393623098025
2022-12-01,0.0033977619049017083,0.0023642923860307,0.0026854320452912956,0.3107393623098025
2022-12-02,0.01569078395110357,0.0026740801451528,0.006718882385189522,0.3107393623098025
2022-12-05,0.019872423401014583,0.0011852613538221,0.006992098171746635,0.3107393623098025
2022-12-06,-0.004099873271509069,-0.0074960755983944,-0.006440741853062985,0.3107393623098025
2022-12-07,0.00015743978144033832,-0.0015635667092744,-0.0010287822498186712,0.3107393623098025
2022-12-08,0.005742253676394027,1.00677921841541e-05,0.0017912835784847812,0.3107393623098025
2022-12-09,0.014626093619326541,-0.0044174518258013,0.0015001273419354686,0.3107393623098025
2022-12-12,0.021036542034034822,-8.317968791593522e-05,0.006479549172123527,0.3107393623098025
2022-12-13,0.01717767514793711,-0.0010712370799343,0.004599418268602019,0.3107393623098025
2022-12-14,-0.008285556787024362,0.0019746624784267,-0.0012135915132783128,0.3107393623098025
2022-12-15,0.0008937211921091759,-0.0086518068843228,-0.005685635576942013,0.3107393623098025
2022-12-16,-0.013382001886028783,-0.0062659011040572,-0.008477153723179337,0.3107393623098025
2022-12-19,0.010357809371075,0.0004458752966043,0.0035259033701621274,0.3107393623098025
2022-12-20,-0.0049119188566219,-0.0026887571709437,-0.0033795810154629295,0.3107393623098025
2022-12-21,-0.03041044013191141,-0.0017984261907051,-0.010689305157194727,0.3107393623098025
2022-12-22,-0.01292848158768567,-0.0033702612612551,-0.006340376550306727,0.3107393623098025
2022-12-23,-0.04469738123225453,-0.0107850647032098,-0.021322956315893333,0.3107393623098025
2022-12-26,0.01812248870740496,0.0039630855508687,0.008362969458418183,0.3107393623098025
2022-12-27,-0.0012183059465447066,0.0022154783684045,0.0011484664200677817,0.3107393623098025
2022-12-28,0.005589579437109471,-0.0012200160166923,0.0008959933322097922,0.3107393623098025
2022-12-29,-0.0044071531222253935,0.0002845317791451,-0.0011733593952652959,0.3107393623098025
2022-12-30,0.015472834521130574,-0.0036645835359895,0.0022821655473360906,0.3107393623098025
2023-01-02,0.002521573806264943,-0.003147758568897,-0.0013860738419168598,0.27794948470941566
2023-01-03,0.005215482498593049,0.002688265563036,0.0033907042080229904,0.27794948470941566
2023-01-04,-0.01284695767343036,-0.0045322360508659,-0.006843308641359928,0.27794948470941566
2023-01-05,0.01486814312807394,0.0057464733330303,0.00828183675225212,0.27794948470941566
2023-01-06,-0.011233741096867256,-0.0041534248084644,-0.006121395072405656,0.27794948470941566
2023-01-09,0.011054106210882209,0.0035759540296089,0.005654502574972409,0.27794948470941566
2023-01-10,-0.008674542787339923,-0.0014302993951805,-0.003443833113140801,0.27794948470941566
2023-01-11,0.008210253214428587,-0.0090429005626108,-0.004247395360670393,0.27794948470941566
2023-01-12,0.004503076256731964,0.0009577383020438,0.0019431631596701087,0.27794948470941566
2023-01-13,0.0029143977651582276,-0.005806383143425,-0.0033824465836205814,0.27794948470941566
2023-01-16,-0.0009276632461443501,0.002347053019585,0.0014368473209559849,0.27794948470941566
2023-01-17,-0.00023646676229460706,-0.0007295269957835,-0.000592481157954558,0.27794948470941566
2023-01-18,0.021020174795688185,0.0001593853768921,0.005957631046478102,0.27794948470941566
2023-01-19,0.006584037462317394,-0.0054486872827255,-0.0021041976401905927,0.27794948470941566
2023-01-20,0.00458236432814485,-0.0093977510582028,-0.005511985190389297,0.27794948470941566
2023-01-23,0.00031615603384760327,0.0058871302062606,0.004338680805708943,0.27794948470941566
2023-01-24,-0.000736258738293305,-0.0014124198788902,-0.0012244812382807622,0.27794948470941566
2023-01-25,-0.021690185339752532,-0.0085078829081404,-0.01217189707629067,0.27794948470941566
2023-01-27,-0.03518563491510729,-0.0075510827193708,-0.01523209226235121,0.27794948470941566
2023-01-30,-0.018786360216821008,0.0028806744182923,-0.0031416666937185062,0.27794948470941566
2023-01-31,0.018072970518383746,-0.0020718966075751,0.0035273588296248085,0.27794948470941566
2023-02-01,-0.019508590769638845,-0.0047122349343773,-0.008824874414365403,0.27794948470941566
2023-02-02,-0.011868352580205466,0.0058349631892227,0.0009143356934620686,0.27794948470941566
2023-02-03,0.014713492470734169,0.0016880063586184,0.005308433511570627,0.27794948470941566
2023-02-06,0.01619117964900596,0.0036899386944193,0.007164652175974905,0.27794948470941566
2023-02-07,-0.0015019019706050685,0.0092232400733296,0.006242192368782669,0.27794948470941566
2023-02-08,-0.00023872245985967488,0.0083950240529901,0.00599527865863179,0.27794948470941566
2023-02-09,-0.0009567720222212195,-0.000820541635862,-0.0008584068015523097,0.27794948470941566
2023-02-10,0.007272697313337462,-0.0056834067180966,-0.002082264278717919,0.27794948470941566
2023-02-13,0.0017521292054678561,-0.0044935876380485,-0.0027575938597522104,0.27794948470941566
2023-02-14,0.006904841786042226,-0.002283139200225,0.00027065538042788414,0.27794948470941566
2023-02-15,0.0162309220673309,0.0047509380630934,0.007941793701543548,0.27794948470941566
2023-02-16,0.006908329811879943,0.0019157040698745,0.003303401822211877,0.27794948470941566
2023-02-17,-0.005748854435601247,0.0005396821287273,-0.0012082133689041387,0.27794948470941566
2023-02-20,0.003355215263281419,0.0042785642995244,0.0040219199106937276,0.27794948470941566
2023-02-21,0.001682195922003915,-0.0013624569954246,-0.000516197285906325,0.27794948470941566
2023-02-22,-0.011388431539303134,-0.0066316846239352,-0.007953819977954819,0.27794948470941566
2023-02-23,0.012168372329422139,0.0013270876401574,0.004340417133126611,0.27794948470941566
2023-02-24,0.0005232123028462432,0.0008228930098346,0.0007395969117498329,0.27794948470941566
2023-02-27,-0.017116854734469666,-0.0006289246453725,-0.005211736317561927,0.27794948470941566
2023-02-28,0.0015353963334434617,-0.0041616117778022,-0.002578131308896107,0.27794948470941566
2023-03-01,0.00228563515390956,0.0070596586472528,0.005732721277287402,0.27794948470941566
2023-03-02,-0.006926061496666414,0.0048238922576779,0.0015579986662984336,0.27794948470941566
2023-03-03,0.012221244689405442,0.0035159013045642,0.005935547012599343,0.27794948470941566
2023-03-06,0.013474521396665606,0.0059079714465315,0.008011090106199329,0.27794948470941566
2023-03-08,0.009058250609699003,-0.0072415160448643,-0.0027110043023447134,0.27794948470941566
2023-03-09,0.004823609820840069,-0.0012377242975879,0.0004470203972807543,0.27794948470941566
2023-03-10,-0.00489774757036443,-0.0049665577739553,-0.004947432013324467,0.27794948470941566
2023-03-13,-0.015601345008530831,-0.0108077892186564,-0.012140155580377832,0.27794948470941566
2023-03-14,-0.002837455025871072,-0.0059550840574056,-0.005088540674575462,0.27794948470941566
2023-03-15,-0.0024549783921558044,0.0039111237618441,0.0021416689485323254,0.27794948470941566
2023-03-16,0.004156105379020225,0.0046159597805504,0.004488143486603731,0.27794948470941566
2023-03-17,0.0010347460951818377,0.0040238335377895,0.0031930182233653147,0.27794948470941566
2023-03-20,0.0010864557040006773,-0.0013699400635244,-0.000687186125698415,0.27794948470941566
2023-03-21,0.002081079389487428,-0.0003817306088103,0.00030280616115375037,0.27794948470941566
2023-03-22,0.0003867001443489393,0.009839372879691,0.007212007363775931,0.27794948470941566
2023-03-23,0.0031045055259009136,-0.0066594109795069,-0.003945535418083039,0.27794948470941566
2023-03-24,-0.01086944277852775,0.0004859365500975,-0.0026702852829738385,0.27794948470941566
2023-03-27,-0.0009212225255479378,0.0032511996690125,0.002091477070044297,0.27794948470941566
2023-03-28,-0.011690629600353275,0.0003698200795405,-0.002982375694349812,0.27794948470941566
2023-03-29,0.018703512854016724,0.0101892731275765,0.012555801672232997,0.27794948470941566
2023-03-31,-0.008660225213382056,0.0151732994304201,0.00854878353686613,0.27794948470941566
2023-04-03,-0.005187240043372232,-0.0030734027303876,-0.003660942722291214,0.330615232933916
2023-04-05,-0.004280504514210359,0.0040400980059025,0.0012891800655648582,0.330615232933916
2023-04-06,0.012170341076253921,0.0012159673918261,0.004837650199148363,0.330615232933916
2023-04-10,0.006634981875204282,0.001598413424861,0.0032635796762588566,0.330615232933916
2023-04-11,0.012528794633042573,0.0016168845524553,0.005224528245502607,0.330615232933916
2023-04-12,0.02190949108308793,0.0012515949513949,0.008081410092899232,0.330615232933916
2023-04-13,0.0035166873793548437,-0.002134447964263,-0.0002660965362917011,0.330615232933916
2023-04-17,0.011606383619776395,-0.0011768155061417,0.0030495048505143423,0.330615232933916
2023-04-18,-0.007642281659065331,0.0057595060397777,0.0013286708779938219,0.330615232933916
2023-04-19,0.0017872677540733406,-0.0035785376656413,-0.0018045206569242754,0.330615232933916
2023-04-20,-0.004767249195289591,-0.0043224273873824,-0.004469492253017722,0.330615232933916
2023-04-21,-0.01672082564126487,0.0063420515357834,-0.0012828869742327088,0.330615232933916
2023-04-24,0.0027645399808295945,0.0078311412263964,0.006156045675410061,0.330615232933916
2023-04-25,-0.0013546964077018053,-0.0013163748469043,-0.0013290445386537585,0.330615232933916
2023-04-26,0.011533842259344063,0.0006538400072528,0.004250934486149483,0.330615232933916
2023-04-27,0.012510165729479716,0.0067488140237335,0.008653604659942998,0.330615232933916
2023-04-28,0.0002685597681857388,0.0093378231895793,0.006339386550976224,0.330615232933916
2023-05-02,0.019886381422579813,0.0009833350179704,0.007232970108190964,0.330615232933916
2023-05-03,0.0002374458984779615,0.0021377991966078,0.001509513448289868,0.330615232933916
2023-05-04,-0.0020074593764310977,0.0045457949148102,0.002379189220836274,0.330615232933916
2023-05-05,0.006598053698392947,-0.0048182047178884,-0.0010438157823557635,0.330615232933916
2023-05-08,0.002160138074791762,0.0064034612257539,0.005000553953784674,0.330615232933916
2023-05-09,-0.0050332699820088145,0.0022650664598296,-0.00014787474291889533,0.330615232933916
2023-05-10,0.009274706190138815,0.0035643839178431,0.005452303446025876,0.330615232933916
2023-05-11,-0.0006203567395974829,0.000274530152498,-2.1333085781656254e-05,0.330615232933916
2023-05-12,0.003260956663000636,-0.0095580121284566,-0.005319865775496366,0.330615232933916
2023-05-15,0.009238839822467648,-0.0019630484722418,0.0017404664356132713,0.330615232933916
2023-05-16,-0.018464410480153792,-0.0040919371261225,-0.008843695751902057,0.330615232933916
2023-05-17,0.008895790263489634,0.0008819042406027,0.0035314170347653167,0.330615232933916
2023-05-18,-0.002874117250436292,-0.0054091011152169,-0.004570996834278741,0.330615232933916
2023-05-19,0.013090717550977127,0.0038721977640385,0.006919980830703127,0.330615232933916
2023-05-22,0.015788687724366035,0.0039763303063131,0.007881675605581341,0.330615232933916
2023-05-23,-0.010061632998187964,0.0004167817473397,-0.0030475417845311084,0.330615232933916
2023-05-24,-0.0025522777312002587,0.0044064156376124,0.002105765608566706,0.330615232933916
2023-05-25,0.0022145631482839434,-0.0001217807734431,0.0006506501164524253,0.330615232933916
2023-05-26,-0.0015955574906493242,0.0082740158757508,0.005010984578260049,0.330615232933916
2023-05-29,-0.0008306251371246187,-0.0043167144772326,-0.003164160238024358,0.330615232933916
2023-05-30,0.009497581776013897,0.0046506949677456,0.006253149578865547,0.330615232933916
2023-05-31,-0.004490736056118494,0.0070789968078124,0.003253866882020704,0.330615232933916
2023-06-01,0.0024169001785185884,-0.0001829906159795,0.0006765728846462294,0.330615232933916
2023-06-02,0.0008970626003850235,0.0049455735517363,0.0036070741605197876,0.330615232933916
2023-06-05,-0.003246834344520555,0.0130051442980261,0.0076319925934835095,0.330615232933916
2023-06-06,0.009560685687994175,0.0054935015782335,0.006838174600067147,0.330615232933916
2023-06-07,0.007830490582907412,0.0035517101362316,0.004966340130282408,0.330615232933916
2023-06-08,-0.0047596661140159036,-0.005012851035458,-0.004929144243680066,0.330615232933916
2023-06-09,0.01211076201601613,-0.0056671488809459,0.00021049927133160503,0.330615232933916
2023-06-12,0.011317066831997291,-0.003272156514986,0.0015512629602018064,0.330615232933916
2023-06-13,0.0013467891883882643,0.0063260409893055,0.004679824495308627,0.330615232933916
2023-06-14,0.0052715901406032994,-0.0027119236899518,-7.245240523168564e-05,0.330615232933916
2023-06-15,-0.007207103202910736,-0.002230494392959,-0.0038758370738821717,0.330615232933916
2023-06-16,0.013153191137769138,0.0084889478145349,0.01003101770730645,0.330615232933916
2023-06-19,0.0008706163122371713,0.0016536843288101,0.0013947901141077414,0.330615232933916
2023-06-20,-0.018641935651282693,0.0008755311563446,-0.005577240678539071,0.330615232933916
2023-06-21,0.004200248069611057,0.0035066333412749,0.003735952936250153,0.330615232933916
2023-06-22,-0.01503307240973617,-0.0028911802344426,-0.006905474744235775,0.330615232933916
2023-06-23,0.001224673182041336,-0.0037371836344827,-0.0020967181873028672,0.330615232933916
2023-06-26,0.014473617314348486,0.0145168606881349,0.014502563770037655,0.330615232933916
2023-06-27,0.0037310321963655024,0.0065692764579177,0.005630909670261269,0.330615232933916
2023-06-28,0.00742300992227074,0.0055009036079198,0.0061363812347626865,0.330615232933916
2023-06-30,0.0016015573934717864,0.0087225270949624,0.006368226038388722,0.330615232933916
2023-07-03,0.006307609933732916,-0.0018921819840181,0.0008187941308787938,0.3614441977815641
2023-07-04,0.0031084845712709974,0.0060199938326459,0.004967645703334654,0.3614441977815641
2023-07-05,0.004348278149786999,0.0069463358165906,0.00600728294742253,0.3614441977815641
2023-07-06,0.015302374547122799,0.0025511803347308,0.007160025497585749,0.3614441977815641
2023-07-07,0.005380477128798411,-0.0002004913594758,0.0018167173186126608,0.3614441977815641
2023-07-10,0.010060346160883915,-0.0003155495263409,0.0034347577665932638,0.3614441977815641
2023-07-11,0.015134079929741695,0.009734537918618,0.01168617104921646,0.3614441977815641
2023-07-12,0.00964107218059107,-0.0011255648288496,0.002765973647832982,0.3614441977815641
2023-07-13,-0.005572953160555949,-0.0071644355209626,-0.006589203455921908,0.3614441977815641
2023-07-14,0.01384412030916038,0.0003770683002881,0.005244656110117543,0.3614441977815641
2023-07-17,0.006067810109140259,0.0097691492606464,0.008431321700312768,0.3614441977815641
2023-07-18,-0.002514801911796316,-0.0038329754412124,-0.0033565292673357104,0.3614441977815641
2023-07-19,0.003828403467514674,0.0027612436414881,0.0031469623687109885,0.3614441977815641
2023-07-20,0.001157429889821593,0.010884476378592,0.0073686918636744,0.3614441977815641
2023-07-21,0.019454511809618102,-0.0043447973209094,0.004257324875529567,0.3614441977815641
2023-07-24,0.01347887846581286,-0.0012115720119653,0.004098206076025022,0.3614441977815641
2023-07-25,0.01620496902554991,-0.004329471110618,0.003092583131292762,0.3614441977815641
2023-07-26,0.010699457474839802,0.0010985884828329,0.004568766873654729,0.3614441977815641
2023-07-27,-0.014641326339217775,0.0140253313015299,0.0036639342274911117,0.3614441977815641
2023-07-28,-0.0188344940990276,0.0040317959101474,-0.004233091938459452,0.3614441977815641
2023-07-31,0.0017628068072812475,0.0029769750547945,0.0025381209866002247,0.3614441977815641
2023-08-01,0.007955949667155293,0.0062794725621309,0.006885425484455601,0.3614441977815641
2023-08-02,-0.01299819249130052,-0.0008495565691817,-0.005240610534192229,0.3614441977815641
2023-08-03,-0.0009970054035242093,-0.0118059425864803,-0.007899114957515416,0.3614441977815641
2023-08-04,0.0044515753640315125,0.0059954229554253,0.005437408201256972,0.3614441977815641
2023-08-07,0.0076556208250651014,0.0012791358122463,0.0035838793223707584,0.3614441977815641
2023-08-08,-0.00408204693098313,3.53872329974525e-05,-0.0014528354553209142,0.3614441977815641
2023-08-09,0.009356548935802289,0.0128579776522232,0.011592406558727113,0.3614441977815641
2023-08-10,-0.004510554515628873,-0.0109230537597344,-0.008605293114673791,0.3614441977815641
2023-08-11,0.017249696691865157,-0.0005535945984855,0.005881301739826801,0.3614441977815641
2023-08-14,-0.014532785725690278,-0.0066609979360872,-0.009506209958806997,0.3614441977815641
2023-08-16,0.024522721449767415,-0.0018936046746584,0.007654423129720863,0.3614441977815641
2023-08-17,-0.008149844640151227,-0.0020359742653928,-0.00424579723833783,0.3614441977815641
2023-08-18,0.0010047763690157474,-0.003096373112053,-0.0016140364278858287,0.3614441977815641
2023-08-21,-0.003942021516966654,0.0030090716022062,0.0004966393260418178,0.3614441977815641
2023-08-22,0.003930518805856487,-0.0007538858134766,0.0009392650562425008,0.3614441977815641
2023-08-23,0.0015832185806659016,0.0044413602268438,0.0034083015123949506,0.3614441977815641
2023-08-24,-0.0007136433366213835,0.0012380301961487,0.000532609121765106,0.3614441977815641
2023-08-25,-0.0376004483569915,-0.0041345807733551,-0.016230624435186608,0.3614441977815641
2023-08-28,0.009067790548329846,-0.0011388179175561,0.0025503014914665667,0.3614441977815641
2023-08-29,0.004960460654181986,0.0111954876934596,0.008941873347101541,0.3614441977815641
2023-08-30,-0.0012988843340508982,0.0001458923941106,-0.0003763137713732057,0.3614441977815641
2023-08-31,0.012076863227719059,-0.0029693102900681,0.002469041826750694,0.3614441977815641
2023-09-01,0.007968541155116915,0.0062068630134595,0.0068436113561201805,0.3614441977815641
2023-09-04,0.014053910279640425,-0.0023110024516151,0.003604000302298859,0.3614441977815641
2023-09-05,-0.00801190791890416,0.0114429622063174,0.004411112280962175,0.3614441977815641
2023-09-06,0.0026705411303287185,0.0001385664156694,0.0010537339852126422,0.3614441977815641
2023-09-07,0.008559748917088106,0.004007115225757,0.005652638258113492,0.3614441977815641
2023-09-08,0.0018547897318001993,0.0041637031583259,0.0033291597971282358,0.3614441977815641
2023-09-11,0.006574161586702321,0.0073327831992409,0.007058583819077136,0.3614441977815641
2023-09-12,-0.05574265942168277,-0.0076243003026555,-0.025016402012997523,0.3614441977815641
2023-09-13,0.022043421262324836,0.009922200748176,0.014303345573045963,0.3614441977815641
2023-09-14,0.010943249711649505,0.0052062414687445,0.0072798498107675205,0.3614441977815641
2023-09-15,0.003439881298116676,0.0051761895239386,0.004548610990154864,0.3614441977815641
2023-09-18,0.02960708754560515,0.0054277916185283,0.014167257837813632,0.3614441977815641
2023-09-20,-0.014321606216253002,-0.0046306322769059,-0.008133378578135259,0.3614441977815641
2023-09-21,0.000283030942007656,-0.005688509380829,-0.0035301307793210424,0.3614441977815641
2023-09-22,0.0018955679443675155,0.0094941799790253,0.006747705747905079,0.3614441977815641
2023-09-25,-0.002222826392488275,-0.0148615536406756,-0.010293359009474538,0.3614441977815641
2023-09-26,0.006350577840090743,-0.003107414840776,0.00031112173638378525,0.3614441977815641
2023-09-27,0.0011254789469636872,0.0032529831037739,0.0024840090705386896,0.3614441977815641
2023-09-28,0.0018746410540382286,-0.0089988001268663,-0.00506865790210924,0.3614441977815641
2023-09-29,0.011790748484112878,0.0026635971318069,0.005962553030372053,0.3614441977815641
2023-10-03,0.007587987374134464,-0.0009732794014469,0.002121140800247064,0.31932464424608936
2023-10-04,-0.01574476810867831,-0.0039443206888466,-0.007712494363129044,0.31932464424608936
2023-10-05,-0.0039015178874193257,0.0037685267925091,0.0013192925037393453,0.31932464424608936
2023-10-06,0.009453212217788609,0.0044309663701718,0.006034693238778437,0.31932464424608936
2023-10-09,-0.010967508512468638,-0.0073984811821855,-0.008538159564732735,0.31932464424608936
2023-10-10,0.0052241834739761295,0.0107157911284361,0.00896218546783657,0.31932464424608936
2023-10-11,0.007356838131047816,0.0046451973417498,0.005511091072115573,0.31932464424608936
2023-10-12,0.005431366855869646,0.0045316762170308,0.0048189696102095515,0.31932464424608936
2023-10-13,-0.0019368251274268777,-0.0004075569371123,-0.0008958899579413634,0.31932464424608936
2023-10-16,0.004689020297527824,-0.0001192907216801,0.0014161214839530218,0.31932464424608936
2023-10-17,0.004158122262212238,-0.0042099897015552,-0.001537845325713719,0.31932464424608936
2023-10-18,0.003593313208006599,-0.0082068394314795,-0.00443875988782605,0.31932464424608936
2023-10-19,0.0036904720448212025,-0.0020814216623942,-0.00023831375771139968,0.31932464424608936
2023-10-20,-0.005931001396558333,-0.0071359472902186,-0.00675117837138975,0.31932464424608936
2023-10-23,-0.03452583887007887,-0.0140436087851274,-0.020584089620371077,0.31932464424608936
2023-10-25,-0.012103665749860881,-0.0059209246128801,-0.00789522622691215,0.31932464424608936
2023-10-26,0.006402216906047586,-0.0126040949582388,-0.006534911183745323,0.31932464424608936
2023-10-27,0.05272189621107359,0.0123572384281223,0.025246668414778364,0.31932464424608936
2023-10-30,0.008560086408390344,0.0032304485812277,0.004932333284346912,0.31932464424608936
2023-10-31,-0.013091069434935876,-0.0020450349995203,-0.005572306015939431,0.31932464424608936
2023-11-01,0.00785653512145279,-0.0082018071870927,-0.0030739827422344864,0.31932464424608936
2023-11-02,0.0057332177398365936,0.0092966480285281,0.008158756919295945,0.31932464424608936
2023-11-03,0.011631114301837941,0.0064468501520538,0.008102313457361376,0.31932464424608936
2023-11-06,0.006802247916621207,0.0117449210941877,0.01016660374013659,0.31932464424608936
2023-11-07,0.002105441188808621,0.0046945283854618,0.0038677690374684195,0.31932464424608936
2023-11-08,0.0015680498568650947,0.0009958969221339,0.0011785994544712948,0.31932464424608936
2023-11-09,0.0003401989616185208,-0.0052525630400798,-0.003466656303534437,0.31932464424608936
2023-11-10,0.0037243370507555884,0.0017962102244521,0.002411908637322803,0.31932464424608936
2023-11-13,0.004811777882723911,-0.0016246179073063,0.00043068188857212433,0.31932464424608936
2023-11-15,0.01759605664260122,0.0071022461127701,0.01045317842699429,0.31932464424608936
2023-11-16,0.014096208195092386,0.0020051801435885,0.005866143374704465,0.31932464424608936
2023-11-17,-0.00833239022025456,-0.0071660402418892,-0.007538484533797152,0.31932464424608936
2023-11-20,-0.006838469732746377,5.569347404610348e-05,-0.002145782739337384,0.31932464424608936
2023-11-21,-0.004421133332700888,0.0023002833844227,0.00015396938239749247,0.31932464424608936
2023-11-22,0.0013754298473360738,-0.0001673609455571,0.00032529017552965483,0.31932464424608936
2023-11-23,0.0022774342861116015,0.0014021498672418,0.0016816497529115444,0.31932464424608936
2023-11-24,-0.007282322865300617,-0.0005480333542063,-0.0026984579565866636,0.31932464424608936
2023-11-28,0.0021757689829535742,0.0014511395406815,0.0016825315795452724,0.31932464424608936
2023-11-29,0.006202740702657694,0.0101351634060793,0.008879443925283951,0.31932464424608936
2023-11-30,0.014077156466661966,4.565109644971699e-06,0.0044982903383450155,0.31932464424608936
2023-12-01,0.010074596338707664,0.0107316086339153,0.010521808416482816,0.31932464424608936
2023-12-04,0.02694045844721238,0.0160281883722694,0.019512745131867813,0.31932464424608936
2023-12-05,0.005732833827965189,0.0065113332456763,0.006262739196069912,0.31932464424608936
2023-12-06,-0.00632704018844088,-0.002949337386648,-0.004027921132199531,0.31932464424608936
2023-12-07,0.009430272084151481,0.0002236623789904,0.003163559747803556,0.31932464424608936
2023-12-08,-0.006977756489139231,0.0021976488234956,-0.0007322842137751958,0.31932464424608936
2023-12-11,0.0018469657901458714,-0.0002363119826197,0.00042892995103445137,0.31932464424608936
2023-12-12,0.002714080151968723,-0.0020166143877824,-0.0005059870368394553,0.31932464424608936
2023-12-13,0.01363929642063666,-0.0014753351435857,0.003351139203570318,0.31932464424608936
2023-12-14,0.0026973253322375434,0.0070843020074724,0.005683432241337138,0.31932464424608936
2023-12-15,-0.0024080738348809527,-0.0017031000284796,-0.0019282155384115233,0.31932464424608936
2023-12-18,0.008661476540083202,-0.0004623395761628,0.002451119759324191,0.31932464424608936
2023-12-19,-0.00914577176593312,0.0043736879647311,5.6591295837417e-05,0.31932464424608936
2023-12-20,-0.03504844092361303,-0.0113577929874677,-0.018922800711636663,0.31932464424608936
2023-12-21,0.015033568496546357,0.0019602627004426,0.00613489142290377,0.31932464424608936
2023-12-22,-0.00033292396270478974,0.0063395064639277,0.004208834991686498,0.31932464424608936
2023-12-26,0.013089245952018436,0.0070377161323318,0.008970118739147836,0.31932464424608936
2023-12-27,0.014466103477757342,0.0064099166583739,0.008982455648453552,0.31932464424608936
2023-12-28,0.007270159282336541,0.0112309040707105,0.009966140650213434,0.31932464424608936
2023-12-29,0.0033289405177041598,0.011634018851113,0.008982002666861319,0.31932464424608936
2024-01-01,0.00045408964006199426,0.0068183033569635,0.004786053075907844,0.3456122774319724
2024-01-02,-0.005878227478499087,0.0021898591906546,-0.0005985706175901427,0.3456122774319724
2024-01-03,0.005430923124936093,-0.004794006567221,-0.0012601453297327904,0.3456122774319724
2024-01-04,0.010620610304766798,0.0100287718000204,0.010233318453517735,0.3456122774319724
2024-01-05,0.023900637963414573,0.0004483440737048,0.008553744775931325,0.3456122774319724
2024-01-08,-0.009230458851323786,-0.0103352428223325,-0.00995341591804184,0.3456122774319724
2024-01-09,0.0035538988571119923,0.001198071658174,0.002012274461635144,0.3456122774319724
2024-01-10,0.0053298836762167845,0.0036755941032609,0.004247336890102148,0.3456122774319724
2024-01-11,3.354152768197949e-05,0.0138421385358586,0.009069717875722357,0.3456122774319724
2024-01-12,0.00518441893752386,0.0020409263414564,0.0031273559766738183,0.3456122774319724
2024-01-15,0.002264297292868145,0.010205310157646,0.007460798616333534,0.3456122774319724
2024-01-16,-0.004454247314962023,0.002392819132795,2.6388904057649725e-05,0.3456122774319724
2024-01-17,-0.01517032498179205,-0.0088132017545641,-0.011010301591042042,0.3456122774319724
2024-01-18,-0.002047244112758917,-0.0017408334454862,-0.001846732734031774,0.3456122774319724
2024-01-19,0.009157317391446096,0.0058135149843721,0.006969174149563455,0.3456122774319724
2024-01-23,-0.015466817107636421,-0.0013435881773086,-0.006224749492612318,0.3456122774319724
2024-01-24,0.004881309511408638,-0.002068337099643,0.0003335460929499456,0.3456122774319724
2024-01-25,-0.003632916693954491,-0.0042625337062328,-0.0040449303367093795,0.3456122774319724
2024-01-29,-0.0022970129726088695,0.0200093204536073,0.0122999777570158,0.3456122774319724
2024-01-30,-0.0006911551463478771,-0.0086994823481848,-0.005931706145537527,0.3456122774319724
2024-01-31,0.019758816234926035,0.0123356411965636,0.014901181627348211,0.3456122774319724
2024-02-01,-0.006053854126388369,0.0099254746367436,0.004402822431083337,0.3456122774319724
2024-02-02,0.0019463634391332363,0.0028186128350533,0.0025171527348407047,0.3456122774319724
2024-02-05,0.008351193618600927,0.000609742120921,0.0032852828036633135,0.3456122774319724
2024-02-06,0.021519479664609653,0.0093582283853914,0.01356130613642451,0.3456122774319724
2024-02-07,-0.007121442477233231,-0.0005637731396609,-0.0028301841740650873,0.3456122774319724
2024-02-08,-0.0025594901760767064,-0.0133362396914139,-0.009611662748104308,0.3456122774319724
2024-02-09,-0.0077486597315225,-0.0046618719820605,-0.005728703726101175,0.3456122774319724
2024-02-12,-0.029230469137557002,-0.0117610630321007,-0.017798704261591455,0.3456122774319724
2024-02-13,0.018013139850598492,-0.0038525825807146,0.0037044795464668836,0.3456122774319724
2024-02-14,0.006987358281603795,0.0005834103224982,0.002796693361200517,0.3456122774319724
2024-02-15,0.0009098995173020263,-0.0003967230257853,5.4861767075066405e-05,0.3456122774319724
2024-02-16,0.004850964380693545,0.0086690963828348,0.007349503086038865,0.3456122774319724
2024-02-19,0.00014207432656410113,0.0078931734035032,0.0052142983989214185,0.3456122774319724
2024-02-20,-0.000885007913688507,0.0044825880491166,0.002627480984076866,0.3456122774319724
2024-02-21,-0.007543551424692763,-0.0018792957202773,-0.0038369320342373694,0.3456122774319724
2024-02-22,0.004783220048096615,0.0049831811624969,0.004914072146351182,0.3456122774319724
2024-02-23,0.0037907332353666057,-0.0018720197993786,8.509717349450383e-05,0.3456122774319724
2024-02-26,6.879420174477069e-05,-0.0046099028005408,-0.0029928876741667416,0.3456122774319724
2024-02-27,0.002997931709437518,0.0056314200347602,0.004721254137054916,0.3456122774319724
2024-02-28,-0.0018920542303826338,-0.0130991396479414,-0.009225833333404267,0.3456122774319724
2024-02-29,0.004629780481579138,0.0016934925763631,0.0027083097264807704,0.3456122774319724
2024-03-01,0.004347598535602959,0.0006605137730264,0.001934815534905208,0.3456122774319724
2024-03-04,0.018395123769011645,-0.0056635458898894,0.0026514257229068856,0.3456122774319724
2024-03-05,-0.011639781106039138,0.0098303673026238,0.002410020414303364,0.3456122774319724
2024-03-06,-0.0074025493029452605,0.0044426397572581,0.0003487969895489317,0.3456122774319724
2024-03-07,0.015202031256431825,0.0006162406261212,0.005657268944008779,0.3456122774319724
2024-03-11,0.0028430663732572636,-0.0044071793430831,-0.0019014054091173044,0.3456122774319724
2024-03-12,-0.024815865236552548,-0.0068036904850489,-0.013028919222418748,0.3456122774319724
2024-03-13,-0.040973008035298686,-0.0187854546330065,-0.02645374549501621,0.3456122774319724
2024-03-14,0.03182571295800063,0.0086207805078479,0.016640690059600265,0.3456122774319724
2024-03-15,-0.0037623113127650543,-0.0063967403844515,-0.005486249353252951,0.3456122774319724
2024-03-18,0.0008974088336335395,0.0033958210183664,0.0025323390932370862,0.3456122774319724
2024-03-19,-0.0022476749994574385,-0.0048071765716475,-0.003922581404192179,0.3456122774319724
2024-03-20,0.011879283265041396,0.0034491039169999,0.006362677400636502,0.3456122774319724
2024-03-21,0.02133417704964735,0.0061707842050697,0.011411438939679858,0.3456122774319724
2024-03-22,-0.004176281726829267,0.0039915666017533,0.0011686579391929496,0.3456122774319724
2024-03-26,0.011515979806433041,-0.0038509235677173,0.0014600669044998612,0.3456122774319724
2024-03-27,0.008792720903724849,-0.0082957886054294,-0.0023897899160526827,0.3456122774319724
2024-03-28,-0.006481148338843057,0.0028001423263266,-0.0004075856779707913,0.3456122774319724
2024-04-01,0.011186676022580055,0.0128688489400328,0.012287469326997572,0.3811430303050004
2024-04-02,0.015441308374494644,0.0060410734516707,0.00962390747573471,0.3811430303050004
2024-04-03,0.006564733182644611,0.0062103220197788,0.006345403364367394,0.3811430303050004
2024-04-04,0.004028976267594686,-0.0091284119271779,-0.0041135651197230375,0.3811430303050004
2024-04-05,-0.0008750478923319482,0.0014673387669117,0.0005745544174615696,0.3811430303050004
2024-04-08,0.008291982052564428,0.0023563777676594,0.004618691971499447,0.3811430303050004
2024-04-09,-0.007892450932390549,-0.0063466357170537,-0.0069358124125187635,0.3811430303050004
2024-04-10,0.007667964834712215,0.007974825037804,0.007857867410117588,0.3811430303050004
2024-04-12,-0.013240874711234474,-0.00292378983,-0.006856074825547613,0.3811430303050004
2024-04-15,-0.010070608549103577,-0.0167550960144206,-0.01420735020585388,0.3811430303050004
2024-04-16,0.01060648505488615,-0.0007470113500511,0.0035802946742836115,0.3811430303050004
2024-04-18,-0.00044691832867937986,-0.0085069590586347,-0.005434930710437802,0.3811430303050004
2024-04-19,0.0038525816472447794,0.0006384124448692,0.0018634706345756345,0.3811430303050004
2024-04-22,0.00985690452604504,0.0097730143221042,0.009804988488647116,0.3811430303050004
2024-04-23,0.0026593036884772214,0.0027709857411923,0.002728418905189792,0.3811430303050004
2024-04-24,0.021232191260001088,0.0066578266253818,0.012212744126990624,0.3811430303050004
2024-04-25,-0.0009344597817930733,0.0002427016579231,-0.00020596522036851934,0.3811430303050004
2024-04-26,-0.0005577915451115967,-0.001799828717457,-0.0013264349058378188,0.3811430303050004
2024-04-29,0.00374446519391336,0.0035718818137628,0.0036376607662536647,0.3811430303050004
2024-04-30,0.003117467999272483,0.0003073679350005,0.0013784179889574002,0.3811430303050004
2024-05-02,0.006824622725994711,0.0060698888693031,0.0063575504185163206,0.3811430303050004
2024-05-03,-0.0075314243903235045,-0.0040661575139725,-0.005386919832040465,0.3811430303050004
2024-05-06,-0.012665036095025672,0.014898168694948,0.004392645296380132,0.3811430303050004
2024-05-07,-0.019416972735568416,0.0126185856508926,0.00040845584996407943,0.3811430303050004
2024-05-08,0.005168064791003069,-0.0006805317441858,0.0015486200622674114,0.3811430303050004
2024-05-09,-0.02368759621331007,-0.0174813450032509,-0.019846814396286924,0.3811430303050004
2024-05-10,0.014657483944456873,0.004815472942198,0.008566686839894101,0.3811430303050004
2024-05-13,0.0007823784859362082,0.0037652490191011,0.0026283487050831407,0.3811430303050004
2024-05-14,0.005497091072867777,0.0082596992174486,0.00720675037767779,0.3811430303050004
2024-05-15,-0.002580614299174222,-0.0075519147265167,-0.005657138217082845,0.3811430303050004
2024-05-16,0.005160465681600002,0.0047094681651698,0.004881362725242037,0.3811430303050004
2024-05-17,0.03095766776328901,0.0057739290430687,0.01537253553330284,0.3811430303050004
2024-05-21,0.0035723762436095097,-0.0019754846039603,0.00013904389119292495,0.3811430303050004
2024-05-22,0.0024975617849911647,0.0074186466775154,0.005543009469190556,0.3811430303050004
2024-05-23,0.008413105294565737,0.007429408667698,0.0078043377809631775,0.3811430303050004
2024-05-24,-0.003936419058645946,-0.0035809969125786,-0.0037164635863682145,0.3811430303050004
2024-05-27,-0.01382306963984603,0.0020167899027991,-0.004020462162890243,0.3811430303050004
2024-05-28,-0.0002063216135997914,0.0017410454916859,0.0009988200920610347,0.3811430303050004
2024-05-29,0.005144911180092304,-0.0108004726163977,-0.004723000716827248,0.3811430303050004
2024-05-30,0.001726176004775981,-0.0057450163173117,-0.0028974234356797485,0.3811430303050004
2024-05-31,-0.005680726381030898,0.0010449102107639,-0.0015185193005629643,0.3811430303050004
2024-06-03,0.009139108690699782,0.010332697525236,0.009877769459902652,0.3811430303050004
2024-06-04,-0.0578493400155321,-0.0263435633336961,-0.038351770530323695,0.3811430303050004
2024-06-05,0.0284901447372663,0.0325880926805308,0.03102618838340282,0.3811430303050004
2024-06-06,0.028894885303973883,0.011801130451561,0.01831629597530045,0.3811430303050004
2024-06-07,0.02257749117823704,0.0090618886983293,0.014213266383919114,0.3811430303050004
2024-06-10,0.022697424984720493,0.0105243204136051,0.015164014378059674,0.3811430303050004
2024-06-11,0.016272418495329788,-0.0003521051791111,0.00598421615154252,0.3811430303050004
2024-06-12,0.005644165984969307,-0.0036608133498047,-0.00011428532922352821,0.3811430303050004
2024-06-13,0.0024685618040591883,-0.0007848480722324,0.00045516642684159247,0.3811430303050004
2024-06-14,-0.00012975027491413105,-0.002247462937451,-0.0014403115159364272,0.3811430303050004
2024-06-18,0.015549477200704098,0.0034096326079164,0.008036649763443277,0.3811430303050004
2024-06-19,-0.012499108394785408,-0.0060623158422394,-0.008515654461161443,0.3811430303050004
2024-06-20,0.001956939421249082,0.0034787042636172,0.0028986942001854045,0.3811430303050004
2024-06-21,0.001993301957670779,-0.0012690322561877,-2.561630804999806e-05,0.3811430303050004
2024-06-24,0.0023298843276700065,0.0260516092426288,0.017010239124479777,0.3811430303050004
2024-06-25,-0.0077465707984525345,-0.0016264088533292,-0.003959065923050854,0.3811430303050004
2024-06-26,0.010743383620759772,0.0004558576392945,0.004376876466211598,0.3811430303050004
2024-06-27,-0.012688116012156359,0.0037370607799063,-0.0025232808759158274,0.3811430303050004
2024-06-28,-0.004040207010617247,0.0065787208244767,0.0025313904908188757,0.3811430303050004
2024-07-01,0.017159876316262812,0.0080216040924696,0.011504592859598161,0.40105104875102615
2024-07-02,0.01864522550380987,-0.0004838925835104,0.007187860287091618,0.40105104875102615
2024-07-03,-0.0005622596397560908,0.008414905042281,0.004814603731739353,0.40105104875102615
2024-07-04,-0.009339401980962836,0.0146270731977919,0.005015293192486876,0.40105104875102615
2024-07-05,-0.0018734440031532573,-0.0004473300044958,-0.0010192745192958929,0.40105104875102615
2024-07-08,0.0015062150137656882,0.0035407247530387,0.0027247824884090817,0.40105104875102615
2024-07-09,0.01303237402663826,0.0003251649303532,0.005421404465116903,0.40105104875102615
2024-07-10,-0.010060878992145583,0.003721754496087,-0.0018057851189196917,0.40105104875102615
2024-07-11,-0.001597214430866467,-0.0010378799373619,-0.0012622016225845305,0.40105104875102615
2024-07-12,0.0022931839599302783,0.0150930922700203,0.009959675618341723,0.40105104875102615
2024-07-15,0.007779948878893439,0.0008995333486041,0.0036589312128694875,0.40105104875102615
2024-07-16,0.011129060390894008,0.0044570048335672,0.007132839712158228,0.40105104875102615
2024-07-18,0.0022605006695999297,0.0108147918060335,0.007384084374445209,0.40105104875102615
2024-07-19,-0.02378823671405572,-0.00765614275971,-0.014125935958650441,0.40105104875102615
2024-07-22,-0.0018761790783852206,0.0123328016333967,0.006634275017253459,0.40105104875102615
2024-07-23,-0.009428531644331772,-0.0002791839440291,-0.003948539434623276,0.40105104875102615
2024-07-24,0.010261837750931146,-0.006655731583164,0.00012907734059305724,0.40105104875102615
2024-07-25,-0.009270454286239849,0.001510766269563,-0.0028130535411578536,0.40105104875102615
2024-07-26,0.0062925704701679575,0.0109755035187202,0.009097408308367484,0.40105104875102615
2024-07-29,0.001821047982356827,0.0071468214224028,0.0050109143988620024,0.40105104875102615
2024-07-30,0.0032417277578540293,-0.003330010953454,-0.0006944082511661977,0.40105104875102615
2024-07-31,0.008275988084277763,0.0069038344884566,0.007454138127108169,0.40105104875102615
2024-08-01,-0.016661694552631334,0.0082738608963341,-0.0017265697676628524,0.40105104875102615
2024-08-02,-0.009485219285675361,-0.0093604040282013,-0.009410461318111402,0.40105104875102615
2024-08-05,-0.038991911797899514,-0.021013816236361,-0.028223950315862188,0.40105104875102615
2024-08-06,-0.0017645881224610527,-0.0018188416341504,-0.0017970832063889611,0.40105104875102615
2024-08-07,0.0178156587946392,0.014648114041996,0.015918461187009368,0.40105104875102615
2024-08-08,-0.006135878586249421,-0.0057454630460409,-0.0059020396078902256,0.40105104875102615
2024-08-09,0.012758024140649304,0.0055546664901438,0.00844358063040776,0.40105104875102615
2024-08-12,-0.006007909386812282,-0.0072393466148342,-0.0067454774230649535,0.40105104875102615
2024-08-13,-0.01262002393933681,-1.8242238119525744e-05,-0.0050722000055242085,0.40105104875102615
2024-08-14,-0.003668898421143818,0.0047056610279245,0.0013470351780478355,0.40105104875102615
2024-08-16,0.00844997834458261,0.013683963055745,0.011584867998186487,0.40105104875102615
2024-08-19,0.03099625573440301,-1.1132073914787988e-05,0.012424413325640848,0.40105104875102615
2024-08-20,-0.007393857705877749,0.0034201531048796,-0.0009168172719795698,0.40105104875102615
2024-08-21,0.0066213234123584375,0.0061986497873014,0.006368163487909923,0.40105104875102615
2024-08-22,-0.004530749199631701,0.0010963781001605,-0.0011603872048766921,0.40105104875102615
2024-08-23,-0.0006848102875045559,0.0047780184412649,0.0025871452504446744,0.40105104875102615
2024-08-26,-0.00026859346447105636,0.0162511196388253,0.009625871373682227,0.40105104875102615
2024-08-27,0.0029698532570294756,0.0127083789871964,0.008802733029824102,0.40105104875102615
2024-08-28,-0.007370562386614599,0.0026130762982046,-0.001390872466693455,0.40105104875102615
2024-08-29,-0.008062777317821901,0.0074211631664287,0.001211312596421525,0.40105104875102615
2024-08-30,0.015947942048486485,0.0053498459724821,0.009600223518527793,0.40105104875102615
2024-09-02,0.01798637315723073,0.0069249113377443,0.011361122201168767,0.40105104875102615
2024-09-03,-0.002955882644060104,0.0004115708585434,-0.0009389499002960516,0.40105104875102615
2024-09-04,-0.0023703880848784387,0.0009861464915057,-0.00035999522052224,0.40105104875102615
2024-09-05,0.004824059925958801,-0.0075582479733015,-0.0025923104043450405,0.40105104875102615
2024-09-06,-0.02042268000686953,-0.0049247094850833,-0.011140186816358156,0.40105104875102615
2024-09-09,-0.008400757363011935,0.0073798659711079,0.0010510304330142257,0.40105104875102615
2024-09-10,-0.003131724234464617,0.0068667786100156,0.0028568685582966913,0.40105104875102615
2024-09-11,-0.0027665941977826902,0.0065580050027567,0.0028183647141973977,0.40105104875102615
2024-09-12,0.019443335942686657,0.0126054470194829,0.015347789543376792,0.40105104875102615
2024-09-13,0.009813466608005195,-0.0015198755648792,0.0030253731994103203,0.40105104875102615
2024-09-16,0.01671147804083306,-0.0037201426244536,0.004473980271042754,0.40105104875102615
2024-09-17,0.0012181397364379176,0.0019993855928432,0.001686066122799468,0.40105104875102615
2024-09-18,-0.02037341329709008,-0.0067585513498605,-0.012218806012397363,0.40105104875102615
2024-09-19,-0.010483179945548704,0.0010218055979802,-0.003592280920117462,0.40105104875102615
2024-09-20,0.024107293490480686,0.0113941602969294,0.016492775697114624,0.40105104875102615
2024-09-23,0.003983115931935899,0.0045108227726251,0.004299185390733605,0.40105104875102615
2024-09-24,-0.0018120308750241287,-0.0063995021077857,-0.0045596919587715095,0.40105104875102615
2024-09-25,-0.0014505543074726512,0.0006803493200466,-0.00017425181455736172,0.40105104875102615
2024-09-26,0.0014314492722591332,0.0060373534576856,0.004190150753673575,0.40105104875102615
2024-09-27,0.003333889754136843,0.0084536508483354,0.006400365292152367,0.40105104875102615
2024-09-30,0.003054555214846877,-0.0045278670678606,-0.0014869286593076163,0.40105104875102615
2024-10-01,0.0008409424199689042,0.0076687176935945,0.00493043125947063,0.3757856441575616
2024-10-03,-0.019573007281818655,-0.012340541002492,-0.01505839800211661,0.3757856441575616
2024-10-04,-0.0024138576178264204,-0.0141293540484652,-0.009726838675651992,0.3757856441575616
2024-10-07,-0.03780751318433084,-0.0075452902463463,-0.018917399186736558,0.3757856441575616
2024-10-08,0.02369058655544065,0.0053344537284925,0.012232424927108973,0.3757856441575616
2024-10-09,0.0010344022011894438,-0.0026260329516217,-0.0012504939698255823,0.3757856441575616
2024-10-10,-0.010315298178014909,-0.0125646656475748,-0.011719385644079173,0.3757856441575616
2024-10-11,-0.004994436795162982,0.0017577648513387,-0.0007796155938736824,0.3757856441575616
2024-10-14,-0.0026948500001755527,-0.005629456456843,-0.004526673479175284,0.3757856441575616
2024-10-15,0.00489276112674486,-0.0019692796277991,0.000609376777382642,0.3757856441575616
2024-10-16,-0.009539761720130158,-0.0010851248153984,-0.004262255990761316,0.3757856441575616
2024-10-17,-0.022307766149765373,-0.0162236346419246,-0.018509963919737863,0.3757856441575616
2024-10-18,0.003771476568041221,-0.0009273929347872,0.0008383747681454995,0.3757856441575616
2024-10-21,-0.014164493862556471,-0.0078791500742947,-0.01024109203851838,0.3757856441575616
2024-10-22,-0.0190951238179643,-0.0062474785320202,-0.011075439191706563,0.3757856441575616
2024-10-23,0.0211273714568585,-0.0045825968419708,0.0050788401564752575,0.3757856441575616
2024-10-24,-0.01647336664489718,-0.0107699195364027,-0.01291319308198688,0.3757856441575616
2024-10-25,-0.009446673184096532,-0.0013439769858454,-0.004388853896118227,0.3757856441575616
2024-10-28,-0.0021293572283787032,0.0108866013963433,0.005995391000223972,0.3757856441575616
2024-10-29,0.00976114869609046,-0.0044829644157081,0.000869768805462291,0.3757856441575616
2024-10-30,0.01445377293891581,-0.0010127037920915,0.004799376129118019,0.3757856441575616
2024-10-31,0.002460553657837261,-0.0101046178140583,-0.0053828067585418105,0.3757856441575616
2024-11-01,0.007955762882069006,0.0025184238482223,0.004561697799559438,0.3757856441575616
2024-11-04,-0.013717688997298527,-0.0104981943418602,-0.01170803421481592,0.3757856441575616
2024-11-05,0.0035330763395677867,-0.0014911928787861,0.00039685536585402383,0.3757856441575616
2024-11-06,-0.005717343985285339,0.012938333454878,0.005927797690830531,0.3757856441575616
2024-11-07,-0.0016042933706065243,-0.0070915674087446,-0.00502952859965382,0.3757856441575616
2024-11-08,-0.015732742979373993,-0.0003655827228324,-0.006140340938709362,0.3757856441575616
2024-11-11,-0.01831383186839075,-0.0016830059757064,-0.007932631596661043,0.3757856441575616
2024-11-12,-0.012156453161974334,-0.004168861055407,-0.0071704835004412605,0.3757856441575616
2024-11-13,-0.024888341624248356,-0.0082334387786883,-0.014492112172888693,0.3757856441575616
2024-11-14,-0.0027568175000367567,-0.0048519256452214,-0.004064614081303435,0.3757856441575616
2024-11-18,-0.004926612172298839,-0.0039291048799536,-0.00430395380035942,0.3757856441575616
2024-11-19,0.0127074447630533,0.002257078594579,0.006184176176881504,0.3757856441575616
2024-11-21,0.005621156593954124,-0.0062248973369293,-0.0017733203297870576,0.3757856441575616
2024-11-22,0.0003135516214705092,0.0233851839020062,0.014715195703698706,0.3757856441575616
2024-11-25,0.007113389171689244,0.008476384086874,0.007964190164687815,0.3757856441575616
2024-11-26,0.0017810394315571632,-0.0049705716964367,-0.0024334131596021654,0.3757856441575616
2024-11-27,-0.003968379663346955,-0.0004384550427021,-0.001764950040098763,0.3757856441575616
2024-11-28,0.009565573470368127,-0.0083387622929456,-0.0016105699449154836,0.3757856441575616
2024-11-29,-0.000982423694875667,0.0134819812599074,0.008046465526618422,0.3757856441575616
2024-12-02,-0.0008434945651067949,0.0126558843728148,0.007583011562900916,0.3757856441575616
2024-12-03,0.002522639196319343,0.0050597517952546,0.00410634130296345,0.3757856441575616
2024-12-04,0.01881256624483929,-0.0011409637473885,0.006357286373958045,0.3757856441575616
2024-12-05,0.0046506496950211584,0.0088389248808529,0.007265031192235989,0.3757856441575616
2024-12-06,0.00250864395429673,-0.0049268076505297,-0.002132671679607625,0.3757856441575616
2024-12-09,-0.007141171359126619,-0.0086345022194594,-0.008073329920168881,0.3757856441575616
2024-12-10,0.012514135603019616,-0.0019991198944827,0.0034547531714694806,0.3757856441575616
2024-12-11,-0.0004983174532944279,0.0016551904039328,0.000845933066606296,0.3757856441575616
2024-12-12,-0.013731171018115829,-0.004973144206396,-0.008264284953387331,0.3757856441575616
2024-12-13,-0.006036859015857821,0.0098876324936432,0.0039034371938637385,0.3757856441575616
2024-12-16,0.002659307467082428,-0.0067448999154363,-0.003210933786405204,0.3757856441575616
2024-12-17,-0.009007343342019691,-0.0138218493627454,-0.012012627116446531,0.3757856441575616
2024-12-18,-0.006990999726434688,0.0046158977807337,0.0002541923243316313,0.3757856441575616
2024-12-19,0.00604218711788973,-0.0063603305287603,-0.001699642445738394,0.3757856441575616
2024-12-20,-0.020740721447148558,-0.0127990557365328,-0.01578341970128056,0.3757856441575616
2024-12-23,-0.010397813334353745,0.0168456478439729,0.0066079462359939,0.3757856441575616
2024-12-24,0.014615786220587124,0.0054272691305137,0.008880181944059706,0.3757856441575616
2024-12-26,-0.01332269544505027,0.0002930018305242,-0.004823581740831908,0.3757856441575616
2024-12-27,0.0047865396174517905,0.0033915267296522,0.003915752546302069,0.3757856441575616
2024-12-30,0.014999510376669578,0.0030708659706741,0.007553479292707605,0.3757856441575616
2024-12-31,0.0019542316906207002,0.0024145807938826,0.0022415882095759712,0.3757856441575616
2025-01-01,0.009067230731774956,0.0001389030182286,0.0034940403993134264,0.405098533128073
2025-01-02,0.0010712178485023927,0.006619196653949,0.0043717185780369405,0.405098533128073
2025-01-03,0.0012205161121048302,-0.0026030103415192,-0.0010541053837797223,0.405098533128073
2025-01-06,-0.019149192271773807,-0.0176083980805181,-0.01823257154724804,0.405098533128073
2025-01-07,0.013020457771800498,0.0054796679493869,0.008534430845073751,0.405098533128073
2025-01-08,-0.011385484788917655,0.0029116077935873,-0.0028801234395817096,0.405098533128073
2025-01-09,-0.0020191635339312786,0.0007514475485066,-0.0003709229368573671,0.405098533128073
2025-01-10,0.0003613024026931644,-0.0084491459672754,-0.0048800462564005135,0.405098533128073
2025-01-13,-0.046933221514596,-0.0109550817667766,-0.02552977340329506,0.405098533128073
2025-01-14,0.00925988773693609,-0.0006621787530587,0.003357235827637397,0.405098533128073
2025-01-15,0.009589675233928396,0.0001442133015843,0.003970556075093947,0.405098533128073
2025-01-16,0.009825867653844078,-3.664502182099128e-05,0.003958644396047955,0.405098533128073
2025-01-17,0.0005385506606847557,0.0119514784164398,0.007328118123886762,0.405098533128073
2025-01-20,-0.01885245426263238,0.0013569981019125,-0.006829821406286296,0.405098533128073
2025-01-21,-0.02015728429351793,-0.017408853952206,-0.018522239051876152,0.405098533128073
2025-01-22,-0.006333736098535048,0.0047415381172806,0.00025496077846251216,0.405098533128073
2025-01-23,0.001698867160572215,0.005609244035557,0.004025156099522725,0.405098533128073
2025-01-24,-0.027619454484872574,-0.00464529265773,-0.013952091913752426,0.405098533128073
2025-01-27,-0.026141668613038904,-0.0150527131983039,-0.019544832770735654,0.405098533128073
2025-01-28,-0.011818453297313791,-0.0042800619609719,-0.007333853233469374,0.405098533128073
2025-01-29,0.03377269929018367,0.0051950360918262,0.016771805533708925,0.405098533128073
2025-01-30,0.0016059732753899159,0.0097438891691623,0.006447231377875477,0.405098533128073
2025-01-31,0.0186651009802985,0.0138294266868166,0.01578835124979125,0.405098533128073
2025-02-01,0.023412310502650246,0.0035635791610206,0.011604271111967978,0.405098533128073
2025-02-03,-0.013450765202821513,-0.0048931404230317,-0.008359821668385002,0.405098533128073
2025-02-04,0.015772807109649678,0.0094376500330086,0.012004012871891831,0.405098533128073
2025-02-05,0.002791805179200857,-0.0053744948071341,-0.0020663386615860065,0.405098533128073
2025-02-06,-0.0024842799311549646,-0.0005541575799787,-0.001336047313197912,0.405098533128073
2025-02-07,-0.005954361970037292,-9.49955340309172e-05,-0.0024686162823169644,0.405098533128073
2025-02-10,-0.024957975801020327,-0.0089894523110518,-0.015458277753059227,0.405098533128073
2025-02-11,-0.026211942910344233,-0.0165808138839094,-0.020482370124885355,0.405098533128073
2025-02-12,0.009316690751218992,0.0001552951590795,0.003866563074861202,0.405098533128073
2025-02-13,-0.005156697053364634,0.0043416532589235,0.0004938854802790027,0.405098533128073
2025-02-14,-0.03660343699375401,-0.0074421795612126,-0.019255362171305242,0.405098533128073
2025-02-17,0.015015339333995348,0.0090745363305115,0.011481146912825656,0.405098533128073
2025-02-18,-0.004895753957341209,-0.0051711691933626,-0.005059598885249213,0.405098533128073
2025-02-19,0.0035521419146122835,-0.001899437407826,0.0003089893789250827,0.405098533128073
2025-02-20,-0.010358222407564677,-0.0037192398373135,-0.006408681937985095,0.405098533128073
2025-02-21,-0.012697738308984574,-0.0018304293824175,-0.006232760287619435,0.405098533128073
2025-02-24,-0.014779300268577988,-0.0059677208876762,-0.009537278769421089,0.405098533128073
2025-02-25,0.009608753699198225,-0.0016856057693948,0.002889722683953396,0.405098533128073
2025-02-27,-0.026116405790926778,-0.0029139713767911,-0.012313243522957781,0.405098533128073
2025-02-28,-0.03318165084915958,-0.0132915764494069,-0.021349016412554947,0.405098533128073
2025-03-03,-0.028281185934282416,-0.0060179490784686,-0.015036753671441628,0.405098533128073
2025-03-04,0.010905845306859563,0.0007740878841338,0.004878447954089472,0.405098533128073
2025-03-05,0.007653788666866612,0.0128876025736233,0.010767392237330857,0.405098533128073
2025-03-06,0.022674638840450623,0.010849319690432,0.015639739131875854,0.405098533128073
2025-03-07,0.00043487154830601504,0.0057018810491276,0.003568223226373152,0.405098533128073
2025-03-10,-0.0011409570782189293,0.0025187693625361,0.001036219549736214,0.405098533128073
2025-03-11,-0.0118713921000424,0.0024366206598449,-0.003359534321163196,0.405098533128073
2025-03-12,0.0013752442124403963,0.0062398021268192,0.004269176851387789,0.405098533128073
2025-03-13,-0.0011929524316016682,0.0026707734815716,0.0011055837817361847,0.405098533128073
2025-03-17,0.003279549952365679,0.0015731356240775,0.002264401565375767,0.405098533128073
2025-03-18,0.0,4.2739284711323933e-07,2.5425663167823533e-07,0.405098533128073
2025-03-19,0.04014453525472139,0.0121644460550816,0.023499139146648317,0.405098533128073
2025-03-20,0.019167259101096068,0.0165789494673551,0.017627469903264827,0.405098533128073
2025-03-21,0.006125548868129549,0.0033696525470434,0.004486062104168452,0.405098533128073
2025-03-24,0.005851130390897907,0.0116545599031721,0.009303599120637655,0.405098533128073
2025-03-25,-0.006376126933217985,-0.0045105948014675,-0.005266319131542909,0.405098533128073
2025-03-26,-0.02736617747737502,-0.0033493420452844,-0.013078526849202639,0.405098533128073
2025-03-27,0.018726999671153877,0.0103686845720234,0.01375462575810338,0.405098533128073
2025-03-28,0.012246492615122673,-0.0014196778312347,0.004116467770062894,0.405098533128073
2025-04-01,-0.022735307221744327,-0.0100208185633077,-0.015171439268313897,0.31183914911877
2025-04-02,0.02322279369024538,0.0071747149411089,0.012179134163230635,0.31183914911877
2025-04-03,-0.0033604325906601007,0.0039295233252856,0.0016562296753437496,0.31183914911877
2025-04-04,-0.03459375503707529,-0.016993143373189,-0.0224817031384252,0.31183914911877
2025-04-07,-0.05965905072025768,-0.0186205191363284,-0.03141793990654467,0.31183914911877
2025-04-08,0.04900937585154197,0.0213641720058308,0.029985028850292316,0.31183914911877
2025-04-09,-0.011979687856055077,0.0018847354058526,-0.0024387345471631712,0.31183914911877
2025-04-11,0.04422538504054807,0.0137376789705865,0.023244939290026474,0.31183914911877
2025-04-15,0.02666666503267967,0.0175990338670246,0.020426676254245317,0.31183914911877
2025-04-16,0.0014940487983539086,0.0068418716487952,0.005174211121475673,0.31183914911877
2025-04-17,0.007548053746044392,0.014644955996252,0.012431864037168176,0.31183914911877
2025-04-21,0.012736912219333485,0.0008411303283928,0.004550700831366216,0.31183914911877
2025-04-22,0.011554237682456225,0.0066991786552039,0.008213176131183667,0.31183914911877
2025-04-23,0.002253525332570838,0.0071770047018269,0.005641671084614271,0.31183914911877
2025-04-24,-0.004463655838032321,-0.0021284334943887,-0.0028566472430336665,0.31183914911877
2025-04-25,-0.019570583146253928,-0.0043582527650133,-0.009102052927212992,0.31183914911877
2025-04-28,-0.0062498841545212125,0.0078015597488252,0.003419769438115527,0.31183914911877
2025-04-29,-0.001308648579004923,0.0031590268737713,0.0017658307620387473,0.31183914911877
2025-04-30,-0.015769456425451134,0.0029373560818384,-0.0028961604131591324,0.31183914911877
2025-05-02,-0.006431350500196054,-0.009430415854402,-0.008495189866194835,0.31183914911877
2025-05-05,0.01894789264667529,0.004414729013465,0.008946738394849149,0.31183914911877
2025-05-06,-0.007884802649662626,0.0007265963436704,-0.0019587749911328034,0.31183914911877
2025-05-07,-0.004189993638561651,-0.0026657708474665,-0.003141083185709048,0.31183914911877
2025-05-08,-0.014409777401550361,-0.0032249248954998,-0.006712799784005549,0.31183914911877
2025-05-09,-0.018640283839950977,-0.0067251774452045,-0.010440774085001856,0.31183914911877
2025-05-12,0.040349885381788075,0.029984779214528,0.03321702510225209,0.31183914911877
2025-05-13,0.004344593359189908,-0.0097155446790738,-0.005331043196729193,0.31183914911877
2025-05-14,0.01640825058490103,0.0048103605802611,0.008427036730881103,0.31183914911877
2025-05-15,0.003186255522152681,0.010942274549901,0.008523644175738974,0.31183914911877
2025-05-16,-0.005333384680750508,0.0030921464349744,0.0004647359809730237,0.31183914911877
2025-05-19,0.011576802596213298,-0.0005088818504521,0.0032599077039139903,0.31183914911877
2025-05-20,-0.010879417789681156,0.0055919198037579,0.00045551190377185686,0.31183914911877
2025-05-21,0.00672240590043649,0.0066709089083611,0.0066869676865520655,0.31183914911877
2025-05-22,-0.0017906755211284375,-0.0022028709145514,-0.0020743322537957066,0.31183914911877
2025-05-23,0.002762907041309992,0.0072325801196211,0.0058387610700414904,0.31183914911877
2025-05-26,0.007240980828601584,0.008147706335881,0.007864953825206702,0.31183914911877
2025-05-27,0.005172736265813382,-0.0067106904302491,-0.0030049727607337,0.31183914911877
2025-05-28,-0.000534896077224456,-0.0090823474773735,-0.006416917505616983,0.31183914911877
2025-05-29,-0.0020614171551762706,0.0006767001273377,-0.00017715203622885523,0.31183914911877
2025-05-30,-0.006752164959772156,-0.0071375732104962,-0.00701738782952706,0.31183914911877
2025-06-02,-0.004209874659112933,0.0039716519640489,0.001420331663389551,0.31183914911877
2025-06-03,-0.0034088572672583695,-0.0066377953319148,-0.00563088603327513,0.31183914911877
2025-06-04,-0.001839094632736904,0.000931030893001,6.719730610270662e-05,0.31183914911877
2025-06-05,0.010946140558433903,0.0100656250178423,0.010340204234806239,0.31183914911877
2025-06-06,0.00472292407892505,0.0088628871419191,0.007571884582971898,0.31183914911877
2025-06-09,0.0025357228059117443,0.0011199588755925,0.0015614494949762988,0.31183914911877
2025-06-10,0.007798767324069589,0.0009329576897925,0.0030739859241569207,0.31183914911877
2025-06-11,0.002433850979538299,-0.0012061941889454,-7.108560085155365e-05,0.31183914911877
2025-06-12,-0.017283935238106563,-0.0039691645921451,-0.008121231341093297,0.31183914911877
2025-06-13,-0.003505226619510804,-0.0025306322150837,-0.0028345489048961624,0.31183914911877
2025-06-16,0.004776666670767593,0.00426132847625,0.00442203110033677,0.31183914911877
2025-06-17,-0.009677408599762183,-0.0061682231877029,-0.007262524580699467,0.31183914911877
2025-06-18,-0.008986329400063164,-0.0057321716834756,-0.006746945456914546,0.31183914911877
2025-06-19,-0.02265203292403084,0.0019681307357697,-0.0057094001510673625,0.31183914911877
2025-06-20,0.009649903548643701,0.0036808980849187,0.005542267669811993,0.31183914911877
2025-06-23,0.005358358752456827,-0.0057262625725702,-0.0022696436902699996,0.31183914911877
2025-06-24,0.01400310898946433,0.0032639955804174,0.006612871568184568,0.31183914911877
2025-06-25,0.003730478230875134,0.0082900105200183,0.0068681698505923365,0.31183914911877
2025-06-26,0.001829277043065236,0.0077636112589476,0.0059130535264804406,0.31183914911877
2025-06-27,0.013504202692490974,0.0094178650854259,0.010692145127825103,0.31183914911877
2025-06-30,0.008340955316620935,-0.0059832163681267,-0.00151637885812382,0.31183914911877
2025-07-01,-0.010683411018502453,0.0028444664925453,-0.0013740553198827755,0.3336973947535718
2025-07-02,-0.004715388321606007,0.0027543279552231,0.00026170309409687706,0.3336973947535718
2025-07-03,-0.004022694536688909,0.0033393070505309,0.0008826263007039893,0.3336973947535718
2025-07-04,-0.011491941803317696,0.0027470239236511,-0.0020044818434237855,0.3336973947535718
2025-07-07,0.003725304440722388,0.0059841125759094,0.00523035418594932,0.3336973947535718
2025-07-08,-0.007305584586280722,0.0003361813119693,-0.0022138560595934206,0.3336973947535718
2025-07-09,-0.003298975423527084,0.0041899066993851,0.0016908862453527066,0.3336973947535718
2025-07-10,-0.00280987219002371,-0.0061323794184491,-0.005023667412273638,0.3336973947535718
2025-07-11,-0.007114366802983829,-0.0033970983582096,-0.004637541153830423,0.3336973947535718
2025-07-14,0.009362630960184859,-0.0020746111309443,0.0017419667580313935,0.3336973947535718
2025-07-15,0.005695719526864762,0.0060438488103726,0.005927678975428607,0.3336973947535718
2025-07-16,0.0011296321910096996,-0.0004141948804121,0.00010097619127139094,0.3336973947535718
2025-07-17,0.006010643755125278,-0.0026778965884989,0.00022144668837979125,0.3336973947535718
2025-07-18,-0.007394708433195674,-0.0058682618378264,-0.006377633089931586,0.3336973947535718
2025-07-21,0.008252002337534314,-0.0014652255178418,0.0017773881017240471,0.3336973947535718
2025-07-22,-0.00018973442767333815,0.0025458130081796,0.001632967955610661,0.3336973947535718
2025-07-23,-0.007211663682432423,0.0002896111203589,-0.0022135447386631775,0.3336973947535718
2025-07-24,-0.0012193378799428833,-0.0047325165530826,-0.0035601779825520665,0.3336973947535718
2025-07-25,-0.01880552144626446,-0.006109350542004,-0.010346029696101816,0.3336973947535718
2025-07-28,-0.014659641055807637,-0.0001123469216025,-0.004966741074900671,0.3336973947535718
2025-07-29,0.01357959470265091,0.0070147585446302,0.009205427267545759,0.3336973947535718
2025-07-30,0.002889044927276485,0.0086242658269184,0.006710437554371658,0.3336973947535718
2025-07-31,-0.004864099070264638,-0.0095985602188024,-0.008018682867973347,0.3336973947535718
2025-08-01,-0.0011671963665381702,-0.0157425251974827,-0.010878775938919888,0.3336973947535718
2025-08-04,0.002236100476262992,0.0057901801575535,0.004604193027160253,0.3336973947535718
2025-08-05,-0.000320550610734438,-0.0007647360138934,-0.0006165125020716895,0.3336973947535718
2025-08-06,-0.009493149612297302,-0.010941378987637,-0.010458108618080551,0.3336973947535718
2025-08-07,0.0041439724189520355,0.0047273834367704,0.004532700700053883,0.3336973947535718
2025-08-08,-0.00967805946610667,-0.0067637340251758,-0.007736236832278486,0.3336973947535718
2025-08-11,-0.005466293405183564,0.009483818383756,0.004495005028512207,0.3336973947535718
2025-08-12,-0.004077483323050024,-0.0056135917884982,-0.005100996395519237,0.3336973947535718
2025-08-13,-0.001067180685467295,0.0055543312584553,0.0033447499734386714,0.3336973947535718
2025-08-14,-0.0028891648642710432,0.0010131416661711,-0.00028904785656729296,0.3336973947535718
2025-08-18,-0.006091889271090611,0.0055089722254706,0.001637794967171102,0.3336973947535718
2025-08-19,-0.0020658001353878186,0.0018650700594744,0.0005533489163344127,0.3336973947535718
2025-08-20,-0.011028833087129208,0.0030986044630059,-0.0016156846420179683,0.3336973947535718
2025-08-21,0.0008422632622058224,0.0008822183186554,0.000868885420410944,0.3336973947535718
2025-08-22,-0.00942976172050869,-0.0058319035096993,-0.007032499421339141,0.3336973947535718
2025-08-25,0.008626206274506387,0.0114469939213777,0.010505704432463686,0.3336973947535718
2025-08-26,-0.010309587394723874,-0.0074409775489752,-0.008398225181065979,0.3336973947535718
2025-08-28,-0.009338799584364454,-0.0083293429961033,-0.008666196029722878,0.3336973947535718
2025-08-29,-0.004246228784302253,-0.001888173095338,-0.00267505013542921,0.3336973947535718
2025-09-01,0.024340077352722922,0.0054818327508932,0.011774779844149388,0.3336973947535718
2025-09-02,0.004522300304306226,0.0072176492273057,0.006318218313748931,0.3336973947535718
2025-09-03,9.518407719011357e-05,0.0012205824757409,0.0008450399620846608,0.3336973947535718
2025-09-04,-0.0068768507431999915,5.314344576845542e-06,-0.0022912462154782718,0.3336973947535718
2025-09-05,-0.005553874861356056,-0.0008437395476548,-0.002415499430773707,0.3336973947535718
2025-09-08,0.002501093216574324,0.0012321682373395,0.001655605197047891,0.3336973947535718
2025-09-09,0.021872474348607174,0.001951256185404,0.008598914786782434,0.3336973947535718
2025-09-10,0.005286731184097393,0.0041293396607851,0.00451555819682428,0.3336973947535718
2025-09-11,-0.006237023942158082,0.0051599662460033,0.0013568203121818272,0.3336973947535718
2025-09-12,0.0042874891619539834,0.0034145660767255,0.003705858236086495,0.3336973947535718
2025-09-15,0.0029349538974723366,-0.0002412640740973,0.0008186315881849621,0.3336973947535718
2025-09-16,0.002835335997023236,0.0103341607375042,0.007831822457892074,0.3336973947535718
2025-09-17,0.0034221965746326077,0.0060472571391001,0.005171281267666958,0.3336973947535718
2025-09-18,-0.00011510898742395081,0.0003562236881176,0.00019894120222715395,0.3336973947535718
2025-09-19,-0.0018891898597269696,-0.0003524459024587,-0.0008652533574024159,0.3336973947535718
2025-09-22,-0.00329004701356439,-0.0040718036791113,-0.003810933516487057,0.3336973947535718
2025-09-23,-0.006178614869868482,0.0050614508356168,0.0013106701928373935,0.3336973947535718
2025-09-24,-0.007949794854199776,-0.0028425425889239,-0.004546819364195738,0.3336973947535718
2025-09-25,0.01578885772574634,-0.0082606402126507,-0.00023538540547621192,0.3336973947535718
2025-09-26,-0.033616666950065155,-0.0102219995883197,-0.018028739138060575,0.3336973947535718
2025-09-29,-0.01143744254266299,0.0014482066832086,-0.0028517008931731288,0.3336973947535718
2025-09-30,0.013904197770300053,0.0066911877239927,0.009098150384776803,0.3336973947535718
2025-10-01,0.007316018936177837,0.0012537501495635,0.0032767134499526013,0.383542660316614
2025-10-03,0.009772978888904937,0.0065208812766017,0.007768199446433791,0.383542660316614
2025-10-06,0.0059253193308523855,0.0040002821113969,0.004738616007755355,0.383542660316614
2025-10-07,0.0016106847710186667,-0.0042355763394161,-0.001993285800214388,0.383542660316614
2025-10-08,-0.01484271544126703,-0.0102847151399019,-0.01203290270121141,0.383542660316614
2025-10-09,-0.0030542417922094778,0.0040711325787732,0.0013382475367746838,0.383542660316614
2025-10-10,0.01100171967012642,0.0124886637687715,0.011918357273435078,0.383542660316614
2025-10-13,-0.007206061608406644,-0.0024475071560344,-0.004272615789958719,0.383542660316614
2025-10-14,-0.012764749506805728,-0.0099862922297381,-0.011051949125360675,0.383542660316614
2025-10-15,0.014364933855463224,0.0089783465838833,0.011044332596052676,0.383542660316614
2025-10-16,-0.004075835651322857,0.007722068210396,0.003197068777112696,0.383542660316614
2025-10-17,-0.0001336469786711314,-0.0008586866803209,-0.0005806030243149837,0.383542660316614
2025-10-20,-0.0009058132036948718,0.0115138704212656,0.006750391923457572,0.383542660316614
2025-10-23,-0.005772185071309943,0.0079856439041388,0.002708929578714193,0.383542660316614
2025-10-24,0.009470376769824318,-0.0088761910919388,-0.0018394996465588816,0.383542660316614
2025-10-27,0.018324203119456817,0.009986964679395,0.013184651290390245,0.383542660316614
2025-10-28,-0.010400763262630286,-0.0002580762407847,-0.004148229403902151,0.383542660316614
2025-10-29,0.00628215217322281,0.007548197715264,0.007062615239987533,0.383542660316614
2025-10-30,0.007204145419633656,-0.0109875403352277,-0.004010252785164326,0.383542660316614
2025-10-31,0.029879294172562076,-0.005520566164805,0.008056790443825358,0.383542660316614
2025-11-03,0.018215632950028926,0.0050527428541045,0.010101272738950565,0.383542660316614
2025-11-04,-0.011464575541598965,-0.0077878427742422,-0.009198026641107481,0.383542660316614
2025-11-06,-0.023594376913552706,-0.008550190467498,-0.014320277759316966,0.383542660316614
2025-11-07,0.02196716999514181,-0.0036605835034838,0.006168753251317478,0.383542660316614
2025-11-10,-0.006428755221517979,0.0078219148928,0.0023561749658600165,0.383542660316614
2025-11-11,0.004465089842079717,0.0049128164002567,0.004741094165039098,0.383542660316614
2025-11-12,0.021130787299208365,-8.9459669206704e-05,0.008049410305634774,0.383542660316614
2025-11-13,-0.005610849368029136,0.0024568423248625,-0.0006374616096434054,0.383542660316614
2025-11-14,-0.0015623401026860773,0.0046827707730177,0.0022875043337780543,0.383542660316614
2025-11-17,0.003922718758300858,0.0041865091510422,0.004085334282044222,0.383542660316614
2025-11-18,-0.0075746011854253,-0.0014687451980646,-0.0038106014469670487,0.383542660316614
2025-11-19,0.00985111169688846,-0.0023000229216699,0.0023604555757972775,0.383542660316614
2025-11-20,-0.008054027057678326,0.0030678521074554,-0.001197863015259911,0.383542660316614
2025-11-21,-0.009461316233394634,-0.0086817123733667,-0.008980723711834915,0.383542660316614
2025-11-24,-0.00941767642513458,0.001351513448234,-0.0027789302852525245,0.383542660316614
2025-11-25,0.008007357380767965,-0.0029089425092494,0.0012779241913818211,0.383542660316614
2025-11-27,0.0010569109048998993,0.0110990364894032,0.007247452927489272,0.383542660316614
2025-11-28,-0.003315845738827594,-0.0020878160011158,-0.0025588177936656954,0.383542660316614
2025-12-01,-0.005682917786595354,-0.0010454085325648,-0.002824091169098595,0.383542660316614
2025-12-02,-0.0012928318667010386,-0.0028743809383958,-0.00226778940001672,0.383542660316614
2025-12-03,-0.01192491009605523,-0.0086685096081112,-0.009917478114313573,0.383542660316614
2025-12-04,0.007137769113266579,0.0007863532163883,0.003222392166254228,0.383542660316614
2025-12-05,0.003632817393310228,-0.0025762359993248,-0.00019479914306566376,0.383542660316614
2025-12-08,-0.01664837581602352,-0.0108753002740328,-0.0130895210256167,0.383542660316614
2025-12-09,-0.0032282876355208545,0.0002230420534763,-0.0011006901170713807,0.383542660316614
2025-12-10,-0.008723807756500057,-0.001363357135295,-0.004186403947681062,0.383542660316614
2025-12-11,0.013154376427711556,0.0034812226695328,0.007191289795596333,0.383542660316614
2025-12-12,0.00675211774808071,0.004516038698052,0.005373670405578258,0.383542660316614
2025-12-15,0.0030192138616684794,0.0023628829544644,0.002614613856661469,0.383542660316614
2025-12-16,-0.012795947588371992,-0.004852653515144,-0.007899245655667056,0.383542660316614
2025-12-17,-0.002774323110801502,-0.0047914038681751,-0.00401776734841858,0.383542660316614
2025-12-18,0.004353650093577466,-0.0035370350379662,-0.0005106206708931913,0.383542660316614
2025-12-19,0.00894917009202656,0.0064483564916408,0.007407525192888724,0.383542660316614
2025-12-22,0.02450888255942041,0.0035616564738525,0.011595811292964789,0.383542660316614
2025-12-23,0.0006339711012177673,-0.0005187448629134,-7.662911544110152e-05,0.383542660316614
2025-12-24,-0.012283124676670476,-0.0010886673750157,-0.005382219309293117,0.383542660316614
2025-12-26,-0.002482946232194694,-0.0019651683318481,-0.002163758245200183,0.383542660316614
2025-12-29,-0.0028910263421275673,-0.003106020996111,-0.0030235613745683444,0.383542660316614
2025-12-30,0.006862886252306577,-0.0018106706405945,0.0015160084445162837,0.383542660316614
2025-12-31,0.00768768107759521,0.0106181114754944,0.00949416640481147,0.383542660316614
2026-01-01,0.0025176160496969135,-0.0104877645795977,-0.0054996462946078845,0.34559660841574924
2026-01-02,0.008441296838221257,0.0086318942047978,0.008566024401335973,0.34559660841574924
2026-01-05,-0.0032982770652013604,-0.0019368973967285,-0.002407385592918878,0.34559660841574924
2026-01-06,0.005418598588334156,0.0125898378878674,0.010111481907810978,0.34559660841574924
2026-01-07,0.010176496844191307,0.0011961933491966,0.00429975577961087,0.34559660841574924
2026-01-08,-0.012042040429381284,-0.0225669830008609,-0.01892959854438701,0.34559660841574924
2026-01-09,-0.022484775137846302,-0.0019881438190881,-0.00907171008679896,0.34559660841574924
2026-01-12,0.004351255782445218,0.003599951487512,0.0038595997037291063,0.34559660841574924
2026-01-13,-0.0016602844387559879,0.0016361699676337,0.0004969265049882719,0.34559660841574924
2026-01-14,0.003414238664628755,-8.569200534291888e-05,0.0011238721638895525,0.34559660841574924
2026-01-16,0.0023781347793672136,-0.0019755583828522,-0.0004709367919063323,0.34559660841574924
2026-01-19,-0.005545221505173892,-0.0049722721795556,-0.005170281523283372,0.34559660841574924
2026-01-20,-0.04508831669973301,-0.0175782478694589,-0.027085634354485452,0.34559660841574924
2026-01-21,-0.0072192010824790875,-0.0022886303675605,-0.00399261888419038,0.34559660841574924
2026-01-22,0.012060167612311545,0.0139197989016137,0.013277116635127068,0.34559660841574924
2026-01-23,0.0004539316273231009,-0.0095815800411281,-0.006113341244794688,0.34559660841574924
2026-01-27,0.011773824442902203,0.0100044933456622,0.010615968172032862,0.34559660841574924
2026-01-28,0.00858223402467706,0.019509017893003,0.015732758447217637,0.34559660841574924
2026-01-29,0.017847191555919517,-0.0007096304203709,0.005703544317609909,0.34559660841574924
2026-01-30,-0.0024842378133709264,0.0006168587773713,-0.0004548696867588562,0.34559660841574924
2026-02-02,-0.028418724809999518,-0.0240620126606155,-0.025567677603286307,0.34559660841574924
2026-02-03,0.01668392384901729,0.0144981449905052,0.015253542750753826,0.34559660841574924
2026-02-04,0.020195714136734377,0.010004158634884,0.01352632565080436,0.34559660841574924
2026-02-05,0.005952584764701285,-0.0026061868216429,0.00035169561080273235,0.34559660841574924
2026-02-06,0.002177709353343271,-0.0052968300936748,-0.002713654611315625,0.34559660841574924
2026-02-09,0.024104704193047333,0.0261111520585104,0.025417730481243343,0.34559660841574924
2026-02-10,-0.004976404806571355,0.0002050045665058,-0.0015856729396432382,0.34559660841574924
2026-02-11,0.014000291835418954,0.0149799579577603,0.014641388668499324,0.34559660841574924
2026-02-12,-0.009654606373165397,-0.0030266301192423,-0.0053172362332582455,0.34559660841574924
2026-02-13,-0.017591170800513978,-0.0114048198941407,-0.013542801785853001,0.34559660841574924
2026-02-16,0.010650201535900239,0.0049390141464107,0.006912781138245081,0.34559660841574924
2026-02-18,0.004179981483595219,0.0112874781800182,0.008831151427408276,0.34559660841574924
2026-02-19,-0.011489242863868876,-0.0175024171788478,-0.015424284529778388,0.34559660841574924
2026-02-20,0.0012204142098586335,0.0034161231453571,0.002657293584180675,0.34559660841574924
2026-02-23,0.0041616451267871835,0.0112157712585752,0.008777889192092353,0.34559660841574924
2026-02-24,0.012819767648663216,-0.0028786655889146,0.0025466596954333625,0.34559660841574924
2026-02-25,0.010985627602754011,0.0021201454010657,0.00518402598193937,0.34559660841574924
2026-02-26,0.004689252394187715,0.0022967892027387,0.003123616367462999,0.34559660841574924
2026-02-27,0.008589649694079604,-0.0147406630360398,-0.006677786083231755,0.34559660841574924
2026-03-02,-0.0259245511793722,-0.0044216999428403,-0.011853012401454125,0.34559660841574924
2026-03-04,-0.004724242613877161,-0.0163977247504495,-0.012363408915648265,0.34559660841574924
2026-03-05,0.012494966706117605,0.0048658633430416,0.007502455590573854,0.34559660841574924
2026-03-06,0.01496272584268965,-0.0049368195065315,0.0019403958751747258,0.34559660841574924
2026-03-09,-0.03812706635835028,-0.018214127160707,-0.025095971411001547,0.34559660841574924
2026-03-10,0.00021604949124331974,0.0123579738472607,0.008161765970180514,0.34559660841574924
2026-03-11,-0.016008964582008622,-0.0082807157346074,-0.010951572325262185,0.34559660841574924
2026-03-12,0.009979114263729327,-0.0099736442692819,-0.00307803859173482,0.34559660841574924
2026-03-13,-0.04124609194985518,-0.0183672131600045,-0.026274076074131916,0.34559660841574924
2026-03-16,0.01116182314241998,0.006003943825499,0.007786489424044632,0.34559660841574924
2026-03-17,0.015794589562041272,0.0016278559330089,0.0065238310275318265,0.34559660841574924
2026-03-18,0.003511780286454824,0.0040015078871444,0.0038322596892985004,0.34559660841574924
2026-03-19,-0.027458719767473716,-0.0280028678450778,-0.02781481211498188,0.34559660841574924
2026-03-23,-0.06004234802194264,-0.0260305945954536,-0.03778494122592095,0.34559660841574924
2026-03-24,0.02142844587280801,0.0136647365719597,0.016347848175058684,0.34559660841574924
2026-03-25,0.03518618736131107,0.0181312197691998,0.024025358725673976,0.34559660841574924
2026-03-27,-0.022152334577302923,-0.0079994278025529,-0.012890624383130789,0.34559660841574924
2026-04-01,0.02546926699980312,-0.0085386614565965,0.003214363277180654,0.39488912284777367
2026-04-02,0.0008673773225429393,0.0067261989226921,0.004412614000087608,0.39488912284777367
2026-04-06,0.007463080824802404,0.0076791714487565,0.007593839611807639,0.39488912284777367
2026-04-07,-0.0028311080074704398,0.0048023309209686,0.0017879689182052582,0.39488912284777367
2026-04-08,0.03399068312129172,0.0102954618203681,0.01965244697557371,0.39488912284777367
2026-04-09,0.001947702564019993,0.0089999019684721,0.006215065131500416,0.39488912284777367
2026-04-10,0.017218138906623937,0.0056252507530683,0.01020315618729823,0.39488912284777367
2026-04-13,0.00011536487627683556,-0.0052251662452297,-0.0031162485951167474,0.39488912284777367
2026-04-15,0.014175988588124078,0.0101660231274629,0.011749514870873261,0.39488912284777367
2026-04-16,0.025266678753258498,-0.006550278536015,0.006013891819631289,0.39488912284777367
2026-04-17,0.011551428736027658,0.0190399221544963,0.016082797557025894,0.39488912284777367
2026-04-20,-0.005192430407342741,-0.0013072288246505,-0.002841452669726621,0.39488912284777367
2026-04-21,0.00984807749696981,0.0155275614583909,0.013284795018637326,0.39488912284777367
2026-04-22,0.005028706207413025,0.0022776517576998,0.00336401323625352,0.39488912284777367
2026-04-23,-0.007639538107893862,0.0059870535194592,0.0006060607043289323,0.39488912284777367
2026-04-24,-0.003848980186652695,-0.0056556055516565,-0.004942188845955609,0.39488912284777367
2026-04-27,0.01495839824534273,0.005579853888513,0.00928333904317043,0.39488912284777367
2026-04-28,0.004862214100960216,-0.0036234889790531,-0.00027257713303999046,0.39488912284777367
2026-04-29,0.009969944365054717,0.0045498824957024,0.006690205973071602,0.39488912284777367
2026-04-30,-0.009459572447831688,-0.0087959879106352,-0.009058030226464068,0.39488912284777367
2026-05-04,0.02719944829666887,0.0115636157996168,0.01773803597937241,0.39488912284777367
2026-05-05,0.013627570420002177,0.0015873601630143,0.006341908230299011,0.39488912284777367
2026-05-06,0.010766683201639315,0.0055767777663511,0.007626214971354957,0.39488912284777367
2026-05-07,0.021315610244867278,0.007534881977498,0.012976741675202975,0.39488912284777367
2026-05-08,0.009420277457645954,0.0072292726754192,0.008094476632028,0.39488912284777367
2026-05-11,-0.01785110766602771,0.0124771355329966,0.0005008421786199327,0.39488912284777367
2026-05-12,-0.0384178549437284,-0.0176170941588983,-0.02583108833978623,0.39488912284777367
2026-05-13,0.032140869846812414,-0.0060997424340939,0.009001059406674996,0.39488912284777367
2026-05-14,-0.0003658285252403637,0.0044874720573546,0.002570956447377086,0.39488912284777367
2026-05-15,-0.007386847294212351,0.0017929233116094,-0.0018320682508673272,0.39488912284777367
2026-05-18,-0.0058736788302490295,-0.0056996426672786,-0.005768367655017785,0.39488912284777367
2026-05-19,0.011543993901288019,0.002322116065142,0.005963735314867026,0.39488912284777367
2026-05-20,0.007738732840780083,0.0036560828473819,0.005268276922169378,0.39488912284777367
2026-05-21,0.01941766138633816,0.0093149316759844,0.013304389749674139,0.39488912284777367
2026-05-22,0.0054926941330069035,-0.0111129975421359,-0.004555590522258181,0.39488912284777367
2026-05-25,0.0011739995507222822,-0.000523481076591,0.0001468355593798306,0.39488912284777367
2026-05-26,0.004059074154653564,-0.0047499893423001,-0.0012713859848777261,0.39488912284777367
2026-05-27,0.024838452032070135,-0.0001508509543756,0.009717152982519206,0.39488912284777367
2026-05-29,0.02277062405452468,-0.0156295932237902,-0.00046576510559251383,0.39488912284777367
2026-06-01,-0.009051016584817662,-0.0110785473303063,-0.0102778974926734,0.39488912284777367
2026-06-02,0.016032407901372947,0.0010772448457447,0.0069828760668271695,0.39488912284777367
2026-06-03,0.012354630047512583,0.0071749219632653,0.00922033234526123,0.39488912284777367
2026-06-04,0.00506564279095123,-0.0034521267566277,-8.85522113647781e-05,0.39488912284777367
2026-06-05,-0.013912049095872181,0.0020910366243178,-0.004228407858585755,0.39488912284777367
2026-06-08,-0.03498011841196369,0.0026333294772633,-0.01221981196699399,0.39488912284777367
2026-06-09,0.024892491086295543,0.0016168014698352,0.01080811812615626,0.39488912284777367
2026-06-10,-0.01843441176879046,3.472996260134309e-06,-0.007277447145779024,0.39488912284777367
2026-06-11,-0.012374205423025586,-0.0036802520251328,-0.007113399656506104,0.39488912284777367
2026-06-12,0.02977934423251649,0.0080953516535822,0.016658124462915196,0.39488912284777367
2026-06-15,0.024866861121367823,0.0005138540743196,0.010130591665834124,0.39488912284777367
2026-06-16,0.009083158225248855,0.0019933640460074,0.00479304665061931,0.39488912284777367
2026-06-17,0.01158980610387994,0.001271073563386,0.005345828805202431,0.39488912284777367
2026-06-18,0.0191910439633578,0.0139413377279609,0.01601438961846527,0.39488912284777367
2026-06-19,-0.0087124716740411,0.0110284694632332,0.0032329865333454197,0.39488912284777367
2026-06-22,0.020699590537708756,-0.0010633647189142,0.007530589592948984,0.39488912284777367
2026-06-23,-0.010406253413247524,-0.0002525718994733,-0.004262150286123258,0.39488912284777367
2026-06-24,-0.003225791312385984,-0.0018930916921289,-0.002419360276191781,0.39488912284777367
2026-06-25,0.006070024317854417,-0.0028321771124878,0.0006832054017542341,0.39488912284777367
2026-06-29,0.005359824789657575,0.0108714357638122,0.008694960540750116,0.39488912284777367
