{
 "headline": {
  "sharpe": 0.587,
  "cagr": 11.5,
  "dd": -37.5,
  "trades": 432
 },
 "trade_mc": {
  "term_p5": 6.003689497640996,
  "term_med": 6.003689497641006,
  "term_p95": 6.003689497641015,
  "dd_p5": -0.3418836897668963,
  "dd_med": -0.234700402847488,
  "dd_worst1pct": -0.39935167722428805,
  "prob_loss": 0.0
 },
 "skip_frag": {
  "full": 6.003689497641004,
  "p5": 3.704365621072055,
  "med": 5.081974471066879,
  "p95": 6.620184886411866
 },
 "concentration": {
  "total": 1796996.3899999997,
  "top5_share": 0.583524883987107,
  "top10_share": 1.0189435995472425,
  "top3_names_share": 0.44664884385215725,
  "top_names": [
   [
    "IRFC",
    291009
   ],
   [
    "SWANENERGY",
    290581
   ],
   [
    "KIRLOSENG",
    221037
   ],
   [
    "ACUTAAS",
    209113
   ],
   [
    "BIKAJI",
    179434
   ]
  ],
  "n_names": 274
 },
 "path": {
  "mfe_med": 0.09977307252796308,
  "mae_med": -0.07758740608015596,
  "edge_ratio": 1.2859441701773995,
  "winners_mae_med": -0.04070131761667706,
  "losers_mfe_med": 0.0354595940933069,
  "profit_factor": 1.2489848722958248,
  "payoff": 2.2898722041233133,
  "win_rate": 0.3958333333333333,
  "expectancy_R": 0.22840972222222222,
  "sqn": 3.2636430508074734,
  "kelly": 0.13199037057813695,
  "max_loss_streak": 15,
  "circuit_trades": 92,
  "circuit_share": 0.21296296296296297,
  "gap_stops": 31,
  "adv_part_med": 0.0006744231899725978,
  "adv_part_p95": 0.009131600815437157,
  "notional_med": 308074.68628547195,
  "capacity_x": 5.475491210202048
 },
 "gap_severity": {
  "n": 27,
  "total_worse": -266916.6628358993
 },
 "curve": {
  "roll12_med": 0.30488623279018273,
  "roll12_min": -2.110291815345855,
  "roll12_neg_share": 0.3368320610687023,
  "longest_below10pct_days": 360,
  "monthly": [
   [
    2017,
    2,
    5.0
   ],
   [
    2017,
    3,
    0.9
   ],
   [
    2017,
    4,
    3.9
   ],
   [
    2017,
    5,
    -8.1
   ],
   [
    2017,
    6,
    -1.8
   ],
   [
    2017,
    7,
    15.6
   ],
   [
    2017,
    8,
    2.3
   ],
   [
    2017,
    9,
    1.2
   ],
   [
    2017,
    10,
    -5.4
   ],
   [
    2017,
    11,
    1.6
   ],
   [
    2017,
    12,
    3.5
   ],
   [
    2018,
    1,
    -6.3
   ],
   [
    2018,
    2,
    -3.1
   ],
   [
    2018,
    3,
    -2.1
   ],
   [
    2018,
    4,
    16.9
   ],
   [
    2018,
    5,
    -7.6
   ],
   [
    2018,
    6,
    -0.5
   ],
   [
    2018,
    7,
    10.9
   ],
   [
    2018,
    8,
    11.0
   ],
   [
    2018,
    9,
    -17.9
   ],
   [
    2018,
    10,
    -3.0
   ],
   [
    2018,
    11,
    -2.8
   ],
   [
    2018,
    12,
    1.7
   ],
   [
    2019,
    1,
    -1.8
   ],
   [
    2019,
    2,
    2.4
   ],
   [
    2019,
    3,
    -2.0
   ],
   [
    2019,
    4,
    7.0
   ],
   [
    2019,
    5,
    6.8
   ],
   [
    2019,
    6,
    0.5
   ],
   [
    2019,
    7,
    -5.4
   ],
   [
    2019,
    8,
    4.2
   ],
   [
    2019,
    9,
    -1.1
   ],
   [
    2019,
    10,
    -0.1
   ],
   [
    2019,
    11,
    -0.8
   ],
   [
    2019,
    12,
    3.9
   ],
   [
    2020,
    1,
    0.3
   ],
   [
    2020,
    2,
    1.9
   ],
   [
    2020,
    3,
    -28.0
   ],
   [
    2020,
    4,
    7.6
   ],
   [
    2020,
    5,
    1.5
   ],
   [
    2020,
    6,
    0.9
   ],
   [
    2020,
    7,
    8.1
   ],
   [
    2020,
    8,
    2.6
   ],
   [
    2020,
    9,
    3.7
   ],
   [
    2020,
    10,
    0.9
   ],
   [
    2020,
    11,
    1.9
   ],
   [
    2020,
    12,
    3.0
   ],
   [
    2021,
    1,
    3.2
   ],
   [
    2021,
    2,
    15.2
   ],
   [
    2021,
    3,
    0.7
   ],
   [
    2021,
    4,
    -0.2
   ],
   [
    2021,
    5,
    9.4
   ],
   [
    2021,
    6,
    0.5
   ],
   [
    2021,
    7,
    2.2
   ],
   [
    2021,
    8,
    -1.3
   ],
   [
    2021,
    9,
    1.9
   ],
   [
    2021,
    10,
    1.4
   ],
   [
    2021,
    11,
    -2.4
   ],
   [
    2021,
    12,
    1.2
   ],
   [
    2022,
    1,
    5.9
   ],
   [
    2022,
    2,
    -11.8
   ],
   [
    2022,
    3,
    10.7
   ],
   [
    2022,
    4,
    7.2
   ],
   [
    2022,
    5,
    -6.9
   ],
   [
    2022,
    6,
    -0.4
   ],
   [
    2022,
    7,
    -0.1
   ],
   [
    2022,
    8,
    2.8
   ],
   [
    2022,
    9,
    -0.6
   ],
   [
    2022,
    10,
    0.0
   ],
   [
    2022,
    11,
    -3.8
   ],
   [
    2022,
    12,
    2.2
   ],
   [
    2023,
    1,
    -16.8
   ],
   [
    2023,
    2,
    -5.5
   ],
   [
    2023,
    3,
    5.4
   ],
   [
    2023,
    4,
    -1.9
   ],
   [
    2023,
    5,
    2.0
   ],
   [
    2023,
    6,
    8.3
   ],
   [
    2023,
    7,
    2.8
   ],
   [
    2023,
    8,
    8.8
   ],
   [
    2023,
    9,
    4.4
   ],
   [
    2023,
    10,
    7.4
   ],
   [
    2023,
    11,
    10.7
   ],
   [
    2023,
    12,
    5.0
   ],
   [
    2024,
    1,
    21.6
   ],
   [
    2024,
    2,
    -4.5
   ],
   [
    2024,
    3,
    -4.5
   ],
   [
    2024,
    4,
    8.8
   ],
   [
    2024,
    5,
    -6.4
   ],
   [
    2024,
    6,
    1.4
   ],
   [
    2024,
    7,
    6.9
   ],
   [
    2024,
    8,
    10.1
   ],
   [
    2024,
    9,
    7.2
   ],
   [
    2024,
    10,
    -7.8
   ],
   [
    2024,
    11,
    2.3
   ],
   [
    2024,
    12,
    6.4
   ],
   [
    2025,
    1,
    -18.4
   ],
   [
    2025,
    2,
    -15.1
   ],
   [
    2025,
    3,
    3.0
   ],
   [
    2025,
    4,
    0.4
   ],
   [
    2025,
    5,
    1.7
   ],
   [
    2025,
    6,
    0.0
   ],
   [
    2025,
    7,
    -3.1
   ],
   [
    2025,
    8,
    -3.2
   ],
   [
    2025,
    9,
    4.9
   ],
   [
    2025,
    10,
    -2.7
   ],
   [
    2025,
    11,
    -4.8
   ],
   [
    2025,
    12,
    10.2
   ],
   [
    2026,
    1,
    2.5
   ],
   [
    2026,
    2,
    -5.1
   ],
   [
    2026,
    3,
    -6.3
   ],
   [
    2026,
    4,
    10.4
   ],
   [
    2026,
    5,
    9.6
   ],
   [
    2026,
    6,
    9.3
   ]
  ],
  "pos_months": 0.6283185840707964
 },
 "bench": {
  "beta": 0.7884208115544419,
  "alpha_ann": 2.8336707899129947,
  "corr": 0.5569358593485978,
  "up_capture": 0.7988863819106342,
  "down_capture": 0.6489797216859431,
  "tri_cagr": 12.605989905856863,
  "tri_dd": -38.10593207227173,
  "regimes": {
   "BULL": {
    "share": 0.507882403067746,
    "ann_ret": 31.449089358166244,
    "sharpe": 1.3392982250537167,
    "days": 1192
   },
   "CHOP": {
    "share": 0.3757988922028121,
    "ann_ret": -12.26521596395375,
    "sharpe": -0.506659858564304,
    "days": 882
   },
   "BEAR": {
    "share": 0.11631870472944184,
    "ann_ret": 21.6157843776039,
    "sharpe": 0.97297778941524,
    "days": 273
   }
  },
  "entries_by_regime": {
   "BULL": {
    "n": 215,
    "meanR": 0.20629767441860464
   },
   "CHOP": {
    "n": 145,
    "meanR": 0.09523448275862068
   },
   "BEAR": {
    "n": 44,
    "meanR": 0.6142954545454545
   }
  }
 },
 "cost2x": {
  "sharpe": 0.174,
  "cagr": 1.2,
  "dd": -52.5
 },
 "plateau": {
  "rows": [
   {
    "axis": "trail_pct",
    "val": 0.03,
    "sharpe": 0.377,
    "cagr": 6.4,
    "dd": -45.0
   },
   {
    "axis": "trail_pct",
    "val": 0.04,
    "sharpe": 0.587,
    "cagr": 11.5,
    "dd": -37.5
   },
   {
    "axis": "trail_pct",
    "val": 0.05,
    "sharpe": 0.0,
    "cagr": -2.7,
    "dd": -57.0
   },
   {
    "axis": "ema_span",
    "val": 15,
    "sharpe": 0.557,
    "cagr": 11.2,
    "dd": -46.8
   },
   {
    "axis": "ema_span",
    "val": 20,
    "sharpe": 0.587,
    "cagr": 11.5,
    "dd": -37.5
   },
   {
    "axis": "ema_span",
    "val": 25,
    "sharpe": 0.031,
    "cagr": -2.1,
    "dd": -57.2
   },
   {
    "axis": "cap_days",
    "val": 55,
    "sharpe": 0.301,
    "cagr": 4.4,
    "dd": -47.4
   },
   {
    "axis": "cap_days",
    "val": 63,
    "sharpe": 0.587,
    "cagr": 11.5,
    "dd": -37.5
   },
   {
    "axis": "cap_days",
    "val": 70,
    "sharpe": 0.47,
    "cagr": 8.6,
    "dd": -39.1
   }
  ],
  "max_dev_from_base": 0.587,
  "verdict": "narrow_peak"
 }
}