,r_mom,r_lv
2017-09-15,0.0,0.002268970000000037
2017-09-18,0.0,0.009101099877411256
2017-09-19,0.0,-0.0012936049086944568
2017-09-20,0.0,-0.0025554252317518955
2017-09-21,0.0,-0.006353967681169581
2017-09-22,0.0,-0.004232286347224057
2017-09-25,0.0,-0.01215774346118026
2017-09-26,0.0,-0.002713723220907016
2017-09-27,0.0,-0.008847916957506086
2017-09-28,0.0,0.009429808101329762
2017-09-29,0.0,0.006803593168060562
2017-10-03,0.0,0.0018605195905128102
2017-10-04,0.0,0.002227466370288589
2017-10-05,0.0,-0.0017979080659842328
2017-10-06,0.0,0.0057012179928896956
2017-10-09,0.0,0.0013630908645443363
2017-10-10,0.0,0.0012474469075189898
2017-10-11,0.0,-0.0025860675965818647
2017-10-12,0.0,0.011810049180809967
2017-10-13,0.0,0.008410750542592993
2017-10-16,0.0,0.003656649224991426
2017-10-17,0.0,0.002205564001917626
2017-10-18,0.0,-0.0019987491292389192
2017-10-19,0.0,-0.003622900322863609
2017-10-23,0.0,-0.0009463978968176079
2017-10-24,0.0,0.0001396470439161135
2017-10-25,0.0,-0.01732793769279617
2017-10-26,0.0,0.0013788942443668795
2017-10-27,0.0,0.0005576620456471115
2017-10-30,0.0,0.005625881361577489
2017-10-31,0.0,-0.0011900022094832874
2017-11-01,0.0,0.00776689810830633
2017-11-02,0.0,-0.0013981624038490459
2017-11-03,0.0,0.00010969456146692202
2017-11-06,0.0,0.009405980917907675
2017-11-07,0.0,-0.004244688542832553
2017-11-08,0.0,0.00021074698753165144
2017-11-09,0.0,-0.0020143968861422445
2017-11-10,0.0,-4.8234728585172526e-05
2017-11-13,0.0,-0.00334764966720813
2017-11-14,0.0,-0.001910548186855654
2017-11-15,0.0,-0.00578169263363193
2017-11-16,0.0,0.0067585059130168545
2017-11-17,0.0,0.0050791953491873265
2017-11-20,0.0,0.0037221414966246424
2017-11-21,0.0,-0.0010244880096881293
2017-11-22,0.0,0.0036479343862541036
2017-11-23,0.0,-0.001816144633956629
2017-11-24,0.0,0.003307748907179553
2017-11-27,0.0,-0.00033154157281733987
2017-11-28,0.0,0.0019501938208887903
2017-11-29,0.0,0.003240318118274521
2017-11-30,0.0,-0.00899145594215156
2017-12-01,0.0,-0.005089313388100036
2017-12-04,0.0,-0.006063475204337698
2017-12-05,0.0,-0.006803105773956819
2017-12-06,0.0,-0.0025900890209071825
2017-12-07,0.0,0.006312667933137339
2017-12-08,0.0,0.013665504991434263
2017-12-11,0.0,0.009356117408998887
2017-12-12,0.0,-0.0103857160592159
2017-12-13,0.0,-0.003065272865230728
2017-12-14,0.0,0.00763264648005757
2017-12-15,0.0,0.006337642881857786
2017-12-18,0.0,0.008422012569222703
2017-12-19,0.0,0.02098857981433433
2017-12-20,0.0,-0.0004954671387259468
2017-12-21,0.0,0.001455853429860543
2017-12-22,0.0,0.0007291598254992593
2017-12-26,0.0,0.0023503921491252466
2017-12-27,0.0,-0.002396498104841438
2017-12-28,0.0,-0.0013594187473069397
2017-12-29,0.0,0.009371005782367936
2018-01-01,0.0,-0.004477956440987585
2018-01-02,0.0,-0.0016678328838850565
2018-01-03,0.0,-0.0014365628274634057
2018-01-04,0.0,-0.0016644320796425083
2018-01-05,0.0,0.008418526538347182
2018-01-08,0.0,0.005767975756530097
2018-01-09,0.0,-0.00023811214687674553
2018-01-10,0.0,0.001739779028504529
2018-01-11,0.0,0.0017112226406872377
2018-01-12,0.0,-0.005278679796210106
2018-01-15,0.0,-0.004070347959684972
2018-01-16,0.0,0.005547456066851808
2018-01-17,0.0,-0.00209731285920578
2018-01-18,0.0,0.003860063880895215
2018-01-19,0.0,0.004695407176593225
2018-01-22,0.015344819999999926,0.0015880524751441527
2018-01-23,-0.0034615333931579118,-0.0011409462502555145
2018-01-24,-0.015662875519910635,-0.005425770617419667
2018-01-25,0.008434680546435702,-0.0032341453108807316
2018-01-29,-0.003568071890200475,-0.000638513283027109
2018-01-30,-0.024718098262040744,-0.004290451650441396
2018-01-31,-0.003182279865782567,-0.004616435806609531
2018-02-01,-0.006011973029013129,0.001335462051086811
2018-02-02,-0.07225785804706464,-0.014985658545703329
2018-02-05,-0.0285018104047865,0.0007050634338976458
2018-02-06,-0.04756268448943224,-0.012360259330211898
2018-02-07,0.03414229233690902,-0.000830372585089334
2018-02-08,0.02902489536757602,0.0029194149133939806
2018-02-09,0.019054185992621875,-0.003081865367291381
2018-02-12,0.045193822298049025,0.005386103639918094
2018-02-14,0.010183797721653676,-5.465717078134702e-05
2018-02-15,-0.02362753368071535,0.00010963766104143957
2018-02-16,-0.023395502088654263,-0.007795949497435006
2018-02-19,-0.0018238749192109882,-0.0027447019664970096
2018-02-20,-0.01943522140171372,-0.0024217486362109186
2018-02-21,-0.0071174159405349435,0.0014024873552673789
2018-02-22,-0.013597929153358335,-0.0067678592478427335
2018-02-23,0.023282398366881285,0.008890663020360234
2018-02-26,0.010047088853991193,0.002079676060107838
2018-02-27,0.005623781168691444,0.0017536206740231819
2018-02-28,0.005949124213094681,-0.007145616753392647
2018-03-01,0.0013077953180451463,-0.0010403089499501084
2018-03-05,-0.01706403627828046,-0.0075203975689489555
2018-03-06,-0.013543430895869957,-0.009493702192643338
2018-03-07,-0.027981150102863284,0.0013830528286904453
2018-03-08,0.006449640444985194,0.0008482966280567439
2018-03-09,-0.0069490510205098,0.000873980623548265
2018-03-12,0.011306140335449522,0.018105595012633424
2018-03-13,0.021565660603527048,-0.0012815943342737723
2018-03-14,0.002357599475680372,-0.004458449135102183
2018-03-15,0.01881135145737378,-0.0010262246937735586
2018-03-16,-0.005484620899107506,-0.010866835845722456
2018-03-19,-0.0005703121821302171,-0.0036268562308690022
2018-03-20,-0.01843129253239084,0.0033033543778346885
2018-03-21,0.022185464166438074,0.0040110047706181096
2018-03-22,-0.0060517030234013,-0.0008455542541556671
2018-03-23,-0.009874022626041645,-0.006475493986794145
2018-03-26,0.00949684803116968,0.00874224147846614
2018-03-27,0.00975566044278886,0.008188920654400356
2018-03-28,-0.013946823572859257,0.00011807304363542492
2018-04-02,0.03373076467597613,0.014998159124670396
2018-04-03,0.001285298132369217,0.004323245373176521
2018-04-04,-0.03386261470856711,-0.0017337159144278358
2018-04-05,0.009573261810230438,0.007934679436955028
2018-04-06,0.016077170310865307,0.007571770215254681
2018-04-09,-0.002284601076249726,0.005767083515897831
2018-04-10,-0.009495335714613917,-0.004512469319181922
2018-04-11,0.0009999389307209228,0.0023247499660246085
2018-04-12,-0.004053232410331509,0.003902481059058882
2018-04-13,-0.002208631350222867,-0.0028862364142151486
2018-04-16,0.008568636751018266,0.010235220837942594
2018-04-17,-0.0037002827631770208,0.0068313978470302406
2018-04-18,0.0043792056789053735,0.005482416668156187
2018-04-19,0.010111122380055404,0.0036336591372416738
2018-04-20,0.01645428339431354,-0.004077777218576384
2018-04-23,0.002600890182670401,-0.00264594930266171
2018-04-24,-0.0013887397862619721,-0.000969866745248793
2018-04-25,-0.02023582940545665,-0.00022705696973213119
2018-04-26,-0.005616696189006398,0.006113679863400501
2018-04-27,-0.0005299558618011568,-0.0010695554681808828
2018-04-30,0.007890008630052847,0.009649837915916226
2018-05-02,-0.002644791307536698,-0.0010490194548699039
2018-05-03,-0.027159594552162103,-0.0062301739224308594
2018-05-04,-0.0028277010634463196,-0.004074835687019829
2018-05-07,-0.0006845572234168706,0.009533874962104116
2018-05-08,0.017918844047858817,-0.00503661673863165
2018-05-09,0.021251097010486886,-0.0030141629353780397
2018-05-10,-0.023515148862637725,0.0004845855374751018
2018-05-11,0.0010349203844699506,0.007679253179031287
2018-05-14,0.002710756098389888,0.0038124382237478827
2018-05-15,0.0056236357011167915,0.0050437806820509135
2018-05-16,0.01782499015393224,0.010609223516227617
2018-05-17,0.030934058412738663,-0.007066629457390228
2018-05-18,-0.02917242257219077,0.005008712006496552
2018-05-21,-0.01939654162579596,-0.003233074763275945
2018-05-22,0.03385035604559894,0.007971833743354306
2018-05-23,0.021794170455330164,-0.006966866222115509
2018-05-24,-0.0035470981791434486,-0.008987354637595035
2018-05-25,0.01290973061984646,0.012216976357187548
2018-05-28,0.014103127325438836,0.009626773565253988
2018-05-29,0.016131803354433982,-0.0034213847070545533
2018-05-30,0.0012431638143430845,-0.002569157843427483
2018-05-31,-0.007751730355531228,0.012663196608229343
2018-06-01,-0.037239806798559205,0.004311488383741624
2018-06-04,-0.019375461594788645,-0.012801773919920656
2018-06-05,-0.054566662072756955,0.0005179418122764901
2018-06-06,0.035602080530482416,0.006126169122781633
2018-06-07,0.017290438330216595,0.008270297273701877
2018-06-08,-0.0009140765662466466,-0.005327644214765281
2018-06-11,-0.002194161661221994,0.0014146661172416142
2018-06-12,0.002495220335223536,0.00671553705490302
2018-06-13,-0.006083721208235193,-0.0010617756104613907
2018-06-14,0.004222819612977657,-0.004038003694818659
2018-06-15,-0.0026372041910637245,0.0009354942207042694
2018-06-18,-0.0062038099713499495,-0.0023679793563721185
2018-06-19,-0.011833159597248843,-0.008361371414460472
2018-06-20,0.00220899183519907,0.006296712971731067
2018-06-21,-0.011265262295275247,-0.0058886136381859355
2018-06-22,0.01042239787590371,0.005225126587814932
2018-06-25,0.014859021090523061,-0.004375676475067869
2018-06-26,-0.000492806999646378,0.005489364572815347
2018-06-27,-0.006439803722660065,-0.00453255923108975
2018-06-28,-0.014705972321671035,-0.0015074151925653645
2018-06-29,0.024221347355452894,0.008750315698807798
2018-07-02,0.0030880474388959023,-0.01035485551670623
2018-07-03,0.016800763740712377,0.0052879177523499354
2018-07-04,0.01792107301589918,0.012520510022935527
2018-07-05,-0.015796780409818245,0.003824432120144161
2018-07-06,-0.0078046293730641425,0.0030644119988845198
2018-07-09,0.020065022102072394,0.006497543572446363
2018-07-10,0.015785641117346705,0.007004345702346759
2018-07-11,-0.001497376525636751,4.746096953889278e-05
2018-07-12,-0.003686541620692485,0.007610246761949435
2018-07-13,-0.01883548222733189,0.0028909676369897053
2018-07-16,-0.024463640278502785,0.0002204173492401651
2018-07-17,0.015031120518986585,0.0003103768933307993
2018-07-18,0.00862460630728279,-0.0024197008038018275
2018-07-19,0.0051197794364341576,-0.0004476336706743522
2018-07-20,0.019873434985275162,0.0002707588277885975
2018-07-23,0.0016880613978407233,0.0012787820733084487
2018-07-24,0.014264322196315016,0.011268644045087761
2018-07-25,0.0006178316785936389,-0.006179883481313375
2018-07-26,0.002363218514267462,-0.003681462301913352
2018-07-27,0.013476024289934996,0.002564925077441771
2018-07-30,0.005950802717212156,0.004264123637413242
2018-07-31,0.011073668570591,0.011597519777316823
2018-08-01,0.004531992855489664,-0.0016710906235681833
2018-08-02,-0.0054642032358699355,-0.00887658212417286
2018-08-03,0.007587005903607391,0.009040852911941233
2018-08-06,-0.00705959526552602,0.004345096835552509
2018-08-07,0.010311163578802685,0.0014361693249111962
2018-08-08,0.020275701380583655,0.0015269291571855526
2018-08-09,0.01820072340926493,-0.004528375009778318
2018-08-10,-0.017817459841476757,-0.003831009805179253
2018-08-13,-0.004745517464800564,-0.000935688986963723
2018-08-14,0.004213559101844622,0.008552761344646775
2018-08-16,0.005957859992578696,-0.007524209654392822
2018-08-17,0.002472640333473386,-0.0017928752952692806
2018-08-20,-0.008586013320056152,0.005716611381693104
2018-08-21,0.01562678620254987,0.006085253999980278
2018-08-23,-0.005632100804021434,0.006792912987509725
2018-08-24,-0.0011661217397920254,-0.006173748938370971
2018-08-27,0.02019924693773567,0.006590720008165407
2018-08-28,0.0040132278095963425,0.006995379088394982
2018-08-29,-0.004749933579216159,-0.006965818120134193
2018-08-30,0.0031155437547025766,-0.003277112963957385
2018-08-31,0.017993041333622006,0.0020409234819864785
2018-09-03,-0.015922668402928886,-0.00872486439654796
2018-09-04,-0.012215420633054919,-0.020052523536172706
2018-09-05,-0.013711120795444232,-0.007241087971535776
2018-09-06,0.006683477778534952,0.0014162687789947004
2018-09-07,0.0005753930848597655,0.0023390431847423176
2018-09-10,-0.014041730113740991,-0.009876690844372593
2018-09-11,-0.011153561677080481,-0.012526763975445943
2018-09-12,-0.010714981578582972,-0.0007487492103831483
2018-09-14,0.007693461884816566,0.016171068171254577
2018-09-17,-0.0013865189093542618,-0.009736685233742937
2018-09-18,-0.003074684601628963,-0.006760860428276283
2018-09-19,-0.010559541860992727,-0.011197291317839642
2018-09-21,-0.022974490820214855,-0.001337584414220716
2018-09-24,-0.029384295571874608,-0.025075239859494558
2018-09-25,-0.027930253621736956,0.007447803809428333
2018-09-26,0.001616440700382249,-0.007587880106911249
2018-09-27,-0.03112243062474984,4.617976127274659e-05
2018-09-28,-0.013088964954795168,-0.0019126148321375602
2018-10-01,-0.008222234558582286,0.004302866041038689
2018-10-03,0.009586442822174357,-0.004798431130879077
2018-10-04,-0.03760983580877875,-0.0202824316073833
2018-10-05,-0.02180334928408323,-0.00858713008058698
2018-10-08,-0.018840757602848535,-0.005266012652369478
2018-10-09,-0.020726849995294394,-0.008137720053866593
2018-10-10,0.05287720128402684,0.015544971528061113
2018-10-11,0.015323102318982595,0.003330819382790118
2018-10-12,0.02233917926491369,0.018426427639778087
2018-10-15,0.04149662467251658,0.0015054520078590095
2018-10-16,0.050044923696610955,0.00010594591122914387
2018-10-17,-0.011912334827720805,-0.011607626997234721
2018-10-19,-0.023138596395235966,-0.0030364209359796668
2018-10-22,-0.0332808174934216,-0.003467988474068373
2018-10-23,-0.015048734733413727,-0.013367715941185243
2018-10-24,-0.013859759147304418,0.002190693832147872
2018-10-25,-0.017840177103580435,-0.0035529028691347886
2018-10-26,0.012952632173926615,-0.005660259001500578
2018-10-29,0.024728595852518742,0.005831984288035219
2018-10-30,0.008287267698347645,0.0017196448041558732
2018-10-31,0.015910864494470323,0.005997049638539087
2018-11-01,0.01877210266813112,-0.0009400217029689184
2018-11-02,-0.016228568177180547,0.005415351728708329
2018-11-05,-0.014747318761979877,-0.0018736896551081461
2018-11-06,-0.0038591747690581713,-0.0023124901966673495
2018-11-07,0.015898331883636763,0.005880035800642336
2018-11-09,-0.001796333375194803,-0.002629083963510692
2018-11-12,0.007866207887758048,-0.006883679463778325
2018-11-13,0.00863048580321868,0.004030910569230661
2018-11-14,-0.0020528354299005347,-0.004670242094863886
2018-11-15,0.010305556898928314,0.0021611083040931067
2018-11-16,0.0012361742118249808,0.005377087004575287
2018-11-19,0.0037921285182578313,0.0036584233168583946
2018-11-20,-0.002363634635530465,-0.005748973138459346
2018-11-21,-0.005458225389919358,-0.002990200637382867
2018-11-22,-0.005416139020667288,-0.004496272436208093
2018-11-26,0.006679883239060436,0.012924059427507073
2018-11-27,0.012035839773988588,0.006705488153106343
2018-11-28,-0.0014735741594277263,-0.001675548345093203
2018-11-29,0.005371704980417613,0.0048553547887464354
2018-11-30,0.014365455779413727,-0.0019187949888641587
2018-12-03,-0.0024979960627178333,0.003917913691488861
2018-12-04,-0.0006709069464905237,-0.008576303982654965
2018-12-05,-0.015264813521599807,-0.0025803825406851555
2018-12-06,-0.015622448592705451,-0.010505918809731063
2018-12-07,0.006079660910657481,0.00766640679199293
2018-12-10,-0.021695501436703957,-0.008115262103125742
2018-12-11,0.01368200065058911,0.009151316921248265
2018-12-12,0.013988887608360923,0.01660961923744897
2018-12-13,0.0035391954888261967,0.013445691257137016
2018-12-14,-0.0028139409958340966,0.002409666886246997
2018-12-17,-0.0026629927044979906,0.006537545911655895
2018-12-18,0.008295605194958311,-0.0014106226416289447
2018-12-19,-0.0006493234505897671,0.012167981030744235
2018-12-20,-0.0017570364309122954,-0.003340591278474525
2018-12-21,-0.005847081459606884,-0.012831608376594916
2018-12-24,-0.010988947041848163,-0.0034628201981454776
2018-12-26,-0.0014767500235808306,0.010160499838746784
2018-12-27,0.0070840546940376115,-0.003916605304811749
2018-12-28,0.007727213028854596,0.010810084313651824
2018-12-31,0.0041812482032019815,0.004796685303081194
2019-01-01,-0.002660271912089174,-0.0005568283225606541
2019-01-02,-0.01218905347004029,-0.0008746353640011195
2019-01-03,-0.020385406710880183,-0.0004056939786613034
2019-01-04,0.001226315948909651,6.848156570704589e-07
2019-01-07,0.0006080467136260204,0.0010040795406520697
2019-01-08,-0.0035894198436470237,-0.001476436513023871
2019-01-09,-0.0009574541203335452,0.0013773770146987552
2019-01-10,0.003206725438207325,0.0064284121020457
2019-01-11,-0.0016017153707694742,-0.0014933102298989587
2019-01-14,-0.0032622133962122435,-0.009706259571803932
2019-01-15,0.005823341159586937,-8.963284591712029e-05
2019-01-16,0.014697264584280667,0.0006231491293600122
2019-01-17,-0.0075812767984999585,0.001436567596113436
2019-01-18,-0.013412256397007494,-0.006015853716124675
2019-01-21,-0.008759594173528007,0.0025042602781006895
2019-01-22,-0.0072290701786407174,-0.005037722112170018
2019-01-23,-0.0019039594769669765,-0.0007582444117992804
2019-01-24,-0.023355291125311872,0.0012316114712005444
2019-01-25,-0.030930018636828094,-0.007638629296750632
2019-01-28,-0.040858288933420805,-0.01152736868773907
2019-01-29,0.004118795483834203,-0.00011850188233264447
2019-01-30,0.005029916494804443,0.003859331405786426
2019-01-31,0.0029246977744687985,0.0013527888265081334
2019-02-01,0.01859816535431813,0.003123853920272701
2019-02-04,0.008379074962213462,-0.005676326917986141
2019-02-05,0.0035125523396615232,-0.00831550975225448
2019-02-06,0.017609077398450745,0.004232464240242484
2019-02-07,-0.0009473294107650299,0.004910024332286156
2019-02-08,-0.008654936813366376,-0.002333811266218011
2019-02-11,-0.02269465912993829,-0.007143581425203327
2019-02-12,-0.006646148825069198,-0.008207236438700805
2019-02-14,-0.0038000358599534767,-0.013103062555046674
2019-02-15,-0.009600312603415095,0.001095640698854039
2019-02-18,-0.011633645703016393,-0.005222168419870998
2019-02-19,-0.0012891160641129717,-0.0009628584077441271
2019-02-20,0.01450928096401971,0.005169329277816548
2019-02-21,0.005968245135558936,-0.0014964215007461368
2019-02-22,0.004155163928330818,-0.002521443974020987
2019-02-25,0.007610237869745573,-0.0004814917566069443
2019-02-26,-0.004588167939592269,-0.0009948446843910386
2019-02-27,-0.005396943301217316,0.0001417134901064987
2019-02-28,0.008638277350884183,0.001986996854423051
2019-03-01,0.00380119620218089,0.005479703461018781
2019-03-05,0.0061676545092801405,0.009184024933693413
2019-03-06,0.02087938313231885,0.00382064123010295
2019-03-07,-0.009423760571654283,-0.0032217697190286554
2019-03-08,2.8332788220009064e-05,0.0012018929057806549
2019-03-11,0.012176911754575581,0.005832093053243836
2019-03-12,0.009291762974405149,0.004196645086324002
2019-03-13,-0.004822502671550266,0.00553361111878603
2019-03-14,-0.0014161238646719365,-0.0005242252029272754
2019-03-15,0.005673220379638133,0.0046749261215450755
2019-03-18,-0.002071107908224068,0.003736660908902234
2019-03-19,0.006186449544315797,0.0004821180335929931
2019-03-20,-0.0014781556719299926,-0.0024766634056951897
2019-03-22,-0.005597560549791991,-0.006094079799957686
2019-03-25,-0.003831742658747972,-0.002148760114042303
2019-03-26,0.016769606345380383,0.010569906887949898
2019-03-27,0.002746837067113983,-0.002090205819519353
2019-03-28,0.017219421373403376,0.002129491568288344
2019-04-01,0.008083623220157321,0.006746250251530084
2019-04-02,0.0018955699032150441,0.002105850223211636
2019-04-03,-0.005188427403498452,-0.0063648930089252875
2019-04-04,-0.0017816586439363125,0.001750464638302196
2019-04-05,0.004714664903775478,-0.0015210788042495649
2019-04-08,-0.019286463968936518,-0.005469709272178602
2019-04-09,0.007356585120833925,-0.0002947271494503356
2019-04-10,0.0024816704416308344,-0.0019225822503219359
2019-04-11,-0.0008707686048022856,0.004234008837470382
2019-04-12,0.006264262327154935,-0.0007435546959008166
2019-04-15,0.0069534911883941675,0.0054352562840742635
2019-04-16,0.001268393074106866,0.0014408220772463842
2019-04-18,0.003582098848440074,0.0005312863741033791
2019-04-22,-0.009180265652027342,-0.0037959643213164584
2019-04-23,0.0038501775113459757,0.0029234797805002266
2019-04-24,0.01043707064013244,0.0023793475619910964
2019-04-25,-0.0008214392748588928,-0.004355369955952648
2019-04-26,0.0025325038547610035,0.0018049139856748386
2019-04-30,0.008161887080800012,0.001533834123070843
2019-05-02,0.0038365012102887786,-0.0036316726569853852
2019-05-03,-0.009971198371989232,-0.004723564244575207
2019-05-06,-0.019578757967370963,-0.008124141862074885
2019-05-07,-0.019885562610582164,-0.002230775114836492
2019-05-08,-0.01684936289174166,-0.0038435816006402446
2019-05-09,-0.00359419272073791,-0.0009045473225530731
2019-05-10,-0.0012744689475020499,0.0005107491155045274
2019-05-13,-0.012878535169981498,-0.0029944491551111563
2019-05-14,0.00020791762498140187,-0.00186332552930224
2019-05-15,0.004673988639493976,0.00020097071427427338
2019-05-16,0.015697807881621006,0.001731682101468568
2019-05-17,0.016324179878061784,0.012800206114483625
2019-05-20,0.02482040202668445,0.020253006076317748
2019-05-21,0.00813322675541972,-0.006869856251225714
2019-05-22,0.003909385335969295,-0.0003522950072520903
2019-05-23,-0.0037750435173879993,-0.002623272937463672
2019-05-24,0.01169612091380845,0.0062351546064156604
2019-05-27,-0.012438875232662294,0.007826226344300524
2019-05-28,-0.006672832064631429,-0.0021967765781145676
2019-05-29,-0.007639265062831746,-0.0069612725688324995
2019-05-30,0.009560325452759866,0.0056168412776966825
2019-05-31,-0.000460959308662634,-0.0005966698898647316
2019-06-03,0.01792478301647038,0.009221478508881331
2019-06-04,0.00794451123923201,-0.007139384223839418
2019-06-06,-0.01644601326284756,-0.0014451901432139813
2019-06-07,-0.0011691109994440563,0.002439527256177465
2019-06-10,0.0078675596994362,-0.00012626571304807932
2019-06-11,0.004082927223017396,0.006240625811055667
2019-06-12,-0.005743945626695335,-0.006189084675574774
2019-06-13,0.0038585395318033733,-0.0010773127024816809
2019-06-14,-0.01149552479864413,-0.006728808095884498
2019-06-17,-0.015444593041891497,-0.006456796663051212
2019-06-18,0.0006255685990954607,-0.006670380324340419
2019-06-19,-0.012352976061547616,-0.013964752823909188
2019-06-20,0.015463745893232295,-0.006566009101128922
2019-06-21,-0.004787832529472347,-0.01350441484581133
2019-06-24,-0.0027093215264044623,-0.0037322754004275316
2019-06-25,0.008210180660565891,0.0031179264830678566
2019-06-26,0.006995330294433444,-0.0010631456230439928
2019-06-27,0.010592791717579653,-0.0010597968810384106
2019-06-28,0.002729577986944065,-0.0005710683477093692
2019-07-01,-0.0007417275158424497,0.00368889762837199
2019-07-02,0.008294857605123385,0.010281384918475744
2019-07-03,0.0008361057606711686,-0.001335353017047014
2019-07-04,0.0011393196390507843,0.0037611765305325395
2019-07-05,-0.0019795063802819923,0.002151360277518055
2019-07-08,-0.026926699137546417,-0.010396633467047
2019-07-09,-0.014149782774226516,-0.0022032484320573253
2019-07-10,-0.01121072585230598,-0.01012075624230635
2019-07-11,-0.007882771781501652,-0.00016411506304447876
2019-07-12,0.020519196165375675,-0.0012057177576690892
2019-07-15,-0.009261354341447814,0.0018349436107274464
2019-07-16,0.021019531759432608,0.0038399219700000486
2019-07-17,-0.001104437007103165,0.00244995943364934
2019-07-18,-0.021334061274508875,0.0043445879739520965
2019-07-19,-0.015021739149380764,-0.021576159332146738
2019-07-22,0.008612832334543574,-0.004928497853177949
2019-07-23,0.0005681137202664388,-0.004638425622378484
2019-07-24,-0.010155042532186798,-0.0054834072035733206
2019-07-25,-0.007899997657957902,0.004155554111524129
2019-07-26,-0.003062718935004538,-0.0008092133563768478
2019-07-29,0.0018904705252111853,-0.012253955514149317
2019-07-30,-0.03238171897936626,-0.006884291479547833
2019-07-31,0.008257387509736258,-0.004734451253323169
2019-08-01,-0.0043559074987553625,-0.00613811777156037
2019-08-02,-0.00825684250263059,-0.0051812303326062015
2019-08-05,-0.025418818557779166,-0.0043259510562965175
2019-08-06,0.05096813661031141,0.00609722697589965
2019-08-07,-0.016860053421199006,0.0028385462333053724
2019-08-08,0.0014204023954500489,0.015217400906243128
2019-08-09,0.0014254619074824948,0.008544786023858109
2019-08-13,-0.02968620422701418,-0.009998578862258634
2019-08-14,0.026678340640450493,0.01045038725419567
2019-08-16,0.015000197459909659,-0.004124867336108284
2019-08-19,0.01167957358998506,-0.00266740355917372
2019-08-20,-0.013808414066856844,0.0035468789776054166
2019-08-21,-0.015435005807303726,-0.004442810542125919
2019-08-22,-0.014098373677752907,-0.0013493631261330963
2019-08-23,0.01040989676010673,-0.008239070720978292
2019-08-26,0.014826282805242785,0.010915858109270538
2019-08-27,0.016972336869063964,0.005286894480286186
2019-08-28,-0.020499432353020763,-0.002744177467284059
2019-08-29,-0.009087863050327938,-0.0007674705330464882
2019-08-30,0.011956635628840528,0.009743662234838135
2019-09-03,-0.009756438108456722,-0.008004858021468886
2019-09-04,0.013566420382601585,0.0014787859320251062
2019-09-05,0.0008040951052623591,-0.0017382895071267335
2019-09-06,0.00625253824155636,-0.0015767568420423927
2019-09-09,0.01541345303921604,0.006829887839402193
2019-09-11,0.03128461543784811,0.005027726025106594
2019-09-12,-0.008207410357805256,0.00024418446795126947
2019-09-13,0.006794727550631485,-0.0009665827535072502
2019-09-16,-0.0023124130123833853,0.004617808889305408
2019-09-17,-0.013640691272505667,-0.007594309608408678
2019-09-18,0.0040023119522438755,0.000986266397754676
2019-09-19,-0.012689201326270827,-0.0016757201425462442
2019-09-20,0.040139880801336236,0.025125351784071936
2019-09-23,0.033412553650389976,0.01709317716736347
2019-09-24,0.012517741695301954,0.008765860379568169
2019-09-25,-0.008285903379458337,-0.004641634387015481
2019-09-26,0.0035322171024507742,-0.0030170666869493434
2019-09-27,0.0013008262707843166,0.0029799199684021893
2019-09-30,-0.01292388472019712,-0.004340278993401947
2019-10-01,-0.008507585248212601,-0.00769040136729926
2019-10-03,-0.0009225322924354407,-0.003390654429930917
2019-10-04,-0.025176516583590103,-0.01355002798745042
2019-10-07,-0.002234260503665375,4.5434483229023215e-06
2019-10-09,0.021665070016256616,0.007782066400421783
2019-10-10,-0.01731849133904051,-0.006856992738583534
2019-10-11,0.0017604038978880077,0.01007004308317705
2019-10-14,-0.005784112254992202,0.00565688266348463
2019-10-15,-0.006861231640695853,-0.003170955493043137
2019-10-16,0.003020840723120255,0.0030546344742854448
2019-10-17,0.011035343986682378,0.01909974522376423
2019-10-18,0.009592323608155429,0.005666372664034469
2019-10-22,0.008041175055873317,0.008833412638936
2019-10-23,0.0018935344219106476,-0.0012068647863182624
2019-10-24,0.007749491817401033,-0.0030512170171326236
2019-10-25,-0.025094158707927083,-0.005072210285702261
2019-10-27,0.007037145008573553,0.0019161767981406008
2019-10-29,-0.002661482708561258,-0.004863063179916471
2019-10-30,0.010350514509077424,-0.0041963205154420535
2019-10-31,0.00022944983557771081,-0.0007136941247192219
2019-11-01,-0.00824445562154097,0.001390258429190494
2019-11-04,3.465982101769072e-05,0.002988574721684678
2019-11-05,0.007112838925441789,0.004822461179921911
2019-11-06,-0.00400069090213373,0.006798321566962251
2019-11-07,0.0025660789153505448,0.002244582586072852
2019-11-08,-0.006719653027217332,-0.004246428449584894
2019-11-11,0.004023481628785408,0.0037973952088456997
2019-11-13,0.02408851562815717,-0.012835848066279576
2019-11-14,0.007637616036905159,-0.007274426730738304
2019-11-15,0.00027402303660650773,-1.4883455639047583e-05
2019-11-18,-0.00391125588478114,-0.004104618093910606
2019-11-19,0.009309383034288299,-0.006557851080141841
2019-11-20,-0.008095187568039619,0.007966653912880206
2019-11-21,0.003317595604925838,0.001188720902158824
2019-11-22,-0.01130661977229952,-0.002814390969492875
2019-11-25,0.006235159140872026,0.007799015840832535
2019-11-26,-0.003656367681730499,-0.009935588926301864
2019-11-27,0.012626300589891004,0.005653774647421672
2019-11-28,0.0024061245720634616,0.0020222307923223326
2019-11-29,-0.005957979192408258,-0.0018391911145070328
2019-12-02,-0.0020204846895927053,-0.0085771049823814
2019-12-03,-0.0020650371948273127,-0.005725739673119512
2019-12-04,0.003789407447106319,0.012480384718833282
2019-12-05,-0.014847053203653426,0.0006794024772889262
2019-12-06,-0.004162651844088483,-0.02779420737806626
2019-12-09,-0.005337430461595294,-0.0044342225771565325
2019-12-10,-0.011363567361059479,-0.00944508113780862
2019-12-11,0.016541535005109465,-0.0031361890104232293
2019-12-12,0.003053960681700385,-0.0029021568754933336
2019-12-13,0.0004903189609246628,0.006559466591503416
2019-12-16,-0.006468856797336109,-0.0040162651802155835
2019-12-17,0.007232629193099971,0.005902876342724239
2019-12-18,-0.0048915398079824035,0.011102900596537513
2019-12-19,-0.004455123352235968,0.000772977814923248
2019-12-20,0.009436149576730113,4.0349099192260596e-05
2019-12-23,-0.0016863283642216675,0.0036612247627589856
2019-12-24,-0.001529892828303514,-0.00542244630476052
2019-12-26,0.011060167299707713,-0.0006443645052103264
2019-12-27,0.011176892252411141,0.0014037087460658793
2019-12-30,-0.0009988634868691726,0.0089109586209708
2019-12-31,-0.009076698262111771,-0.005023699730383857
2020-01-01,4.520416565267915e-05,0.012261802180023817
2020-01-02,0.00018108685387607792,0.002577257844072145
2020-01-03,0.0013352121965659602,-0.0035681522399196863
2020-01-06,-0.025747233052884955,-0.007982928739535877
2020-01-07,0.00949306055077015,0.00237788948479678
2020-01-08,-0.0041610311749570306,0.0037455313356569153
2020-01-09,0.02060562787466158,0.006938404726616554
2020-01-10,0.0027366365187337927,0.005097153223062589
2020-01-13,0.0005205418370501924,0.014756443978977796
2020-01-14,0.008898577617827419,0.0035623548551459994
2020-01-15,0.008564738494448276,-0.0044122459146417325
2020-01-16,0.0053080829737064406,0.0036303061884475074
2020-01-17,0.0011516023999631475,0.008292839909549876
2020-01-20,-0.004168503848607452,-0.0012120217381332843
2020-01-21,-0.008012441399641967,-0.002320885304176512
2020-01-22,0.007467452306414657,-0.0010311983716506656
2020-01-23,0.0112191111659794,-5.27068961887478e-05
2020-01-24,0.013713793773968419,0.007357586963800511
2020-01-27,0.005437008452354064,0.00100402388032661
2020-01-28,-0.0011415316719938229,-0.00645434104417042
2020-01-29,0.0042662270247564305,0.007671773421122907
2020-01-30,-0.017632449457705812,-0.0026617938819538667
2020-01-31,-0.0038268700750986318,-0.008408930648173052
2020-02-03,-0.02128498481723906,0.018754795343497666
2020-02-04,0.018006230593426764,0.0014080790398931509
2020-02-05,0.015407916793246601,0.006788543011664094
2020-02-06,-0.001829280865339289,-0.00319555757087997
2020-02-07,0.008426978656259188,0.001766613226435343
2020-02-10,-0.0028330995755411204,-0.006314311095692471
2020-02-11,0.007009387321632143,0.010300998182145804
2020-02-12,0.009994386489136309,0.003301827018887593
2020-02-13,-0.0038084618709524065,0.0071196298632438815
2020-02-14,-0.001827583070494132,-0.006636774462815631
2020-02-17,-0.013186922070273166,-0.008417316749661063
2020-02-18,0.016212396869619727,-0.0033912262664290704
2020-02-19,0.033943210299517856,0.006321068308750455
2020-02-20,0.0049208541263026095,-0.006294571736416343
2020-02-24,-0.01930031839364099,-0.018815386524894673
2020-02-25,-0.003059126595287953,-0.007996158077446913
2020-02-26,-0.0036979302060210495,-0.003045376263438926
2020-02-27,-0.009171071835897493,-0.002244152545492817
2020-02-28,-0.0347250895090605,-0.03851765950366881
2020-03-02,-0.01306417396316284,-0.010169198781907363
2020-03-03,0.01562508716923583,0.015612735173250902
2020-03-04,-0.020938446055881466,0.005228882362117604
2020-03-05,0.005878131751690274,0.013117718330387884
2020-03-06,-0.025158410355622496,-0.00824696956475357
2020-03-09,-0.05251794582074276,-0.03127959544220149
2020-03-11,-0.01377147190899397,0.0072452865936927235
2020-03-12,-0.07820498740531157,-0.06549944436294586
2020-03-13,0.09114530942924848,0.0339361889945875
2020-03-16,-0.06874150176513594,-0.04706679482124365
2020-03-17,-0.03460014143756851,-0.0033098928441261943
2020-03-18,-0.0927018450871987,-0.048310029601415616
2020-03-19,-0.03505975489737856,-0.040288228119806924
2020-03-20,0.06273092517826151,0.05127436284962972
2020-03-23,-0.13141904078147604,-0.09013817005266711
2020-03-24,-0.006194984954921656,0.0008640741779886163
2020-03-25,0.052010005278028126,0.011163748245957228
2020-03-26,0.043731462967168566,0.0375599226895762
2020-03-27,0.006439431498842296,-0.009871186537568799
2020-03-30,-0.030578546417186492,0.00781679960424353
2020-03-31,0.03276542242644109,0.031175259968458047
2020-04-01,-0.02211495176230527,-0.0164771380037112
2020-04-03,-0.03315001459719813,0.0047685916772823855
2020-04-07,0.026622944773993407,0.06419496544990588
2020-04-08,0.011741467966116081,0.0064020852670172435
2020-04-09,0.02623421590999575,0.02303157234259312
2020-04-13,-0.010037235874224337,-0.011555254451104946
2020-04-15,0.003847575862935715,0.014734284715408164
2020-04-16,0.02480186879938584,0.004716650940705502
2020-04-17,0.016564197368701183,0.015111623065497959
2020-04-20,-0.005896318432226044,0.00707665567314697
2020-04-21,-0.008155075739302409,-0.021816125951765075
2020-04-22,0.003967761840879991,0.01935190087249894
2020-04-23,0.015338549825599124,0.0020664121559357262
2020-04-24,-0.013595622751045533,-0.012477989526436972
2020-04-27,0.034641597058875595,0.027732671295612077
2020-04-28,-0.004215335621709393,-0.005052723584538565
2020-04-29,-0.001444998515250262,0.0010630107902813712
2020-04-30,0.008533078837171582,0.012368880539499916
2020-05-04,-0.019565707332645843,-0.02098113953813807
2020-05-05,-0.01235415014010044,-0.014340700719255639
2020-05-06,-0.002744234555581704,0.0005245387861072537
2020-05-07,-0.013764386117634309,-0.013656720022166335
2020-05-08,-0.0031520014075913094,0.002042042461728899
2020-05-11,0.007816005246144009,-0.00016513604300893991
2020-05-12,-0.009941351671094889,-0.009080945089660286
2020-05-13,0.004824269423954419,0.005568246966661139
2020-05-14,0.007834116543637526,0.006345933301434625
2020-05-15,0.005475710122444966,-0.004766547736098081
2020-05-18,-0.03317717959601152,-0.015754865951174812
2020-05-19,0.005710067142924435,0.0068748050630624835
2020-05-20,0.022574322279039327,0.006817121073847021
2020-05-21,0.01912547865143166,-0.006708251196215431
2020-05-22,0.004830490077776917,-0.0054171342246353005
2020-05-26,-0.005438202793616398,-0.0007564228261378592
2020-05-27,-0.010030406138054171,-0.000984895173611
2020-05-28,0.010993345650011976,0.006996874252874319
2020-05-29,0.030418065705985153,0.022955815115677458
2020-06-01,0.007447706437995638,0.026666485903045878
2020-06-02,0.024077922992687073,0.0002967167686893646
2020-06-03,0.02099891463716519,0.0019694133148489
2020-06-04,-0.0004838748050211006,-0.00809288895179927
2020-06-05,0.0017980328901412435,0.02174960703905504
2020-06-08,-0.008009134181835353,0.011319888743845263
2020-06-09,0.002770728944794909,-0.011147574084354295
2020-06-10,0.005936793695947795,-0.01068087295868092
2020-06-11,-0.01430195372509524,-0.008255281872999953
2020-06-12,0.007467172334343797,0.0187083826487644
2020-06-15,0.0016441696679754259,-0.013195374473004562
2020-06-16,0.01715991626520119,-0.002893242109244576
2020-06-17,-0.0015268277609382652,-0.006378705084140512
2020-06-18,-0.002557534600087785,0.006465762720728518
2020-06-19,0.003176701664895143,0.01085060640887292
2020-06-22,0.000896321134315814,0.018292834476643094
2020-06-23,0.015316509421906987,0.019181250808283146
2020-06-24,-0.010775739795727879,-0.007092086439040801
2020-06-25,-0.0025356151117625902,0.00531549915911933
2020-06-26,-0.003947860511881673,0.012811207111256717
2020-06-29,-0.007601211145144338,-0.007302924744063688
2020-06-30,0.0116476872114617,-0.00672137362549563
2020-07-01,0.01089119272229011,-0.005214845363281095
2020-07-02,0.0023352847699202872,0.010842039828475203
2020-07-03,0.000616207267535307,0.007739062791549678
2020-07-06,0.0028352554801116536,0.013638047998192349
2020-07-07,0.005628216854173029,0.010562747424393448
2020-07-08,0.00815622839949115,0.006893632323828891
2020-07-09,0.014524461751195039,0.008794346274101139
2020-07-10,0.0031713246793136918,-0.001843962850788028
2020-07-13,-0.001491708183397944,0.01920677524280623
2020-07-14,-0.013025644093188071,0.00015664855873875894
2020-07-15,0.006063048945091687,0.006606726028413279
2020-07-16,0.007695648908483843,0.0028669627035289302
2020-07-17,0.009026325910862942,0.006796151281744267
2020-07-20,0.014799617983092261,0.009357620656957666
2020-07-21,0.00479735259349634,-0.005524714732676794
2020-07-22,0.015106133390892396,-0.011635245662003357
2020-07-23,0.006214883539663152,0.014231720192802388
2020-07-24,0.00797303296233487,-0.0004902931929927634
2020-07-27,-0.010915580381350987,-0.00559899773464434
2020-07-28,-0.00041795001477817895,0.00542585467358081
2020-07-29,-0.006945397071474013,0.016183522910181658
2020-07-30,-0.006776613253227648,0.007372210579591254
2020-07-31,0.018962983326350713,0.0009366214450285959
2020-08-03,0.013668175946757621,0.00886981964201694
2020-08-04,0.016102378878553925,0.0019481755110308807
2020-08-05,0.018541504222656213,-0.0023357167769711973
2020-08-06,0.0022680192698179003,0.009400430174682173
2020-08-07,0.025143249484850694,0.0075510195082935105
2020-08-10,0.04168773987248642,0.008838031570351346
2020-08-11,0.014794531080299711,-0.005863955483567995
2020-08-12,-0.020608342453675488,-0.007039922285159261
2020-08-13,-0.003154174473669946,0.007563019308413077
2020-08-14,-0.01713998636707914,-0.006269641595127551
2020-08-17,0.005285440293954391,0.004742452692705346
2020-08-18,0.011517722288618693,0.008834581180352075
2020-08-19,0.0037605549574586394,-0.0010381870368006973
2020-08-20,-0.00036444384174660893,-0.00023439854323059617
2020-08-21,0.030915012131301767,0.009985785461442243
2020-08-24,0.037969402549675735,0.019894042056995076
2020-08-25,-0.012157212394869887,-0.0010854051598790937
2020-08-26,0.007259321804710117,-0.0006445396001923953
2020-08-27,-0.0010392976309162583,-0.0024178455107374264
2020-08-28,-0.01655729617428492,-0.00971337967698005
2020-08-31,-0.05133242531710802,-0.026338956038332362
2020-09-01,0.004757037396626584,0.00916161544102212
2020-09-02,0.040712375002970314,0.005584341115240976
2020-09-03,0.005597515658590568,0.006865895225808494
2020-09-04,-0.00248517357224598,-0.013150628699237332
2020-09-07,-0.0016065655379963184,-0.0006413537069673847
2020-09-08,0.005787426399975537,-0.0029723823988455633
2020-09-09,-0.0036775145565230982,0.0013914727277477557
2020-09-10,0.009642748688207137,0.005720102985861564
2020-09-11,-0.008132303569997168,0.009097978347325286
2020-09-14,0.051742809435945336,0.005952339684036412
2020-09-15,0.0203079152422041,0.006007553312701086
2020-09-16,0.0018586766812291877,-0.00018557694905296795
2020-09-17,-0.018080411035657717,-0.005104487818467174
2020-09-18,-0.00920190379264918,-0.007613009287172123
2020-09-21,-0.03589268092894238,-0.013790106458425266
2020-09-22,-0.03416435103186155,-0.0105446862635864
2020-09-23,0.005031257060186034,-0.007773762565387754
2020-09-24,-0.02877673612765741,-0.01387396850000222
2020-09-25,0.025912265447436633,0.018169887115709216
2020-09-28,0.03164893622293663,0.016662731922668872
2020-09-29,0.0014267816188320293,-0.01078127712383703
2020-09-30,0.005114354995510384,0.00541629198505178
2020-10-01,-0.009423378721009401,0.0093804231172534
2020-10-05,-0.009210462361053495,0.005189513076934604
2020-10-06,-0.0014889964324911187,-0.0013534749285463166
2020-10-07,-0.011092878265827055,0.007368951483312625
2020-10-08,-0.0116272141788053,-0.0012421674130116411
2020-10-09,-0.0006876220037008718,-0.008035317623741878
2020-10-12,0.0018960112909034432,-0.003324805542911813
2020-10-13,0.010000452387553649,0.0011915104169315516
2020-10-14,0.005009112395607529,-0.000803603906894601
2020-10-15,-0.02219966702671461,-0.007835900021051612
2020-10-16,0.01164812695314632,0.003369789021702374
2020-10-19,0.004662851750633079,0.012525073034933998
2020-10-20,0.0027558929333266757,0.000984223470805956
2020-10-21,0.0019129619389954833,-0.011649880282155078
2020-10-22,0.0101882284792012,-0.002148797813880332
2020-10-23,-0.003724953251299512,0.013283723909914613
2020-10-26,-0.015497698072592048,-0.019711311451195868
2020-10-27,0.010264142741489568,0.027174498422007698
2020-10-28,-0.00562841157439542,-0.0025099376444650545
2020-10-29,0.006892490056989331,0.009670334039297623
2020-10-30,0.006364094748032345,-0.010199413164882487
2020-11-02,-0.01751053936724256,0.0014500942782293968
2020-11-03,0.010563255802525928,0.007401991156827048
2020-11-04,0.013034448232951412,0.0005809872409578976
2020-11-05,0.024145098678509225,0.010196079128215407
2020-11-06,0.008635970917783009,0.00716215604126802
2020-11-09,-0.004450412061914211,0.0036563013284498513
2020-11-10,-0.006586003636855131,-0.013323979339935343
2020-11-11,0.003352723982101846,0.00904045870367276
2020-11-12,0.014719166534025607,0.006168027309694013
2020-11-13,0.01613083807366289,-0.00252261679568877
2020-11-14,-0.0010983789501083363,0.004265306415981218
2020-11-17,0.0038806342883972444,0.0019351257387363319
2020-11-18,-0.002213124640988662,-0.002607633766431583
2020-11-19,-0.005744554970265048,-0.00853110522292444
2020-11-20,0.011830272823645904,0.00837748144065209
2020-11-23,0.030373075993099796,0.009455777015932698
2020-11-24,-0.0007684265974376991,0.0007957431204941301
2020-11-25,-0.01904659184914237,-0.01713995010990077
2020-11-26,-0.006743684895354152,0.00841020477791199
2020-11-27,0.04721861783494408,0.0010956768850676202
2020-12-01,0.003359691331980885,0.006333509088066291
2020-12-02,-0.0013110596447790668,0.014189199066113822
2020-12-03,0.0025156286369301117,0.0075847693814175
2020-12-04,0.0029388903696756508,0.003470843297889159
2020-12-07,-0.013128542288341594,0.007097512670039219
2020-12-08,-0.004179781609124689,-0.00034678372746033137
2020-12-09,0.004310426732089034,0.005578665004932315
2020-12-10,-0.0013069460444370407,0.008908280611338526
2020-12-11,0.006121152724319234,0.0032730693755436135
2020-12-14,-0.0014639988541225168,0.002276437534475484
2020-12-15,0.0014237161448398261,-0.006287572933159735
2020-12-16,0.006955214680104405,0.0048498653685347115
2020-12-17,0.013957348052813678,0.0029220870430408663
2020-12-18,0.006377926327233663,0.0115245015875034
2020-12-21,-0.047915324350374155,-0.03023362308455746
2020-12-22,0.02252768191205967,0.010277114417045263
2020-12-23,0.017732198265240307,0.01930583025366084
2020-12-24,0.011393031497055617,0.0029243810766981237
2020-12-28,0.00647789767435536,0.009338893586349872
2020-12-29,-0.003371086724994088,-0.0043277038435964865
2020-12-30,-0.0006852394360509217,0.007871282071491015
2020-12-31,0.008608745500972459,-0.0013172857751064804
2021-01-01,0.02659510669477938,0.004769927863387702
2021-01-04,0.03528461530935778,0.018634372661877174
2021-01-05,0.00987391080214639,0.007715557616551294
2021-01-06,0.01263101515158671,-0.004359108193224159
2021-01-07,0.0072964435715661136,0.00149710832653005
2021-01-08,-0.004390825831810052,0.01050623831697406
2021-01-11,-0.002223757066169396,0.0004892502232805018
2021-01-12,0.004527998301250058,-0.0036924347622251386
2021-01-13,-0.009603643173162535,-0.005421428277850748
2021-01-14,0.00625369227346706,0.0009117973440075922
2021-01-15,-0.018444784624233268,-0.009545764696631376
2021-01-18,-0.021187665410038692,-0.01178502234030665
2021-01-19,0.012458266228869253,0.006217981899775626
2021-01-20,0.007126304274146067,0.002874925889246649
2021-01-21,-0.0011594459632250365,-0.004946738973997333
2021-01-22,-0.013819845319265722,-0.007196056239831661
2021-01-25,-0.0007585534595262455,-0.008996202777595164
2021-01-27,0.0007302865429519301,-0.018058889351938445
2021-01-28,-0.008648755861325741,-0.006534616779702129
2021-01-29,-0.017894942842184847,-0.016951850371638377
2021-02-01,0.01332098630894496,0.006404810470008737
2021-02-02,0.019447120138925023,0.0028172561352373116
2021-02-03,0.015769121270504227,0.0007953820316444205
2021-02-04,0.01918068050856614,0.0024859507336145725
2021-02-05,0.005215168524420832,-0.005781372337284596
2021-02-08,0.02847619252101996,-0.0013306231666688761
2021-02-09,-0.00021739267944842489,0.0006722374529055664
2021-02-10,0.009149639143003263,0.0017221147132242542
2021-02-11,0.010315811251091267,0.015244322966201818
2021-02-12,0.008041005219854291,0.003543512946222016
2021-02-15,-0.003598097864174199,-0.007901892995069715
2021-02-16,-0.00028281581761935293,-0.005251039020082615
2021-02-17,-0.006309435902401073,-0.006605642426194769
2021-02-18,0.017631621013790566,-0.006722334601532709
2021-02-19,-0.003595708010950771,-0.007178312134850762
2021-02-22,-0.010139573164110738,-0.02069424585767854
2021-02-23,0.008290006986532372,-0.003871787067245891
2021-02-24,0.006921828738660762,0.011213740941111272
2021-02-25,0.000283912091494809,-0.0014584310825282998
2021-02-26,-0.0074075264728995505,-0.006273302011705395
2021-03-01,0.00427668672157222,0.008862202785926199
2021-03-02,0.006499484817529488,0.011929686259422478
2021-03-03,0.014746401786016827,0.004280569348351637
2021-03-04,0.017629225982899177,0.0015988984389856409
2021-03-05,-0.013644716464157214,-0.005766509135944564
2021-03-08,0.001594787828384403,0.001415801429918151
2021-03-09,-0.022291340628447287,0.00413471480233385
2021-03-10,0.02291991452656461,0.006332158166843405
2021-03-12,0.0003807086302618501,-0.01001454205769925
2021-03-15,-0.007786831699511776,-0.007832166259159501
2021-03-16,0.0036362629234696353,0.009301938069455007
2021-03-17,-0.003940578279676088,-0.009232690526432052
2021-03-18,0.005632592438671535,-0.010408632380471405
2021-03-19,0.004413243210545037,0.018397456375566446
2021-03-22,0.006729447856464121,0.010614393297822655
2021-03-23,0.018227155460320388,-0.00319130744677365
2021-03-24,-0.022062063299470358,-0.006862293220940674
2021-03-25,-0.02365986310709678,-0.016309434921421784
2021-03-26,0.01230829085842422,0.010775583515797216
2021-03-30,0.017622030725648274,0.018384575889970556
2021-03-31,0.009535014815552634,-0.006392378529105125
2021-04-01,0.023666868471494684,0.004190485188612758
2021-04-05,0.003163176278315305,-0.006278128229518343
2021-04-06,0.011266294833391477,0.015299477200999334
2021-04-07,0.0035794477187927054,0.0026461916725528667
2021-04-08,-0.01104890713259521,0.018167301033391592
2021-04-09,0.02037818852812401,0.02148607561944349
2021-04-12,-0.05894804989988334,-0.02380975370911298
2021-04-13,0.01793110858987723,0.009621179727116402
2021-04-15,0.013622763805310578,0.00333304622484909
2021-04-16,0.013478875348004182,0.00620295288768502
2021-04-19,-0.003434128335790043,-0.014660174558800643
2021-04-20,0.012030878912958842,-0.004337964967680241
2021-04-22,0.0005677286697192141,0.012598874873648969
2021-04-23,0.013762952676135365,0.005817757547937008
2021-04-26,0.005751082813633124,-0.0055312976539722
2021-04-27,0.01585240516247599,-0.0016398464805804647
2021-04-28,0.019098206382855976,0.009515033378554305
2021-04-29,0.007136756065402539,-0.0024086774833667057
2021-04-30,-0.01825673444870579,-0.0031175130289718966
2021-05-03,0.03030694715031168,0.018082498183197515
2021-05-04,-0.00418048234571855,-0.002605694018663174
2021-05-05,-0.0017913996032994373,0.005387505758574829
2021-05-06,0.007938829105843315,0.0035852700959593253
2021-05-07,0.0016445797561457365,-0.002439059529509735
2021-05-10,0.008352732726698564,0.010102295055513855
2021-05-11,-0.009211880094906588,0.00253133712794118
2021-05-12,-0.024590356192463858,0.002316867612431217
2021-05-14,-0.02858506219844481,0.013151105986001
2021-05-17,0.03447813207674888,0.004582535564303214
2021-05-18,0.01277538522459043,-0.0038397701979933085
2021-05-19,0.0013086649980194043,-0.0007758881261028527
2021-05-20,0.0048260011857141905,-0.003823390375393698
2021-05-21,0.0032949320916697555,0.0035923670478161807
2021-05-24,0.00659424461178415,0.0015230022495142936
2021-05-25,-0.0011885301549322547,0.007545307173333793
2021-05-26,-0.006958057014078589,-0.0026898727653457133
2021-05-27,0.014909974066854126,0.003544397367717833
2021-05-28,-0.014694942140441092,0.004064228520108015
2021-05-31,0.007806160214356428,0.0075545302017892
2021-06-01,0.0011833921158357352,-0.0027707974993490536
2021-06-02,0.011525566120251352,0.0008579273399007548
2021-06-03,0.009750197637063085,0.006288964101281103
2021-06-04,-0.0019471165388301737,-0.003964379876895907
2021-06-07,0.009552460649934202,0.004543368238366208
2021-06-08,0.012196190572308696,0.011552821308513428
2021-06-09,-0.013317937989754891,0.0030590339074842987
2021-06-10,0.015729764493133125,0.005416658468134772
2021-06-11,0.01113918655969659,0.0045841069418695035
2021-06-14,-0.009234044305346134,0.004949557772390367
2021-06-15,0.00019279577932285186,0.009682925984753066
2021-06-16,-0.013784220245864565,0.0006474944419572193
2021-06-17,-0.014999913375058682,-0.003748188814565956
2021-06-18,-0.02792146412697938,0.000958803726475832
2021-06-21,0.015344313657911224,-0.001154469363899624
2021-06-22,0.021038159578630422,-0.0006559212200437647
2021-06-23,-0.020902078246374134,-0.0037442819852435694
2021-06-24,-0.004417869853483358,0.008572157045330986
2021-06-25,0.00629619382855795,-0.0037182698036913875
2021-06-28,-0.007955624278396134,-0.004356494511603581
2021-06-29,-0.002119488414868975,-0.00019612083339837216
2021-06-30,0.013572796558377398,-0.0005435393446853176
2021-07-01,0.0005108185931625986,0.008994954539663702
2021-07-02,0.00401405836301616,-0.0016848305921065565
2021-07-05,-0.0070183301422726,-0.0013001879068432753
2021-07-06,-0.00984359889402453,-0.0023154115652598284
2021-07-07,0.0003368066539557457,0.006351736513337869
2021-07-08,-0.005115157210758059,-0.002918161194915947
2021-07-09,0.006471665018072059,-0.004538106893842486
2021-07-12,0.000491506238823991,0.000872459222751587
2021-07-13,0.0012787675463230563,0.001653997459013068
2021-07-14,-0.005795312456672641,0.0009401472811116918
2021-07-15,0.02004911269806242,0.008194449096450063
2021-07-16,-0.0052156743933290395,0.004627732139513618
2021-07-19,-0.015540213256329594,0.003717089591321665
2021-07-20,-0.023515909095830234,0.007511673414235087
2021-07-22,0.029224909222187234,7.222206551249499e-06
2021-07-23,0.019924120297447834,0.012598636790200235
2021-07-26,0.018108571284727537,0.005758220699774608
2021-07-27,0.015538849794640486,-0.007651731071379841
2021-07-28,-0.017671360307906947,-0.0031450133920991608
2021-07-29,-0.0015334580944046383,-0.011565196126944621
2021-07-30,0.014213075406428466,0.004046354028648169
2021-08-02,-0.0008223026474217798,0.00804057805199676
2021-08-03,-0.00674838286486068,0.01511791025994147
2021-08-04,-0.00502202210845204,-0.00981242713672592
2021-08-05,0.002675919781665481,0.0033194852995999113
2021-08-06,0.0011576879171191212,-0.0040312595868463585
2021-08-09,-0.025688960342889366,-0.0014018106776271244
2021-08-10,-0.041460123459452825,-0.006310893732127898
2021-08-11,0.007895407035800606,-0.00583787542000147
2021-08-12,0.02434540474107072,0.001788605718166858
2021-08-13,0.0004871510739203888,0.009133221787358758
2021-08-16,0.008237527575761794,-0.0030632072958475254
2021-08-17,0.006485519412592344,0.008823115083507416
2021-08-18,-0.006303058870496536,-0.0016053337323115313
2021-08-20,-0.030506406077448478,-0.0024939772094989543
2021-08-23,-0.021507300317324507,-0.004736056528199417
2021-08-24,0.014543467165684554,-0.0023655167165892443
2021-08-25,0.01963235509523975,0.003047529100815849
2021-08-26,0.010162996406199998,-0.0019396340704818105
2021-08-27,0.019954466358546252,0.004909835486072822
2021-08-30,0.01581508665732656,0.009435523896554221
2021-08-31,0.011110297860275509,0.008170068595968472
2021-09-01,-0.0009796647784341417,0.0008151805283367342
2021-09-02,0.0014857703335464656,0.014003326377193703
2021-09-03,8.317317049266748e-05,0.0027470577461121692
2021-09-06,-0.0024465324785689635,0.0017131031057142643
2021-09-07,-0.012773811861727324,-0.002029154727777205
2021-09-08,0.011353888218966324,0.0003884500512141287
2021-09-09,0.012604352830358101,-0.000639455259721089
2021-09-13,0.02145031128814212,0.00583314604150309
2021-09-14,0.0073268553431806716,0.008867744671919642
2021-09-15,0.004606141636265049,0.004181396842351859
2021-09-16,-0.009183721277384094,0.014809096665818755
2021-09-17,0.0006813421585902812,-0.006121360630100048
2021-09-20,-0.006411698329516047,-0.0003068887496116002
2021-09-21,-0.0006365178045458775,0.0018332845105426543
2021-09-22,-0.00415048509782423,-0.0004959741407948304
2021-09-23,0.015049370923847505,0.006186769446084206
2021-09-24,0.0018572027574488281,-0.0012786921029339648
2021-09-27,-0.006065849921419675,-0.002201112337208544
2021-09-28,0.0027215242985665355,-0.0024667083799374545
2021-09-29,0.020782164547861637,0.0010480316900198794
2021-09-30,-0.00236931948342467,-0.0030563540237735776
2021-10-01,0.004863028456662866,-0.005370122428197122
2021-10-04,0.012161837125204134,0.007024768102865009
2021-10-05,0.00562721948736522,0.0018363348997445517
2021-10-06,-0.0023984040655600225,-0.0077613741640158995
2021-10-07,0.009169384210562681,0.006158101598678467
2021-10-08,-0.009057307020657657,0.005556694369289739
2021-10-11,0.010111718136833092,0.0036235060120681784
2021-10-12,-0.008732721000996091,0.008045752507542137
2021-10-13,0.01227117970918945,0.01396234026633647
2021-10-14,0.0020064261341421474,0.010758331152534995
2021-10-18,0.00248532157509862,0.005702042644045946
2021-10-19,-0.021999243709308947,-0.011078539041934454
2021-10-20,-0.023967303591272082,-0.016668798368942972
2021-10-21,-0.007560798276082914,-0.023133466218547616
2021-10-22,-0.008031895452971782,-0.01233173570467172
2021-10-25,-0.012965748067013672,-0.01814772769335149
2021-10-26,0.017806961685754796,0.009957550376155977
2021-10-27,0.013976868141807985,-0.0005951682094055277
2021-10-28,-0.02035849635835929,-0.009489289509315713
2021-10-29,0.004629123309233263,-0.005897410720032359
2021-11-01,0.014803496249155446,0.0055222559501768576
2021-11-02,0.012815957743678164,0.003270662366586796
2021-11-03,-0.003762161886678883,-0.0045092904207846285
2021-11-04,0.00391080186539039,0.01069944769147435
2021-11-08,0.0010985905003075835,0.005403864268416658
2021-11-09,0.024910797909531324,-0.002005565329856629
2021-11-10,0.014858144446633137,0.0008326120281225702
2021-11-11,0.011329640410286501,0.00478391263821254
2021-11-12,0.00012882999366614634,-0.0022908657561480084
2021-11-15,-0.006768434597956952,0.0014750465427948445
2021-11-16,-0.003870051798774199,-0.004342679544255379
2021-11-17,0.006429105500054932,-0.00909483343740991
2021-11-18,-0.021704443374960247,-0.009806997469662182
2021-11-22,-0.024912000902572617,-0.01871370884502066
2021-11-23,0.017530902513777757,0.00913210659517194
2021-11-24,-0.00623182506130715,-0.0006281040147174677
2021-11-25,0.013143292923812888,-0.008224380006167764
2021-11-26,-0.028403048113813,-0.005178212102823543
2021-11-29,-0.03449567103733597,-0.016607975095641492
2021-11-30,0.02426256734497656,0.008350992080906838
2021-12-01,0.010083269848666587,-0.007755697062608147
2021-12-02,0.020118619961697393,0.005003305698720872
2021-12-03,0.01089081859614116,-0.009674131273901043
2021-12-06,-0.009869575418305021,-0.018496852440332612
2021-12-07,0.014235120632089426,0.0028942490659991105
2021-12-08,0.029863969240607302,0.011871276867985836
2021-12-09,0.014776753283898492,0.020305380870568435
2021-12-10,0.019607624528557466,-0.00037011939824016515
2021-12-13,-0.014343431084859803,-0.009455592257455958
2021-12-14,-0.0015798991620126213,0.012305876208759337
2021-12-15,-0.001138588922299122,-0.0077486156070869505
2021-12-16,-0.01530389490977102,-0.005203995335616107
2021-12-17,-0.01882611044893967,-0.015951173580651345
2021-12-20,-0.028837378541231917,-0.02189644624721121
2021-12-21,0.0007464294366028579,0.004710247835175263
2021-12-22,0.022514968987700446,0.006003210669068615
2021-12-23,-0.0001757501744532597,0.011903425365286768
2021-12-24,-0.006241793909919191,-0.00415582366287226
2021-12-27,0.003381086730965155,-0.0016775353772867652
2021-12-28,0.026476562115956392,0.00634042874492402
2021-12-29,-0.0031795276800159478,0.004183180235147965
2021-12-30,-0.006192239587062054,0.00961123749271775
2021-12-31,0.015839572376542543,0.009837035102007174
2022-01-03,0.015680456381270025,0.0038582380879284006
2022-01-04,0.011981430929852266,-0.0064223493956944155
2022-01-05,0.004754768747358584,0.0062378624599677135
2022-01-06,0.01557871378520681,-0.002990115710989949
2022-01-07,0.018174665440588544,0.008665403474288125
2022-01-10,0.024969045641500154,0.0033459618742033292
2022-01-11,-0.0008863121205031632,-0.0022917291675340623
2022-01-12,-0.0014923661630340535,-0.006430345997400666
2022-01-13,0.010554459423394169,0.0006976739687745148
2022-01-14,0.016923428540426944,-0.0023685798803982916
2022-01-17,0.012532300442958055,-0.0030217145028283987
2022-01-18,-0.03506549770919154,-0.01182077579565699
2022-01-19,0.007545510451752557,-0.008703778805870255
2022-01-20,0.025693495906492947,-0.013491792072578002
2022-01-21,-0.019366009009905816,-0.0072233953230105286
2022-01-24,-0.049421250081415846,-0.020463044804800212
2022-01-25,0.00806457053529952,0.0021617693351068112
2022-01-27,-0.021508568005762174,-0.009087117211589835
2022-01-28,0.004937586918520198,0.004960528841526646
2022-01-31,0.020099207998809376,0.008119921522577123
2022-02-01,0.00911328779509879,0.008898317092383978
2022-02-02,0.017631453003431607,0.014050643585147515
2022-02-03,-0.0010018540101892626,-0.004444403750284209
2022-02-04,0.009256877438754474,0.005381167907911211
2022-02-07,-0.022704583192633132,-0.01785536662274345
2022-02-08,-0.028775416392968656,-0.006812068616789513
2022-02-09,-0.011792674941958126,0.010303102474693349
2022-02-10,-0.003949907507827977,-0.0016865407204502691
2022-02-11,-0.015661016516956283,-0.0041178693112675635
2022-02-14,-0.046028446278002844,-0.023411509822450105
2022-02-15,0.04145235076392928,0.008730433765023582
2022-02-16,0.002412856295055388,0.0047585478807810055
2022-02-17,-0.008874250849643994,-0.004623728479282385
2022-02-18,-0.017232846679314573,-0.005281498140468299
2022-02-21,-0.023313375648036705,-0.004135508559408918
2022-02-22,-0.025644337654747273,-0.012110433238602059
2022-02-23,0.018271613649708307,-0.005193462871624033
2022-02-24,-0.06556141632000223,-0.03839073176981278
2022-02-25,0.024857807206868365,0.014290297109091243
2022-02-28,0.012662381050747129,0.008309449580294448
2022-03-02,0.0005751315667175128,-0.007308776124993366
2022-03-03,0.00938449992426138,-0.010392643283404612
2022-03-04,-0.015155336567455158,-0.012892265980301465
2022-03-07,-0.03553961363122027,-0.018425039055083525
2022-03-08,0.02036613537922749,0.011922088252046326
2022-03-09,0.03314272187156764,0.006496056601168476
2022-03-10,0.027940002816503995,0.019988349836779884
2022-03-11,0.008332912536513248,0.018735546489504484
2022-03-14,0.005767901558082933,0.0016019073861217592
2022-03-15,-0.020390458325079686,-0.0007969785289161369
2022-03-16,0.008243866616056028,0.0041384264346924216
2022-03-17,0.01226510936652958,0.003909888822514196
2022-03-21,-0.00731198119650045,0.00608839795828664
2022-03-22,-0.00440545286396099,-0.0015416302400705906
2022-03-23,-0.0005853117715570733,0.004377879733171275
2022-03-24,-0.002815981120115718,-0.0060902254563846014
2022-03-25,-0.009537936596627494,-0.00399097682281635
2022-03-28,-0.028314339608444206,-0.0025465600189619186
2022-03-29,0.01295707491955378,-0.0033038964942737614
2022-03-30,0.018744240078574448,0.0064999526096742866
2022-03-31,0.0014158197857123689,-0.00035403782943366213
2022-04-01,0.013470727790497072,0.0025228440826823295
2022-04-04,0.02513093941041955,0.013805840998748709
2022-04-05,0.005440687200161998,0.018089771513889463
2022-04-06,0.015533810569699602,-1.5366184875853506e-05
2022-04-07,-0.0044395886538382,-0.0005065388598287646
2022-04-08,0.01404434634573426,0.002065301628404015
2022-04-11,-0.009605462761248074,0.016027682957582723
2022-04-12,-0.023423185342489994,-0.013128464161444975
2022-04-13,-0.003311496261471536,-0.006492957418870571
2022-04-18,-0.0019233775750233661,0.005749346977204972
2022-04-19,-0.022701757622983543,-0.0033595128211710845
2022-04-20,0.0037713855633296767,0.013023558685574255
2022-04-21,0.02387764223062594,0.00618257047986015
2022-04-22,0.002829346342328787,-0.0021477219344526732
2022-04-25,-0.02986941300938495,-0.012588646188856356
2022-04-26,0.006038534925052241,0.004116106050328083
2022-04-27,0.008655837759289353,-0.0058401104656575775
2022-04-28,-0.013988479421838784,0.004600877431937267
2022-04-29,-0.01594951734002048,-0.0006229217924403896
2022-05-02,-0.01142613011242577,0.0011563555781661794
2022-05-04,-0.019621533745995845,-0.013621599947992946
2022-05-05,-0.0015600165441994607,-0.010985144191148488
2022-05-06,-0.030007056692058276,-0.004515572850683269
2022-05-09,-0.03429738887208267,-0.005904745789339416
2022-05-10,-0.02905954057588156,-0.012530961207016689
2022-05-11,-0.04600056949376319,-0.0020488023247234866
2022-05-12,-0.007192068919817607,-0.0045553620391313165
2022-05-13,0.010127387370856944,0.01546145232115137
2022-05-16,0.025833952538757643,-0.004497889700182833
2022-05-17,0.03798972192963279,0.012478065034974728
2022-05-18,0.010670274451423323,0.01179535983425195
2022-05-19,-0.029878812240827668,-0.015285561247913915
2022-05-20,0.016679596377804362,0.012897761502749683
2022-05-23,-4.990471843668853e-05,0.0043952610122255376
2022-05-24,-0.014765434006570155,-0.011952776169069756
2022-05-25,-0.041577772443418426,-0.001698237894712351
2022-05-26,0.005826770071798215,0.004354896774880546
2022-05-27,0.008951113034858738,0.013921671629686161
2022-05-30,0.02164866810364785,0.012459151261098755
2022-05-31,0.03273791335191967,0.002184407933800925
2022-06-01,0.0025642360216682203,-0.005723555925183033
2022-06-02,0.003709358943846608,0.004130619498042165
2022-06-03,-0.012445875848683396,-0.0112385584498631
2022-06-06,-0.0071420884641817395,-0.009821641682464688
2022-06-07,-0.009086358593784705,-0.0061338577440522846
2022-06-08,-0.004542728363774229,-0.0007139253371341026
2022-06-09,0.007798542133227171,9.748165993972435e-05
2022-06-10,-0.0133990405276051,-0.008499142120689696
2022-06-13,-0.033515337890457575,-0.021719072707655385
2022-06-14,-0.000839659654147118,-0.012929114299564226
2022-06-15,-0.002102615580198086,0.0018861472471978225
2022-06-16,-0.026803055579491586,-0.01234936044852386
2022-06-17,-0.029859040194390007,-0.015324827750796133
2022-06-20,-0.05047353661530807,-0.01106111422990319
2022-06-21,0.05907161033315944,0.018066339701126255
2022-06-22,-0.010335911717079371,-0.01738118055268023
2022-06-23,0.013385713825368128,0.006482165255126349
2022-06-24,0.01845309282575114,0.008061639320666059
2022-06-27,0.019536670947779555,0.007714618723334343
2022-06-28,0.012419730520469408,0.005741795662997706
2022-06-29,-0.005982831702216029,-0.004352874570813681
2022-06-30,-0.02442294928046629,-0.0002070009593476696
2022-07-01,0.003186360481042483,0.01316335168217031
2022-07-04,0.0033755384715858927,0.010689314851422438
2022-07-05,0.0022652310919182295,-0.0016910926379499758
2022-07-06,0.003824660274561298,0.0009414685488431385
2022-07-07,0.01010720838046919,0.01014824681796056
2022-07-08,0.004535778274207036,0.0018959072183273307
2022-07-11,0.018167974387239605,0.003431696737921097
2022-07-12,0.0007616018486746867,-0.0009391588523626204
2022-07-13,-0.012409133480746681,0.0016702663078504987
2022-07-14,-0.00581880075105301,-0.000853246669177965
2022-07-15,-0.0034041914808713436,0.003916344842672448
2022-07-18,0.020360403517369452,0.009383455026496401
2022-07-19,0.010824325874767116,0.0033438041601554502
2022-07-20,0.008572014242955284,0.0018808742810259016
2022-07-21,0.011006178582150694,0.001248526406946171
2022-07-22,0.0010812099537351738,-0.0007293226806458497
2022-07-25,-0.010335473946772145,-0.0006609243069258808
2022-07-26,-0.009758135837766746,-0.004146642308722748
2022-07-27,0.010920103184832053,0.004790229623430342
2022-07-28,0.004899561935053809,-0.00039709350316230463
2022-07-29,0.021453030156656006,0.007508867855043011
2022-08-01,0.020738625083075668,0.004315250138642535
2022-08-02,-0.000893761529207171,0.008176206205995129
2022-08-03,0.000552416583852855,-0.00279905431309313
2022-08-04,0.005840566964896876,-0.0010781002777348059
2022-08-05,0.000643335032557868,0.005055741969364647
2022-08-08,0.00043288008293185243,-0.003600725943832317
2022-08-10,0.004381208223924071,0.0012870148438322015
2022-08-11,-0.006135447574534214,-0.002746449976241405
2022-08-12,0.01688223638493125,0.004157757094270131
2022-08-16,0.008531184745051101,0.003664313959400145
2022-08-17,-0.002928895251024577,0.0004349636458433892
2022-08-18,8.161366324888064e-05,0.0023516696858048025
2022-08-19,-0.022866682059675347,-0.0013975937237326042
2022-08-22,-0.00894927878592966,-0.0018837297211494741
2022-08-23,0.021102036179217798,0.0035335887409024824
2022-08-24,0.001218540499638543,0.0008557568332654419
2022-08-25,-0.01567842189477764,0.0009645327861036446
2022-08-26,0.011272783240776407,0.002837042903677256
2022-08-29,-0.006413395983797865,0.0022384501407828328
2022-08-30,0.02129410998065251,0.009581925799894142
2022-09-01,-0.007225196897597597,-0.0016596129383903424
2022-09-02,0.013304719028213396,-0.0012189291304219863
2022-09-05,0.007961009088642612,-0.00044408070517654163
2022-09-06,0.008061724435703299,-0.002990780493728362
2022-09-07,0.0005339770293693036,0.006419958997673447
2022-09-08,0.009898948084162473,-0.0023072970448260177
2022-09-09,0.0016349344487667228,-0.00243756380547977
2022-09-12,0.021144776694850487,0.0038009363390074657
2022-09-13,-0.012073413293475554,0.001309903203571272
2022-09-14,0.0023114096746945645,-0.007251407499275664
2022-09-15,0.00605622842333875,-0.0033696725825689278
2022-09-16,-0.027583926354519006,-0.020328735835065115
2022-09-19,0.013391624610014086,-0.00156206223488764
2022-09-20,0.02171623757363106,0.011068903027265264
2022-09-21,0.0016362636394140484,-0.004213447594904385
2022-09-22,0.012280978507728912,0.003129751801841829
2022-09-23,-0.02129597856920007,-0.01182900709574286
2022-09-26,-0.033454224724475234,-0.014519291064902795
2022-09-27,-0.009835928739344135,0.0057313459636978425
2022-09-28,0.0020487054423008466,-0.007178410266370339
2022-09-29,0.0027201385240920306,0.012686909699393789
2022-09-30,0.004583069140448481,0.006778116339364981
2022-10-03,-0.014568184942116424,0.004356000746284616
2022-10-04,0.01896984146126468,0.006793447454824797
2022-10-06,0.021217765066538607,0.0017026628820726586
2022-10-07,0.0006607986812696698,-0.006451725133403419
2022-10-10,-0.013632384130637831,-0.0008836584752582866
2022-10-11,-0.014462774973708292,-0.013487678913363776
2022-10-12,0.0077927296200173135,0.003148481285357274
2022-10-13,-0.006850046677462918,-0.0029965487822823933
2022-10-14,-0.009997447026694917,0.006620551654883844
2022-10-17,-0.0023654892729200183,-0.0015065458713063862
2022-10-18,0.01227672826928461,0.0028256007567604158
2022-10-19,-0.006267279954048077,0.0017887111844760994
2022-10-20,0.006682884345187379,0.004409702098842061
2022-10-21,0.004806174414559328,-0.007414239530760813
2022-10-24,0.014984562787635713,0.00844631271042573
2022-10-25,0.01071639107793998,0.0001406434018680347
2022-10-27,0.01287582368093343,0.006084359410122975
2022-10-28,-0.012935307756376191,0.001896512923163618
2022-10-31,-0.0067312103165331205,0.007062209169740541
2022-11-01,0.007236787956491408,0.010945243001207805
2022-11-02,0.014249190346226959,0.002374348839607743
2022-11-03,0.008629312209605278,-0.0002648511939838949
2022-11-04,-0.005244723129509854,-0.007715823356534535
2022-11-07,0.004912846301155405,0.0031476527658034215
2022-11-09,-0.009015164049378854,-0.005324295224878539
2022-11-10,0.0019449322473827912,-0.0011534356432555404
2022-11-11,0.0035709167803918973,0.007408119622835496
2022-11-14,-0.006075741229200626,-0.004044076465514523
2022-11-15,0.00833908617661927,0.002823413525044227
2022-11-16,0.010797940415554264,0.0013490314244606338
2022-11-17,-0.0026202385883521417,0.003479251111838
2022-11-18,-0.013782326926634392,-0.006982579697278002
2022-11-21,0.018380271500492595,-0.002652067004797809
2022-11-22,0.01006911755936346,0.0037465746634028907
2022-11-23,0.025099433064239784,-0.0030526947262586868
2022-11-24,0.0019697692130169475,0.006754189080323547
2022-11-25,-0.010137509941508638,0.004782032069257758
2022-11-28,0.007715189178930215,0.00955056704941315
2022-11-29,-0.020719314955131907,0.002759685855710625
2022-11-30,0.01574008340570332,0.009793664518388479
2022-12-01,0.01023855740017754,0.002364292386030753
2022-12-02,0.009964899474953492,0.002674080145152802
2022-12-05,0.007028810356311421,0.0011852613538221313
2022-12-06,8.897447115963075e-06,-0.0074960755983944916
2022-12-07,0.0007161689952046579,-0.0015635667092744887
2022-12-08,0.0029344298137488067,1.00677921841541e-05
2022-12-09,-0.005538934279228358,-0.004417451825801333
2022-12-12,-0.0039054506461246863,-8.317968791593522e-05
2022-12-13,0.0017567274903498298,-0.001071237079934395
2022-12-14,0.001823618571824115,0.001974662478426703
2022-12-15,-0.011137577487116745,-0.008651806884322877
2022-12-16,0.0008292267462843839,-0.0062659011040572254
2022-12-19,0.008889848656625121,0.00044587529660433667
2022-12-20,0.0016543677490754582,-0.0026887571709437452
2022-12-21,-0.03328977666706545,-0.001798426190705138
2022-12-22,-0.03215271128401942,-0.0033702612612551697
2022-12-23,-0.06120779520773301,-0.010785064703209835
2022-12-26,0.06262035858446469,0.003963085550868772
2022-12-27,0.0018558715657104319,0.002215478368404522
2022-12-28,0.005985039335655751,-0.0012200160166923046
2022-12-29,0.007125200566719281,0.00028453177914511407
2022-12-30,-0.00023252912697213635,-0.0036645835359895296
2023-01-02,-0.0010080329621543482,-0.003147758568897041
2023-01-03,0.017720295549203513,0.0026882655630360297
2023-01-04,-0.01461897996529149,-0.004532236050865945
2023-01-05,0.004898235931024786,0.005746473333030355
2023-01-06,-0.011369433746888591,-0.004153424808464479
2023-01-09,0.005566724569184833,0.0035759540296089742
2023-01-10,-0.018356712944438414,-0.0014302993951805787
2023-01-11,-0.007330738846019091,-0.009042900562610812
2023-01-12,0.0073674456724373005,0.0009577383020438202
2023-01-13,0.008550576322953862,-0.005806383143425076
2023-01-16,0.0019035654461969642,0.0023470530195850436
2023-01-17,-0.0023302814298983288,-0.0007295269957835471
2023-01-18,-0.002302616713376282,0.000159385376892196
2023-01-19,-0.003085965986129424,-0.005448687282725517
2023-01-20,0.015062402515169104,-0.009397751058202841
2023-01-23,7.70999228165703e-05,0.005887130206260638
2023-01-24,-0.004030158529312988,-0.001412419878890292
2023-01-25,-0.018020918275264863,-0.008507882908140418
2023-01-27,-0.028929605437395756,-0.007551082719370883
2023-01-30,0.01642390209285094,0.002880674418292317
2023-01-31,0.03537305619495168,-0.002071896607575119
2023-02-01,-0.04634519595792819,-0.004712234934377335
2023-02-02,0.002342724872896662,0.005834963189222719
2023-02-03,-0.008463236974227684,0.0016880063586184324
2023-02-06,0.004741677958332247,0.003689938694419359
2023-02-07,0.0042796520416705786,0.009223240073329642
2023-02-08,0.010772175423079178,0.008395024052990196
2023-02-09,-0.012857653162362759,-0.0008205416358620932
2023-02-10,-0.0030692999555870237,-0.00568340671809664
2023-02-13,-0.012038682105904086,-0.004493587638048524
2023-02-14,0.009644183499021963,-0.0022831392002250483
2023-02-15,0.007287994524211028,0.004750938063093457
2023-02-16,0.018244460184563938,0.0019157040698745131
2023-02-17,-0.012930502423351253,0.0005396821287273479
2023-02-20,-0.01023220973138872,0.0042785642995244455
2023-02-21,-0.008069240782014764,-0.001362456995424699
2023-02-22,-0.02941146400150063,-0.006631684623935263
2023-02-23,0.0054869368957524145,0.0013270876401574316
2023-02-24,-0.007420533429788656,0.0008228930098346243
2023-02-27,-0.022267140643929317,-0.0006289246453725639
2023-02-28,0.003779124261070077,-0.0041616117778022765
2023-03-01,0.025938398791812256,0.007059658647252887
2023-03-02,0.01646229632076568,0.004823892257677986
2023-03-03,0.02610549997231515,0.0035159013045642507
2023-03-06,0.003331975444833546,0.005907971446531546
2023-03-08,0.009343478802753324,-0.007241516044864338
2023-03-09,-0.009698120776260644,-0.0012377242975879499
2023-03-10,-0.007475185062198686,-0.004966557773955382
2023-03-13,-0.027173834881164316,-0.010807789218656438
2023-03-14,-0.02607345899694624,-0.005955084057405635
2023-03-15,-0.004809590756580717,0.003911123761844104
2023-03-16,-0.00797001034539091,0.004615959780550405
2023-03-17,0.01161075238629583,0.004023833537789567
2023-03-20,-0.008875903924622897,-0.0013699400635244219
2023-03-21,0.01150109179857961,-0.0003817306088103045
2023-03-22,0.009925020635338067,0.009839372879691055
2023-03-23,-0.0027749566681135596,-0.006659410979506952
2023-03-24,-0.017390500377713725,0.0004859365500975432
2023-03-27,-0.01905932682623601,0.00325119966901255
2023-03-28,0.003968574826741511,0.0003698200795405615
2023-03-29,0.04582036990127336,0.010189273127576559
2023-03-31,0.008927322922079428,0.015173299430420117
2023-04-03,0.021949044583414512,-0.0030734027303876976
2023-04-05,0.01798733414514664,0.004040098005902548
2023-04-06,-0.002096616593707523,0.001215967391826167
2023-04-10,-0.0043133204164006456,0.0015984134248610005
2023-04-11,0.006446041915450618,0.0016168845524553443
2023-04-12,-0.004591237951205529,0.0012515949513949298
2023-04-13,0.008236560356724043,-0.0021344479642630976
2023-04-17,0.01757032913271428,-0.0011768155061417929
2023-04-18,0.002919443644841646,0.0057595060397777065
2023-04-19,-0.0025988764848619006,-0.0035785376656413126
2023-04-20,0.0016017920062916247,-0.0043224273873824215
2023-04-21,-0.0029505844365752543,0.006342051535783488
2023-04-24,0.03637328889453162,0.007831141226396499
2023-04-25,0.035417325730553895,-0.001316374846904389
2023-04-26,0.014966089920804393,0.0006538400072528816
2023-04-27,-0.004755029573416447,0.006748814023733507
2023-04-28,0.022302107518511027,0.00933782318957932
2023-05-02,0.0240624313901725,0.0009833350179704325
2023-05-03,0.015938573660376543,0.002137799196607837
2023-05-04,-0.056847666021141,0.0045457949148102195
2023-05-05,0.01222316332462925,-0.004818204717888408
2023-05-08,-0.012741343561571528,0.00640346122575397
2023-05-09,-0.02998213356039192,0.002265066459829601
2023-05-10,-0.008981554114751433,0.0035643839178431946
2023-05-11,0.013833447322532999,0.00027453015249800927
2023-05-12,-0.006631875342895888,-0.009558012128456639
2023-05-15,-0.010151376940389478,-0.001963048472241824
2023-05-16,0.003556123223834362,-0.004091937126122547
2023-05-17,0.007513923464988359,0.0008819042406027489
2023-05-18,-0.010469043421158841,-0.005409101115216974
2023-05-19,-0.016959575042126307,0.0038721977640385763
2023-05-22,-0.0002648599865503476,0.003976330306313169
2023-05-23,-0.011664732134323397,0.00041678174733972284
2023-05-24,0.005719227673975702,0.00440641563761246
2023-05-25,0.0001247983977443745,-0.00012178077344315863
2023-05-26,0.0029508204195529686,0.008274015875750829
2023-05-29,-0.002015052777107562,-0.004316714477232697
2023-05-30,-0.008763243115736952,0.004650694967745617
2023-05-31,0.0256740116839711,0.007078996807812432
2023-06-01,0.0008680568489798368,-0.00018299061597959465
2023-06-02,0.010619287406229416,0.004945573551736304
2023-06-05,0.01273724407493182,0.013005144298026128
2023-06-06,0.011283816748723918,0.005493501578233584
2023-06-07,0.013548263738954791,0.0035517101362316783
2023-06-08,-0.0026535629530407556,-0.00501285103545801
2023-06-09,0.0028969676310448556,-0.0056671488809459936
2023-06-12,-0.0027856850672802747,-0.0032721565149860243
2023-06-13,0.004806826617014703,0.006326040989305559
2023-06-14,0.007787612825152612,-0.0027119236899518784
2023-06-15,-0.00012275835310493477,-0.0022304943929590815
2023-06-16,0.025006559256706806,0.008488947814534908
2023-06-19,-0.001686251297287944,0.00165368432881019
2023-06-20,0.002966348956373599,0.0008755311563446444
2023-06-21,-0.01215458122821711,0.0035066333412749895
2023-06-22,-0.009255477438763648,-0.0028911802344426807
2023-06-23,-0.01598008836703857,-0.0037371836344827214
2023-06-26,0.008666657818713341,0.014516860688134958
2023-06-27,0.0017652093076920838,0.0065692764579177165
2023-06-28,0.004188989348536065,0.0055009036079198825
2023-06-30,0.015496036662577595,0.008722527094962462
2023-07-03,0.010511723875266998,-0.001892181984018193
2023-07-04,-0.0011630542247115239,0.0060199938326459534
2023-07-05,0.01193653411246376,0.006946335816590654
2023-07-06,0.005782733469063439,0.002551180334730896
2023-07-07,0.0015553190172250542,-0.00020049135947586283
2023-07-10,0.008337930212013234,-0.00031554952634094136
2023-07-11,0.018610379773465136,0.009734537918618003
2023-07-12,0.013222791820762803,-0.0011255648288496234
2023-07-13,-0.00032080113139032473,-0.007164435520962686
2023-07-14,0.007506144047536134,0.0003770683002881636
2023-07-17,0.0013745474440476357,0.009769149260646426
2023-07-18,0.008584032730515778,-0.003832975441212416
2023-07-19,0.0256243128417728,0.002761243641488109
2023-07-20,0.019389273865741963,0.010884476378592023
2023-07-21,0.016917768429716373,-0.0043447973209094215
2023-07-24,0.006143274374365015,-0.0012115720119653117
2023-07-25,-0.01571298886585637,-0.004329471110618099
2023-07-26,0.0017881724074917393,0.0010985884828329517
2023-07-27,-0.011186810074555131,0.014025331301529942
2023-07-28,0.019424085555479254,0.004031795910147462
2023-07-31,0.0031876134327548655,0.0029769750547945506
2023-08-01,-0.01448188761940461,0.0062794725621309055
2023-08-02,-0.009005440851833857,-0.0008495565691817308
2023-08-03,0.001762172139948115,-0.011805942586480378
2023-08-04,0.0072452625429182405,0.0059954229554253224
2023-08-07,0.01800611127409213,0.001279135812246368
2023-08-08,-0.002374714903144559,3.53872329974525e-05
2023-08-09,0.002316303628024041,0.012857977652223296
2023-08-10,0.006148119659085571,-0.010923053759734458
2023-08-11,-0.008391037112961519,-0.000553594598485585
2023-08-14,0.0015531914229605093,-0.00666099793608721
2023-08-16,0.02389622427715743,-0.001893604674658489
2023-08-17,0.011835368074176955,-0.002035974265392815
2023-08-18,-0.0265638604946844,-0.003096373112053019
2023-08-21,-0.0012062347156286402,0.0030090716022062036
2023-08-22,0.006482870791360007,-0.0007538858134766846
2023-08-23,-0.0005902713215434341,0.004441360226843827
2023-08-24,0.007008480212764123,0.001238030196148765
2023-08-25,-0.0028392333024250815,-0.0041345807733551565
2023-08-28,0.0007441969476873478,-0.0011388179175561008
2023-08-29,0.0014392808791128253,0.011195487693459683
2023-08-30,0.001044351821768874,0.00014589239411066934
2023-08-31,0.028343332883426164,-0.0029693102900681945
2023-09-01,0.01375065161657707,0.006206863013459518
2023-09-04,0.020837256312993713,-0.002311002451615196
2023-09-05,0.010682916016485855,0.011442962206317464
2023-09-06,-0.004824949475657481,0.00013856641566944994
2023-09-07,0.014851982298639932,0.00400711522575703
2023-09-08,0.02187020041164045,0.0041637031583259265
2023-09-11,0.03863513064860502,0.007332783199240911
2023-09-12,-0.06557069892168665,-0.0076243003026555956
2023-09-13,-0.005128619246104527,0.009922200748176069
2023-09-14,0.022585575619458176,0.005206241468744599
2023-09-15,0.02436451278721319,0.005176189523938612
2023-09-18,-0.01658579819489725,0.005427791618528355
2023-09-20,-0.0019172389805894863,-0.004630632276905966
2023-09-21,-0.0188163133755872,-0.005688509380829099
2023-09-22,0.0064905357578675105,0.009494179979025352
2023-09-25,0.003349341168978448,-0.014861553640675651
2023-09-26,0.01949292776470224,-0.003107414840776035
2023-09-27,-0.0027303936635515447,0.0032529831037739765
2023-09-28,-0.011970476384300599,-0.00899880012686638
2023-09-29,0.0064578555493937095,0.0026635971318069718
2023-10-03,0.009989855233088818,-0.0009732794014469803
2023-10-04,-0.015685491619108816,-0.0039443206888466475
2023-10-05,0.008280451841237824,0.0037685267925091637
2023-10-06,0.008964085972455127,0.004430966370171818
2023-10-09,-0.03316435428316866,-0.007398481182185557
2023-10-10,0.025321403372912776,0.010715791128436125
2023-10-11,0.008141480352699348,0.0046451973417498404
2023-10-12,0.009484308394243968,0.004531676217030878
2023-10-13,-3.5159444587429256e-05,-0.0004075569371123633
2023-10-16,0.0193399837310122,-0.0001192907216801542
2023-10-17,0.004916215648364641,-0.004209989701555283
2023-10-18,-0.015864516271642426,-0.008206839431479596
2023-10-19,-0.0013128545448822804,-0.0020814216623942228
2023-10-20,-0.005526244040081951,-0.007135947290218603
2023-10-23,-0.05190372669344978,-0.014043608785127448
2023-10-25,-0.017622025596499613,-0.005920924612880185
2023-10-26,0.006010946380828441,-0.012604094958238887
2023-10-27,0.02381138379841663,0.012357238428122308
2023-10-30,0.006374083156886368,0.003230448581227785
2023-10-31,0.01781470335133517,-0.0020450349995203565
2023-11-01,-0.003812980316484804,-0.008201807187092736
2023-11-02,0.012737268555090608,0.009296648028528143
2023-11-03,0.0057354747224904745,0.006446850152053818
2023-11-06,0.011701876692072677,0.011744921094187788
2023-11-07,0.00681759599752052,0.004694528385461805
2023-11-08,0.009913823835292268,0.0009958969221339764
2023-11-09,0.005356153640193817,-0.005252563040079816
2023-11-10,-0.0011169521952958394,0.0017962102244521994
2023-11-13,0.015164821840524922,-0.0016246179073063916
2023-11-15,0.007394019935884399,0.007102246112770105
2023-11-16,-0.007364817632107168,0.0020051801435885253
2023-11-17,0.012409728618256288,-0.007166040241889271
2023-11-20,0.01618085689847737,5.5693474046103475e-05
2023-11-21,0.005908015917369669,0.0023002833844227855
2023-11-22,-0.01805220903080007,-0.00016736094555713787
2023-11-23,0.0026759064593113724,0.001402149867241853
2023-11-24,-0.0005569667206272166,-0.0005480333542063898
2023-11-28,-0.006999716268205725,0.0014511395406815453
2023-11-29,-0.001682582654941478,0.01013516340607934
2023-11-30,0.006786259431858399,4.565109644971699e-06
2023-12-01,0.016102576697862858,0.010731608633915313
2023-12-04,0.012770545004290312,0.016028188372269492
2023-12-05,-0.003654588711854534,0.006511333245676321
2023-12-06,0.012686864925305574,-0.0029493373866480432
2023-12-07,-0.0014138057136030557,0.00022366237899040797
2023-12-08,-0.0045788926333693025,0.0021976488234956015
2023-12-11,0.005168709807535921,-0.0002363119826197524
2023-12-12,-0.002758176788078659,-0.002016614387782445
2023-12-13,0.0037016827142395403,-0.0014753351435857764
2023-12-14,0.004959218229900975,0.007084302007472454
2023-12-15,0.010880878896654123,-0.0017031000284796205
2023-12-18,0.008465854698591624,-0.00046233957616281796
2023-12-19,-0.003632667013364288,0.004373687964731143
2023-12-20,-0.03806110295430287,-0.011357792987467752
2023-12-21,0.021790697685161398,0.0019602627004426942
2023-12-22,0.01636573990656598,0.00633950646392778
2023-12-26,0.019739528996599365,0.007037716132331839
2023-12-27,0.004006986694651049,0.006409916658373982
2023-12-28,-0.00036670166418029115,0.01123090407071059
2023-12-29,0.009179428546691515,0.011634018851113037
2024-01-01,0.015445802153762678,0.00681830335696354
2024-01-02,-0.00022555819193770255,0.0021898591906546194
2024-01-03,0.00954732600572994,-0.004794006567221065
2024-01-04,0.0045633196637999696,0.010028771800020486
2024-01-05,-0.007671557155995767,0.00044834407370486495
2024-01-08,-0.00023515449094646534,-0.010335242822332558
2024-01-09,0.0013557120276321832,0.0011980716581740936
2024-01-10,0.0029491143834117217,0.003675594103260904
2024-01-11,0.005488717937397247,0.013842138535858695
2024-01-12,-0.0030123379066836486,0.0020409263414564727
2024-01-15,0.016313569121718885,0.01020531015764603
2024-01-16,-0.0008787911182673858,0.0023928191327950987
2024-01-17,0.004666029863076737,-0.008813201754564126
2024-01-18,-0.007977124372377853,-0.0017408334454862562
2024-01-19,0.027697398639364268,0.0058135149843721035
2024-01-23,-0.029744991845990887,-0.001343588177308619
2024-01-24,0.031013710879080003,-0.0020683370996430472
2024-01-25,0.008310899876554867,-0.004262533706232863
2024-01-29,0.0023473066512158525,0.02000932045360737
2024-01-30,0.004768398570238697,-0.00869948234818485
2024-01-31,0.006007557877205194,0.012335641196563607
2024-02-01,-0.015249584732780042,0.009925474636743647
2024-02-02,0.004509590430249011,0.002818612835053358
2024-02-05,-0.01532912825189836,0.0006097421209210196
2024-02-06,0.009405896104142997,0.009358228385391465
2024-02-07,0.002729657712690292,-0.0005637731396609391
2024-02-08,0.003063632165418495,-0.013336239691413954
2024-02-09,-0.025111692504911076,-0.004661871982060584
2024-02-12,-0.05392738885239445,-0.011761063032100783
2024-02-13,0.011500519605839532,-0.0038525825807146363
2024-02-14,0.014873615742253099,0.0005834103224982012
2024-02-15,0.02504645848435172,-0.00039672302578530605
2024-02-16,-0.009415331436539498,0.008669096382834862
2024-02-19,0.004795505418019319,0.007893173403503262
2024-02-20,-0.005679128218686769,0.004482588049116609
2024-02-21,-0.01885572149215331,-0.0018792957202773408
2024-02-22,-0.0006701769340944352,0.0049831811624969635
2024-02-23,0.004230943617873573,-0.001872019799378677
2024-02-26,-0.004225825031738073,-0.004609902800540855
2024-02-27,-0.0045619979111072295,0.005631420034760248
2024-02-28,-0.02653104271444351,-0.013099139647941405
2024-02-29,0.010858373711061686,0.001693492576363198
2024-03-01,0.005616375967354648,0.0006605137730264499
2024-03-04,0.014163596456838956,-0.0056635458898894875
2024-03-05,-0.006043032558183059,0.009830367302623877
2024-03-06,-0.008304808639139516,0.0044426397572581156
2024-03-07,0.007593166188855749,0.0006162406261212006
2024-03-11,-0.009767666091494043,-0.004407179343083101
2024-03-12,-0.030285087613428185,-0.006803690485048919
2024-03-13,-0.08636037980507227,-0.018785454633006515
2024-03-14,0.07317347358489146,0.00862078050784798
2024-03-15,0.001812969818447474,-0.0063967403844515935
2024-03-18,-0.013052147247271662,0.0033958210183664406
2024-03-19,-0.0202402806861659,-0.004807176571647531
2024-03-20,-0.005216831324915461,0.0034491039169999294
2024-03-21,0.04450501071114554,0.006170784205069779
2024-03-22,0.006512812981641858,0.003991566601753371
2024-03-26,0.00032343169493542767,-0.0038509235677173237
2024-03-27,0.0030467756680536695,-0.008295788605429455
2024-03-28,0.009717190173357482,0.002800142326326638
2024-04-01,0.03881351753069762,0.012868848940032818
2024-04-02,0.02112892706990377,0.006041073451670709
2024-04-03,0.026989818808508703,0.006210322019778891
2024-04-04,-0.0015437586486031218,-0.009128411927177948
2024-04-05,0.005617362588178798,0.001467338766911741
2024-04-08,-0.008118935526047588,0.002356377767659401
2024-04-09,-0.015795973006000885,-0.006346635717053739
2024-04-10,0.00850106346155921,0.007974825037804001
2024-04-12,-0.01002751828300319,-0.0029237898300000786
2024-04-15,-0.02811923943758199,-0.0167550960144206
2024-04-16,0.016672607269059947,-0.0007470113500511744
2024-04-18,-0.007599612625544316,-0.008506959058634744
2024-04-19,-0.006215002768286904,0.0006384124448692852
2024-04-22,0.03299701293914481,0.009773014322104201
2024-04-23,0.06097828445306708,0.002770985741192389
2024-04-24,0.006008403147604646,0.006657826625381835
2024-04-25,0.011700261383871702,0.00024270165792317222
2024-04-26,0.01332108891229633,-0.001799828717457097
2024-04-29,-0.008056019717590068,0.0035718818137628894
2024-04-30,0.004923062246899201,0.0003073679350005243
2024-05-02,0.02281161160379286,0.006069888869303153
2024-05-03,-0.00221313971417314,-0.004066157513972546
2024-05-06,-0.03049752269520445,0.014898168694948088
2024-05-07,-0.033370205920833285,0.012618585650892689
2024-05-08,0.030276142772566184,-0.0006805317441858083
2024-05-09,-0.034485825894781774,-0.017481345003250937
2024-05-10,0.0011032905901133816,0.004815472942198085
2024-05-13,-0.01871076764041435,0.0037652490191011356
2024-05-14,0.04754632021233651,0.008259699217448624
2024-05-15,0.007814342919155726,-0.007551914726516729
2024-05-16,0.007134970794159479,0.004709468165169817
2024-05-17,0.022684973916957896,0.005773929043068726
2024-05-21,0.052621983915721815,-0.0019754846039603535
2024-05-22,-0.01088790033306175,0.007418646677515461
2024-05-23,0.032027476788649034,0.007429408667698034
2024-05-24,0.005494410714892428,-0.0035809969125786267
2024-05-27,0.024892806327351913,0.0020167899027991876
2024-05-28,-0.06810340909122803,0.0017410454916859663
2024-05-29,-0.001229573030648634,-0.010800472616397716
2024-05-30,-0.029231756065792647,-0.005745016317311724
2024-05-31,0.02370707348082335,0.0010449102107639163
2024-06-03,0.030920186488587742,0.010332697525236023
2024-06-04,-0.11431562283214569,-0.02634356333369614
2024-06-05,-0.005428938570711583,0.03258809268053087
2024-06-06,0.06109806990107014,0.01180113045156106
2024-06-07,0.02780475496073942,0.009061888698329357
2024-06-10,-0.01144634816452239,0.010524320413605182
2024-06-11,0.021521754585724473,-0.0003521051791111063
2024-06-12,0.003998127705651999,-0.0036608133498047257
2024-06-13,0.017510100387254646,-0.0007848480722324469
2024-06-14,0.022856226469427643,-0.002247462937451039
2024-06-18,0.011217132487689518,0.0034096326079164907
2024-06-19,-0.01851067539954765,-0.006062315842239485
2024-06-20,-0.004267521901537119,0.003478704263617294
2024-06-21,-0.007179873256871305,-0.0012690322561877965
2024-06-24,-0.008811372626755132,0.026051609242628837
2024-06-25,0.0019161917874817025,-0.0016264088533292087
2024-06-26,0.0003855233115115375,0.0004558576392945657
2024-06-27,0.00225382624057735,0.0037370607799063205
2024-06-28,-0.00484872707747197,0.006578720824476747
2024-07-01,-0.0014542729857973669,0.008021604092469659
2024-07-02,0.003033186578311975,-0.00048389258351044795
2024-07-03,0.028189576319587628,0.00841490504228104
2024-07-04,0.0420825727625147,0.014627073197791995
2024-07-05,0.01578854677193653,-0.00044733000449581617
2024-07-08,0.01102522006015616,0.003540724753038793
2024-07-09,-0.002517070526595,0.0003251649303532833
2024-07-10,-0.008654712115238494,0.0037217544960870264
2024-07-11,0.023501016833327615,-0.0010378799373619296
2024-07-12,-0.012095573508678292,0.015093092270020314
2024-07-15,-0.009945497558050187,0.0008995333486041535
2024-07-16,-0.0077775412563093616,0.004457004833567257
2024-07-18,-0.040208662303077625,0.010814791806033508
2024-07-19,-0.034557631334289796,-0.0076561427597100495
2024-07-22,0.03258078755804883,0.012332801633396784
2024-07-23,-0.021784450082328988,-0.0002791839440291488
2024-07-24,0.005438981906533469,-0.006655731583164015
2024-07-25,-0.008494916942138775,0.0015107662695630353
2024-07-26,0.0022935254465392685,0.010975503518720231
2024-07-29,0.030480629683272253,0.00714682142240286
2024-07-30,0.003494157087963634,-0.003330010953454088
2024-07-31,-0.007028824647202447,0.006903834488456662
2024-08-01,-0.012528298527739068,0.008273860896334195
2024-08-02,-0.018988741826054145,-0.009360404028201375
2024-08-05,-0.04374078471195453,-0.021013816236361005
2024-08-06,-0.020104389777786724,-0.0018188416341504698
2024-08-07,0.03614271579119577,0.014648114041996063
2024-08-08,-0.011397457616538098,-0.005745463046040955
2024-08-09,0.035457511031806055,0.0055546664901438
2024-08-12,-0.0016830783923036385,-0.0072393466148342744
2024-08-13,-0.01465407767579574,-1.8242238119525744e-05
2024-08-14,-0.007567846239670661,0.004705661027924579
2024-08-16,0.025201615907371355,0.013683963055745041
2024-08-19,0.006418202922176652,-1.1132073914787988e-05
2024-08-20,-0.009469576840074767,0.003420153104879642
2024-08-21,-0.0008045703800547699,0.006198649787301447
2024-08-22,0.004137670013451444,0.0010963781001605
2024-08-23,-0.005108500607003297,0.0047780184412649085
2024-08-26,0.0035425975951242084,0.016251119638825307
2024-08-27,-0.0006576368186923531,0.012708378987196456
2024-08-28,0.011145364554828507,0.0026130762982046196
2024-08-29,-0.011076934494167912,0.0074211631664287125
2024-08-30,-0.009484417233931008,0.005349845972482115
2024-09-02,-0.006473043565498271,0.0069249113377443106
2024-09-03,0.003666028559697443,0.0004115708585434863
2024-09-04,0.004245695042970565,0.000986146491505746
2024-09-05,-0.020696488281605308,-0.007558247973301513
2024-09-06,-0.022772755055817884,-0.0049247094850833895
2024-09-09,-0.010895936777999937,0.007379865971107957
2024-09-10,0.004814426428640939,0.006866778610015611
2024-09-11,-0.018771998159813785,0.006558005002756717
2024-09-12,0.005344709260260316,0.012605447019482963
2024-09-13,0.004229411077818046,-0.0015198755648792028
2024-09-16,-0.002125266876177867,-0.0037201426244536373
2024-09-17,-0.0023316156053742043,0.0019993855928432946
2024-09-18,-0.015827605193654004,-0.0067585513498605865
2024-09-19,-0.02393347425582093,0.0010218055979802632
2024-09-20,0.030940450801797192,0.011394160296929412
2024-09-23,0.0029483358495778766,0.004510822772625156
2024-09-24,-0.004483276093230626,-0.006399502107785726
2024-09-25,-0.008229204979546267,0.0006803493200466804
2024-09-26,-0.008856743547977941,0.006037353457685635
2024-09-27,0.02041197369887926,0.008453650848335492
2024-09-30,0.0006052398879423659,-0.00452786706786068
2024-10-01,-0.007397567641706293,0.007668717693594562
2024-10-03,-0.03520275906531389,-0.012340541002492045
2024-10-04,0.0006382669720879086,-0.01412935404846527
2024-10-07,-0.027364032780135883,-0.0075452902463463145
2024-10-08,0.04172846994456725,0.005334453728492505
2024-10-09,0.010158012481840117,-0.0026260329516217817
2024-10-10,0.012115984276689806,-0.012564665647574857
2024-10-11,-0.001136226206596147,0.0017577648513387167
2024-10-14,-0.009254101048649543,-0.005629456456843096
2024-10-15,-0.0005247556842944423,-0.0019692796277991365
2024-10-16,-0.023524426579091373,-0.0010851248153984638
2024-10-17,-0.008653609067527435,-0.016223634641924667
2024-10-18,0.007040369456230655,-0.0009273929347872745
2024-10-21,-0.013399593452424585,-0.007879150074294738
2024-10-22,-0.04749456786229589,-0.006247478532020234
2024-10-23,0.004647449337797482,-0.004582596841970821
2024-10-24,-0.0009550321976423692,-0.010769919536402717
2024-10-25,-0.032202175895559515,-0.0013439769858454298
2024-10-28,0.01267516738916119,0.010886601396343343
2024-10-29,0.005431825935811707,-0.004482964415708168
2024-10-30,0.01944434785451632,-0.0010127037920915072
2024-10-31,0.010107104631555286,-0.010104617814058359
2024-11-01,0.017511549279684013,0.0025184238482223176
2024-11-04,-0.003971772395043427,-0.010498194341860279
2024-11-05,0.0021225293811781842,-0.001491192878786185
2024-11-06,0.027865982743489504,0.012938333454878048
2024-11-07,-0.010045922445676148,-0.0070915674087446146
2024-11-08,-0.022365819359016936,-0.0003655827228324915
2024-11-11,-0.004066838216994495,-0.0016830059757064753
2024-11-12,-0.025630066137014462,-0.004168861055407036
2024-11-13,-0.023632677427722237,-0.008233438778688318
2024-11-14,-0.002317714978872565,-0.004851925645221411
2024-11-18,-0.023245200966818702,-0.003929104879953682
2024-11-19,0.021466556023776784,0.0022570785945790206
2024-11-21,-0.010750540778650564,-0.006224897336929325
2024-11-22,0.020207071492906126,0.02338518390200628
2024-11-25,0.03299592751442981,0.008476384086874011
2024-11-26,-0.0012421310245486206,-0.004970571696436776
2024-11-27,0.015553932217816646,-0.0004384550427021239
2024-11-28,0.005257669730384107,-0.008338762292945612
2024-11-29,0.003936203986138143,0.013481981259907405
2024-12-02,0.009212291098141367,0.01265588437281484
2024-12-03,0.006851978358559219,0.005059751795254641
2024-12-04,0.003926127207962704,-0.0011409637473885903
2024-12-05,-0.0020991027893805247,0.008838924880852916
2024-12-06,0.004774840262520508,-0.004926807650529774
2024-12-09,0.0004321274983074552,-0.008634502219459494
2024-12-10,-0.01187816354203075,-0.0019991198944827593
2024-12-11,0.012011006783930078,0.0016551904039328047
2024-12-12,-0.007480059431841823,-0.004973144206396052
2024-12-13,-0.004127250861380771,0.009887632493643217
2024-12-16,0.014128046204162192,-0.006744899915436364
2024-12-17,-0.00556822711696392,-0.013821849362745442
2024-12-18,-0.017068991327365612,0.004615897780733791
2024-12-19,0.0010406040996580046,-0.006360330528760394
2024-12-20,-0.025062950157011876,-0.012799055736532838
2024-12-23,0.000540802446980182,0.01684564784397291
2024-12-24,0.004251453276646444,0.005427269130513723
2024-12-26,-0.005194924360286346,0.0002930018305242754
2024-12-27,0.0066793559076046005,0.003391526729652261
2024-12-30,0.005336893640361051,0.003070865970674186
2024-12-31,0.006922314817058739,0.0024145807938826813
2025-01-01,0.011243255579831857,0.00013890301822860884
2025-01-02,0.011947624058116224,0.006619196653949055
2025-01-03,0.003486717229466141,-0.0026030103415192185
2025-01-06,-0.040824211462350934,-0.017608398080518173
2025-01-07,-0.0009040197965071162,0.005479667949386924
2025-01-08,-0.02824827812887354,0.0029116077935873452
2025-01-09,-0.020359787995612,0.0007514475485066452
2025-01-10,-0.029038466815715314,-0.008449145967275418
2025-01-13,-0.07057885084356419,-0.01095508176677662
2025-01-14,0.01693050722749745,-0.0006621787530587397
2025-01-15,0.021148252679407564,0.00014421330158431722
2025-01-16,0.005346174567019579,-3.6645021820991275e-05
2025-01-17,0.0065985023296391,0.011951478416439842
2025-01-20,-0.005542281684224881,0.0013569981019125876
2025-01-21,-0.05903408760818685,-0.017408853952206038
2025-01-22,-0.029825221405697988,0.004741538117280619
2025-01-23,0.03749117585974515,0.0056092440355570705
2025-01-24,-0.013449112713875389,-0.00464529265773006
2025-01-27,-0.03666144401100513,-0.015052713198303924
2025-01-28,-0.02704454900730968,-0.00428006196097197
2025-01-29,0.048276936707069895,0.005195036091826255
2025-01-30,-0.03876109555483609,0.009743889169162356
2025-01-31,0.029115260034025425,0.013829426686816637
2025-02-01,0.017950638774121508,0.00356357916102068
2025-02-03,-0.013131695493232565,-0.004893140423031794
2025-02-04,0.004632987368468955,0.009437650033008671
2025-02-05,0.01174385513940246,-0.005374494807134145
2025-02-06,-0.002942637808798665,-0.0005541575799787868
2025-02-07,0.004820239170808538,-9.49955340309172e-05
2025-02-10,-0.028251559229407364,-0.00898945231105186
2025-02-11,-0.0384312495349739,-0.016580813883909418
2025-02-12,0.00249945668966145,0.00015529515907952707
2025-02-13,-0.008038429907698319,0.00434165325892355
2025-02-14,-0.03936273552159497,-0.007442179561212625
2025-02-17,0.001454980023976482,0.009074536330511584
2025-02-18,-0.025450325391382256,-0.00517116919336269
2025-02-19,0.042248258852505716,-0.0018994374078260545
2025-02-20,0.022955490220182284,-0.0037192398373135926
2025-02-21,-0.00696556841102125,-0.0018304293824175089
2025-02-24,-0.010563613699693275,-0.0059677208876762755
2025-02-25,-0.013515823710449237,-0.0016856057693948046
2025-02-27,-0.03494887824988957,-0.002913971376791169
2025-02-28,-0.01921985906833934,-0.013291576449406928
2025-03-03,0.0012305359087525503,-0.006017949078468643
2025-03-04,0.004565790078218335,0.0007740878841338006
2025-03-05,0.018055882099336618,0.012887602573623314
2025-03-06,0.011455078827666165,0.010849319690432013
2025-03-07,0.004231486025534581,0.005701881049127611
2025-03-10,-0.03083590468074604,0.002518769362536144
2025-03-11,0.01042414585820306,0.002436620659844957
2025-03-12,0.006922827154196787,0.006239802126819294
2025-03-13,-0.009354352825646228,0.002670773481571631
2025-03-17,0.004120195363820134,0.0015731356240775707
2025-03-18,0.0,4.2739284711323933e-07
2025-03-19,0.07544259846124213,0.012164446055081601
2025-03-20,0.010216068700684477,0.016578949467355164
2025-03-21,0.02333420383823226,0.003369652547043467
2025-03-24,0.005449961354605293,0.011654559903172101
2025-03-25,-0.018047017447968217,-0.004510594801467538
2025-03-26,-0.016698201264655932,-0.0033493420452844758
2025-03-27,0.015061480614257272,0.010368684572023446
2025-03-28,0.013201167851170315,-0.0014196778312347558
2025-04-01,-0.002324750738761705,-0.01002081856330772
2025-04-02,0.027808221849837,0.007174714941108995
2025-04-03,-0.0004112718253391767,0.003929523325285622
2025-04-04,-0.029116705097149254,-0.016993143373189024
2025-04-07,-0.02862470021924579,-0.01862051913632845
2025-04-08,0.039519723851172195,0.02136417200583085
2025-04-09,-0.004258280393739544,0.0018847354058526555
2025-04-11,0.05088630563832863,0.013737678970586531
2025-04-15,0.03755564258428046,0.01759903386702466
2025-04-16,0.00633172554850181,0.006841871648795239
2025-04-17,0.004391059793570351,0.01464495599625204
2025-04-21,0.025599351155007888,0.0008411303283928362
2025-04-22,0.0067385250586797785,0.0066991786552039745
2025-04-23,0.008560350940685746,0.007177004701826917
2025-04-24,0.013464674683898892,-0.0021284334943887373
2025-04-25,-0.023388650825457824,-0.004358252765013337
2025-04-28,0.011188796135803925,0.0078015597488252375
2025-04-29,-0.0024724235821743656,0.0031590268737713423
2025-04-30,-0.023474095568660425,0.002937356081838427
2025-05-02,0.008634002835401944,-0.009430415854402074
2025-05-05,0.008249866658587068,0.0044147290134650685
2025-05-06,-0.026159399604324673,0.0007265963436704492
2025-05-07,0.028830365590931217,-0.002665770847466553
2025-05-08,-0.016972907640928403,-0.003224924895499859
2025-05-09,-0.006831301550467961,-0.006725177445204511
2025-05-12,0.045205271844691364,0.029984779214528023
2025-05-13,0.014333262534681923,-0.009715544679073873
2025-05-14,0.0075909153047533096,0.004810360580261186
2025-05-15,0.0033271752443873037,0.010942274549901043
2025-05-16,0.0031071829246520632,0.003092146434974463
2025-05-19,0.019825583448648043,-0.0005088818504521697
2025-05-20,-0.017739548571948816,0.00559191980375795
2025-05-21,-0.0036801021537470335,0.006670908908361195
2025-05-22,-0.00951119932911082,-0.0022028709145514025
2025-05-23,0.002549871933262615,0.007232580119621135
2025-05-26,0.009954683342788817,0.008147706335881022
2025-05-27,-0.0031581757740114513,-0.006710690430249189
2025-05-28,0.005454037068976625,-0.009082347477373576
2025-05-29,0.004460149232697663,0.0006767001273377815
2025-05-30,0.03306865874218956,-0.00713757321049624
2025-06-02,-0.003932612332402052,0.003971651964048917
2025-06-03,0.019623106221828168,-0.006637795331914886
2025-06-04,0.01003689479700487,0.0009310308930010613
2025-06-05,0.007848584157742922,0.010065625017842361
2025-06-06,0.00048037730410199764,0.008862887141919185
2025-06-09,0.0005088921782721023,0.001119958875592575
2025-06-10,0.002380347721695264,0.0009329576897925129
2025-06-11,0.024062972823714723,-0.0012061941889454086
2025-06-12,-0.027646482053398036,-0.003969164592145136
2025-06-13,0.0022178334624489704,-0.0025306322150837612
2025-06-16,0.0033332818535973807,0.004261328476250048
2025-06-17,-0.016650194181138778,-0.006168223187702937
2025-06-18,-0.0002789785979627757,-0.0057321716834756176
2025-06-19,-0.021831500192941,0.0019681307357697353
2025-06-20,0.00951599302070405,0.0036808980849187822
2025-06-23,0.010433208562828922,-0.005726262572570251
2025-06-24,0.00906370972015691,0.003263995580417456
2025-06-25,0.006586834109553186,0.00829001052001832
2025-06-26,0.005017507215500094,0.007763611258947645
2025-06-27,0.0031292142025116654,0.00941786508542597
2025-06-30,0.023634158705209574,-0.005983216368126709
2025-07-01,-0.0011633382515942037,0.002844466492545328
2025-07-02,-0.002095567736717041,0.0027543279552231237
2025-07-03,0.009760240078181992,0.003339307050530982
2025-07-04,-0.011808776788389208,0.002747023923651115
2025-07-07,-0.014013096142492132,0.005984112575909473
2025-07-08,-0.022503252213164182,0.0003361813119693302
2025-07-09,0.013742710344954778,0.004189906699385126
2025-07-10,0.002096806855115485,-0.00613237941844913
2025-07-11,-0.004616669906542525,-0.0033970983582096714
2025-07-14,0.027021474751855568,-0.002074611130944315
2025-07-15,0.014070753316891116,0.006043848810372676
2025-07-16,0.0067508039647701246,-0.00041419488041216646
2025-07-17,-0.005923433530536482,-0.002677896588498929
2025-07-18,-0.00014029433372297895,-0.005868261837826405
2025-07-21,0.0015286475472973127,-0.001465225517841895
2025-07-22,0.008618405139994234,0.002545813008179687
2025-07-23,0.0031144203423669747,0.00028961112035896797
2025-07-24,-0.0006149321240344063,-0.0047325165530826
2025-07-25,-0.023286807181804425,-0.006109350542004011
2025-07-28,-0.0015639510873119988,-0.00011234692160255744
2025-07-29,0.008896999609645961,0.007014758544630295
2025-07-30,0.0030610969618030115,0.008624265826918442
2025-07-31,-0.012302687324093342,-0.009598560218802454
2025-08-01,-0.02417940895673354,-0.01574252519748276
2025-08-04,0.010904483049249292,0.005790180157553504
2025-08-05,0.007599020638557219,-0.0007647360138934856
2025-08-06,0.014400955401720594,-0.01094137898763703
2025-08-07,-0.012913462898444528,0.0047273834367704826
2025-08-08,-0.014950578750407395,-0.006763734025175827
2025-08-11,0.010112481648275828,0.009483818383756004
2025-08-12,-0.0005424418367326878,-0.0056135917884982955
2025-08-13,0.015119530544834614,0.005554331258455392
2025-08-14,0.0023101789427208974,0.001013141666171169
2025-08-18,0.00019945644508267968,0.005508972225470643
2025-08-19,0.01301819871431098,0.0018650700594744496
2025-08-20,0.014725155435231674,0.003098604463005916
2025-08-21,-0.004294471113615361,0.0008822183186554255
2025-08-22,-0.0019782869454026963,-0.00583190350969931
2025-08-25,-0.009548118344569367,0.011446993921377713
2025-08-26,-0.019597237404213486,-0.007440977548975214
2025-08-28,-0.012401485992494687,-0.008329342996103328
2025-08-29,-0.015039750323552425,-0.0018881730953380638
2025-09-01,0.012405464966788848,0.005481832750893201
2025-09-02,0.004630851812430503,0.0072176492273057224
2025-09-03,0.020058993084205223,0.0012205824757409722
2025-09-04,-0.012281227065530365,5.314344576845542e-06
2025-09-05,0.007499034507972402,-0.0008437395476548204
2025-09-08,-0.0029520709613474194,0.0012321682373395149
2025-09-09,0.00750189635869547,0.0019512561854040378
2025-09-10,0.0040757731834817346,0.004129339660785103
2025-09-11,-0.017363933654179986,0.005159966246003345
2025-09-12,0.0036574405311899927,0.0034145660767255226
2025-09-15,0.008709597558171467,-0.00024126407409730266
2025-09-16,0.00564446956401099,0.010334160737504261
2025-09-17,0.0077751077133199065,0.006047257139100148
2025-09-18,-0.009495531175033767,0.0003562236881176073
2025-09-19,-0.003248249178153473,-0.0003524459024587534
2025-09-22,-0.013195003572428421,-0.004071803679111308
2025-09-23,-0.005155953704730654,0.005061450835616821
2025-09-24,-0.006473220436336913,-0.002842542588923913
2025-09-25,-0.010882146433688233,-0.008260640212650716
2025-09-26,-0.02704010867369333,-0.010221999588319708
2025-09-29,0.024613332590291304,0.0014482066832086637
2025-09-30,-0.012036304201614612,0.0066911877239927975
2025-10-01,0.007887156952582464,0.0012537501495635262
2025-10-03,0.018058855353793923,0.006520881276601775
2025-10-06,0.007807877393432472,0.004000282111396913
2025-10-07,0.0013976393201848847,-0.0042355763394161805
2025-10-08,-0.004935215556594041,-0.010284715139901923
2025-10-09,0.010200314340411243,0.004071132578773229
2025-10-10,0.004633307566513922,0.012488663768771557
2025-10-13,-0.004817622413033296,-0.0024475071560344785
2025-10-14,-0.008367669655165999,-0.009986292229738125
2025-10-15,0.0039707955978594,0.008978346583883301
2025-10-16,0.0006497757027390527,0.007722068210396005
2025-10-17,-0.003142932990525371,-0.0008586866803209636
2025-10-20,-0.0007781531437784928,0.011513870421265615
2025-10-23,-0.01962576913287517,0.007985643904138806
2025-10-24,-0.0041460305327822855,-0.008876191091938823
2025-10-27,-0.0012902643307203254,0.009986964679395083
2025-10-28,-0.0025259306451024255,-0.000258076240784777
2025-10-29,0.0057998169304596114,0.007548197715264049
2025-10-30,-0.0052339712066356014,-0.010987540335227752
2025-10-31,-0.005662466782381359,-0.0055205661648050075
2025-11-03,0.018147754310302577,0.005052742854104508
2025-11-04,-0.013870283591183141,-0.007787842774242271
2025-11-06,-0.013146988215101962,-0.008550190467498053
2025-11-07,0.018183276728475528,-0.0036605835034838607
2025-11-10,0.0021231670772574596,0.007821914892800041
2025-11-11,-0.002626492629645205,0.004912816400256759
2025-11-12,-0.0015583581530304036,-8.9459669206704e-05
2025-11-13,-0.007103899152839932,0.0024568423248625404
2025-11-14,0.0028200368030046885,0.004682770773017708
2025-11-17,0.0020712268291405156,0.004186509151042239
2025-11-18,-0.013892045371425188,-0.0014687451980646138
2025-11-19,-0.012861205289174227,-0.0023000229216699752
2025-11-20,-0.00345111603599102,0.0030678521074554155
2025-11-21,-0.023842600603963593,-0.00868171237336679
2025-11-24,-0.0007484967595405845,0.0013515134482340319
2025-11-25,-0.003002922616884507,-0.002908942509249446
2025-11-27,0.015062735154338425,0.011099036489403247
2025-11-28,-0.005263763235391572,-0.0020878160011158498
2025-12-01,-0.00785676748160058,-0.001045408532564851
2025-12-02,-0.007712542825811908,-0.0028743809383958707
2025-12-03,-0.0028792579633670767,-0.008668509608111274
2025-12-04,-0.011778990170543735,0.0007863532163883136
2025-12-05,0.0024120042942250564,-0.002576235999324883
2025-12-08,-0.01760535999807966,-0.010875300274032829
2025-12-09,0.016335143148069164,0.0002230420534763411
2025-12-10,0.00023843327562977912,-0.001363357135295007
2025-12-11,0.012270749029287709,0.0034812226695328796
2025-12-12,0.015647728385918214,0.004516038698052061
2025-12-15,0.006956266337770467,0.002362882954464407
2025-12-16,0.0025195171891212453,-0.004852653515144079
2025-12-17,-0.015597950945313133,-0.004791403868175115
2025-12-18,-0.004091135485310815,-0.0035370350379662074
2025-12-19,0.02546934593638328,0.006448356491640883
2025-12-22,0.012863817802676758,0.003561656473852537
2025-12-23,0.005794637299322503,-0.0005187448629134783
2025-12-24,0.01025778526929022,-0.0010886673750157838
2025-12-26,-0.0041899459564002095,-0.0019651683318481217
2025-12-29,0.0005468731888027545,-0.003106020996111014
2025-12-30,0.007366969728589634,-0.0018106706405945916
2025-12-31,0.008550389875780384,0.010618111475494407
2026-01-01,0.0007714199866935001,-0.01048776457959777
2026-01-02,-0.006071483622767548,0.008631894204797819
2026-01-05,0.009300021587061558,-0.001936897396728532
2026-01-06,0.005513929489946889,0.012589837887867494
2026-01-07,0.00950116554287428,0.0011961933491966281
2026-01-08,-0.026232832094463476,-0.022566983000860907
2026-01-09,-0.02438343453781766,-0.001988143819088184
2026-01-12,-0.003024519428597716,0.003599951487512021
2026-01-13,0.011906391477273015,0.001636169967633716
2026-01-14,0.020723701649753457,-8.569200534291888e-05
2026-01-16,-0.020826390481036405,-0.0019755583828522383
2026-01-19,-0.008200157449989587,-0.004972272179555648
2026-01-20,-0.023278094264561955,-0.01757824786945894
2026-01-21,-0.017916053318442593,-0.0022886303675605513
2026-01-22,0.009098892583949691,0.013919798901613767
2026-01-23,-0.00749588338159779,-0.00958158004112819
2026-01-27,-0.002034195283088236,0.010004493345662224
2026-01-28,0.018059502149143425,0.019509017893003078
2026-01-29,0.02233927820792392,-0.0007096304203709769
2026-01-30,-0.013734599984822626,0.0006168587773713874
2026-02-02,-0.000807634483381281,-0.024062012660615584
2026-02-03,0.028684022000477816,0.01449814499050528
2026-02-04,0.01851312223274726,0.01000415863488402
2026-02-05,-0.00881106415697852,-0.0026061868216429307
2026-02-06,-0.0008011400111971323,-0.005296830093674876
2026-02-09,0.023079279948165166,0.026111152058510445
2026-02-10,-0.010175462113932499,0.00020500456650585086
2026-02-11,0.002279081511917358,0.014979957957760304
2026-02-12,0.0036030717316677396,-0.003026630119242313
2026-02-13,-0.03602205915945711,-0.011404819894140772
2026-02-16,0.0074245621570401266,0.004939014146410736
2026-02-18,0.016996843878533063,0.011287478180018296
2026-02-19,-0.020965062536526524,-0.017502417178847818
2026-02-20,0.0069902319665320345,0.0034161231453571084
2026-02-23,0.0028338787580819425,0.011215771258575202
2026-02-24,0.004469000741586404,-0.0028786655889146973
2026-02-25,0.029109315549783465,0.002120145401065754
2026-02-26,0.003399620366873357,0.0022967892027387915
2026-02-27,-0.022687691615647876,-0.014740663036039825
2026-03-02,-0.003245209608427224,-0.0044216999428403625
2026-03-04,-0.027317338136852443,-0.016397724750449538
2026-03-05,0.02292676603336985,0.004865863343041621
2026-03-06,0.001976901988841373,-0.004936819506531576
2026-03-09,-0.02869631011405227,-0.018214127160707028
2026-03-10,0.0248949201878228,0.012357973847260784
2026-03-11,-0.014783182133600414,-0.008280715734607424
2026-03-12,-0.004076776017281958,-0.009973644269281934
2026-03-13,-0.03775615880761718,-0.01836721316000456
2026-03-16,-0.008479267258927892,0.00600394382549907
2026-03-17,0.022712064992514547,0.0016278559330089593
2026-03-18,0.01938343516864549,0.004001507887144484
2026-03-19,-0.03819999443485067,-0.028002867845077883
2026-03-23,-0.054058609391185564,-0.02603059459545365
2026-03-24,0.014471408700423849,0.013664736571959768
2026-03-25,0.03622390456027391,0.018131219769199847
2026-03-27,-0.011923437501131673,-0.007999427802552916
2026-04-01,0.005530856195381295,-0.008538661456596541
2026-04-02,-0.005045377081545732,0.006726198922692106
2026-04-06,0.01561992492731945,0.007679171448756517
2026-04-07,-0.005514095133949182,0.0048023309209686005
2026-04-08,0.04344875158478989,0.010295461820368113
2026-04-09,0.006666188006638762,0.008999901968472113
2026-04-10,0.02384886479496151,0.0056252507530683005
2026-04-13,-0.008998599988352618,-0.005225166245229729
2026-04-15,0.022679856743572202,0.010166023127462953
2026-04-16,-0.00036912048414872167,-0.006550278536015086
2026-04-17,0.01389582049512561,0.019039922154496347
2026-04-20,-0.007233900473793353,-0.0013072288246505082
2026-04-21,0.004212578883101115,0.01552756145839096
2026-04-22,0.007205281948879705,0.0022776517576998945
2026-04-23,-0.005713200374124816,0.005987053519459273
2026-04-24,-0.01464962449329632,-0.005655605551656562
2026-04-27,0.006521753671562713,0.005579853888513009
2026-04-28,-0.004875038158248857,-0.00362348897905318
2026-04-29,0.0023123335321801886,0.004549882495702429
2026-04-30,-0.021421665504070986,-0.008795987910635295
2026-05-04,0.009447225189280761,0.011563615799616844
2026-05-05,0.014554661996617702,0.0015873601630143064
2026-05-06,0.010143205311186287,0.005576777766351126
2026-05-07,0.011765577251689141,0.007534881977498076
2026-05-08,-0.007812548272391973,0.007229272675419285
2026-05-11,-0.01684503949015903,0.012477135532996675
2026-05-12,-0.018266643612298128,-0.01761709415889834
2026-05-13,0.013020611052644737,-0.0060997424340939466
2026-05-14,0.010760912374391474,0.004487472057354669
2026-05-15,-0.015367804276446018,0.0017929233116094068
2026-05-18,-0.008792632553750512,-0.005699642667278626
2026-05-19,-0.0012546519594743843,0.002322116065142099
2026-05-20,0.00924224173889332,0.0036560828473819473
2026-05-21,0.00992076417278942,0.009314931675984406
2026-05-22,0.00024710446145115306,-0.011112997542135905
2026-05-25,0.000687810923302834,-0.0005234810765910591
2026-05-26,0.019434212785258698,-0.004749989342300198
2026-05-27,0.014923577897264284,-0.00015085095437561424
2026-05-29,-0.01709872042550975,-0.015629593223790206
2026-06-01,-0.0034325441345075536,-0.011078547330306332
2026-06-02,0.007486074518718189,0.0010772448457447847
2026-06-03,0.010000399359997747,0.007174921963265302
2026-06-04,-0.0015910088117286891,-0.0034521267566277603
2026-06-05,-0.013021889740650439,0.0020910366243178657
2026-06-08,-0.03989150214093795,0.0026333294772633575
2026-06-09,0.01679464378018003,0.0016168014698352273
2026-06-10,-0.017637776217755974,3.472996260134309e-06
2026-06-11,-0.012510226771312749,-0.0036802520251328907
2026-06-12,0.021646951639314738,0.008095351653582217
2026-06-15,0.0011456043730038168,0.0005138540743196973
2026-06-16,-0.004886320363879815,0.001993364046007473
2026-06-17,0.013341382063452034,0.0012710735633860715
2026-06-18,0.0027332886943878254,0.013941337727960912
2026-06-19,0.021727222269926072,0.011028469463233215
2026-06-22,0.005272276153277966,-0.001063364718914217
2026-06-23,-0.013225569819457217,-0.0002525718994733639
2026-06-24,-0.01999698057027932,-0.0018930916921289231
2026-06-25,-0.01067617924839459,-0.0028321771124878437
2026-06-29,0.011942525959091954,0.01087143576381222
