,swing,lowvol,usd,qual
2017-09-18,0.0097392937876956,0.0091010998774112,0.006623576409395149,0.0052403308445627
2017-09-19,0.001139215235028,-0.0012936049086944,-0.0028966353348426344,0.0075125078065212
2017-09-20,-3.793753587444382e-05,-0.0025554252317518,-0.0076335693285490835,-0.0060827071203023
2017-09-21,-0.0010241573336715,-0.0063539676811695,-0.012493739589324093,-0.01042944789564
2017-09-22,-0.0056576779242097,-0.004232286347224,-0.031849349948795735,-0.0236412420777234
2017-09-25,-0.000878301571965,-0.0121577434611802,-0.0027273836711395605,-0.0258135080168865
2017-09-26,0.0006115300391258,-0.002713723220907,0.012719598397772813,0.0014214601497666
2017-09-27,-0.0030557692209917,-0.008847916957506,-0.029248935376525176,-0.0175157401950689
2017-09-28,-0.0014559498583276,0.0094298081013297,0.007944825889871332,-0.0053718669702474
2017-09-29,-0.0018033931038381,0.0068035931680605,0.00977511528345465,0.004550402839953
2017-10-03,-0.0057387857376305,0.0018605195905128,0.000483701455915142,0.0024717169472956
2017-10-04,0.0080948995506169,0.0022274663702885,0.000161944017881277,0.0101830778514542
2017-10-05,-0.0047573232557903,-0.0017979080659842,0.0077824414789398055,0.0010498461231962
2017-10-06,0.0085687722336973,0.0057012179928896,0.005383038156916875,0.0078875378048062
2017-10-09,-0.011486321228053,0.0013630908645443,0.004921470094993996,-0.0029097924830335
2017-10-10,-0.0056901384437577,0.0012474469075189,0.0058808974185970975,0.0063012840683001
2017-10-11,-0.0135731793702712,-0.0025860675965818,-0.01585743136667428,0.0001992461067932
2017-10-12,0.0028647886121651,0.0118100491808099,0.005959866753870058,0.0150886468023627
2017-10-13,0.0012640706733164,0.0084107505425929,0.0010470199536691815,-0.0045600371088126
2017-10-16,0.0163306690732802,0.0036566492249914,0.0008182801392155881,-0.0045221756484797
2017-10-17,-0.0066763626007411,0.0022055640019176,0.007026893762372977,-0.0004908572976446
2017-10-18,-0.0046968691182356,-0.0019987491292389,0.0045308440965659,0.002902825999572
2017-10-19,0.0036470881238368,-0.0036229003228636,-0.003164010206145651,-0.0014378029593428
2017-10-23,-0.0057187540359688,-0.0009463978968176,0.004708443184038735,-0.000549635035062
2017-10-24,0.0056464768886841,0.0001396470439161,0.010461994571264954,0.0058743397557523
2017-10-25,0.0035732446640261,-0.0173279376927961,-0.006498559380003099,0.0029647385038134
2017-10-26,0.0060505942545694,0.0013788942443668,0.0008989969099899575,0.0025148575676641
2017-10-27,-8.56221575321614e-05,0.0005576620456471,0.00868640580798763,-0.0050418829594961
2017-10-30,-0.0033572458131979,0.0056258813615774,0.0010064909672082845,0.0042660599913439
2017-10-31,-0.0045566425905585,-0.0011900022094832,-0.0025121245589333485,0.0019302797815488
2017-11-01,-7.811352503273028e-05,0.0077668981083063,0.041271081990653435,0.0030369019503875
2017-11-02,0.0091197006039176,-0.001398162403849,0.00821944907498362,0.000378758142018
2017-11-03,-0.0025836348315281,0.0001096945614669,0.003968609794471556,-8.097659648731437e-05
2017-11-06,-0.0029883267541866,0.0094059809179076,-0.0011475383483372514,-0.0038863987624102
2017-11-07,-0.0117388836437523,-0.0042446885428325,-0.008501757127430065,-0.0105219160329883
2017-11-08,0.0025480522137506,0.0002107469875316,-0.014247627532204099,-0.0061743876809234
2017-11-09,0.0082810180838746,-0.0020143968861422,-0.0026830847517765877,0.0012544141498875
2017-11-10,0.0116678011717685,-4.8234728585172526e-05,-0.006581302922205712,-0.0012662667043269
2017-11-13,-0.0020862689681862,-0.0033476496672081,-0.019080797655474213,-0.0101981712206374
2017-11-14,-0.0108249631978478,-0.0019105481868556,-0.0031250777734173063,-0.0006642559522166
2017-11-15,-0.0143279280919349,-0.0057816926336319,-0.02705995603893585,-0.0068266873908611
2017-11-16,0.0027665065950797,0.0067585059130168,0.024348397794966115,0.0019355482904936
2017-11-17,0.0042263045570729,0.0050791953491873,0.019859387540450246,0.0073530891602406
2017-11-20,0.0329256935652753,0.0037221414966246,0.02477084146207087,0.0004586452742292
2017-11-21,0.0099381018820738,-0.0010244880096881,0.010465635871820034,0.0002307377494172
2017-11-22,0.0056027785191905,0.0036479343862541,0.0038347731780545846,-0.005881576204847
2017-11-23,-0.0269900333343867,-0.0018161446339566,-0.0009506278376644195,0.0060055711018667
2017-11-24,0.0273161501257874,0.0033077489071795,0.00877586781527473,0.0004245786268939
2017-11-27,-0.0086817374577685,-0.0003315415728173,0.016421651297452433,-0.0023114947114967
2017-11-28,0.0042377523108276,0.0019501938208887,0.02002537368006707,-0.0016588825387102
2017-11-29,0.0076983429392116,0.0032403181182745,-0.003468305673814509,-0.0019594652166945
2017-11-30,0.004291393083144,-0.0089914559421515,-0.05552656004812384,-0.0074939781094032
2017-12-01,0.000169267555099,-0.0050893133881,-0.022998714752038296,-0.0087234008104412
2017-12-04,0.0146207247280352,-0.0060634752043376,0.008382348343761725,0.0028575564884036
2017-12-05,0.0001601353129931,-0.0068031057739568,-0.007135536394013098,0.0040179888626958
2017-12-06,-0.0083020467902052,-0.0025900890209071,-0.01246253551958676,-0.0087480597262206
2017-12-07,0.0167922958765986,0.0063126679331373,0.02379364981168841,0.0089586225536946
2017-12-08,0.0049109906925908,0.0136655049914342,0.012071254186426295,0.0201427844581623
2017-12-11,0.0258016188576399,0.0093561174089988,-0.004577690034098358,0.0045981400169663
2017-12-12,0.0029395246923633,-0.0103857160592159,-0.004002078064770043,-0.0192980416116168
2017-12-13,-0.0089740383144958,-0.0030652728652307,-0.01860250351401671,-0.0100683044812697
2017-12-14,-0.0015012636747283,0.0076326464800575,0.0008681317594849691,0.0069733590047023
2017-12-15,0.0169146167132467,0.0063376428818577,0.014475750903327977,0.0054702295500494
2017-12-18,-0.0044770771183452,0.0084220125692227,-0.0011780889998092015,0.0006329156469204
2017-12-19,0.013430148221968,0.0209885798143343,0.01416715311729333,0.0100365914542113
2017-12-20,0.0091667219920787,-0.0004954671387259,0.01686401449332564,5.529937920489836e-05
2017-12-21,-0.0009735188500643,0.0014558534298605,0.016943043865963014,-0.0021453030240521
2017-12-22,-0.0006509941040833,0.0007291598254992,0.004138669578186871,0.0048677675594783
2017-12-26,0.0147048573136399,0.0023503921491252,0.011811963962414795,-0.0004648309841757
2017-12-27,0.0001372344799268,-0.0023964981048414,-0.006991402756903131,-0.0013566850883665
2017-12-28,0.0088716248970186,-0.0013594187473069,0.03354078080655398,-0.0048751841024968
2017-12-29,0.0038421880439181,0.0093710057823679,-0.00406107967686653,0.0029578026361245
2018-01-01,0.0045655787454599,-0.0044779564409875,0.0007687117809205279,-0.0023638968087731
2018-01-02,-0.0036034903504902,-0.001667832883885,0.003129555282185059,-0.0013749546148456
2018-01-03,0.0063843847528224,-0.0014365628274634,0.016586019878265246,0.0043902348783402
2018-01-04,0.0213420105029813,-0.0016644320796425,0.005988713217137676,0.013754964002631
2018-01-05,0.0022264487527179,0.0084185265383471,0.010145331419977976,-0.0004343594786924
2018-01-08,0.0070919846812771,0.00576797575653,0.017234828016084114,0.010862319552243
2018-01-09,0.0137086894694815,-0.0002381121468767,0.004886829954906302,-0.0025238029350199
2018-01-10,0.0109595473594739,0.0017397790285045,0.007036333400799677,0.0044091108621275
2018-01-11,-0.0024438646359149,0.0017112226406872,0.010700112082098201,-0.0011490151007311
2018-01-12,-0.00668616269592,-0.0052786797962101,-0.006658224837177706,0.0043447645645722
2018-01-15,-3.440384227870741e-05,-0.0040703479596849,0.00831723971303222,-0.0050966245870556
2018-01-16,-0.0062855278146033,0.0055474560668518,-0.039771192073048134,-0.0174662530775333
2018-01-17,0.0132761093805695,-0.0020973128592057,0.010390598785491312,0.0042460386126215
2018-01-18,-0.0274862594928695,0.0038600638808952,-0.030039509673341902,-0.0146090136490131
2018-01-19,0.0097356927327307,0.0046954071765932,0.014990036777329463,0.0004680810982555
2018-01-22,0.0208340846715691,0.0015880524751441,0.01521047809921039,-5.553205886743573e-05
2018-01-23,0.0131276599846363,-0.0011409462502555,0.0007264788130429967,-0.0022199428680229
2018-01-24,-0.0086746265342771,-0.0054257706174196,-0.028203134203027003,-0.0024503746205667
2018-01-25,0.0133795543911734,-0.0032341453108807,-0.003886768583321709,-0.0009956910790149
2018-01-29,0.0339198321153517,-0.0006385132830271,-0.010481404985884346,-0.0076566338675733
2018-01-30,-0.0299926873179272,-0.0042904516504413,-0.011134031578965975,0.0059532758728766
2018-01-31,-0.0175193010328208,-0.0046164358066095,0.0001524311092238051,-0.0018876634207449
2018-02-01,-0.0050703674965781,0.0013354620510868,-0.009497429625449416,-0.0019303187170063
2018-02-02,-0.0413626207072219,-0.0149856585457033,-0.06879418782808389,-0.0204974870037452
2018-02-05,0.0110826686431479,0.0007050634338976,0.027618063426402495,0.0049936286408762
2018-02-06,0.0413039969508157,-0.0123602593302118,-0.044090191276321744,-0.0143151026009523
2018-02-07,-0.0021132821654284,-0.0008303725850893,0.013338452132554801,0.0036962114368614
2018-02-08,0.0159011717560253,0.0029194149133939,0.03732316411039749,0.0168004263295833
2018-02-09,-0.0068113273005905,-0.0030818653672913,0.004983069346540914,-0.001054362547099
2018-02-12,-0.0041130083749,0.005386103639918,0.03034404200082741,0.0046861659950889
2018-02-14,0.0007560142000222,-5.465717078134702e-05,-0.00459710054463025,-0.0012035390089529
2018-02-15,-0.0241193564162156,0.0001096376610414,-0.02053444957598549,-0.0016021237064997
2018-02-16,-0.0054671859867144,-0.007795949497435,-0.006576089407911101,-0.0054120773590232
2018-02-19,-0.0077566888311297,-0.002744701966497,-0.012494461264031642,-0.0055194960175117
2018-02-20,0.0048719863520967,-0.0024217486362109,-0.0029565410038145945,0.0001309059971252
2018-02-21,-0.003696134972955,0.0014024873552673,-0.019647232861841002,0.0035492423311729
2018-02-22,-0.0088240214146538,-0.0067678592478427,-0.016692798655727148,-0.0057665267629527
2018-02-23,0.007676731350646,0.0088906630203602,0.014183167470620317,0.0076630367567762
2018-02-26,0.0108961214198239,0.0020796760601078,0.0197934857678963,0.0156411877926805
2018-02-27,-0.0045546838802686,0.0017536206740231,0.0014297750205329862,-0.0007360011733013
2018-02-28,-0.0019171932614049,-0.0071456167533926,-0.014336104658920878,-0.0045211396577279
2018-03-01,0.0066436877515871,-0.0010403089499501,-0.00635114873671383,-0.0043850856771421
2018-03-05,-0.0065181905470792,-0.0075203975689489,-0.013810495391654132,-0.0190121268760503
2018-03-06,-0.0088767162554924,-0.0094937021926433,-0.011826028272536537,-0.0110903325265705
2018-03-07,-0.0219147647206794,0.0013830528286904,-0.027921154440198714,-0.0028586244523962
2018-03-08,-0.0062506138063056,0.0008482966280567,-0.008966734424445177,-0.0050078833319848
2018-03-09,0.004006382358868,0.0008739806235482,-0.004703231125468332,-0.0020227076955851
2018-03-12,0.0050219073649189,0.0181055950126334,0.006166457384660484,0.0102421444696823
2018-03-13,0.0098251810857206,-0.0012815943342737,0.01196027692844126,0.0114283420221339
2018-03-14,-0.0080428666232075,-0.0044584491351021,0.005094243087519823,-0.0113537204977701
2018-03-15,0.0011681417421713,-0.0010262246937735,0.02390407534281458,-0.0034437648173756
2018-03-16,-0.0142417399660512,-0.0108668358457224,-0.020274407292004137,-0.0042519473206464
2018-03-19,-0.0220754033027421,-0.003626856230869,-0.02139862128474912,-0.0171210755407953
2018-03-20,-0.00756574307428,0.0033033543778346,-0.008954096405596412,0.0124047458353819
2018-03-21,-0.0024511479562815,0.0040110047706181,0.007259965765352927,0.0067217062268936
2018-03-22,-0.0067871394058398,-0.0008455542541556,-0.00341099168748904,-0.0112494624457216
2018-03-23,-0.0164533334334652,-0.0064754939867941,-0.03868906370786129,-0.0046943045938488
2018-03-26,0.0018234283808316,0.0087422414784661,0.011591458119327935,0.0101497095918909
2018-03-27,0.0001955633921968,0.0081889206544003,0.005987258180861321,0.0059210424163098
2018-03-28,-0.0055232223877664,0.0001180730436354,-0.012163476397102135,-0.0029668148291732
2018-04-02,0.01438820863964,0.0149981591246703,0.023021045271667928,0.0142868506415845
2018-04-03,0.0236143179665786,0.0043232453731765,0.018673053982103394,0.007824977683388
2018-04-04,-0.00795144248274,-0.0017337159144278,-0.041054979511374934,-0.0025045943905632
2018-04-05,0.0613886632065934,0.007934679436955,0.018097509307602344,0.0176728162857053
2018-04-06,-0.0101450882589889,0.0075717702152546,0.02654462532196633,0.0043429893843971
2018-04-09,0.0078925155000342,0.0057670835158978,-0.0018871252328265253,0.0043700150232988
2018-04-10,0.0064931540523514,-0.0045124693191819,0.008744247667712646,-0.0022000491229411
2018-04-11,0.0081313042329556,0.0023247499660246,-0.007898877847137054,0.0041627933502952
2018-04-12,-0.0020649998966647,0.0039024810590588,-0.011749325713682923,0.0027178054252638
2018-04-13,0.0294726858478571,-0.0028862364142151,-0.003445997779673249,-0.0036346984042349
2018-04-16,0.0289120646186147,0.0102352208379425,0.008913315660776577,0.0066718684339026
2018-04-17,0.0113527998819311,0.0068313978470302,0.006726685144988087,0.0037794001592035
2018-04-18,0.0089371207319968,0.0054824166681561,-0.00746345249874969,0.0032309187364552
2018-04-19,-0.000384882974317,0.0036336591372416,0.028973500026437504,0.0047138901886445
2018-04-20,-0.0083228852108404,-0.0040777772185763,-0.005813658430035895,0.0018354863804506
2018-04-23,0.0122255546939462,-0.0026459493026617,0.01363047634414527,-2.9569884473334973e-05
2018-04-24,0.0165427370060993,-0.0009698667452487,-0.0010060775843178105,0.0009641834068061
2018-04-25,-0.0008922565998386,-0.0002270569697321,-0.02271702967622491,0.0003578061137778
2018-04-26,-0.0046065572186787,0.0061136798634005,-0.004410452137204035,0.0058257700427013
2018-04-27,0.0031577307766448,-0.0010695554681808,-0.0161527607997749,-0.01034474603682
2018-04-30,0.0246763507490306,0.0096498379159162,0.0014480678335651032,0.0151802864150001
2018-05-02,-0.0016666974416416,-0.0010490194548699,-0.023980528679973245,-0.0109682043583654
2018-05-03,-0.0089901127934086,-0.0062301739224308,-0.013584748220264897,-0.0270959794217976
2018-05-04,0.0010489738276791,-0.0040748356870198,0.00946692928674997,-0.0084829144262056
2018-05-07,0.0107579528438639,0.0095338749621041,0.006284572106882713,0.0032618962670103
2018-05-08,0.0076251960813396,-0.0050366167386316,0.006177904251422284,-0.0003025976690707
2018-05-09,0.0024576885545606,-0.003014162935378,0.01411987404407844,-0.0008475842377592
2018-05-10,-0.0136774444444659,0.0004845855374751,-0.02013139768096084,-0.0063176802990605
2018-05-11,-0.0142331101682648,0.0076792531790312,0.0015775117254770432,0.0145065308377327
2018-05-14,-0.0097640166988902,0.0038124382237478,-0.019104052295809026,-0.0034527908962608
2018-05-15,-0.0036616484366073,0.0050437806820509,-0.003624803509063357,0.001975107875858
2018-05-16,-0.0070937637651119,0.0106092235162276,0.006767368064302781,0.0150464198438113
2018-05-17,-0.0023726447873951,-0.0070666294573902,0.007420534932285339,-0.0064923437755509
2018-05-18,-0.0163244918156272,0.0050087120064965,-0.02636165914585009,0.0059139547352227
2018-05-21,-0.0164723807267668,-0.0032330747632759,-0.02775808322234885,-0.002135945309223
2018-05-22,0.0250072684422277,0.0079718337433543,0.031981652659085036,0.0049106688801705
2018-05-23,-0.0122632650726428,-0.0069668662221155,0.00362846486692181,0.0034159750509967
2018-05-24,0.007180823139133,-0.008987354637595,0.011007776499246003,-0.0003006961843493
2018-05-25,0.0140952281896029,0.0122169763571875,0.013979431327155067,0.0181451000120307
2018-05-28,-0.0087001885764408,0.0096267735652539,0.011809866974351158,0.0090160048245238
2018-05-29,-0.0072605092840681,-0.0034213847070545,-0.0003561001462121238,-0.0101291379118596
2018-05-30,0.0097520120981686,-0.0025691578434274,-0.001852100408286983,0.0066347679904761
2018-05-31,0.0012918453398507,0.0126631966082293,-0.009230700747844267,0.0081627262840833
2018-06-01,-0.0098505626416263,0.0043114883837416,-0.02189774957357815,-0.0124173646443962
2018-06-04,-0.0179163357750665,-0.0128017739199206,-0.027044635417062812,-0.0076937615348431
2018-06-05,-0.0150575368390324,0.0005179418122764,-0.032723242301689215,-0.0051847958640253
2018-06-06,0.0132248660798499,0.0061261691227816,0.01528165260887726,0.0026122779852708
2018-06-07,0.0176937100899323,0.0082702972737018,0.017504720229464255,0.0050986364588285
2018-06-08,0.0007454731182496,-0.0053276442147652,0.009012100053886085,0.0001923385823734
2018-06-11,0.0162941287629154,0.0014146661172416,0.007783435502204394,0.0022060677889683
2018-06-12,0.0023001868159193,0.006715537054903,0.013268224116783633,0.0078239529572348
2018-06-13,0.0052396219424533,-0.0010617756104613,-0.005163859056853348,0.0025947190014261
2018-06-14,-0.0059909892763242,-0.0040380036948186,-0.006186818241147862,-0.006235764757598
2018-06-15,0.0026219025834186,0.0009354942207042,-0.0061698597127728405,0.0049095616720857
2018-06-18,-0.0073915542850792,-0.0023679793563721,-0.001744335524280105,-0.0008636026823362
2018-06-19,-0.0105747091311976,-0.0083613714144604,-0.019075045705079896,-0.0095619914262035
2018-06-20,0.0022183836452296,0.006296712971731,-0.0013268655170345367,-0.0100515687930201
2018-06-21,-0.0015070556729579,-0.0058886136381859,-0.012902742046512539,-0.0012053857177414
2018-06-22,0.0150725560432882,0.0052251265878149,0.003427119360210229,-0.0002732819113635
2018-06-25,0.0010742580391647,-0.0043756764750678,-0.02029251341903382,-0.0036963485687588
2018-06-26,-0.0055391650720898,0.0054893645728153,0.005309195095005492,0.0060038515677771
2018-06-27,-0.0207463009091418,-0.0045325592310897,-0.0322961430305172,-0.0134286117708032
2018-06-28,-0.0206582533869799,-0.0015074151925653,-0.007490516434204841,-0.0164149399182069
2018-06-29,0.0112329540730871,0.0087503156988077,0.022614442429799375,0.0076492960151843
2018-07-02,-0.007774758739927,-0.0103548555167062,-0.0012184666718541015,-0.0071983838418632
2018-07-03,-0.0018422021009599,0.0052879177523499,0.00949946098058918,-0.0019941212569363
2018-07-04,0.020595889598274,0.0125205100229355,0.016576900458921573,0.0075284191941693
2018-07-05,-0.0005942136145498,0.0038244321201441,0.0012159487363256893,0.0022563812432885
2018-07-06,-0.0014004355014081,0.0030644119988845,-0.0008643292551492321,0.0001776997841491
2018-07-09,0.0085113982818949,0.0064975435724463,0.02704075429625563,0.0031030677858499
2018-07-10,0.0033519297826425,0.0070043457023467,0.01646778913490099,-0.0005394305340459
2018-07-11,0.006043341536305,4.746096953889278e-05,-0.01777047596554282,-0.0022882057530957
2018-07-12,0.0127411986003398,0.0076102467619494,-0.0034774466951633665,0.0108455046264221
2018-07-13,0.0063877228999538,0.0028909676369897,-0.012448669264866541,-0.0071126187796421
2018-07-16,0.0009736382667331,0.0002204173492401,-0.03052032966653484,-0.0013004247689232
2018-07-17,0.0068117027876193,0.0003103768933307,0.027491334581022597,-0.0074809161206217
2018-07-18,-0.0018653087847871,-0.0024197008038018,-0.010643781536946118,-0.0049569342194072
2018-07-19,0.0007366568693676,-0.0004476336706743,-0.006145188053922279,-0.0039462465135454
2018-07-20,0.0294074829056143,0.0002707588277885,0.006936955255355759,3.699430882031507e-05
2018-07-23,0.0081727812293499,0.0012787820733084,-0.0037191230404253206,0.0051824688231145
2018-07-24,0.0015213530030995,0.0112686440450877,0.018757691238875607,0.0018784318715505
2018-07-25,0.0072043861802482,-0.0061798834813133,-0.006990738178349498,-0.0072913911946416
2018-07-26,-0.0063686061619745,-0.0036814623019133,0.007421346447821886,-0.004853165986609
2018-07-27,-0.0003033531668436,0.0025649250774417,0.0026350956150535954,0.0051477516368869
2018-07-30,-0.0045035872480191,0.0042641236374132,-0.009360659284528006,0.0010997141807551
2018-07-31,0.0060768312500913,0.0115975197773168,-0.0015693524170709017,0.0124095809919611
2018-08-01,0.0029165703843736,-0.0016710906235681,0.0015122343607183453,-0.0064880162858194
2018-08-02,-0.001585234849573,-0.0088765821241728,-0.0018663216748854294,0.0104830260663919
2018-08-03,0.009520150192795,0.0090408529119412,0.0176987598846976,0.0096962071600794
2018-08-06,0.000667628728822,0.0043450968355525,0.002868806599872986,0.0096157259424318
2018-08-07,0.0044742174831098,0.0014361693249111,0.0024267194393396974,-0.0048047971763889
2018-08-08,0.0104580588468117,0.0015269291571855,0.002919447859663249,0.0086288931779652
2018-08-09,-0.0124517030690586,-0.0045283750097783,0.004892592802399509,0.0057548368463955
2018-08-10,0.0009752393306217,-0.0038310098051792,0.0021202310003904934,0.0065711288877883
2018-08-13,-0.0041006047543431,-0.0009356889869637,-0.006595015939740878,-0.0101651049799724
2018-08-14,0.0081682759802943,0.0085527613446467,0.01288271419741882,0.0003236470373688
2018-08-16,0.0002280723800949,-0.0075242096543928,-0.011089674831065821,-0.0025265497606254
2018-08-17,0.0041439344298477,-0.0017928752952692,0.0067675367405963804,0.0003327532178079
2018-08-20,0.0051798332020891,0.0057166113816931,0.002030303198536698,-0.0052967062870454
2018-08-21,0.0200306821767426,0.0060852539999802,-0.0036956364397258135,0.0052080349187704
2018-08-23,0.0220102319436787,0.0067929129875097,-0.008954996809637739,-0.0027753214540142
2018-08-24,0.0056050706598207,-0.0061737489383709,-0.004802507438567916,-0.0067219992485937
2018-08-27,-0.0034551422393248,0.0065907200081654,0.007214875472835169,0.0061902508516265
2018-08-28,-0.0020465509036695,0.0069953790883949,0.0032404366119802575,-0.0126550107533167
2018-08-29,0.0001759487820167,-0.0069658181201341,0.01176172028488387,-0.0125073630669647
2018-08-30,0.0050025886396189,-0.0032771129639573,0.017724497127854733,-8.883674373949546e-05
2018-08-31,0.0015060319973414,0.0020409234819864,0.004765469327030036,0.0031133350991592
2018-09-03,-0.0080205656327698,-0.0087248643965479,-0.003589217770557651,-0.0064797461148323
2018-09-04,-0.018730966399152,-0.0200525235361727,-0.029864145729994074,-0.0283051725489015
2018-09-05,-0.0012433985797468,-0.0072410879715357,-0.009029369324939585,-0.0157065572585475
2018-09-06,0.0038594462438912,0.0014162687789947,0.0015588699474342604,-0.0081080752513936
2018-09-07,-0.0065946282368961,0.0023390431847423,0.02095115428861316,0.0033731782460306
2018-09-10,-0.015919411700547,-0.0098766908443725,-0.01908461260406169,-0.0096620292480602
2018-09-11,-0.0139221448807502,-0.0125267639754459,-0.02349156661559315,-0.0060726556324318
2018-09-12,0.0119684628124778,-0.0007487492103831,0.002802372763925698,0.0046541879899777
2018-09-14,0.0144746405669786,0.0161710681712545,0.030541453227884263,0.0067333742966786
2018-09-17,-0.0063885285653523,-0.0097366852337429,-0.003304230585380319,-0.0071726853604467
2018-09-18,-0.0056869973726787,-0.0067608604282762,-0.027204728397059008,0.0027297311313125
2018-09-19,-0.0059669207506013,-0.0111972913178396,0.0042552560480002555,-0.0084202934009969
2018-09-21,-0.0153067740676968,-0.0013375844142207,-0.030295593905950047,0.0011684874850887
2018-09-24,-0.0234002591545233,-0.0250752398594945,-0.0507898226906478,-0.0312261431370032
2018-09-25,-0.0050045616184967,0.0074478038094283,-0.0066630032417224205,-0.0015391821619709
2018-09-26,-0.0040978617984646,-0.0075878801069112,0.006967776404183557,-0.0088331643537235
2018-09-27,-0.0175931179127191,4.617976127274659e-05,-0.03636836835404178,-0.011533069506363
2018-09-28,-0.0050952676077565,-0.0019126148321375,-0.05170296309297506,-0.0196633343425498
2018-10-01,-0.0224472913803199,0.0043028660410386,0.012294144394297657,-0.0029569492322034
2018-10-03,-0.0227460459360843,-0.004798431130879,0.003997568926369155,-0.0175987603767802
2018-10-04,0.0056635432796108,-0.0202824316073833,-0.0201441696641389,-0.0114528273686903
2018-10-05,-0.0297345437244417,-0.0085871300805869,-0.007671081372999988,-0.0173234795893268
2018-10-08,-0.0156870974810717,-0.0052660126523694,-0.007938396587989116,-0.0116073915772575
2018-10-09,0.0003961683005198,-0.0081377200538665,0.000467427025391709,-0.0187466966024909
2018-10-10,0.0381399588467397,0.0155449715280611,0.052372016025805435,0.0422064585829282
2018-10-11,-0.0127900126307398,0.0033308193827901,0.03657576909810012,0.0197837879000859
2018-10-12,0.0200771291667807,0.018426427639778,0.03426759566509907,0.0374621785751587
2018-10-15,0.0158923508200077,0.001505452007859,0.01610109244503022,-0.0019341531098895
2018-10-16,0.0124958158652126,0.0001059459112291,-0.013383289427821965,0.0230309362987297
2018-10-17,-0.0474117638300767,-0.0116076269972347,-0.03084097276887221,-0.0260374283074205
2018-10-19,0.007244707275722,-0.0030364209359796,-0.023102800238263166,-0.0172213550625469
2018-10-22,-0.0237142032699739,-0.0034679884740683,-0.025517287993648274,-0.0028043203001861
2018-10-23,0.0074783925402068,-0.0133677159411852,-0.006112151061687943,-0.0020700596384948
2018-10-24,0.0263128979801212,0.0021906938321478,0.027958803446302083,0.0001130074842432
2018-10-25,-3.342162025365969e-05,-0.0035529028691347,-0.01637386947756292,0.0020630421088487
2018-10-26,0.0070664951016583,-0.0056602590015005,-0.012561044509492247,-0.0031982344493511
2018-10-29,0.0236528610888255,0.0058319842880352,0.03424926093895797,0.0127021003295766
2018-10-30,0.0001037754228512,0.0017196448041558,-0.006945937320799733,0.007237879992983
2018-10-31,0.0067775445384561,0.005997049638539,0.01087399159748137,0.0179650497900387
2018-11-01,-0.0151311896393385,-0.0009400217029689,-0.0033617365844734737,0.0104132954325029
2018-11-02,-0.0085278366745575,0.0054153517287083,0.01085004740873785,0.0069426442268922
2018-11-05,-0.0071243743823716,-0.0018736896551081,-0.01578602287752351,0.0021553123348019
2018-11-06,-0.0115058632370615,-0.0023124901966673,-0.009408411635398295,-0.0097435306984272
2018-11-07,0.0068239953926827,0.0058800358006423,0.009837718748388014,0.0105948925832657
2018-11-09,0.0016483898869978,-0.0026290839635106,0.01693024175790625,0.001303712933707
2018-11-12,0.0011779901699722,-0.0068836794637783,-0.008114846105369389,-0.0113572077612633
2018-11-13,0.0129439852989543,0.0040309105692306,0.018052703136718806,0.0031109175793493
2018-11-14,-0.0059601094757243,-0.0046702420948638,-3.982886129083596e-05,0.0166301059911824
2018-11-15,0.0078189149180147,0.0021611083040931,0.0008901025590719591,0.0032214827837024
2018-11-16,-0.0082279143665821,0.0053770870045752,-0.015426572196727828,0.0072275215144019
2018-11-19,0.0042106453919992,0.0036584233168583,0.00045084847723497745,0.0031748690058688
2018-11-20,-0.002933541679963,-0.0057489731384593,-0.01582876060634908,-0.0003134426603335
2018-11-21,0.00089048279581,-0.0029902006373828,-0.002868950562431749,0.0011493098323522
2018-11-22,-0.0089621482101704,-0.004496272436208,-0.01573928530111457,-0.0061373695804328
2018-11-26,0.0125405710879249,0.012924059427507,-0.0031333245372267005,0.0207286637061627
2018-11-27,0.0048459109661911,0.0067054881531063,0.0027910445801784256,0.0063048179112996
2018-11-28,-9.250961174167573e-05,-0.0016755483450932,-0.029795117899622303,-0.0081363894578119
2018-11-29,0.0161660041168318,0.0048553547887464,0.00291397689755879,0.0069776245401937
2018-11-30,0.0016176891050498,-0.0019187949888641,-0.009659423651620647,-0.003969751342517
2018-12-03,0.0065184893835781,0.0039179136914888,0.0038751296988870365,0.0068869420370256
2018-12-04,0.0073408600620468,-0.0085763039826549,0.009668312659394163,-0.0032375263018772
2018-12-05,-0.0049669768780579,-0.0025803825406851,-0.010797358568103599,-0.0041435529058054
2018-12-06,-0.0171083183479919,-0.010505918809731,-0.013502629723796455,-0.0119176444321054
2018-12-07,-0.0029711306802809,0.0076664067919929,-0.005154373085650699,0.0044906981654724
2018-12-10,-0.0373591783049047,-0.0081152621031257,-0.013264694745684369,-0.0159378030267471
2018-12-11,0.027838514422632,0.0091513169212482,0.00497541474223695,0.0163293909179345
2018-12-12,0.0190920142395956,0.0166096192374489,0.03264969936792661,0.0217684923822789
2018-12-13,0.000218256819453,0.013445691257137,0.012587122185214294,0.0167047667363871
2018-12-14,0.0043829849155694,0.0024096668862469,0.003619110492359745,0.0013216421838349
2018-12-17,0.0091255538068413,0.0065375459116558,0.006465810404893357,-0.0027084596810598
2018-12-18,0.0026654929278357,-0.0014106226416289,0.004955122147538349,0.0090336364007519
2018-12-19,0.0117866933279915,0.0121679810307442,0.0198592884831017,0.0085815862894214
2018-12-20,-0.012054179082991,-0.0033405912784745,0.009704175152783323,-0.0040274362189256
2018-12-21,-0.0129701588833043,-0.0128316083765949,-0.0048272170969956285,-0.0058662853320543
2018-12-24,-0.0171402222306836,-0.0034628201981454,-0.014429291945818434,-0.0159887714440142
2018-12-26,-0.0041214539090899,0.0101604998387467,-0.007328820238552081,-0.0066898691933494
2018-12-27,0.0031732415845417,-0.0039166053048117,-0.0027710274210277497,0.0052842774273957
2018-12-28,0.0019934451059624,0.0108100843136518,0.007792213872104492,0.0029421364968884
2018-12-31,0.0005775731149186,0.0047966853030811,0.0014237645223063033,0.0102030482409112
2019-01-01,0.0044743019114865,-0.0005568283225606,0.010479296953642914,-0.000784205119222
2019-01-02,-0.0044724836872345,-0.0008746353640011,-0.007578300165136609,-0.0077385436914625
2019-01-03,0.0125031733369656,-0.0004056939786613,-0.0058755920954559615,-0.000723578783527
2019-01-04,0.0041639796987236,6.848156570704589e-07,-0.0007180778756321615,-0.0012987272412807
2019-01-07,0.0072586561787963,0.001004079540652,-0.004955736793441634,-0.0076025684765269
2019-01-08,-0.0050437474242737,-0.0014764365130238,0.0019575170108772078,-0.0001054451599247
2019-01-09,-0.0005529641622747,0.0013773770146987,-0.004363427884181759,-8.666097698339925e-07
2019-01-10,-0.0103994641234351,0.0064284121020457,-0.0005554449202038736,0.0045834467711498
2019-01-11,0.0024057982650509,-0.0014933102298989,-0.001101165207921917,-0.0093216653466526
2019-01-14,0.0066473471596795,-0.0097062595718039,-0.00826356809827844,-0.000934374042785
2019-01-15,0.0126700843129052,-8.963284591712029e-05,0.012777704185814365,0.0015950400528657
2019-01-16,0.0021472799473483,0.00062314912936,0.013887407363568638,0.0102181825402321
2019-01-17,-0.0099249698064213,0.0014365675961134,-0.0023809715738012383,-0.0074700890975381
2019-01-18,-0.009312449098929,-0.0060158537161246,-0.0180928703257216,-0.0155459736706243
2019-01-21,-0.007630259589931,0.0025042602781006,-0.0005210363514766003,-0.0160988548215927
2019-01-22,0.0137322378586133,-0.00503772211217,0.0004354530574246507,-0.003326237662203
2019-01-23,0.0042150792579864,-0.0007582444117992,0.003207072997975846,-0.001047301625063
2019-01-24,-0.0043890966965982,0.0012316114712005,0.008705204886819473,-0.0030289190787481
2019-01-25,-0.0018837000606598,-0.0076386292967506,-0.04221320667177797,-0.0203814039924091
2019-01-28,-0.0111874206945528,-0.011527368687739,-0.021920848261803072,-0.0266165855862798
2019-01-29,0.0075522023899623,-0.0001185018823326,0.007189757809143105,-0.0134923109572757
2019-01-30,0.0154391818028853,0.0038593314057864,0.0006167887558745644,0.0141360816055093
2019-01-31,0.0121332007544257,0.0013527888265081,0.002157315302353302,0.0224897452369281
2019-02-01,0.0061126802642512,0.0031238539202727,0.005352165630560846,0.0063152322514949
2019-02-04,-0.02385482293424,-0.0056763269179861,-0.017898936817575484,-0.0185670062177726
2019-02-05,-0.0089844959406982,-0.0083155097522544,-0.02093873364573806,0.0044374452255611
2019-02-06,0.0198553255834961,0.0042324642402424,0.02603007327772655,0.0168383896942729
2019-02-07,0.00571283111085,0.0049100243322861,0.01868970962855432,-0.0019932013689908
2019-02-08,-0.0070581677605386,-0.002333811266218,-0.011596260948286807,-0.013839785166941
2019-02-11,-0.0200636818537085,-0.0071435814252033,-0.016296931950743554,-0.0182373793775347
2019-02-12,-0.0211194953477064,-0.0082072364387008,-0.01074878913375521,-0.000491083364601
2019-02-14,-0.0124508164819754,-0.0131030625550466,-0.008141801591097564,0.0072162767641379
2019-02-15,-0.0191594480385445,0.001095640698854,-0.016729422178935915,-0.0187114418280747
2019-02-18,-0.0020468770021627,-0.0052221684198709,-0.020301101423553347,-0.0152863304089625
2019-02-19,-0.0031808277396712,-0.0009628584077441,0.002741004958856985,-0.0053537905156531
2019-02-20,0.0174326507718232,0.0051693292778165,0.016035968031440806,0.0047092944310054
2019-02-21,0.0108655580284231,-0.0014964215007461,0.020160190353528673,0.0143298957394848
2019-02-22,-0.0047321339087041,-0.0025214439740209,0.022504461865453074,0.0046961825821925
2019-02-25,-0.0065985515282159,-0.0004814917566069,0.007137823534058896,0.0044655524853207
2019-02-26,0.0209889183597917,-0.000994844684391,-0.002953858084261074,-0.009921941211752
2019-02-27,0.0099652152491389,0.0001417134901064,0.0028408798965524618,0.0044018056275243
2019-02-28,0.006910896302456,0.001986996854423,0.006118258300580992,0.0042689366809365
2019-03-01,0.0107065907835084,0.0054797034610187,0.024496669559041173,0.0074618371102943
2019-03-05,0.0053263422755434,0.0091840249336934,0.032241368258131065,0.0198617861700673
2019-03-06,-0.0068969585373369,0.0038206412301029,-0.0014631454811605549,0.0024079352492312
2019-03-07,-0.0116574800880161,-0.0032217697190286,-0.007045900656851178,-0.00211688196289
2019-03-08,0.0086393366075601,0.0012018929057806,-0.0042956422200739475,-0.0052784478323787
2019-03-11,0.0090531832805498,0.0058320930532438,0.029985533510972884,0.0121927659993099
2019-03-12,0.0170904900329627,0.004196645086324,0.009008878620348826,0.0092481582783177
2019-03-13,-0.0024296843068342,0.005533611118786,-0.0033986781446140313,-0.0066494762222611
2019-03-14,0.0023809407717094,-0.0005242252029272,-0.0034701416862188417,-0.0012484714931026
2019-03-15,0.0019954602013558,0.004674926121545,-0.0013045518882250917,-0.0005803857424681
2019-03-18,-0.0025316579578028,0.0037366609089022,0.003815461586952118,-0.0013806769001218
2019-03-19,0.0046895132167956,0.0004821180335929,0.014716585843080665,-0.0057830771814297
2019-03-20,0.0031061259751663,-0.0024766634056951,-0.019405172159214445,-0.0005041600931315
2019-03-22,-0.0068648419732808,-0.0060940797999576,-0.012322544821457782,-0.0070045816514288
2019-03-25,-0.000310977262644,-0.0021487601140423,-0.008554406134036796,-0.0155500684351211
2019-03-26,0.0075360594375661,0.0105699068879498,0.002185745890983526,0.008977602146019
2019-03-27,-0.0027175419630018,-0.0020902058195193,-0.01143867348689609,0.00496447107923
2019-03-28,-0.0004985374437743,0.0021294915682883,0.013554064571918989,0.0191785039925411
2019-04-01,0.0897817472231148,0.00674625025153,0.016703529183025756,0.015974299189994
2019-04-02,-0.0014617621289357,0.0021058502232116,-0.011808691794370163,-0.005623573947451
2019-04-03,5.999021400926452e-05,-0.0063648930089252,-0.02119244246848362,-0.0039888006650453
2019-04-04,-0.0043175968230816,0.0017504646383021,-0.0007056884084214454,-0.0002450172229481
2019-04-05,-0.0042471267631157,-0.0015210788042495,0.005470637108065279,0.0008035464491764
2019-04-08,-0.0003112719350999,-0.0054697092721786,0.0025934299855880916,-0.0061703878696733
2019-04-09,-0.0038027590902357,-0.0002947271494503,0.012911776227865213,-0.0021911498721214
2019-04-10,0.001129819825306,-0.0019225822503219,0.0014358106069036758,0.0057982521421211
2019-04-11,-0.0011665882320357,0.0042340088374703,0.011228909245969199,0.0067269041315647
2019-04-12,-0.0005750566539302,-0.0007435546959008,0.010002759613430445,-0.0018274169072046
2019-04-15,0.0069744894355985,0.0054352562840742,-0.0006676423325959746,0.0048541162343536
2019-04-16,-0.0020481764199019,0.0014408220772463,0.0020871724828028793,0.0002317813319467
2019-04-18,0.0092581303721741,0.0005312863741033,-0.005594354395669465,-0.0039950153107096
2019-04-22,-0.0048962935580169,-0.0037959643213164,-0.03447557226932385,-0.0165391457977887
2019-04-23,-0.0008842134756473,0.0029234797805002,-0.001287585186524498,-0.0022398453961811
2019-04-24,-0.0045958485644286,0.002379347561991,0.021235989575957737,-0.0059979851976692
2019-04-25,0.0006498605360165,-0.0043553699559526,0.014334409326078879,-0.0039163495253066
2019-04-26,-0.0187715021663947,0.0018049139856748,-5.8755113829245253e-05,-0.0031087786715987
2019-04-30,-0.0087602026291562,0.0015338341230708,-0.009327683743153958,-0.0031615837100218
2019-05-02,0.0047041032230323,-0.0036316726569853,-0.011545768762264097,0.0031872113608297
2019-05-03,-0.0068249647621215,-0.0047235642445752,-0.0009305317373532462,-0.0099527026828931
2019-05-06,-0.0039974178510988,-0.0081241418620748,0.0026027931247265546,-0.0051176031905676
2019-05-07,-0.0005943081644524,-0.0022307751148364,-0.01704974530350223,-0.0057350995885833
2019-05-08,-0.0018394812080217,-0.0038435816006402,-0.008047449471808243,-0.0055726810548802
2019-05-09,0.0026527343643383,-0.000904547322553,-0.01600058321806641,-0.0089242524127157
2019-05-10,0.000163470560399,0.0005107491155045,-9.889630874226896e-06,-0.0015892270841424
2019-05-13,-0.0154808546769956,-0.0029944491551111,-0.03270365628059191,-0.0113746602989466
2019-05-14,-0.0069468699193303,-0.0018633255293022,0.0037434019822013553,-0.0081480997360654
2019-05-15,-0.0066044119047078,0.0002009707142742,-0.013277984179776436,-0.0110488457349443
2019-05-16,0.0120359304299526,0.0017316821014685,0.01852663822597611,-0.0020966101638859
2019-05-17,0.0080248578898527,0.0128002061144836,-0.003633837407580609,0.0211590434007935
2019-05-20,0.0321035945904171,0.0202530060763177,0.0639862641927893,0.0380778275169726
2019-05-21,-0.0087112265753642,-0.0068698562512257,-0.017061924854941735,-0.0067257552516578
2019-05-22,0.0112901275439174,-0.000352295007252,0.013108340991747625,-0.0034315575420866
2019-05-23,-0.0051715792816968,-0.0026232729374636,-0.009289103192026249,-0.0116992208967091
2019-05-24,0.0204935451860841,0.0062351546064156,0.022857033606110466,0.0210584304897269
2019-05-27,0.0089796035332372,0.0078262263443005,0.010545300413512981,0.016561655063203
2019-05-28,0.0064892016459803,-0.0021967765781145,0.0006927760091857138,0.0110480245326238
2019-05-29,-0.0112848435022516,-0.0069612725688324,-0.016423041920819892,-0.0118200348251773
2019-05-30,-0.006341032988715,0.0056168412776966,-0.004194166251502374,0.0032223048159591
2019-05-31,0.0072627190931464,-0.0005966698898647,-0.008193442651542426,-0.0061989214618281
2019-06-03,0.0071762883812487,0.0092214785088813,0.0044954261008463,0.0043955432271485
2019-06-04,0.0003850591801943,-0.0071393842238394,-0.015390239283351148,0.0020499326831948
2019-06-06,-0.0127168047984846,-0.0014451901432139,-0.01474248483732532,-0.0082416858065869
2019-06-07,0.0010187291512187,0.0024395272561774,-0.005930557434953521,-0.0025038362330512
2019-06-10,0.0018407105626234,-0.000126265713048,-0.015229273676233612,-0.0003730209880046
2019-06-11,0.0007244320982719,0.0062406258110556,0.009034863983848451,0.0107566470577222
2019-06-12,-0.0040555395936817,-0.0061890846755747,-0.008712368603787213,-0.0120950156990013
2019-06-13,-0.0012774977585137,-0.0010773127024816,0.0052115842111937205,-0.0076190454647646
2019-06-14,-0.0035168150667621,-0.0067288080958844,-0.012424522860636444,-0.0019868122955416
2019-06-17,-0.0207349127448481,-0.0064567966630512,-0.032653805482102616,-0.0139618116799211
2019-06-18,0.0148454107012223,-0.0066703803243404,-0.0005020873877947807,-0.0034015624702208
2019-06-19,-0.0022987709991293,-0.0139647528239091,-0.009292990194094464,-0.0176212075289952
2019-06-20,0.0023039546308791,-0.0065660091011289,0.031585378306820955,-0.0008065439609276
2019-06-21,0.0123755479180978,-0.0135044148458113,-0.001495569464813662,-0.0017037852231276
2019-06-24,0.00214282538775,-0.0037322754004275,-0.0033991519767546663,-0.0097052433849643
2019-06-25,-0.0042297569399438,0.0031179264830678,0.0031124069701442547,0.0078610478622906
2019-06-26,0.0121646699483348,-0.0010631456230439,0.019785874124551794,0.00655667062303
2019-06-27,0.0046695724155296,-0.0010597968810384,-0.01016261762780235,0.0009063174118963
2019-06-28,0.0010628589763534,-0.0005710683477093,-0.01474582742000774,0.0130614918511382
2019-07-01,0.0116888978577771,0.0036888976283719,0.00027700173265432504,-0.0064835381648216
2019-07-02,0.0140142561783096,0.0102813849184757,0.00259020605394622,0.0069309457058768
2019-07-03,-0.0027518381893725,-0.001335353017047,0.010167476036183176,-0.0026332959256942
2019-07-04,-0.0008622267814502,0.0037611765305325,0.0006046973217204155,-0.0040006958481814
2019-07-05,-0.0119198942473037,0.002151360277518,-0.03692780966630538,-0.0127882985686549
2019-07-08,-0.006302511080815,-0.010396633467047,-0.027585666793263908,-0.0160306725282896
2019-07-09,0.0067387037509427,-0.0022032484320573,0.011254601264544917,-0.0144313757011664
2019-07-10,-0.013161301832433,-0.0101207562423063,-0.019124610184460544,-0.0052713412171584
2019-07-11,0.0045990490172109,-0.0001641150630444,0.008162709276353208,-0.0074892030885003
2019-07-12,0.0015884134029222,-0.001205717757669,0.005146622806398549,-0.0015456454214718
2019-07-15,-0.0137999861515076,0.0018349436107274,-0.0062955783844163005,-0.0029871115779783
2019-07-16,0.0056740002798829,0.00383992197,0.013346942829668196,0.0101127619318894
2019-07-17,0.0067690581185273,0.0024499594336493,-0.0030423625706619273,0.0001143999684143
2019-07-18,0.0028647791837146,0.004344587973952,-0.025199716202837452,-0.0100172848907721
2019-07-19,-0.0207833219262671,-0.0215761593321467,-0.019329547101229028,-0.0199938497241279
2019-07-22,-0.0041941311594544,-0.0049284978531779,0.01337435452182123,-0.0125265822335981
2019-07-23,0.0087433414051758,-0.0046384256223784,-0.011240455180559938,-0.0002831053436004
2019-07-24,-0.0208594414701557,-0.0054834072035733,-0.02733451626639305,-0.0018821829372271
2019-07-25,0.0314758037479867,0.0041555541115241,0.008771905265517077,-0.0052749523455731
2019-07-26,0.007995884796367,-0.0008092133563768,0.010512011187464587,0.0143934684857125
2019-07-29,-0.0123034279836681,-0.0122539555141493,-0.021152953849248757,0.0014128978996983
2019-07-30,-0.0139475432735245,-0.0068842914795478,-0.023112205476566783,-0.0084942715255215
2019-07-31,0.0101595935916249,-0.0047344512533231,0.016381533189043118,0.0119632566587801
2019-08-01,-0.0163336413862028,-0.0061381177715603,-0.01753702049840622,-0.006605029254376
2019-08-02,-0.0038293130007266,-0.0051812303326062,-0.010489926768371571,0.0015105871115739
2019-08-05,-0.0054454545406572,-0.0043259510562965,-0.015809872636772804,-0.0050943916473042
2019-08-06,0.0179853662566049,0.0060972269758996,0.019461761247159926,0.0123713557052058
2019-08-07,-0.0027387903529209,0.0028385462333053,-0.015831699069760563,0.0049505287116831
2019-08-08,-0.0004034036795834,0.0152174009062431,0.014930240053979471,0.0098525990789235
2019-08-09,0.0037064736998146,0.0085447860238581,0.010624687809530409,0.0084583774580262
2019-08-13,-0.0079713371805931,-0.0099985788622586,-0.029318363440242634,-0.0177866626868847
2019-08-14,0.0190630402973928,0.0104503872541956,0.0162429602163896,0.0048562249065855
2019-08-16,0.0130507671600688,-0.0041248673361082,-0.0031190055748138157,-0.0068829130300825
2019-08-19,0.0164721092836526,-0.0026674035591737,0.002700394659515881,0.0030296524039232
2019-08-20,-0.0049325934769883,0.0035468789776054,-0.011664035972043574,-0.0020629830016747
2019-08-21,0.0014817550891168,-0.0044428105421259,-0.021048121485814586,-0.0088675488291616
2019-08-22,-0.0140881424093464,-0.001349363126133,-0.024085949918916882,-0.0142149397104666
2019-08-23,-0.0162720724139442,-0.0082390707209782,0.006776451537694461,0.0064977174374887
2019-08-26,0.0175651826564766,0.0109158581092705,0.005497837616246448,0.0108120750221099
2019-08-27,-0.0002620632092398,0.0052868944802861,0.025277541176031315,0.0028472660845306
2019-08-28,-0.0048658104791029,-0.002744177467284,-0.015242647117619579,-0.0102954888286509
2019-08-29,0.0079599535913728,-0.0007674705330464,-0.0035383842259708587,0.0038828556236192
2019-08-30,0.0191098200802699,0.0097436622348381,0.012789530178543007,0.0154189393442638
2019-09-03,-0.0232743807711103,-0.0080048580214688,-0.019418523856485237,-0.0110222131459004
2019-09-04,0.0013936420663829,0.0014787859320251,0.02079024731597867,0.0029340907146466
2019-09-05,0.0022997440071579,-0.0017382895071267,0.010663649025561828,0.0096147289511661
2019-09-06,0.0068391520175479,-0.0015767568420423,0.007505628312278967,0.0041856203253698
2019-09-09,0.0182210613232116,0.0068298878394021,0.010863820018768733,0.0006840179203404
2019-09-11,0.0120375413964688,0.0050277260251065,0.013314547834087032,-0.0040869150528859
2019-09-12,0.0029241801022639,0.0002441844679512,-0.006105926863058109,0.0079730455646682
2019-09-13,0.003700400170689,-0.0009665827535072,0.010908436009420486,0.0104644195888843
2019-09-16,0.0171705192651185,0.0046178088893054,0.0007982709753775463,0.0389290742291776
2019-09-17,-0.0220643418354936,-0.0075943096084086,-0.03462668845819217,-0.0268140127376722
2019-09-18,-0.0055204675073925,0.0009862663977546,0.00234054001340378,-0.0084557694933133
2019-09-19,0.0030018432982938,-0.0016757201425462,-0.015147861080716973,-0.0025213873672688
2019-09-20,0.0252315909990863,0.0251253517840719,0.029390421393694854,0.0303239508198907
2019-09-23,0.0189717581117034,0.0170931771673634,0.0094535230644186,0.0147948132829687
2019-09-24,0.0140438009444958,0.0087658603795681,0.0017832253965397449,0.0060232929926102
2019-09-25,-0.0044422529284393,-0.0046416343870154,-0.018359438163805808,-0.0139736934596425
2019-09-26,-0.0096267165705,-0.0030170666869493,0.003384037681862795,0.0046827362313217
2019-09-27,-0.0027955438418435,0.0029799199684021,-0.02744648713698805,-0.0249917531436769
2019-09-30,-0.012437427972442,-0.0043402789934019,-0.012726175286183694,-0.0226376012093315
2019-10-01,-0.0143936634408652,-0.0076904013672992,-0.011212659106098921,-0.009460390436362
2019-10-03,0.006843463700626,-0.0033906544299309,-0.004187364625291234,-0.0067206436568411
2019-10-04,-0.0083191631913354,-0.0135500279874504,-0.008465230393687961,-0.0103687831347558
2019-10-07,0.0034208168285654,4.5434483229023215e-06,-0.001447859646841132,-0.0053576750356665
2019-10-09,0.0036546044558922,0.0077820664004217,0.009993486676397545,0.0001545434128475
2019-10-10,-0.0240576910573053,-0.0068569927385835,-0.02129498742097946,-0.0023773220361242
2019-10-11,0.0099152732732987,0.010070043083177,-0.00011556752935082404,-0.0005806582390549
2019-10-14,0.0072990063910614,0.0056568826634846,0.0029722902323827682,0.0056966144765953
2019-10-15,0.0097415211832128,-0.0031709554930431,-0.00369853287052202,0.0088134816081284
2019-10-16,-0.0144995832296155,0.0030546344742854,0.010206312590230748,0.0042440113285493
2019-10-17,0.0094882894650774,0.0190997452237642,0.010710773473024737,0.019242305512729
2019-10-18,0.0239478969053192,0.0056663726640344,0.03176994500940533,0.0149147855718672
2019-10-22,0.0293768978348905,0.008833412638936,0.002092885352721341,0.0246791502224852
2019-10-23,-0.0062541928810929,-0.0012068647863182,0.0057784367126054725,-0.0063887038789292
2019-10-24,-0.000411906066373,-0.0030512170171326,0.0012050704774275722,-0.0078253822271412
2019-10-25,-0.0127653997132215,-0.0050722102857022,0.0014681891073737852,-0.0046717946137159
2019-10-27,0.0120898063871686,0.0019161767981406,0.01397371993362384,0.0009790252845649
2019-10-29,0.0114466965412318,-0.0048630631799164,0.009437532070939891,0.0166670086759872
2019-10-30,0.0015774537065866,-0.004196320515442,0.008773024410471564,0.0001012959673309
2019-10-31,0.0183854975813999,-0.0007136941247192,0.0021782447013172224,0.0029424604162608
2019-11-01,0.0018386384176369,0.0013902584291904,-0.0073946371061507365,-0.004233728040472
2019-11-04,-0.0065676302558094,0.0029885747216846,-4.437110952382195e-05,0.0103490331240359
2019-11-05,-0.0119017231803371,0.0048224611799219,-0.002004121512042767,-0.0090735579443846
2019-11-06,-0.0054267587552898,0.0067983215669622,-0.0004211604531444424,0.0029908146086212
2019-11-07,-0.0065689033800852,0.0022445825860728,0.011841737093079896,0.0100608136563653
2019-11-08,-0.004539645933833,-0.0042464284495848,-0.009797414408162619,-0.0133726315613089
2019-11-11,0.0069759557921387,0.0037973952088456,-0.0021567897732858166,0.0030486999769787
2019-11-13,-2.393945907452899e-05,-0.0128358480662795,-0.013691342034710785,0.0150521746171246
2019-11-14,0.0318979150667375,-0.0072744267307383,-0.00047027991961612337,-0.0083527053647552
2019-11-15,0.009045563622797,-1.4883455639047584e-05,-0.006235549957558262,-0.0069833754554107
2019-11-18,-0.0057869078932694,-0.0041046180939106,0.012516784322877728,-0.0051989101526687
2019-11-19,-0.0015693065785871,-0.0065578510801418,0.012049311959894338,0.0018366817400041
2019-11-20,-0.0047935320895338,0.0079666539128802,0.01568965036521308,0.0033320248254362
2019-11-21,-0.0064640890706202,0.0011887209021588,-0.024144597805044965,-0.0086780233770237
2019-11-22,0.0010063600382406,-0.0028143909694928,-0.0035793653238965772,0.0042490888255239
2019-11-25,0.0311121870446351,0.0077990158408325,0.020317921824996255,0.0103470594091628
2019-11-26,-0.0246682213436819,-0.0099355889263018,-0.0011093682731321275,-0.0084163807134139
2019-11-27,0.0017221092342547,0.0056537746474216,0.011306197068325696,0.0210023204767375
2019-11-28,-0.0014123407534503,0.0020222307923223,0.014184065847004712,0.0025847054854744
2019-11-29,0.0117639073741329,-0.001839191114507,-0.009937297634318831,-0.005067731147113
2019-12-02,-0.0092240750206674,-0.0085771049823814,0.005136930318786703,-0.0189305118876708
2019-12-03,-0.0108273782129604,-0.0057257396731195,-0.002825068468623737,-0.0094595356246104
2019-12-04,0.0059763875641196,0.0124803847188332,0.013330802293556987,0.0053416716537415
2019-12-05,0.0083858514966339,0.0006794024772889,0.004222389679058747,0.0018862401944705
2019-12-06,-0.0057184157250621,-0.0277942073780662,-0.019565193914840684,-0.0066985895598266
2019-12-09,0.0039075913919937,-0.0044342225771565,0.009167977749351408,-0.0025425034344805
2019-12-10,-0.0031901065990993,-0.0094450811378086,-0.023808089207490668,-0.0130745610395464
2019-12-11,-0.000319776846734,-0.0031361890104232,0.004364269586933034,0.0061303784579616
2019-12-12,0.0065889328547759,-0.0029021568754933,0.014289798827270106,0.0071201595935437
2019-12-13,0.017011037783728,0.0065594665915034,0.013060028837204696,0.0032027693879952
2019-12-16,-0.007812350126001,-0.0040162651802155,-0.012277130712503026,-0.0059197124690183
2019-12-17,0.0052978230376601,0.0059028763427242,0.008419886343506766,0.005245684985162
2019-12-18,0.0026093453057212,0.0111029005965375,0.003789580792835645,0.0040674768716888
2019-12-19,-0.0089480920781983,0.0007729778149232,-0.002498931613580724,0.0007963556760028
2019-12-20,0.0094975725796517,4.03490991922606e-05,-0.0002162586539616873,0.0030934769336705
2019-12-23,-0.0063272479109673,0.0036612247627589,-0.0012901561237342873,-0.0038921472469332
2019-12-24,-0.0052926863502156,-0.0054224463047605,-3.2918133618942136e-07,-0.0033574191199143
2019-12-26,0.0047746826455978,-0.0006443645052103,-0.008477261610665754,-0.0006352370734286
2019-12-27,0.0062324599136005,0.0014037087460658,0.025090354748366517,0.0021758213984637
2019-12-30,0.0018578187153002,0.0089109586209708,-0.002929127511948626,0.0018582589616213
2019-12-31,-0.0018582317308838,-0.0050236997303838,-0.006442960292643352,-0.0022838825114658
2020-01-01,-0.0016307155348376,0.0122618021800238,-0.005790461263892599,0.0028594207942997
2020-01-02,0.0035828841627387,0.0025772578440721,0.0024568007546688087,0.0003436648467145
2020-01-03,-0.0038763705134479,-0.0035681522399196,-0.012303266279870662,-0.0009742975282689
2020-01-06,-0.0317890891531549,-0.0079829287395358,-0.016227304446226443,-0.0205977243768682
2020-01-07,0.0145998626467716,0.0023778894847967,0.0037188251148538853,0.0031163758411303
2020-01-08,0.001455944944841,0.0037455313356569,0.001474679753674435,-0.0024389091736263
2020-01-09,0.0259054741356543,0.0069384047266165,0.02315206508496659,0.003866577409203
2020-01-10,0.0088026275199193,0.0050971532230625,0.006079416759380729,0.0107835202992425
2020-01-13,0.0341044142674022,0.0147564439789777,0.014006827044958925,0.0145979279560291
2020-01-14,-0.0063557426402219,0.0035623548551459,-0.003697069368647554,0.0106532938896621
2020-01-15,0.0168162657798298,-0.0044122459146417,0.007120023894295002,0.0039463438120388
2020-01-16,-0.0014653942179516,0.0036303061884475,0.0051920650906553956,0.0153702361173817
2020-01-17,-0.0007599309531383,0.0082928399095498,-0.0056461046945063265,-0.0009063607152541
2020-01-20,-0.0209547722821916,-0.0012120217381332,-0.025156360134057087,-0.0102101998479489
2020-01-21,-0.0038069614340695,-0.0023208853041765,-0.005001516653254212,-0.0042969534623007
2020-01-22,-0.0068475341588496,-0.0010311983716506,0.011952071056939184,-0.000956768618254
2020-01-23,0.0343538298593097,-5.27068961887478e-05,0.00874405293925884,0.0170028738952023
2020-01-24,0.025484824923267,0.0073575869638005,-0.001542693979746268,0.0133540686380007
2020-01-27,0.0060987684025841,0.0010040238803266,-0.014767137532071484,-0.0151601357806833
2020-01-28,-0.0029545689328176,-0.0064543410441704,-0.006875327154987287,-0.0081237115435472
2020-01-29,0.00661842846789,0.0076717734211229,0.003668243078456035,0.0051030918543251
2020-01-30,-0.0137385054434975,-0.0026617938819538,-0.017518202515691694,-0.0184749108258541
2020-01-31,0.0091745411169488,-0.008408930648173,-0.005924837036458852,-0.0123054638258166
2020-02-03,-0.0095406254825897,0.0187547953434976,-0.05205431759586954,-0.0261796641187537
2020-02-04,0.0178708138690499,0.0014080790398931,0.015203788602988988,0.0200270452531059
2020-02-05,0.02506496534757,0.006788543011664,0.019367838330216935,0.0128344553783075
2020-02-06,0.0022729908557488,-0.0031955575708799,0.0068284472522754935,0.0080449749521198
2020-02-07,0.0346476406159572,0.0017666132264353,0.007570036466847174,0.0183013665172238
2020-02-10,-0.0051591386258578,-0.0063143110956924,-0.018572632067522687,-0.0047425153253575
2020-02-11,0.0111263006616839,0.0103009981821458,-0.006190806211612165,-0.013233178716157
2020-02-12,-0.0094578371784527,0.0033018270188875,-0.0044247395847948345,-0.0142112584334773
2020-02-13,-0.0050945264089309,0.0071196298632438,-0.006230044709444327,0.0019680308889111
2020-02-14,0.0037642872295911,-0.0066367744628156,-0.009532997872618743,-0.0159244675040366
2020-02-17,-0.00585898407285,-0.008417316749661,-0.011983544149558378,-0.0187579246541697
2020-02-18,-0.0037341723635384,-0.003391226266429,-0.015988097834995663,0.0015155705657214
2020-02-19,-0.0023829751224593,0.0063210683087504,0.009334562187027773,0.0243187787437955
2020-02-20,0.0251219799987854,-0.0062945717364163,0.0036682715445297553,-0.0073264134980115
2020-02-24,-0.0316172822743467,-0.0188153865248946,-0.014380257201753621,-0.0202712967904029
2020-02-25,-0.0110147736807915,-0.0079961580774469,0.0035204272413247306,-0.0028688464334243
2020-02-26,-0.0137779104369268,-0.0030453762634389,-0.009079110900751641,-0.0041623214299084
2020-02-27,-0.0094811773399851,-0.0022441525454928,-0.011822804120741437,-0.0114671368943407
2020-02-28,-0.0401281392326562,-0.0385176595036688,-0.04822504086808621,-0.0433325936539786
2020-03-02,0.010423784957694,-0.0101691987819073,0.0022770818161292894,-0.0027849069921682
2020-03-03,-0.0010604771105801,0.0156127351732509,0.04024057598823161,0.034064437452874
2020-03-04,-0.0080175302595313,0.0052288823621176,-0.02489507582542405,-0.0127646587666441
2020-03-05,0.0064057114139199,0.0131177183303878,-0.004343234596888124,0.0068759017810813
2020-03-06,-0.0074583022825344,-0.0082469695647535,-0.017814264571799243,-0.02640157371092
2020-03-09,-0.0393433861027892,-0.0312795954422014,-0.04452561947332656,-0.0541676472029937
2020-03-11,-0.0372233031513692,0.0072452865936927,-0.004176570053659012,0.0086266539753121
2020-03-12,-0.1165640808088314,-0.0654994443629458,-0.10298883004345127,-0.0943136979443519
2020-03-13,0.0364561825828186,0.0339361889945875,0.06887995296256588,0.0368524923311883
2020-03-16,-0.056509748398721,-0.0470667948212436,-0.05633458270220704,-0.0424389475693067
2020-03-17,-0.0150687773942167,-0.0033098928441261,-0.021970827283121275,-0.0178928348111089
2020-03-18,-0.04988516602374,-0.0483100296014156,-0.0753701706440647,-0.0561358906521127
2020-03-19,-0.035981574819997,-0.0402882281198069,-0.04978610773686665,-0.0630140884715427
2020-03-20,0.0002634006629154,0.0512743628496297,0.0454998764750576,0.0506389713979222
2020-03-23,-0.1101409958813226,-0.0901381700526671,-0.1307332346391813,-0.0919853394774805
2020-03-24,0.0292862009267091,0.0008640741779886,-0.014490388978970259,-0.0055723136259422
2020-03-25,0.0122987347375642,0.0111637482459572,0.01634518379703609,0.0174256198099569
2020-03-26,0.0129487073699758,0.0375599226895762,0.037432722734799695,0.0341848001832696
2020-03-27,0.0032310100278667,-0.0098711865375687,0.013693786542687159,0.018883923801807
2020-03-30,-0.0270058591097752,0.0078167996042435,-0.015156028596519877,0.0058464020187549
2020-03-31,0.0421422293221587,0.031175259968458,-0.0019636641887874617,0.0411724872220455
2020-04-01,-0.0282983959060938,-0.0164771380037112,-0.002255336434960009,-0.0119674651114125
2020-04-03,0.0049640843479488,0.0047685916772823,-0.00032593881400999614,-0.0104586312626292
2020-04-07,0.0656685416198077,0.0641949654499058,0.05718021350220037,0.0610549938609672
2020-04-08,0.0363452263119663,0.0064020852670172,0.006736726344080068,0.0094173536042272
2020-04-09,0.0464938780772374,0.0230315723425931,0.0401802792839836,0.0307004655757145
2020-04-13,-0.0049436627353042,-0.0115552544511049,-0.010394726047766145,-0.01213077174337
2020-04-15,-0.0083967286896167,0.0147342847154081,0.0010003280974608675,0.0320407364084958
2020-04-16,0.0143386748173446,0.0047166509407055,0.03146637175944522,0.0115729528412358
2020-04-17,0.0237452329057799,0.0151116230654979,0.03255500427942648,-0.0111150916662006
2020-04-20,0.0192677979761894,0.0070766556731469,0.0008801964284090857,-0.0005312394721754
2020-04-21,-0.0219242120365693,-0.021816125951765,-0.02719132288377013,-0.0060989299068503
2020-04-22,0.0493564092344351,0.0193519008724989,0.027185788186881776,0.0180095036332639
2020-04-23,0.0064558640183045,0.0020664121559357,0.013567989648693102,0.005055420068498
2020-04-24,-0.0113807383017215,-0.0124779895264369,-0.024131425175509813,-0.0150128273380003
2020-04-27,0.0402179937426459,0.027732671295612,0.00733398564492016,0.0126961810074244
2020-04-28,-0.004044973727006,-0.0050527235845385,0.0004039827475688096,-0.020513352108045
2020-04-29,0.0018705938029035,0.0010630107902813,0.01903736346621754,0.0103958632843987
2020-04-30,-0.0080028403725045,0.0123688805394999,0.00434393801233024,-0.0058673027852915
2020-05-04,-0.0155206528939644,-0.020981139538138,-0.05972048642419381,-0.0424513746589594
2020-05-05,-0.0017801724094977,-0.0143407007192556,-0.02091879785838202,-0.0219167729099929
2020-05-06,0.0020595706905197,0.0005245387861072,0.004138387058928883,-0.0149889091201096
2020-05-07,0.0039261411521633,-0.0136567200221663,-0.00036720449815086376,-0.0175571182167781
2020-05-08,-0.0088517756708934,0.0020420424617288,-0.006755921057057135,-0.0047456922523184
2020-05-11,0.0059605052666249,-0.0001651360430089,0.004006409487116169,-0.0043764504542416
2020-05-12,-0.0026888812051845,-0.0090809450896602,0.0033984789663468185,-0.0164070894415609
2020-05-13,0.0064790319733092,0.0055682469666611,0.023963386937517095,0.0239545129621376
2020-05-14,-0.0065761971727055,0.0063459333014346,-0.00527914154881437,0.000488050556195
2020-05-15,0.0109932251894844,-0.004766547736098,0.005428489265161263,0.0078056185774604
2020-05-18,-0.0274236722715448,-0.0157548659511748,-0.0449410188347924,-0.0273586665203857
2020-05-19,-0.0095179289902807,0.0068748050630624,-0.0004904573340831497,0.0031218682778089
2020-05-20,0.0162182919879394,0.006817121073847,0.015446790488868878,0.0158890466059236
2020-05-21,0.0154101854036308,-0.0067082511962154,-0.00032485419767802615,0.0043569488623695
2020-05-22,-0.005416715920934,-0.0054171342246353,0.005126370025296367,0.0045904493484201
2020-05-26,0.0169154497932058,-0.0007564228261378,0.006307572906691261,0.0010110958476854
2020-05-27,0.0051707688739557,-0.000984895173611,0.01929074593443536,0.0042212860431318
2020-05-28,0.0060173288932781,0.0069968742528743,0.02799301665594567,0.0064139679781318
2020-05-29,0.0133583849865162,0.0229558151156774,0.020623318835032878,0.025044588394278
2020-06-01,0.0136650183151918,0.0266664859030458,0.03059286039417497,0.0315837672868648
2020-06-02,0.0099142024221663,0.0002967167686893,0.045420715718929694,0.0056166969748914
2020-06-03,-0.0077675915916152,0.0019694133148489,0.010898925078133281,-0.000380769597475
2020-06-04,0.0032604912884337,-0.0080928889517992,0.003939406650611543,0.0085590074815631
2020-06-05,0.0160958662026298,0.021749607039055,0.021507874011255534,0.0191910276865259
2020-06-08,0.0037566905954069,0.0113198887438452,0.004144018287627338,0.0039627344051977
2020-06-09,-0.0188657988973593,-0.0111475740843542,-0.014460958332761953,-0.0155769655410897
2020-06-10,0.0092516440721106,-0.0106808729586809,0.005978947766930087,0.0047767885439338
2020-06-11,-0.0044524739588002,-0.0082552818729999,-0.021844229247763303,-0.0182007328462456
2020-06-12,-0.0011636194764829,0.0187083826487644,0.009897816642651103,-0.0022682174366959
2020-06-15,0.0051080932735354,-0.0131953744730045,-0.01973688076415847,0.0026014457870178
2020-06-16,8.25734303122605e-05,-0.0028932421092445,-0.004426321206071893,-0.0011873390021303
2020-06-17,0.013511287347014,-0.0063787050841405,0.0031803576797773125,-0.0056049551100065
2020-06-18,0.0059491833000344,0.0064657627207285,0.017870867752298736,0.0141472681889929
2020-06-19,0.0084407264034915,0.0108506064088729,0.015700583349534503,0.0141101164256207
2020-06-22,0.0054455379002456,0.018292834476643,0.07246495010939813,0.0132958586199358
2020-06-23,-0.0010030705973064,0.0191812508082831,0.014053528710270324,0.0091340945977131
2020-06-24,-0.0178419463355562,-0.0070920864390408,-0.03239102106123837,-0.0121732018006311
2020-06-25,-0.0004600229561104,0.0053154991591193,-0.010844947345735934,-0.0009521711427733
2020-06-26,0.0067487871342106,0.0128112071112567,0.00875972179628648,0.0010868668695755
2020-06-29,-0.0161040245508718,-0.0073029247440636,-0.01755062976926869,-0.0196058246390445
2020-06-30,-0.0008875172747416,-0.0067213736254956,-0.013318602483997188,-0.0077472179628669
2020-07-01,0.0039686717128673,-0.005214845363281,0.012936620921673914,-0.0074362362641406
2020-07-02,0.0143707928840086,0.0108420398284752,0.004254998925637521,-0.0032633412296473
2020-07-03,-0.0001464892213398,0.0077390627915496,0.0007446256170846599,0.0118765531969173
2020-07-06,0.0070772166571828,0.0136380479981923,0.027417758212192167,0.0104375325337278
2020-07-07,-0.0052917448563517,0.0105627474243934,0.013964760171423674,0.0090254675775127
2020-07-08,0.0012364699766589,0.0068936323238288,-0.0054458976937137304,0.0037053103240112
2020-07-09,0.013139181350833,0.0087943462741011,0.013568517185219786,0.0078202062819527
2020-07-10,0.0125992933317744,-0.001843962850788,-0.014088255327295074,-0.0006844186743333
2020-07-13,0.0186862773747105,0.0192067752428062,-0.005191094036083865,0.0049972260457986
2020-07-14,0.0017954958170873,0.0001566485587387,-0.023972669638743782,-0.0164012263905999
2020-07-15,-0.0045491590413999,0.0066067260284132,-0.022912344347564284,-0.0024414693133637
2020-07-16,-0.0081550020897243,0.0028669627035289,0.005839321086577698,-0.0117374201522529
2020-07-17,0.0062055285473905,0.0067961512817442,0.01767004310659237,0.0125168068686534
2020-07-20,0.0098594077506093,0.0093576206569576,0.0008113205788311539,0.0108458579051882
2020-07-21,0.0062024207623709,-0.0055247147326767,-0.003774379265411021,0.0017186153594268
2020-07-22,-0.0101257696181878,-0.0116352456620033,0.0001552670949320767,1.468346694877276e-05
2020-07-23,0.0055424120478195,0.0142317201928023,0.020934578592766373,0.0126136252154327
2020-07-24,-0.0086888672721873,-0.0004902931929927,-2.9097464214755675e-06,0.0076404371227041
2020-07-27,0.0100106658958198,-0.0055989977346443,-0.01201187513700519,0.0027322880349547
2020-07-28,0.0277682363295705,0.0054258546735808,-0.002625697952386097,0.0094823225552633
2020-07-29,-0.011458505119212,0.0161835229101816,0.00976768870415623,0.0072036003346414
2020-07-30,-0.0136373501763794,0.0073722105795912,-0.013562162198750727,0.0001305804994933
2020-07-31,0.0076677375869229,0.0009366214450285,-0.0005585333497190037,0.0216940252151616
2020-08-03,0.0054124315717183,0.0088698196420169,-0.009883508656877815,0.0032307813066301
2020-08-04,0.002555148107568,0.0019481755110308,0.010313946222516801,-0.0032396410326903
2020-08-05,0.0044766585478352,-0.0023357167769711,0.009252592530953674,0.0124706983524371
2020-08-06,0.0084480592078688,0.0094004301746821,0.01293271196235013,0.0100000165464815
2020-08-07,0.0092953447309984,0.0075510195082935,0.01071885648546922,-0.0057266612142212
2020-08-10,0.0092373925303206,0.0088380315703513,0.020776989351692254,-0.0067499731462136
2020-08-11,-0.0076651282601021,-0.0058639554835679,0.0005563703749329463,-0.0086322760753898
2020-08-12,-0.0081042460181156,-0.0070399222851592,0.0025418864736825864,-0.0032581672972102
2020-08-13,0.0072439280131586,0.007563019308413,0.008748945550367981,0.0021560390551831
2020-08-14,-0.0159944770134428,-0.0062696415951275,-0.008782042617465957,-0.0084205228831248
2020-08-17,0.0413033175790009,0.0047424526927053,0.008281577516588756,0.0138141108172906
2020-08-18,-0.0117489871499556,0.008834581180352,0.010775028028307654,0.0071638709750916
2020-08-19,0.0051306821771968,-0.0010381870368006,0.03378186647109627,-0.0010610658330559
2020-08-20,-0.001199880794321,-0.0002343985432305,0.0101798324888418,0.0131351263904588
2020-08-21,-0.0028058433446571,0.0099857854614422,-0.006247096916027761,0.0112934920093419
2020-08-24,0.0053664393656065,0.019894042056995,0.004738424086426107,0.0395964995311619
2020-08-25,0.0152518673202093,-0.001085405159879,-0.007192986740628959,0.0181302111779237
2020-08-26,0.0088110572054305,-0.0006445396001923,0.010560215908135051,-0.0018414177253097
2020-08-27,-0.0044056451861641,-0.0024178455107374,0.007631804741696335,0.0054660612541888
2020-08-28,-0.00493358821289,-0.00971337967698,0.011322075281686272,-0.0147351327769541
2020-08-31,-0.0353106106273363,-0.0263389560383323,-0.04004382300315812,-0.0188982045896842
2020-09-01,-0.0045639365535534,0.0091616154410221,-0.005523309671483623,0.0034088652336305
2020-09-02,0.015080919658547,0.0055843411152409,0.01803315806534833,0.0396890520824839
2020-09-03,0.0036894081792129,0.0068658952258084,0.008007303914873809,-0.0096597694209837
2020-09-04,-0.0084259088565713,-0.0131506286992373,-0.014816721896320106,-0.0172912321165478
2020-09-07,-0.0070927346351764,-0.0006413537069673,-0.0070754096232718,0.0192372173065291
2020-09-08,-0.0116088561488075,-0.0029723823988455,-0.025233690500140127,0.0118003050115464
2020-09-09,-0.0102121217093391,0.0013914727277477,-0.005603980197588454,-0.0158701054257577
2020-09-10,0.0128371013167585,0.0057201029858615,0.006059669077438379,0.0178086265047014
2020-09-11,0.0058040864337591,0.0090979783473252,0.0010258699382481584,0.0040855503319527
2020-09-14,0.0292918107759427,0.0059523396840364,0.014096226723918859,0.0291270407983879
2020-09-15,0.0123858313179294,0.006007553312701,0.0121694222899551,0.0155269762786642
2020-09-16,0.0199235549185161,-0.0001855769490529,0.00265994389974078,-0.0143918776651905
2020-09-17,-0.0046214141472367,-0.0051044878184671,-0.003333583374729332,-0.0131876335853668
2020-09-18,-0.0141865561599195,-0.0076130092871721,0.0074241253464548684,-0.0020100005177127
2020-09-21,-0.0410268560863712,-0.0137901064584252,-0.0444588246241715,-0.0259385026559214
2020-09-22,-0.0130279114150347,-0.0105446862635864,-0.04393298603299167,-0.0069567974007092
2020-09-23,-0.0041828591607756,-0.0077737625653877,-0.006325623275802994,-0.0001538677695099
2020-09-24,-0.0177066802929611,-0.0138739685000022,-0.02191731057690416,-0.0175592095927968
2020-09-25,0.0166480561280824,0.0181698871157092,0.03355262210622123,0.027644393737954
2020-09-28,0.0147653994160619,0.0166627319226688,0.04615397819049849,0.0189800449032622
2020-09-29,-0.0057337453526569,-0.010781277123837,-0.018395522076146587,-0.0043732386535306
2020-09-30,0.0043446885962574,0.0054162919850517,-0.003877359143366288,-0.0021509161518417
2020-10-01,0.0066981377100219,0.0093804231172534,0.03852177500022669,0.0050126125496052
2020-10-05,-0.0024501575598295,0.0051895130769346,-0.007713194342222951,0.0208640058744009
2020-10-06,0.0206346520382112,-0.0013534749285463,0.015223124862236759,-0.0008813080380453
2020-10-07,0.0445044170626689,0.0073689514833126,-0.015158610408832707,-0.0079625954102283
2020-10-08,-0.0202364108348263,-0.0012421674130116,0.0030665383243579925,-0.0030229654124993
2020-10-09,-0.0063367533359919,-0.0080353176237418,-0.004719847100277064,0.0011503078300705
2020-10-12,-0.0037677995966796,-0.0033248055429118,-0.017113339330404598,-0.0084294058889425
2020-10-13,-0.0012400379136058,0.0011915104169315,-0.002545736775820151,0.0063673952088676
2020-10-14,-0.0092988365989375,-0.0008036039068946,0.005383653289203094,-0.0015926597384178
2020-10-15,-0.0117122474783811,-0.0078359000210516,-0.025107590948906133,-0.0122925066436301
2020-10-16,0.0007733969168925,0.0033697890217023,0.0010813569436571857,0.0056896039341967
2020-10-19,0.0013786791295382,0.0125250730349339,0.01943652799326756,0.0084383169269901
2020-10-20,-0.0001719189007385,0.0009842234708059,0.0012603177378802677,-0.0039123883515889
2020-10-21,0.014666165039308,-0.011649880282155,0.00821819043945271,-0.0108272657193727
2020-10-22,0.0147088901498795,-0.0021487978138803,-0.003654722437256841,0.0089378758070197
2020-10-23,0.0050489070285413,0.0132837239099146,0.0033654476242672704,0.0104731168537262
2020-10-26,-0.0073665702017032,-0.0197113114511958,-0.006263437237127745,-0.0131988735077286
2020-10-27,-0.0052664048013545,0.0271744984220076,0.0006020632882230981,0.0054859413271002
2020-10-28,-0.0123246622082192,-0.002509937644465,-0.01944419041297829,-0.0015204657495624
2020-10-29,-0.0119468333874619,0.0096703340392976,-0.008989836001204954,-0.01488649600395
2020-10-30,-0.0058635555101392,-0.0101994131648824,0.006154476171476242,-0.0083277627161804
2020-11-02,-0.0049007507710405,0.0014500942782293,0.005834175688896215,-0.0088079104664435
2020-11-03,0.0106360590187117,0.007401991156827,0.01454322073229175,-0.0001780901490779
2020-11-04,0.0031721605451651,0.0005809872409578,-0.0053431880533830745,0.0016277055974054
2020-11-05,0.0107950279986384,0.0101960791282154,0.017273075325702658,0.0179970394078483
2020-11-06,0.0118017246151336,0.007162156041268,0.009096004801747881,0.0111314977962018
2020-11-09,0.0018931809207742,0.0036563013284498,0.009380384242571038,0.0095959958083176
2020-11-10,-0.0114826726281255,-0.0133239793399353,0.0327313669716891,0.0019817401593162
2020-11-11,0.0120847697716346,0.0090404587036727,-0.004654832239155193,0.009923683566861
2020-11-12,0.0009802677914936,0.006168027309694,0.003938222618072418,0.0042584797688556
2020-11-13,0.0018544547321259,-0.0025226167956887,-0.003493719602602474,0.0066331009532301
2020-11-14,0.0053252656885331,0.0042653064159812,0.006252459969481983,0.0029746393789213
2020-11-17,-0.0091334422049637,0.0019351257387363,0.002555189916635392,0.0411605256769374
2020-11-18,0.0012478366423633,-0.0026076337664315,0.022382494298506916,-0.0094233056539284
2020-11-19,-0.0023994436239173,-0.0085311052229244,-0.001359591013700534,0.0011960122317811
2020-11-20,0.000490901579738,0.008377481440652,0.004789888262930919,0.0089862817023051
2020-11-23,0.0041920558827095,0.0094557770159326,0.026939754290201012,0.006041124810306
2020-11-24,0.0046111813412019,0.0007957431204941,0.012601158065552731,0.0060270805873874
2020-11-25,-0.0085591533730431,-0.0171399501099007,-0.006275831511733054,-0.0133823839013074
2020-11-26,0.0113407913135636,0.0084102047779119,0.012907921737411732,0.0023784395577137
2020-11-27,0.0071240818729985,0.0010956768850676,0.015402045639619333,0.0170709036670682
2020-12-01,0.0048128964981781,0.0063335090880662,0.01579735450718278,0.0070831987680617
2020-12-02,0.0091541596381337,0.0141891990661138,-0.003693354015863015,0.0047383541563219
2020-12-03,0.0136256402458856,0.0075847693814175,0.01782674600410572,0.0018204191848285
2020-12-04,0.0113492102769319,0.0034708432978891,0.0039001372980920213,0.0056022004120275
2020-12-07,0.0085471185866947,0.0070975126700392,0.020555218170390743,0.0084281494078046
2020-12-08,-0.0071406908263378,-0.0003467837274603,0.0007088128763608204,0.0032882429312712
2020-12-09,0.0105835661151749,0.0055786650049323,0.0048898518158064785,0.011917963535011
2020-12-10,-0.0293486679663717,0.0089082806113385,0.0014087099108721635,0.0020949298433452
2020-12-11,-0.001856823715198,0.0032730693755436,0.01083248433145445,0.0049301606971177
2020-12-14,0.0076701202139475,0.0022764375344754,0.014427233218465174,0.0051503639797256
2020-12-15,-0.0062806088146918,-0.0062875729331597,0.009176974193263021,0.000264295360981
2020-12-16,0.0167379491007046,0.0048498653685347,-0.00039188371092713226,0.0105819463687966
2020-12-17,-0.0072787898906395,0.0029220870430408,-0.005196161450262249,0.0102516229376954
2020-12-18,-0.0014572408134058,0.0115245015875034,0.00694217869289071,0.0033450167288908
2020-12-21,-0.0309026155708984,-0.0302336230845574,-0.06601068572075242,-0.0516467080704874
2020-12-22,-0.0188277252100952,0.0102771144170452,0.02150700387672777,0.0263035872642094
2020-12-23,0.0160059469554156,0.0193058302536608,0.04216026512029325,0.0129040843485681
2020-12-24,-0.0018659338481035,0.0029243810766981,3.257218521368621e-05,0.0106750282731342
2020-12-28,0.0069105024885867,0.0093388935863498,0.010064215236158303,0.0070472199785931
2020-12-29,-0.0085257498476049,-0.0043277038435964,-0.011585029411727898,-0.005260537649303
2020-12-30,-0.0034963311233513,0.007871282071491,-0.0042674973485220535,0.0065057558878505
2020-12-31,0.0049104863845867,-0.0013172857751064,0.002013162401388602,0.0040731135517952
2021-01-01,0.0093329452969965,0.0047699278633877,0.015994818272531575,0.0130476906536607
2021-01-04,-0.00156255560956,0.0186343726618771,0.016253700351990252,0.0215509110694287
2021-01-05,0.0096530236684653,0.0077155576165512,0.005598639959281337,8.939661818208045e-05
2021-01-06,0.0065174365853302,-0.0043591081932241,-0.0019368762035301135,0.0075254830278674
2021-01-07,0.0181659890820404,0.00149710832653,0.017008094646895122,0.0049793790265115
2021-01-08,-0.001499397912424,0.010506238316974,0.0005920379134609632,0.0129298404926285
2021-01-11,-0.0069056876110087,0.0004892502232805,0.005812268932817943,0.0147249285526853
2021-01-12,-0.0018447793227038,-0.0036924347622251,0.008256266728012385,0.0054071350735556
2021-01-13,-0.001773652315395,-0.0054214282778507,-0.005733287513515095,-0.009597624303545
2021-01-14,-0.0062080769695681,0.0009117973440075,-0.003088816311603737,0.008113112269604
2021-01-15,-0.0066862754496158,-0.0095457646966313,-0.016287109724429927,-0.0165390341999845
2021-01-18,0.0003455912528755,-0.0117850223403066,-0.029227022271809733,-0.0088021427425487
2021-01-19,0.0031978728142989,0.0062179818997756,0.018622532972154104,0.0064880118514765
2021-01-20,-0.0032106937087057,0.0028749258892466,0.0024216157713887743,0.0014535099568482
2021-01-21,0.0046844710796896,-0.0049467389739973,-0.007341364585732646,0.0051883106900598
2021-01-22,0.000934923664557,-0.0071960562398316,-0.018908549338069736,-0.0105564163586689
2021-01-25,-0.0011811070018609,-0.0089962027775951,0.0006681132533403744,-0.0080546222672984
2021-01-27,-0.0090327892357876,-0.0180588893519384,-0.01463369858058583,0.0051090589183795
2021-01-28,0.0060625335963793,-0.0065346167797021,-0.0067829400834937825,-0.0041777532682578
2021-01-29,0.0048794247802319,-0.0169518503716383,-0.007315913834251564,-0.0100561320502932
2021-02-01,0.0043338192760351,0.0064048104700087,0.05335626372816549,0.0037866160913775
2021-02-02,0.005175736425981,0.0028172561352373,0.0030851157093743087,0.0107170042341788
2021-02-03,0.000322645528082,0.0007953820316444,0.01809425608243731,0.0170414642001759
2021-02-04,0.0059956979159858,0.0024859507336145,0.024996889454294013,0.0328190306761555
2021-02-05,-0.0083051248584525,-0.0057813723372845,0.0008907921125260732,0.0080681338025685
2021-02-08,-0.0057924265631804,-0.0013306231666688,0.01512269139988276,0.0040440307113722
2021-02-09,-0.0034652605388164,0.0006722374529055,-0.01602780387536784,0.0035278982547675
2021-02-10,0.0045074651315375,0.0017221147132242,0.009414593556487327,0.0054170962976614
2021-02-11,0.0370436656451533,0.0152443229662018,8.900622164853544e-06,0.0148499484866013
2021-02-12,-0.0090172235007639,0.003543512946222,0.005045754762344812,-0.013767349188806
2021-02-15,-0.0033317723503865,-0.0079018929950697,0.030624011231378923,-0.0105808144518572
2021-02-16,-0.0041425795783723,-0.0052510390200826,0.026485602878477232,-0.0094835654789592
2021-02-17,-0.0009854280481447,-0.0066056424261947,0.009817395775317372,-0.0042313420489028
2021-02-18,-0.0005492671578062,-0.0067223346015327,0.000514936454489634,0.0224997303049205
2021-02-19,0.0013244617846819,-0.0071783121348507,-0.019322639137052455,-0.0037909795368079
2021-02-22,-0.0063513682471709,-0.0206942458576785,-0.02282509237658137,0.0127189093122666
2021-02-23,0.0015650642375371,-0.0038717870672458,0.003885276765182022,0.0188792901810401
2021-02-24,0.0031448232126629,0.0112137409411112,0.001056405461582477,0.007294528387586
2021-02-25,0.0080713105318972,-0.0014584310825282,0.02547121300839339,0.0120438449645929
2021-02-26,-0.0030849900938956,-0.0062733020117053,-0.020617197978751944,-0.018717788472428
2021-03-01,-0.0085069304618574,0.0088622027859261,0.004684570595351767,0.0083872468086592
2021-03-02,0.0181045689394709,0.0119296862594224,0.0032014761903880196,0.005598321168482
2021-03-03,-0.006085512004384,0.0042805693483516,0.01420381314841257,0.0012863057412828
2021-03-04,-0.0045790242308507,0.0015988984389856,-0.005891033254164735,0.0097892845999665
2021-03-05,-0.0028330785032577,-0.0057665091359445,-0.02161594437628711,-0.0084971021140138
2021-03-08,0.0096661937875586,0.0014158014299181,0.004357898317706166,0.0015453827522105
2021-03-09,0.0066213821098781,0.0041347148023338,-0.0089503031512298,-0.0071146554521402
2021-03-10,0.0235525421412485,0.0063321581668434,0.009912967197562184,0.0165192966078058
2021-03-12,-0.0121603641791215,-0.0100145420576992,0.0068437170293507155,0.0098981220128619
2021-03-15,0.0006146796310726,-0.0078321662591595,-0.005509846830585308,-0.0011955821536294
2021-03-16,-0.0034459903190869,0.009301938069455,0.011183289917886308,0.0125439626166443
2021-03-17,-0.0137660828773682,-0.009232690526432,-0.02352163015507125,-0.0212054152975997
2021-03-18,-0.0109644905895416,-0.0104086323804714,-0.013240671217492506,-0.0104467642901897
2021-03-19,-0.0111265042352382,0.0183974563755664,0.006671177938488482,0.0072976321697
2021-03-22,0.0110646586890594,0.0106143932978226,0.005542956023586454,-0.0051104066010783
2021-03-23,0.0254195173154625,-0.0031913074467736,-0.003127393482349028,0.0049873859343805
2021-03-24,-0.0022089600132108,-0.0068622932209406,-0.01804875001865447,-0.0135696536402792
2021-03-25,-0.0097324035210083,-0.0163094349214217,-0.023488601389235364,-0.0227629735151332
2021-03-26,-0.0026148801588349,0.0107755835157972,0.004011607169703613,0.0122831335611235
2021-03-30,-0.0001076940490482,0.0183845758899705,0.012421534280697033,0.0283734558909247
2021-03-31,-0.0072668882700123,-0.0063923785291051,0.01443420508519222,-0.0070323745100486
2021-04-01,0.0088886508985606,0.0041904851886127,0.02848344425877869,0.0167895245054428
2021-04-05,-0.0223536768150812,-0.0062781282295183,-0.02626065493315377,-0.0090680426021615
2021-04-06,-0.002795086135502,0.0152994772009993,0.012004117042437423,0.014516226563193
2021-04-07,0.0216539286791457,0.0026461916725528,0.019491989287535594,0.0092454686614926
2021-04-08,0.0001966536677542,0.0181673010333915,0.026661931303223474,0.0116992807726825
2021-04-09,-0.0021772817414162,0.0214860756194434,0.012030040512346796,0.0009782558290314
2021-04-12,-0.0484773088299131,-0.0238097537091129,-0.08772026713825054,-0.0350931503630684
2021-04-13,0.0209940090392415,0.0096211797271164,0.012471184677519398,0.0128636534237922
2021-04-15,-0.0202451090081615,0.003333046224849,0.023164920372762854,-0.0031506376066391
2021-04-16,0.006590008378202,0.006202952887685,0.04707537663639827,0.0026368839134651
2021-04-19,-0.0173766482587849,-0.0146601745588006,-0.01091488649029937,-0.0131478031417998
2021-04-20,0.0043997979697349,-0.0043379649676802,-0.003332760367469323,-0.0048579128292777
2021-04-22,-0.0009089668306411,0.0125988748736489,0.012590999559087157,0.0042015282468452
2021-04-23,0.0003494850406537,0.005817757547937,-0.001727355628660221,0.0001296710223923
2021-04-26,0.0049245454752357,-0.0055312976539722,0.01045792707909432,0.0080687558857024
2021-04-27,0.0280238739257614,-0.0016398464805804,0.005101197524322032,0.0063581210531309
2021-04-28,-0.0008732505426419,0.0095150333785543,0.00020688919429234787,0.0118618069544775
2021-04-29,-0.0051032115751796,-0.0024086774833667,-0.0026844903304312773,8.374791995402475e-05
2021-04-30,-0.0031368810333911,-0.0031175130289718,-0.029685003596470305,-0.0151855622784335
2021-05-03,0.0094908501626731,0.0180824981831975,0.02930142616865994,0.0004698807720406
2021-05-04,-0.0006991135492149,-0.0026056940186631,-0.00423541258780924,-6.47431237162932e-05
2021-05-05,0.0388158558951621,0.0053875057585748,-0.008882576964006406,0.0047959308244933
2021-05-06,0.0055672627233125,0.0035852700959593,0.004951044634530222,0.0143160597505496
2021-05-07,-0.0208434441582195,-0.0024390595295097,0.0187760230989944,-0.0038418331036937
2021-05-10,0.0068924878397593,0.0101022950555138,0.013731959221128465,0.0105384576751792
2021-05-11,0.0072517717184814,0.0025313371279411,0.00449214831122946,0.0046853898074559
2021-05-12,-0.0086633016803483,0.0023168676124312,-0.019622442610331192,-0.0175840528759528
2021-05-14,-0.0040122127647542,0.013151105986001,-0.010706271966944625,-0.0109713091466078
2021-05-17,0.0160181088976683,0.0045825355643032,0.01737183778820439,0.003519628163249
2021-05-18,0.0068564581512062,-0.0038397701979933,0.015124430066391303,0.0178670426423872
2021-05-19,-0.0101869624478811,-0.0007758881261028,0.014457296172903034,0.0045199174829539
2021-05-20,-0.0104082017985599,-0.0038233903753936,-0.0013478680724462455,-0.0080884734042041
2021-05-21,0.0029204133620661,0.0035923670478161,0.010265268067637168,0.0066427023565687
2021-05-24,0.0015646039648982,0.0015230022495142,0.003825626414437844,-0.0022462375491549
2021-05-25,0.0057603592214323,0.0075453071733337,-0.0052806263154777655,0.0042885057896584
2021-05-26,0.0204479488099027,-0.0026898727653457,-0.005886956348807759,0.0075806272396394
2021-05-27,0.0017426785343845,0.0035443973677178,0.01653672803228523,0.0095970407267722
2021-05-28,-0.0078376481579784,0.004064228520108,-0.004055567918436753,-0.000278894892614
2021-05-31,-0.0060004102680496,0.0075545302017892,-0.0023219294540381963,-0.0005551303667756
2021-06-01,-0.0061855124522146,-0.002770797499349,0.0002992440074924829,-0.0081745022347636
2021-06-02,0.0125268401104641,0.0008579273399007,0.014681199805752554,0.0028494019516283
2021-06-03,0.0038306881834169,0.0062889641012811,0.011658139640664755,-0.0018373482024054
2021-06-04,-0.0044605550374073,-0.0039643798768959,0.011351154353542503,0.0114093333824352
2021-06-07,0.013013464961364,0.0045433682383662,0.026290765477003708,0.0123114907006878
2021-06-08,0.027082545009903,0.0115528213085134,-0.0036859125130264125,0.0091232281065081
2021-06-09,0.0005540680881834,0.0030590339074842,-0.02991478333529185,-0.0100996198317359
2021-06-10,0.0148724707720178,0.0054166584681347,0.014176628326856955,0.0039528174474021
2021-06-11,-0.0027423450123414,0.0045841069418695,-0.004496159468299621,0.011469008726628
2021-06-14,-0.014964584944327,0.0049495577723903,0.0031728536678388153,-0.0038510833971673
2021-06-15,0.0175324629224531,0.009682925984753,-0.000949760820903367,0.0065736719867763
2021-06-16,-0.0143631875423604,0.0006474944419572,-0.007643075200219229,-0.0033176087571546
2021-06-17,-0.0111809107600857,-0.0037481888145659,-0.008266387103912143,-0.005923162212579
2021-06-18,-0.0088099428809791,0.0009588037264758,0.00244061415733432,0.0016293015047179
2021-06-21,-0.0023109325098058,-0.0011544693638996,0.02417209351897842,0.0001467228054121
2021-06-22,0.0076432505267671,-0.0006559212200437,0.02745555602443317,-0.0007331589773986
2021-06-23,-0.0059061836095228,-0.0037442819852435,-0.006485383967945957,-0.0066318689264276
2021-06-24,-0.0100980131381598,0.0085721570453309,-0.0013420712403724444,-0.000591051129939
2021-06-25,0.0114606972442139,-0.0037182698036913,0.006906906559577042,-0.0013884537886709
2021-06-28,0.003075183252948,-0.0043564945116035,0.025518632598495294,0.0022054667505582
2021-06-29,0.0077813331877536,-0.0001961208333983,0.0017689827008720016,0.0074701984817628
2021-06-30,-0.0017250766941799,-0.0005435393446853,0.007263399116531621,0.0010809814251981
2021-07-01,0.0037579787358883,0.0089949545396637,0.0027495844941456404,0.0099685348969673
2021-07-02,0.0196082100103829,-0.0016848305921065,0.002188143039549173,0.0041299885126464
2021-07-05,0.0178315252398313,-0.0013001879068432,0.00770067054240009,0.0031398196716485
2021-07-06,-0.0097665136819575,-0.0023154115652598,-0.001690086087033582,-0.003629695345126
2021-07-07,0.0149865841064669,0.0063517365133378,0.005431224536931678,0.0058604710307361
2021-07-08,-0.0083844505756861,-0.0029181611949159,-0.007665600621171276,0.0038696838711904
2021-07-09,0.0045695730580179,-0.0045381068938424,0.008354087196367876,0.000505205080983
2021-07-12,-0.0014654176812776,0.0008724592227515,0.003285449249029737,-0.0013545574954209
2021-07-13,4.228450649246263e-05,0.001653997459013,0.013001717457548523,0.0051832368370021
2021-07-14,0.0057495354896901,0.0009401472811116,-7.650148609827934e-05,0.0040274945993981
2021-07-15,0.0030874493709047,0.00819444909645,0.012499542233951999,0.0024936358758624
2021-07-16,-0.0107296422919767,0.0046277321395136,0.013108900814419622,-0.0030210820587263
2021-07-19,0.006161613864456,0.0037170895913216,0.009400089895786445,0.0053931397977591
2021-07-20,-0.0214389620306244,0.007511673414235,-0.03912271319228311,-0.0099634744724976
2021-07-22,0.0134600975100285,7.222206551249499e-06,0.00424663129570324,0.0108626266421112
2021-07-23,0.0118355705716752,0.0125986367902002,-0.010244267570269527,0.002143239428425
2021-07-26,-0.0059087690990222,0.0057582206997746,0.00023298975254504306,-0.0011647026296959
2021-07-27,-0.0099310980029663,-0.0076517310713798,-0.005352543355461092,-0.0119115659304881
2021-07-28,-0.0021374533304283,-0.0031450133920991,-0.0008633358364505961,-0.0080104824628294
2021-07-29,0.0105132945230659,-0.0115651961269446,0.0074072865817029765,-0.0127039563692646
2021-07-30,0.0178460898309609,0.0040463540286481,0.00803554528821615,0.0079950797226473
2021-08-02,0.02316985460621,0.0080405780519967,0.008031554812959918,0.0064176192160216
2021-08-03,0.0037580899722946,0.0151179102599414,0.0027036221785581294,-0.0010391958911808
2021-08-04,-0.0030326147099328,-0.0098124271367259,-0.013722067392544002,-0.0036364913650698
2021-08-05,-0.0026883009586017,0.0033194852995999,0.0039879865692631356,0.0001673733989713
2021-08-06,-0.0013190177960342,-0.0040312595868463,0.012747772703419313,0.0029468729516175
2021-08-09,-0.0120341810974191,-0.0014018106776271,-0.013259068603853175,-0.002025702129608
2021-08-10,-0.0014859352165738,-0.0063108937321278,-0.022362876187806524,-0.0033752478162444
2021-08-11,-0.0037846609841059,-0.0058378754200014,-0.004524911123397146,-0.0053064437707019
2021-08-12,0.0047061640803716,0.0017886057181668,0.015144699870650147,0.0050553103841384
2021-08-13,-0.0114841661013469,0.0091332217873587,-0.005126346173919383,0.0075989760119452
2021-08-16,0.0092612398205951,-0.0030632072958475,-0.012163467317646615,-0.0020586515651161
2021-08-17,0.0063435356416772,0.0088231150835074,-0.006500526504259585,0.0037345594214417
2021-08-18,-0.0084149161640485,-0.0016053337323115,-0.009721818398473414,-0.0044727195216003
2021-08-20,-0.0249648255093973,-0.0024939772094989,-0.02928480866427907,-0.007096869499531
2021-08-23,-0.0125728378880367,-0.0047360565281994,-0.02541790568057445,-0.0034484072963804
2021-08-24,0.0184632593486724,-0.0023655167165892,0.023077867610079572,0.0074921228740996
2021-08-25,-0.0014408077423553,0.0030475291008158,0.019670658816394404,0.0034856472581008
2021-08-26,0.0144200090829735,-0.0019396340704818,0.0069954242094165675,0.0051975726513633
2021-08-27,-0.00436512806851,0.0049098354860728,0.015884919663231356,0.0095491243824663
2021-08-30,0.0057429011559122,0.0094355238965542,0.008536927653863602,0.040856836725611
2021-08-31,-0.0145763275104644,0.0081700685959684,-0.002724866092637779,0.0130568056869226
2021-09-01,0.0137730238416649,0.0008151805283367,-0.002510160516758564,0.0072862775030035
2021-09-02,0.0160142413626676,0.0140033263771937,0.0028596191221146317,0.0074929454035219
2021-09-03,0.0258883805416818,0.0027470577461121,0.00429893608759091,-0.003322216114487
2021-09-06,0.024454522154351,0.0017131031057142,0.013126339143314292,0.0035406142084273
2021-09-07,-0.0027131863781101,-0.0020291547277772,-0.007033670575924744,0.0020373420831747
2021-09-08,-0.0017492594738728,0.0003884500512141,0.007213458747439949,0.0037558915218034
2021-09-09,-0.0034336661598763,-0.000639455259721,0.0032025593109821227,0.0053411101772744
2021-09-13,0.0075779574251402,0.005833146041503,0.01054372267715098,0.0073239873971113
2021-09-14,0.0036897964671285,0.0088677446719196,0.0044127379483074325,0.0014629570033355
2021-09-15,0.0073946584978865,0.0041813968423518,0.025590653952128006,0.01335993012335
2021-09-16,0.0003741745685343,0.0148090966658187,-0.0031354969699171065,-0.0020762424848639
2021-09-17,-0.0173673318767123,-0.0061213606301,-0.007340912085323725,-0.0116971866530655
2021-09-20,-0.0132803245955389,-0.0003068887496116,-0.022890417033433308,-0.0193409423394297
2021-09-21,0.0105829790531666,0.0018332845105426,0.007931110604914693,0.0165407936557429
2021-09-22,0.012094327515433,-0.0004959741407948,0.0069867258470515115,0.0106504160990852
2021-09-23,0.0151954164899541,0.0061867694460842,0.006256973114438624,0.0125410333155322
2021-09-24,0.0043446624073202,-0.0012786921029339,-0.013650326282375391,0.0169657456998901
2021-09-27,0.0246956360303585,-0.0022011123372085,0.0010627615779710275,0.0052518636160219
2021-09-28,-0.0062300721369465,-0.0024667083799374,-0.001778029329733255,-0.0098843251717674
2021-09-29,0.006500962308354,0.0010480316900198,0.019086089942265128,0.0137208535227897
2021-09-30,0.0100231868662368,-0.0030563540237735,-0.003587292868367342,0.0088789373904341
2021-10-01,0.0101786017944072,-0.0053701224281971,-0.004970922047479509,-0.0063729432278697
2021-10-04,0.0046608685112319,0.007024768102865,0.03562624654038338,0.0096789591444856
2021-10-05,-0.0014368445618193,0.0018363348997445,0.008280188588283943,0.0094151660472099
2021-10-06,-0.0166176814234878,-0.0077613741640158,-0.0006484254275409551,-0.0152781850495019
2021-10-07,0.0221426127682182,0.0061581015986784,0.00495933179803365,0.0354648686990279
2021-10-08,0.0097106749892039,0.0055566943692897,0.00542255553342641,0.0259159610650332
2021-10-11,0.0082355744596487,0.0036235060120681,0.023731052955602072,-0.0110928858144204
2021-10-12,0.0159082770847749,0.0080457525075421,-0.005882416005322355,-0.0163674266119645
2021-10-13,0.0184781040711472,0.0139623402663364,-0.0013465304693466296,-0.0061621266986022
2021-10-14,-0.0076392229776752,0.0107583311525349,0.009429434886788934,-0.0032082445150228
2021-10-18,0.0093062999202671,0.0057020426440459,0.018910988713003674,-0.0025500548695419
2021-10-19,-0.0287326473922794,-0.0110785390419344,-0.02523407259263788,-0.0099550219697851
2021-10-20,0.0044283012917483,-0.0166687983689429,-0.01985590568179474,-0.0354444738529297
2021-10-21,-0.0004316049214173,-0.0231334662185476,0.0020276109450800828,-0.0189372296732562
2021-10-22,-0.0081769049531122,-0.0123317357046717,-0.014888001123462002,-0.0017876785609027
2021-10-25,-0.02099366235784,-0.0181477276933514,-0.008132069245490037,-0.0248339876500884
2021-10-26,0.0151210145831615,0.0099575503761559,0.03408902801697744,0.0293842769165284
2021-10-27,0.0008391683387141,-0.0005951682094055,0.009502909656899483,0.0004144267476495
2021-10-28,-0.0256552836025816,-0.0094892895093157,-0.027238696966836562,-0.0298961099533695
2021-10-29,-0.0078221983433375,-0.0058974107200323,-0.008858920091744382,-0.0060348024007882
2021-11-01,0.0128970616555654,0.0055222559501768,0.029036657472441663,0.0040817477954806
2021-11-02,0.0215335407148609,0.0032706623665867,0.015290745215167378,0.0138107780723844
2021-11-03,-0.00910373419832,-0.0045092904207846,-0.010905969796134563,-0.0077801809413241
2021-11-04,0.0219071723404149,0.0106994476914743,0.011100912875613655,0.0092544776356626
2021-11-08,0.0366954905434711,0.0054038642684166,0.002591026447282374,0.0183414140756079
2021-11-09,0.0029656110696905,-0.0020055653298566,0.014923212601829272,0.0075336571388027
2021-11-10,-0.0265747413765133,0.0008326120281225,-0.0017636646660302846,-0.0052802108502174
2021-11-11,-0.0059518395395894,0.0047839126382125,-0.01187190934013016,-0.0130562562431389
2021-11-12,0.0151905009851227,-0.002290865756148,0.000303324743290867,0.0064370665884947
2021-11-15,0.0006776684725964,0.0014750465427948,-0.015480617307076283,0.0103234645584442
2021-11-16,-0.0213634134744047,-0.0043426795442553,-0.005250889223669231,-0.0011411309461405
2021-11-17,-0.0010080586730315,-0.0090948334374099,-0.008170551099471512,-0.0089712945994341
2021-11-18,-0.0293137760843565,-0.0098069974696621,-0.02351648931044592,-0.0159991228274184
2021-11-22,-0.0281527440323648,-0.0187137088450206,-0.029984654518221077,-0.0220672071669936
2021-11-23,0.0340188984740155,0.0091321065951719,0.025806513994612423,0.0133797892006168
2021-11-24,-0.0114414219715501,-0.0006281040147174,-0.0015009814514512776,0.0019130688460018
2021-11-25,0.001277637234357,-0.0082243800061677,0.008909992032485992,0.0176314430804007
2021-11-26,-0.0338790431162017,-0.0051782121028235,-0.04798597455936582,-0.0254963538441072
2021-11-29,-0.028041610312267,-0.0166079750956414,-0.03260235326376837,-0.025424325289285
2021-11-30,0.0122733413878164,0.0083509920809068,0.014318620400182391,0.0078344231210338
2021-12-01,0.0078805720313799,-0.0077556970626081,0.01908873513926901,0.0051461797390068
2021-12-02,0.0097515988079794,0.0050033056987208,0.009424324659788041,0.0099706543514299
2021-12-03,0.0067611439839232,-0.009674131273901,-0.011474191555347346,0.003234390914403
2021-12-06,-0.0053479096010328,-0.0184968524403326,-0.001459257472464226,-0.0163906858230815
2021-12-07,0.0073880368104339,0.0028942490659991,0.03686207274137909,0.0076089406402242
2021-12-08,0.0206129098087941,0.0118712768679858,0.033500831638939355,0.0174842715510641
2021-12-09,0.0117131370759639,0.0203053808705684,0.02120018990972028,0.0096887261939409
2021-12-10,0.0118387392575296,-0.0003701193982401,0.009237442839107768,0.0204377834611502
2021-12-13,0.000521847809414,-0.0094555922574559,6.493689504338818e-05,-0.016060446704408
2021-12-14,0.0053975130591861,0.0123058762087593,0.006688672369023596,0.0028306766482277
2021-12-15,-0.0010733615125245,-0.0077486156070869,-0.011730161708950027,-0.011498546421685
2021-12-16,-0.0130681606871226,-0.0052039953356161,-0.007961650077109805,-0.00693373523005
2021-12-17,-0.0340386203421149,-0.0159511735806513,-0.0279285345121284,-0.0180619755186198
2021-12-20,-0.038620966417615,-0.0218964462472112,-0.04206709737584802,-0.0323578779546749
2021-12-21,0.0170264190079643,0.0047102478351752,0.0037174270117277253,0.0165833749852253
2021-12-22,0.0144794334478173,0.0060032106690686,0.029984324719033673,0.0175333810386304
2021-12-23,0.0198378354574764,0.0119034253652867,0.010416374314619503,0.0081853532935991
2021-12-24,-0.0172188260575749,-0.0041558236628722,-0.017169942239928182,-0.0036528941073344
2021-12-27,-0.0041751642771444,-0.0016775353772867,0.016369537790479338,-0.0068644390698461
2021-12-28,0.0200318797272964,0.006340428744924,0.013126930207027154,0.0017041541367899
2021-12-29,0.0145347719001212,0.0041831802351479,-0.003436369581984011,0.001666386218829
2021-12-30,-0.0094813584099547,0.0096112374927177,-0.012336461545132682,0.0096775445271648
2021-12-31,0.01298826417197,0.0098370351020071,0.0184710423651957,0.0121758154313114
2022-01-03,0.0108800760712253,0.0038582380879284,0.01150111076983662,0.0073935430475273
2022-01-04,0.0039268309853601,-0.0064223493956944,0.008251537615451943,0.0122866857686185
2022-01-05,-0.0028875370259257,0.0062378624599677,0.012474664506196165,0.0113028895970859
2022-01-06,0.005011660853504,-0.0029901157109899,0.001148135688692431,0.0092767895345282
2022-01-07,0.0176315168119152,0.0086654034742881,-0.0004582923279745632,0.0084227458377839
2022-01-10,0.021221341894634,0.0033459618742033,0.011572924703865395,-0.0014543455194789
2022-01-11,-0.0045605144179579,-0.002291729167534,-0.010403654667365703,0.0133469604757983
2022-01-12,0.0098409787406845,-0.0064303459974006,0.006186210695114935,0.0050661316385405
2022-01-13,0.0003017831207303,0.0006976739687745,0.011579237558913213,0.0198078437676247
2022-01-14,0.0008569370453177,-0.0023685798803982,0.005236622859827955,0.0123884617595333
2022-01-17,0.0138756911898181,-0.0030217145028283,5.7538893819986114e-05,-0.0052579482916187
2022-01-18,-0.0157793810524237,-0.0118207757956569,-0.01504908042423092,-0.009901677251174
2022-01-19,0.0084709901122446,-0.0087037788058702,0.00022357123959548808,-0.01008384395002
2022-01-20,-0.0068497786641876,-0.013491792072578,0.002650863008338167,-0.0044365884506573
2022-01-21,-0.0113592831937446,-0.0072233953230105,-0.027785051873831845,-0.000846915257752
2022-01-24,-0.0401212150048111,-0.0204630448048002,-0.03568214348931531,-0.0354804130528894
2022-01-25,0.0128949851600679,0.0021617693351068,0.03156323884844814,0.0076552769687099
2022-01-27,0.0033705729261488,-0.0090871172115898,0.033031398155846325,-0.0244518626219453
2022-01-28,-0.0048620026797103,0.0049605288415266,0.001300606083742828,0.0193151777431583
2022-01-31,0.0135402242238154,0.0081199215225771,0.01634355744699567,0.0253087629812855
2022-02-01,0.0140726624118512,0.0088983170923839,0.01154098488543931,0.0095918520569151
2022-02-02,0.0082507662323305,0.0140506435851475,0.025963302529473653,0.0146835958229749
2022-02-03,0.0070779824183442,-0.0044444037502842,-0.013579225691895402,-0.0086274888901506
2022-02-04,0.0028051156707742,0.0053811679079112,-0.010570446357558105,-0.0099915372637379
2022-02-07,-0.0146221048620083,-0.0178553666227434,-0.013100816027416973,-0.0030512446335907
2022-02-08,0.0008201529928024,-0.0068120686167895,-0.003028973008049163,-0.0053488110474286
2022-02-09,0.0053928670620735,0.0103031024746933,-0.0009296806783478662,0.0027737257197271
2022-02-10,0.0066257056007354,-0.0016865407204502,0.0033417007449851877,-0.0008866335804675
2022-02-11,-0.017661600584364,-0.0041178693112675,-0.030940665724877525,-0.0224565523198644
2022-02-14,-0.043095309716407,-0.0234115098224501,-0.04137703679233462,-0.0292945809883089
2022-02-15,0.0163547951103502,0.0087304337650235,0.028872593558532778,0.0320073982268025
2022-02-16,0.00354938356776,0.004758547880781,0.005587876085558108,0.0062778700729286
2022-02-17,-0.0065821950055874,-0.0046237284792823,-0.006346512858904085,-0.0014674688567446
2022-02-18,-0.0018636508596607,-0.0052814981404682,-0.01537276327353121,-0.0070537423813785
2022-02-21,-0.0117125395322785,-0.0041355085594089,-0.022635228181404066,-0.0156344747110785
2022-02-22,-0.011061940075794,-0.012110433238602,-0.013747009879081284,-0.01645887624631
2022-02-23,0.0092551567816983,-0.005193462871624,7.852408037711811e-05,0.0069013529645023
2022-02-24,-0.0532559947012452,-0.0383907317698127,-0.07117722540978288,-0.0595992305813343
2022-02-25,0.0438214894084165,0.0142902971090912,0.038747774879264396,0.0424970787308804
2022-02-28,0.0087848896490889,0.0083094495802944,0.017568393732119603,0.0218524090146448
2022-03-02,0.0090058034201032,-0.0073087761249933,-0.0036472667542024606,-0.0104796410789811
2022-03-03,0.0047292220041859,-0.0103926432834046,-0.00357750068876872,-0.0020367938684489
2022-03-04,-0.0174416212737097,-0.0128922659803014,-0.028343001222802644,-0.0209027980233659
2022-03-07,-0.0205535457245071,-0.0184250390550835,-0.019360591448161935,-0.0283737701789127
2022-03-08,0.018593782200019,0.0119220882520463,0.010473894022952512,0.0121062336483785
2022-03-09,0.0256442253784152,0.0064960566011684,0.01828783682748414,0.0226914763226417
2022-03-10,0.0152854671579274,0.0199883498367798,0.018526452352264355,0.0181656409298902
2022-03-11,0.0057583909674556,0.0187355464895044,0.0052504924845935275,0.0093950897021573
2022-03-14,-0.0078421914366207,0.0016019073861217,-0.008520678262997183,-0.0045647307457196
2022-03-15,-0.0137951594315003,-0.0007969785289161,-0.0057182768049065524,-0.0090608824869197
2022-03-16,0.0249812337984118,0.0041384264346924,0.008851378177449964,0.0120578947909153
2022-03-17,0.0004099358930209,0.0039098888225141,-0.0009055957353898414,0.0048725516213663
2022-03-21,-0.0141058450204482,0.0060883979582866,-0.014633077943819406,-0.0070938119318517
2022-03-22,0.0042261608526694,-0.0015416302400705,0.005522389322854204,-0.0019687688595588
2022-03-23,-0.0032546052794715,0.0043778797331712,-0.0016781508169289028,0.0021522115291323
2022-03-24,0.0026255035245472,-0.0060902254563846,0.0031045819147830223,-0.0009431140314903
2022-03-25,-0.0057394725713966,-0.0039909768228163,0.0033564383930808628,-0.006625249276436
2022-03-28,0.0089867525765698,-0.0025465600189619,-0.016429561941379345,-0.0125806347726802
2022-03-29,0.0001378271189989,-0.0033038964942737,0.0013624544905421754,0.007049497769249
2022-03-30,0.0056563942629226,0.0064999526096742,0.008381448508963274,0.0096993641592328
2022-03-31,-0.004336152033647,-0.0003540378294336,-0.004337135465293129,0.0025450057888294
2022-04-01,0.0209805928584867,0.0025228440826823,0.017322853479767808,0.010533395786805
2022-04-04,0.0085923091466642,0.0138058409987487,0.009432924077544591,0.0091677114148482
2022-04-05,0.0015058728160828,0.0180897715138894,0.007079350300379872,0.0099432223249964
2022-04-06,0.0033642235204214,-1.5366184875853506e-05,-0.0019420506015581651,0.0007042192125499
2022-04-07,0.0116708089291102,-0.0005065388598287,-0.0017757351147924538,0.0004884999776886
2022-04-08,0.0284635430846922,0.002065301628404,0.023782142865645506,0.0029080704733208
2022-04-11,0.030492656499639,0.0160276829575827,0.000872015163450035,-0.0019561028166643
2022-04-12,-0.0099717098234209,-0.0131284641614449,-0.020362003098737924,-0.0104414638089922
2022-04-13,0.0004149108530144,-0.0064929574188705,-0.004092228505739093,-0.0020234484232412
2022-04-18,0.001619240848331,0.0057493469772049,-0.011925217850492165,-0.0134332335714307
2022-04-19,-0.0039574886890594,-0.003359512821171,-0.009454964504971963,-0.018890682806981
2022-04-20,-0.0046737986088428,0.0130235586855742,-0.004383653810196675,0.0067311472349995
2022-04-21,0.0244254808476451,0.0061825704798601,0.001169379759498268,0.0128498524598141
2022-04-22,0.0133194252814972,-0.0021477219344526,-0.006476835656559099,0.0004743876163992
2022-04-25,-0.0231494108698274,-0.0125886461888563,-0.026234156604713177,-0.0178983697149384
2022-04-26,0.0124731602534411,0.004116106050328,0.015447585007638986,0.0040506084859075
2022-04-27,-0.0083352064324223,-0.0058401104656575,0.011501147775781373,-0.0146487943690449
2022-04-28,0.0128656871251582,0.0046008774319372,0.0033825034823034006,0.0013389101824559
2022-04-29,0.0017950087174147,-0.0006229217924403,-0.011484597007363817,-0.00954565526934
2022-05-02,-0.0128000574768465,0.0011563555781661,-0.0021236699076602195,-0.0014913403674219
2022-05-04,-0.0337558138226131,-0.0136215999479929,-0.01604057875899456,-0.0074194355244142
2022-05-05,-0.0155972092175092,-0.0109851441911484,-0.008797295248917703,-0.0099143111580795
2022-05-06,-0.0374693806231295,-0.0045155728506832,-0.01957322057320421,-0.0149339715045287
2022-05-09,0.0077734805235609,-0.0059047457893394,-0.014406079385988813,-0.0219088826638027
2022-05-10,-0.0174801980072366,-0.0125309612070166,0.004064303924850243,-0.0122702241571086
2022-05-11,-0.0237918708494179,-0.0020488023247234,-0.018591811757962873,-0.00398482952416
2022-05-12,-0.0140257945033547,-0.0045553620391313,-0.003662679169350147,-0.0153159278856594
2022-05-13,0.0149529209627186,0.0154614523211513,0.0189545601237191,-0.0047733525602948
2022-05-16,0.0252288131533333,-0.0044978897001828,0.0040779825446537465,-0.0034577135064089
2022-05-17,0.0128173249894856,0.0124780650349747,0.019975471560701896,0.0281332606559086
2022-05-18,0.0117193429067707,0.0117953598342519,0.0003895101528543776,0.0012550234940666
2022-05-19,-0.0162492967302716,-0.0152855612479139,-0.01678577625858757,-0.0333492536166045
2022-05-20,0.0102441253037337,0.0128977615027496,0.028981570174270388,0.0212122824369902
2022-05-23,0.003529771693618,0.0043952610122255,0.007161523193179864,0.004349348074532
2022-05-24,0.0020070942545016,-0.0119527761690697,-0.01247413855120838,-0.0021528389164873
2022-05-25,-0.0200124297850113,-0.0016982378947123,-0.0055812196882366605,-0.0197983824802819
2022-05-26,0.0024920591454249,0.0043548967748805,5.981366963414558e-05,0.0115815937779613
2022-05-27,0.0152524767077331,0.0139216716296861,0.00017387265108737004,0.0004843211367022
2022-05-30,0.0164102287721852,0.0124591512610987,0.0031864759630328976,0.0164728398642945
2022-05-31,0.0048278699893109,0.0021844079338009,0.0074969979877246296,0.0194920729716565
2022-06-01,0.0164619207827239,-0.005723555925183,-0.0026553660051444883,0.0022760015160767
2022-06-02,-0.0043572601450335,0.0041306194980421,0.0019747176645443787,0.0081165156044853
2022-06-03,-0.0219184311575484,-0.0112385584498631,-0.016178546351178547,-0.0082594314342111
2022-06-06,0.0004613131163353,-0.0098216416824646,-0.007886161468883657,-0.0128951073261566
2022-06-07,-0.0037628501674119,-0.0061338577440522,-0.002741311904774668,-0.0098555146170394
2022-06-08,-0.0025010106118623,-0.0007139253371341,-0.0011018229449284433,-0.0006986235757913
2022-06-09,0.0028467429177543,9.748165993972437e-05,0.00019826990828275548,0.0096387937436184
2022-06-10,0.00260779392934,-0.0084991421206896,-0.00514063709283652,-0.0078415229883734
2022-06-13,-0.0193376731521734,-0.0217190727076553,-0.028226777556310867,-0.0303349022553081
2022-06-14,-0.0140775534183291,-0.0129291142995642,-0.00046700208022398826,-0.0094759161147247
2022-06-15,-0.0122708861467657,0.0018861472471978,0.005183011155862172,0.011112321966088
2022-06-16,-0.0260123814493631,-0.0123493604485238,-0.02651789058326126,-0.0218742742521973
2022-06-17,-0.0121097859321501,-0.0153248277507961,-0.006573526788059891,-0.0087487783387346
2022-06-20,-0.0284493062210607,-0.0110611142299031,-0.021161022423969555,-0.0126685865317741
2022-06-21,0.0318665239296351,0.0180663397011262,0.023820166554317845,0.0089934025622069
2022-06-22,0.0119790935670376,-0.0173811805526802,-0.018856996870510234,-0.0201388453113594
2022-06-23,0.0073831969785411,0.0064821652551263,0.010983995674441305,0.0097796009022346
2022-06-24,0.0043432617402487,0.008061639320666,0.01336463750861494,0.0124269688773654
2022-06-27,0.0075976220281501,0.0077146187233343,0.0069413163830183144,0.0073566242246507
2022-06-28,-0.0020853308054109,0.0057417956629977,0.0013202335591708803,-0.0060493592207049
2022-06-29,0.0011833667956937,-0.0043528745708136,0.0036978140008907534,-0.0128190058869827
2022-06-30,0.0044351797524784,-0.0002070009593476,-0.010509506657801482,-1.840338671876829e-05
2022-07-01,-0.0051658087541157,0.0131633516821703,-0.003528154055420729,0.0032061416727475
2022-07-04,0.0072312104857237,0.0106893148514224,0.00544025727641162,-0.004250561515541
2022-07-05,0.0034124910370096,-0.0016910926379499,0.0010485077058097758,-0.0009584054284464
2022-07-06,0.0196804019899281,0.0009414685488431,0.01109030511836595,0.0229176547177625
2022-07-07,0.0163036110397114,0.0101482468179605,0.02169600679546657,0.011735804055116
2022-07-08,-0.0054822677240147,0.0018959072183273,-0.0004134495070204913,-0.0015537838870243
2022-07-11,0.0122688670761772,0.003431696737921,-2.0739028902760914e-05,-0.0012521413044013
2022-07-12,-0.0139448234482132,-0.0009391588523626,-0.010274034425773682,-0.0076307631580272
2022-07-13,0.0049614532882249,0.0016702663078504,0.005980942206120998,0.0057045942559605
2022-07-14,0.0025181194712378,-0.0008532466691779,-0.007773432294688076,-0.0033637821449862
2022-07-15,0.0084772905233934,0.0039163448426724,-0.00476025528399282,-0.0008357698142136
2022-07-18,0.0057268556981866,0.0093834550264964,0.025873539905283405,-0.000255317177406
2022-07-19,0.0001721478747871,0.0033438041601554,0.01894204151156731,0.0097329615222281
2022-07-20,-0.0064923163141448,0.0018808742810259,-0.005786592567898818,0.0133093361019676
2022-07-21,0.0150430625037076,0.0012485264069461,0.009757154511185195,0.0052609340473606
2022-07-22,-0.0050922769230934,-0.0007293226806458,-0.011211979662076765,-0.001385724851509
2022-07-25,-0.0078178296740465,-0.0006609243069258,-0.0016530816650283109,-0.0122215135024749
2022-07-26,-0.0028043975925818,-0.0041466423087227,-0.017858711049821396,-0.0291402872346692
2022-07-27,0.0165882840719722,0.0047902296234303,0.0010389301913560356,0.0041713060181043
2022-07-28,-0.0075029677297918,-0.0003970935031623,0.0058795847760027,0.0047044045007238
2022-07-29,-0.0027034437697225,0.007508867855043,0.010547859819051153,0.0132617869586983
2022-08-01,0.0214517933878888,0.0043152501386425,0.01809754636476324,-0.001850479769903
2022-08-02,0.0117109781358213,0.0081762062059951,0.008243474979403587,0.0028544785630877
2022-08-03,-0.0188638995817251,-0.0027990543130931,-0.0044231830984421405,0.0063132162170487
2022-08-04,0.0025182545526534,-0.0010781002777348,0.018332412415665633,0.008099178805232
2022-08-05,0.0079142818310313,0.0050557419693646,0.004520409636658229,0.0013301050385976
2022-08-08,-0.004306465881554,-0.0036007259438323,-0.005774461770468808,-0.0065954766190701
2022-08-10,-0.006842120783409,0.0012870148438322,-0.019381800061581744,-0.004468590639317
2022-08-11,-0.0060499093054121,-0.0027464499762414,0.007018134363339978,0.0035451937118669
2022-08-12,0.0026015638187941,0.0041577570942701,-0.001612398960486483,0.0002934857380523
2022-08-16,0.0057530268794541,0.0036643139594001,0.02062620986195496,0.0071092487891941
2022-08-17,-0.0012913430058202,0.0004349636458433,0.00017755178341638533,0.0133912945312359
2022-08-18,0.0194946944431697,0.0023516696858048,-0.000417956992466717,-0.0026075191231194
2022-08-19,-0.0221752751028682,-0.0013975937237326,-0.008294976319325631,-0.0083082589984296
2022-08-22,-0.0145971657465994,-0.0018837297211494,-0.01887027409686115,-0.002238700987479
2022-08-23,0.0085302440015537,0.0035335887409024,-0.009528377923550102,0.0090643922161381
2022-08-24,0.0369619935876521,0.0008557568332654,0.0028072741011504476,0.0048099803595593
2022-08-25,0.0038869368493887,0.0009645327861036,-0.0019821265412813815,-0.0103415925876554
2022-08-26,0.0252868608138985,0.0028370429036772,0.009319150297911083,-0.0034731942300401
2022-08-29,0.0071064486893208,0.0022384501407828,-0.01250598733059527,-0.0057876406402386
2022-08-30,0.0076916212963979,0.0095819257998941,0.021170980598385514,0.0131350535075298
2022-09-01,0.0205169632532205,-0.0016596129383903,0.006647105286718746,0.0022252779360494
2022-09-02,-0.0069668401621394,-0.0012189291304219,-0.005251158875024808,-0.0110766069672156
2022-09-05,0.0026658423854681,-0.0004440807051765,0.00033293826921676484,0.00053535651989
2022-09-06,-0.0036257898687764,-0.0029907804937283,-0.0013919596487115271,-0.0070138136027136
2022-09-07,0.0243285385220393,0.0064199589976734,0.00886683080724704,0.0056153513765517
2022-09-08,0.0067121949564672,-0.002307297044826,0.015514490081209864,0.0078073980330779
2022-09-09,-0.0045871432907874,-0.0024375638054797,0.013459904997841443,0.0060012161431532
2022-09-12,0.0071170608803983,0.0038009363390074,0.014555792853285343,0.0124212649788244
2022-09-13,0.0018112969726902,0.0013099032035712,0.01392239245052962,0.0092406610815265
2022-09-14,-0.0026121283501829,-0.0072514074992756,0.0019161828567684225,1.016634897843538e-05
2022-09-15,0.0014598581130162,-0.0033696725825689,-0.007722258561641215,0.0030485067972201
2022-09-16,-0.0062488548372457,-0.0203287358350651,-0.01948381560340051,-0.0212795888707679
2022-09-19,0.0128043207655781,-0.0015620622348876,-0.003425690834034878,-0.0050535532658251
2022-09-20,0.0159939665346555,0.0110689030272652,0.007930256334884422,0.015823433461326
2022-09-21,0.006593034884788,-0.0042134475949043,-0.018891134902460416,0.0099370232603066
2022-09-22,0.0063541653913605,0.0031297518018418,0.00839113419986215,-0.0015440652834461
2022-09-23,-0.0312970803266808,-0.0118290070957428,-0.020958544523533962,-0.0188216503947442
2022-09-26,-0.0345962845044606,-0.0145192910649027,-0.04684752344839993,-0.0155490330327273
2022-09-27,0.0103872802201367,0.0057313459636978,0.0006293508205639231,0.0041185952684177
2022-09-28,-0.0116998794422797,-0.0071784102663703,-0.007207852993468822,-0.0039653856413534
2022-09-29,0.0239131241859127,0.0126869096993937,0.0029507410459983507,0.0073868545832636
2022-09-30,0.0187644320043651,0.0067781163393649,0.004296975574781259,0.0037211991473882
2022-10-03,0.0089764049110701,0.0043560007462846,-0.009740623093096978,-0.0076022132284274
2022-10-04,0.013097462964736,0.0067934474548247,0.022937501334828525,0.0210058880921604
2022-10-06,0.0211124546864673,0.0017026628820726,0.019094819542715857,-0.0016476722844899
2022-10-07,0.0155077512236101,-0.0064517251334034,-0.0028037198183079592,0.0080057995424267
2022-10-10,-0.0170542141334291,-0.0008836584752582,-0.012412064242826149,0.0016440820137171
2022-10-11,-0.0279421126403041,-0.0134876789133637,-0.02136656193033637,-0.0166444822855974
2022-10-12,0.0131117387185486,0.0031484812853572,-0.0072918303938337425,0.0062676315869159
2022-10-13,0.0031967012058997,-0.0029965487822823,-0.007821540970068708,-0.0032319188244082
2022-10-14,0.0010430930446099,0.0066205516548838,-0.00482020339844258,-0.005115939497706
2022-10-17,0.0020854122947915,-0.0015065458713063,-0.01129452071253978,0.0045385624211378
2022-10-18,0.0129891135165991,0.0028256007567604,0.006636645423065746,0.0056956770808758
2022-10-19,0.0009105545182468,0.001788711184476,-0.005899157167150726,-0.0042945049575257
2022-10-20,0.0134309445126281,0.004409702098842,-0.003882664869853558,0.003138586864396
2022-10-21,-0.00647806156682,-0.0074142395307608,-0.02014956796573819,-0.0114838085112819
2022-10-24,0.0059033372873729,0.0084463127104257,0.008588361560966762,0.0083723066845213
2022-10-25,-0.0090556693089168,0.000140643401868,-4.927106410490545e-05,-0.0068058072605428
2022-10-27,0.001275887806893,0.0060843594101229,0.009468335937039996,0.0002271482464428
2022-10-28,0.0024250694873055,0.0018965129231636,0.005443942773802224,0.0051741500226367
2022-10-31,-0.0247373105720598,0.0070622091697405,-0.0061531673783331575,0.0041612392615533
2022-11-01,-0.0047024603239528,0.0109452430012078,0.003446632052734655,0.0016852694725364
2022-11-02,0.0185882897610631,0.0023743488396077,0.0007993027858386181,-0.0098960212427842
2022-11-03,0.0084879816215421,-0.0002648511939838,-0.013059132407756469,-0.0111030445101688
2022-11-04,0.0029263222472699,-0.0077158233565345,-0.00481202278650561,0.0027318741734858
2022-11-07,0.0039311383456006,0.0031476527658034,0.002474543111840255,0.0211651518474518
2022-11-09,-0.0027280539606789,-0.0053242952248785,-0.007089249492273075,0.0019409696366128
2022-11-10,-0.0157831394290836,-0.0011534356432555,-0.023899350093278704,0.0012691730783733
2022-11-11,0.019734366275959,0.0074081196228354,0.0030786826434987535,0.0078854016516327
2022-11-14,-0.0069758570424292,-0.0040440764655145,0.007852190232468192,0.0023067852817424
2022-11-15,0.0030571916812875,0.0028234135250442,0.0026843287715510034,0.0063295971712558
2022-11-16,-0.0130627250868904,0.0013490314244606,-0.009927501947284756,-0.0022109165781279
2022-11-17,-0.0099389989231346,0.003479251111838,-0.014416514597257457,-0.0072995488917693
2022-11-18,-0.0061981762830954,-0.006982579697278,0.02019018975628395,-0.0101158904829233
2022-11-21,0.016466105821536,-0.0026520670047978,-0.006605601861038757,0.0303355603486934
2022-11-22,-0.0130465975817251,0.0037465746634028,4.519197968200217e-05,0.009800749480779
2022-11-23,0.0066287191229041,-0.0030526947262586,0.0034938521178911053,-0.0071598063188471
2022-11-24,0.000560709050827,0.0067541890803235,0.018040671418807497,0.0091413262340873
2022-11-25,0.0045374788320371,0.0047820320692577,0.009885917176311931,-0.0017520181297935
2022-11-28,0.0015083567079281,0.0095505670494131,0.009952830485085773,0.0040878161412074
2022-11-29,0.0050561972236669,0.0027596858557106,0.004830366151660437,0.0006456304301012
2022-11-30,0.0093059805558866,0.0097936645183884,-0.005025349488599784,0.005713975928044
2022-12-01,0.0033977619049017,0.0023642923860307,0.020043980959027374,0.0122832508764654
2022-12-02,0.0156907839511035,0.0026740801451528,0.011502225068649619,0.0055713915501192
2022-12-05,0.0198724234010145,0.0011852613538221,-0.009241528859243231,-0.0055231528994236
2022-12-06,-0.004099873271509,-0.0074960755983944,-0.0014563610295131868,-0.0199322695000373
2022-12-07,0.0001574397814403,-0.0015635667092744,0.001000954504331908,0.0013258558162465
2022-12-08,0.005742253676394,1.00677921841541e-05,0.017622634047233632,-0.0095212830785169
2022-12-09,0.0146260936193265,-0.0044174518258013,-0.022919486126748434,-0.0080654663640976
2022-12-12,0.0210365420340348,-8.317968791593522e-05,0.001646463535036391,0.0084040218834642
2022-12-13,0.0171776751479371,-0.0010712370799343,0.017257467634791634,0.0029628043257925
2022-12-14,-0.0082855567870243,0.0019746624784267,0.0024671883473206258,-0.0020558807826416
2022-12-15,0.0008937211921091,-0.0086518068843228,-0.0168406281948984,-0.000297299839591
2022-12-16,-0.0133820018860287,-0.0062659011040572,-0.007532599884686242,-0.0004380410384978
2022-12-19,0.010357809371075,0.0004458752966043,0.005293413819462245,0.0035265294234867
2022-12-20,-0.0049119188566219,-0.0026887571709437,-0.008078711007618922,-0.0106726735911636
2022-12-21,-0.0304104401319114,-0.0017984261907051,-0.026237013567254053,-0.0184130540802798
2022-12-22,-0.0129284815876856,-0.0033702612612551,-0.021889961045091555,-0.0159825632285542
2022-12-23,-0.0446973812322545,-0.0107850647032098,-0.04353715313943829,-0.0291748168153345
2022-12-26,0.0181224887074049,0.0039630855508687,0.03453112164207539,0.0378347625436801
2022-12-27,-0.0012183059465447,0.0022154783684045,0.011487767525513837,0.0075433609990196
2022-12-28,0.0055895794371094,-0.0012200160166923,-0.00160795757225618,0.0023990023628703
2022-12-29,-0.0044071531222253,0.0002845317791451,-0.0021658785562934657,-0.0050302990879198
2022-12-30,0.0154728345211305,-0.0036645835359895,0.008466962022466218,-0.0039275414924896
2023-01-02,0.0025215738062649,-0.003147758568897,0.020946748809044236,0.0006454176294565
2023-01-03,0.005215482498593,0.002688265563036,0.00331850712220505,0.0016265247299227
2023-01-04,-0.0128469576734303,-0.0045322360508659,-0.01865233239044861,-0.0106662314819364
2023-01-05,0.0148681431280739,0.0057464733330303,0.004159336196658092,-0.0050874954323031
2023-01-06,-0.0112337410968672,-0.0041534248084644,-0.0032711115319730144,-0.0031931787470486
2023-01-09,0.0110541062108822,0.0035759540296089,0.007657692844582842,0.0169969974388466
2023-01-10,-0.0086745427873399,-0.0014302993951805,-0.004036210397255324,-0.0055686134099968
2023-01-11,0.0082102532144285,-0.0090429005626108,0.008616913253437275,0.0041120837760184
2023-01-12,0.0045030762567319,0.0009577383020438,0.0016220336259156198,0.0006464800664425
2023-01-13,0.0029143977651582,-0.005806383143425,0.006729736107313977,0.0068447163953244
2023-01-16,-0.0009276632461443,0.002347053019585,0.019643918821006467,0.0166453980694194
2023-01-17,-0.0002364667622946,-0.0007295269957835,-0.01272853450803424,0.0023173474552182
2023-01-18,0.0210201747956881,0.0001593853768921,0.0009848482458008068,0.000843030232533
2023-01-19,0.0065840374623173,-0.0054486872827255,-0.0051921945390246416,-0.000194734971011
2023-01-20,0.0045823643281448,-0.0093977510582028,-0.003671101197344262,-0.0043076020874175
2023-01-23,0.0003161560338476,0.0058871302062606,-0.0011478597159240156,-0.0073481811486081
2023-01-24,-0.0007362587382933,-0.0014124198788902,0.006107031045352818,-0.0097608495690783
2023-01-25,-0.0216901853397525,-0.0085078829081404,-0.025788330063756026,-0.0101957278758494
2023-01-27,-0.0351856349151072,-0.0075510827193708,-0.03523061129523153,-0.0102383262005404
2023-01-30,-0.018786360216821,0.0028806744182923,0.014088800117084022,0.0146931822535585
2023-01-31,0.0180729705183837,-0.0020718966075751,0.02396120421814074,-0.0034603147343582
2023-02-01,-0.0195085907696388,-0.0047122349343773,-0.061426205817592394,-0.0077651689826775
2023-02-02,-0.0118683525802054,0.0058349631892227,0.004214929168396164,0.0048981345977363
2023-02-03,0.0147134924707341,0.0016880063586184,0.007642756755227076,0.0043894125518264
2023-02-06,0.0161911796490059,0.0036899386944193,0.015492812584340765,0.0014960969712505
2023-02-07,-0.001501901970605,0.0092232400733296,-0.0016922358662962989,0.0013640689392628
2023-02-08,-0.0002387224598596,0.0083950240529901,0.011760541341041542,0.0068830869048459
2023-02-09,-0.0009567720222212,-0.000820541635862,0.01344755126514352,0.007162888187479
2023-02-10,0.0072726973133374,-0.0056834067180966,0.0005520835338479468,0.003218965008481
2023-02-13,0.0017521292054678,-0.0044935876380485,-0.03286259778933942,-0.014862117183104
2023-02-14,0.0069048417860422,-0.002283139200225,-0.015868399433179525,-0.0042057964161072
2023-02-15,0.0162309220673309,0.0047509380630934,0.021540708565902733,-0.0030858867438114
2023-02-16,0.0069083298118799,0.0019157040698745,0.006671472872191719,0.001024170618743
2023-02-17,-0.0057488544356012,0.0005396821287273,-0.02238824199152767,-0.0078755629972239
2023-02-20,0.0033552152632814,0.0042785642995244,-0.008737851825767806,-0.0033602220173768
2023-02-21,0.0016821959220039,-0.0013624569954246,-0.0022403345729420376,0.0070917053123769
2023-02-22,-0.0113884315393031,-0.0066316846239352,-0.00852099619374036,-0.0130924619455807
2023-02-23,0.0121683723294221,0.0013270876401574,-0.004119403091130125,0.0002935020135739
2023-02-24,0.0005232123028462,0.0008228930098346,0.004147104578571703,0.0053163765841433
2023-02-27,-0.0171168547344696,-0.0006289246453725,-0.02045430426465611,-0.007274777959959
2023-02-28,0.0015353963334434,-0.0041616117778022,0.01711284703285898,-0.0002018037726879
2023-03-01,0.0022856351539095,0.0070596586472528,0.008129436179286076,0.0099663005441155
2023-03-02,-0.0069260614966664,0.0048238922576779,-0.006764098494039916,0.0005035199178071
2023-03-03,0.0122212446894054,0.0035159013045642,0.035653802544960866,0.0056346344432574
2023-03-06,0.0134745213966656,0.0059079714465315,0.006316865353250378,-0.0178666655401638
2023-03-08,0.009058250609699,-0.0072415160448643,-0.005771243248285374,-0.0054829356306981
2023-03-09,0.00482360982084,-0.0012377242975879,0.0016747722830878775,-0.0075445665980463
2023-03-10,-0.0048977475703644,-0.0049665577739553,-0.01305812732811229,-0.004305156852452
2023-03-13,-0.0156013450085308,-0.0108077892186564,-0.017409246131176892,-0.013113838927137
2023-03-14,-0.002837455025871,-0.0059550840574056,-0.023114945261948683,-0.0100038028409115
2023-03-15,-0.0024549783921558,0.0039111237618441,0.0009155060683225802,-0.0042756184993709
2023-03-16,0.0041561053790202,0.0046159597805504,0.002778493445309449,-0.0035902318644606
2023-03-17,0.0010347460951818,0.0040238335377895,0.01973787056928944,0.0049350997707817
2023-03-20,0.0010864557040006,-0.0013699400635244,-0.009616033065408258,-0.0109130079035867
2023-03-21,0.0020810793894874,-0.0003817306088103,0.013409569063159266,0.0044211715010362
2023-03-22,0.0003867001443489,0.009839372879691,0.0036943801496920337,-0.0043324897542847
2023-03-23,0.0031045055259009,-0.0066594109795069,-0.0033933450845730073,-0.0001965350805605
2023-03-24,-0.0108694427785277,0.0004859365500975,-0.01611288809064948,-0.0174359447872647
2023-03-27,-0.0009212225255479,0.0032511996690125,-0.008330227672141977,-0.0015520754024047
2023-03-28,-0.0116906296003532,0.0003698200795405,0.0016303022016463942,-0.0026436357935478
2023-03-29,0.0187035128540167,0.0101892731275765,0.0299310867317224,0.0153822346282577
2023-03-31,-0.008660225213382,0.0151732994304201,0.005851314295858723,0.0176013078778163
2023-04-03,-0.0051872400433722,-0.0030734027303876,0.019001014861585563,-0.0037755537730619
2023-04-05,-0.0042805045142103,0.0040400980059025,0.00833978550302894,0.0053709549241141
2023-04-06,0.0121703410762539,0.0012159673918261,0.0003539178385285613,0.0027674186598152
2023-04-10,0.0066349818752042,0.001598413424861,0.004502084197447687,-0.0050559300176791
2023-04-11,0.0125287946330425,0.0016168845524553,0.01014092461212468,0.0071743869582945
2023-04-12,0.0219094910830879,0.0012515949513949,-0.010094325563031581,0.0091980309869408
2023-04-13,0.0035166873793548,-0.002134447964263,-6.0879625381038416e-05,-0.0095923734145758
2023-04-17,0.0116063836197763,-0.0011768155061417,0.004831343388016274,-0.0069204538836633
2023-04-18,-0.0076422816590653,0.0057595060397777,0.002850063876965292,-0.0010021299614449
2023-04-19,0.0017872677540733,-0.0035785376656413,-0.000131157748014199,-0.0058357978157937
2023-04-20,-0.0047672491952895,-0.0043224273873824,0.0057948719868261556,-0.0002239763819914
2023-04-21,-0.0167208256412648,0.0063420515357834,0.004700552496994748,-0.0009374641252158
2023-04-24,0.0027645399808295,0.0078311412263964,0.022029391527317088,0.0059818136277243
2023-04-25,-0.0013546964077018,-0.0013163748469043,0.031137990963909123,-0.001106982944599
2023-04-26,0.011533842259344,0.0006538400072528,0.007427087974561042,-0.0007119353948047
2023-04-27,0.0125101657294797,0.0067488140237335,0.0006462506998559103,0.0047814436675743
2023-04-28,0.0002685597681857,0.0093378231895793,0.026680120734371204,0.0069615198063956
2023-05-02,0.0198863814225798,0.0009833350179704,0.02502854092716089,0.0003097440428021
2023-05-03,0.0002374458984779,0.0021377991966078,0.018870788144969453,0.0046290828949431
2023-05-04,-0.002007459376431,0.0045457949148102,-0.044227970167378006,0.0016883048273572
2023-05-05,0.0065980536983929,-0.0048182047178884,0.010859032165713156,-0.0085672269830218
2023-05-08,0.0021601380747917,0.0064034612257539,-0.009260375207416405,0.00891593497307
2023-05-09,-0.0050332699820088,0.0022650664598296,-0.009293504096317351,0.0099996810776488
2023-05-10,0.0092747061901388,0.0035643839178431,-0.01415616611871462,0.0047211794529138
2023-05-11,-0.0006203567395974,0.000274530152498,0.009493707964980391,0.0083172715757244
2023-05-12,0.0032609566630006,-0.0095580121284566,-0.01572052760183984,0.0012809121688666
2023-05-15,0.0092388398224676,-0.0019630484722418,-0.003480085544610989,0.0093982096531386
2023-05-16,-0.0184644104801537,-0.0040919371261225,0.0030991022504123222,-0.0001019258762745
2023-05-17,0.0088957902634896,0.0008819042406027,0.002180951205432935,-0.0069673671213548
2023-05-18,-0.0028741172504362,-0.0054091011152169,-0.0003092201818357676,-0.0091964324335055
2023-05-19,0.0130907175509771,0.0038721977640385,0.0013511928946021712,0.0082818822582644
2023-05-22,0.015788687724366,0.0039763303063131,0.0040544350832008025,0.0088294973396874
2023-05-23,-0.0100616329981879,0.0004167817473397,-0.00295205275233823,0.0054649163910149
2023-05-24,-0.0025522777312002,0.0044064156376124,0.0006659526469932064,-4.782048705254116e-05
2023-05-25,0.0022145631482839,-0.0001217807734431,0.0003963277112717378,0.0007102123683691
2023-05-26,-0.0015955574906493,0.0082740158757508,0.003574202700377782,0.0218196105006376
2023-05-29,-0.0008306251371246,-0.0043167144772326,0.0018115711337221008,-0.0036851966948564
2023-05-30,0.0094975817760138,0.0046506949677456,-0.010140110662752111,-0.0067291337286888
2023-05-31,-0.0044907360561184,0.0070789968078124,0.011906196782222267,0.0042941970145669
2023-06-01,0.0024169001785185,-0.0001829906159795,-0.00016507986051073065,0.0082212719255623
2023-06-02,0.000897062600385,0.0049455735517363,0.003451310184120704,0.0087643369185648
2023-06-05,-0.0032468343445205,0.0130051442980261,0.013710128664532473,-0.0058487004981471
2023-06-06,0.0095606856879941,0.0054935015782335,-0.012976185809853935,-0.0040088905452433
2023-06-07,0.0078304905829074,0.0035517101362316,0.014171769068154205,0.0062547627190261
2023-06-08,-0.0047596661140159,-0.005012851035458,-0.015116496388837941,-0.0068734616475321
2023-06-09,0.0121107620160161,-0.0056671488809459,-0.0038636504568785313,-0.0057528137998971
2023-06-12,0.0113170668319972,-0.003272156514986,0.007439990696066934,0.0085388285878
2023-06-13,0.0013467891883882,0.0063260409893055,0.005097157959843113,0.0092760459169911
2023-06-14,0.0052715901406032,-0.0027119236899518,0.0008595905361421519,-0.0015046225958229
2023-06-15,-0.0072071032029107,-0.002230494392959,-0.0008320874878960938,-0.0039839420474308
2023-06-16,0.0131531911377691,0.0084889478145349,0.021390898444836992,0.0051146253776672
2023-06-19,0.0008706163122371,0.0016536843288101,0.010830386956449889,-0.0054124479412246
2023-06-20,-0.0186419356512826,0.0008755311563446,0.010588035154895925,0.0041937327873617
2023-06-21,0.004200248069611,0.0035066333412749,-0.002624757239543918,0.0073946665969601
2023-06-22,-0.0150330724097361,-0.0028911802344426,-0.005259863684267341,-0.0019582426157943
2023-06-23,0.0012246731820413,-0.0037371836344827,-0.02033205788470749,-0.0057482615959344
2023-06-26,0.0144736173143484,0.0145168606881349,0.006839147891375186,0.0206894869801088
2023-06-27,0.0037310321963655,0.0065692764579177,0.008975326477011825,-0.0051829732383401
2023-06-28,0.0074230099222707,0.0055009036079198,-0.004304447875845385,0.0034964071538083
2023-06-30,0.0016015573934717,0.0087225270949624,-0.002408275934451698,0.006646640937584
2023-07-03,0.0063076099337329,-0.0018921819840181,0.016904992614312553,0.0038675878631757
2023-07-04,0.0031084845712709,0.0060199938326459,0.003781831318379947,-0.0005192953695152
2023-07-05,0.0043482781497869,0.0069463358165906,0.009364014494107398,0.0106229089085527
2023-07-06,0.0153023745471227,0.0025511803347308,0.007247008065332405,0.0019738512159301
2023-07-07,0.0053804771287984,-0.0002004913594758,-0.0037772476472696104,-0.0074198608854698
2023-07-10,0.0100603461608839,-0.0003155495263409,0.01358224150827736,-0.0006963140006284
2023-07-11,0.0151340799297416,0.009734537918618,0.005900394661078279,0.007963489550822
2023-07-12,0.009641072180591,-0.0011255648288496,0.003337820551261972,0.0094545018566143
2023-07-13,-0.0055729531605559,-0.0071644355209626,-0.00864726298954932,0.0056614629040698
2023-07-14,0.0138441203091603,0.0003770683002881,0.019058219885577765,0.0119938900399654
2023-07-17,0.0060678101091402,0.0097691492606464,0.013104767522646998,0.0029940829618506
2023-07-18,-0.0025148019117963,-0.0038329754412124,-0.010953508591409644,-0.0028123168845775
2023-07-19,0.0038284034675146,0.0027612436414881,0.004970068245842008,-0.0046459877247826
2023-07-20,0.0011574298898215,0.010884476378592,0.01626245592674791,-0.0044609125121497
2023-07-21,0.0194545118096181,-0.0043447973209094,0.010585789209335505,-6.252420587959939e-05
2023-07-24,0.0134788784658128,-0.0012115720119653,-0.0038393953535273972,-0.0014547505709731
2023-07-25,0.0162049690255499,-0.004329471110618,0.010188485109334788,0.0005561781857661
2023-07-26,0.0106994574748398,0.0010985884828329,0.0006518015337722005,0.001918120457677
2023-07-27,-0.0146413263392177,0.0140253313015299,-0.003901936947205864,0.0138802805922373
2023-07-28,-0.0188344940990276,0.0040317959101474,-0.00490016760733325,-0.0042353436565142
2023-07-31,0.0017628068072812,0.0029769750547945,0.01864846987814084,0.0118736051863796
2023-08-01,0.0079559496671552,0.0062794725621309,0.00650964014833777,0.0048587653022509
2023-08-02,-0.0129981924913005,-0.0008495565691817,-0.017252623837907932,-0.0127370694451819
2023-08-03,-0.0009970054035242,-0.0118059425864803,0.006025002946248081,0.0036321050565735
2023-08-04,0.0044515753640315,0.0059954229554253,0.006655739335966526,0.0046319613084178
2023-08-07,0.0076556208250651,0.0012791358122463,0.0057863523994114985,-0.0077343551107995
2023-08-08,-0.0040820469309831,3.53872329974525e-05,0.01007320617424301,-0.0092543914457946
2023-08-09,0.0093565489358022,0.0128579776522232,0.0034977915025360407,0.01100089695458
2023-08-10,-0.0045105545156288,-0.0109230537597344,0.0018422981783996484,-0.0066736406243513
2023-08-11,0.0172496966918651,-0.0005535945984855,-0.0012743153810845786,0.0055545954469815
2023-08-14,-0.0145327857256902,-0.0066609979360872,-0.01759735713352395,-0.005462101355847
2023-08-16,0.0245227214497674,-0.0018936046746584,-0.005829874812598779,0.0065411566101134
2023-08-17,-0.0081498446401512,-0.0020359742653928,0.004089464490021788,0.00050433041117
2023-08-18,0.0010047763690157,-0.003096373112053,0.007848173741514364,-0.0048476018965534
2023-08-21,-0.0039420215169666,0.0030090716022062,0.023546188929689293,0.0006315654629598
2023-08-22,0.0039305188058564,-0.0007538858134766,0.01957388282616468,0.0034285153620858
2023-08-23,0.0015832185806659,0.0044413602268438,-0.01928823658073453,0.0158956509700918
2023-08-24,-0.0007136433366213,0.0012380301961487,0.0007129761192044004,-0.0026761572385327
2023-08-25,-0.0376004483569915,-0.0041345807733551,-0.0071656409966579515,-0.0059044482299954
2023-08-28,0.0090677905483298,-0.0011388179175561,0.01220574154860321,0.0032055672018829
2023-08-29,0.0049604606541819,0.0111954876934596,0.0001751515393380032,-0.0011548708623904
2023-08-30,-0.0012988843340508,0.0001458923941106,0.004875250478354909,0.0024854154994415
2023-08-31,0.012076863227719,-0.0029693102900681,0.0060400784810505925,-0.0014279150636533
2023-09-01,0.0079685411551169,0.0062068630134595,0.008621450512368733,0.0070034138152377
2023-09-04,0.0140539102796404,-0.0023110024516151,0.02796071090924168,0.022014783600369
2023-09-05,-0.0080119079189041,0.0114429622063174,0.0034950757591249992,0.0295354781352656
2023-09-06,0.0026705411303287,0.0001385664156694,-0.007754680666125502,0.0235223065989729
2023-09-07,0.0085597489170881,0.004007115225757,0.007346744142760153,0.0030536413899302
2023-09-08,0.0018547897318001,0.0041637031583259,0.030866851252586924,-0.0062885444877952
2023-09-11,0.0065741615867023,0.0073327831992409,0.03643197158872957,0.0017170648273303
2023-09-12,-0.0557426594216827,-0.0076243003026555,-0.03915217083647893,-0.0346759885377799
2023-09-13,0.0220434212623248,0.009922200748176,0.029056187371340636,0.0048082286794972
2023-09-14,0.0109432497116495,0.0052062414687445,0.013299635383374975,0.0091813898907515
2023-09-15,0.0034398812981166,0.0051761895239386,-0.00462601931654727,0.0097365165748637
2023-09-18,0.0296070875456051,0.0054277916185283,-0.020203267557685645,-0.0016686803774998
2023-09-20,-0.014321606216253,-0.0046306322769059,-0.01183214671734889,-0.0097738358810673
2023-09-21,0.0002830309420076,-0.005688509380829,-0.011962865480693252,-0.0087538229813817
2023-09-22,0.0018955679443675,0.0094941799790253,0.010537339439411264,0.0001801820395341
2023-09-25,-0.0022228263924882,-0.0148615536406756,0.006171231052213733,0.0056796889476058
2023-09-26,0.0063505778400907,-0.003107414840776,-0.0031220676282723847,-0.0014824596186867
2023-09-27,0.0011254789469636,0.0032529831037739,0.010824690356266098,0.0009373136336463
2023-09-28,0.0018746410540382,-0.0089988001268663,-0.003072665897627669,-0.0167769126709516
2023-09-29,0.0117907484841128,0.0026635971318069,0.005406614278340438,0.0074669225758687
2023-10-03,0.0075879873741344,-0.0009732794014469,0.004905935553782159,0.0016393493635726
2023-10-04,-0.0157447681086783,-0.0039443206888466,-0.012481715073560884,-0.0033358230674629
2023-10-05,-0.0039015178874193,0.0037685267925091,0.002640092440075348,0.0029498207650364
2023-10-06,0.0094532122177886,0.0044309663701718,0.004589928038819302,0.0022214317275146
2023-10-09,-0.0109675085124686,-0.0073984811821855,-0.0009536207805935781,-0.0100653207785226
2023-10-10,0.0052241834739761,0.0107157911284361,0.01253130665170521,0.0144833823413803
2023-10-11,0.0073568381310478,0.0046451973417498,0.006728730931703009,0.0039861596108374
2023-10-12,0.0054313668558696,0.0045316762170308,-0.0010258295866555356,0.0295202471462279
2023-10-13,-0.0019368251274268,-0.0004075569371123,0.021680584012454984,0.0024915313099556
2023-10-16,0.0046890202975278,-0.0001192907216801,0.024377081332987327,0.0180385142389474
2023-10-17,0.0041581222622122,-0.0042099897015552,0.01717637894518864,0.0129273037526362
2023-10-18,0.0035933132080065,-0.0082068394314795,-0.02235414349172571,-0.0233007173329907
2023-10-19,0.0036904720448212,-0.0020814216623942,-0.001537777499042603,-0.0144129449644301
2023-10-20,-0.0059310013965583,-0.0071359472902186,-0.0029011431629638595,-0.0164632600798912
2023-10-23,-0.0345258388700788,-0.0140436087851274,-0.05510796459831191,-0.0268541883501464
2023-10-25,-0.0121036657498608,-0.0059209246128801,-0.011045463570207859,-0.0143873983304264
2023-10-26,0.0064022169060475,-0.0126040949582388,0.0026125838100139465,-0.0175602678812057
2023-10-27,0.0527218962110735,0.0123572384281223,0.013304015293307936,0.0044805042569096
2023-10-30,0.0085600864083903,0.0032304485812277,0.004578622976312285,0.0025068706907771
2023-10-31,-0.0130910694349358,-0.0020450349995203,-0.014081888971422152,0.0050164946111057
2023-11-01,0.0078565351214527,-0.0082018071870927,0.0021677481254127606,-0.0133351738501658
2023-11-02,0.0057332177398365,0.0092966480285281,0.012777810855720828,0.0111455345015158
2023-11-03,0.0116311143018379,0.0064468501520538,-0.003374231469495448,0.0013126228183102
2023-11-06,0.0068022479166212,0.0117449210941877,0.00487864336554189,0.0066642933397704
2023-11-07,0.0021054411888086,0.0046945283854618,0.0044106941947066325,0.0010295111975067
2023-11-08,0.001568049856865,0.0009958969221339,0.005059334279227334,0.00293694459277
2023-11-09,0.0003401989616185,-0.0052525630400798,-0.01119515915922642,-0.0049274879803909
2023-11-10,0.0037243370507555,0.0017962102244521,-0.001898809260406198,0.0007474941033196
2023-11-13,0.0048117778827239,-0.0016246179073063,0.006739585693535721,0.0048322541362815
2023-11-15,0.0175960566426012,0.0071022461127701,0.006510966940880714,0.0049758260372052
2023-11-16,0.0140962081950923,0.0020051801435885,0.013435394018095348,0.0007310431948834
2023-11-17,-0.0083323902202545,-0.0071660402418892,0.01702551560544796,0.0095049088596863
2023-11-20,-0.0068384697327463,5.569347404610348e-05,0.0006609230849796699,-0.0013293270921922
2023-11-21,-0.0044211333327008,0.0023002833844227,0.0055850367954659585,0.0010581047753512
2023-11-22,0.001375429847336,-0.0001673609455571,-0.016542414973425013,0.0058583628403405
2023-11-23,0.0022774342861116,0.0014021498672418,0.003751439369286791,0.0047335466099256
2023-11-24,-0.0072823228653006,-0.0005480333542063,0.00583712819229909,0.0042793503012747
2023-11-28,0.0021757689829535,0.0014511395406815,-0.008757222940030895,0.0013154079793873
2023-11-29,0.0062027407026576,0.0101351634060793,-0.007143603065468573,0.0061325760313857
2023-11-30,0.0140771564666619,4.565109644971699e-06,0.008987574538618537,0.0028350824083733
2023-12-01,0.0100745963387076,0.0107316086339153,0.0008831389746741802,0.010818419118062
2023-12-04,0.0269404584472123,0.0160281883722694,0.018695917229511583,0.0261412800996687
2023-12-05,0.0057328338279651,0.0065113332456763,0.003965300018845097,0.0024106887008514
2023-12-06,-0.0063270401884408,-0.002949337386648,-0.0019489411635765785,0.0104821077590724
2023-12-07,0.0094302720841514,0.0002236623789904,0.004040312746963259,0.0157961318459047
2023-12-08,-0.0069777564891392,0.0021976488234956,-0.005861568840563769,-0.0034868361549944
2023-12-11,0.0018469657901458,-0.0002363119826197,0.011583023475639775,0.0026044889341043
2023-12-12,0.0027140801519687,-0.0020166143877824,-0.003117577383860648,0.0117344908886243
2023-12-13,0.0136392964206366,-0.0014753351435857,0.0012853231995302306,0.0089560501540535
2023-12-14,0.0026973253322375,0.0070843020074724,0.009351460589910099,0.0041235180235268
2023-12-15,-0.0024080738348809,-0.0017031000284796,-0.00021085192975378586,-0.0039299915494728
2023-12-18,0.0086614765400832,-0.0004623395761628,0.008286493547891904,0.0057980015395249
2023-12-19,-0.0091457717659331,0.0043736879647311,0.0008296626449180167,0.0008563918080741
2023-12-20,-0.035048440923613,-0.0113577929874677,-0.01938764806759663,-0.0336370834618571
2023-12-21,0.0150335684965463,0.0019602627004426,0.0008920746334715179,0.0185102358683888
2023-12-22,-0.0003329239627047,0.0063395064639277,0.008108458482160241,0.003676585334551
2023-12-26,0.0130892459520184,0.0070377161323318,0.006131260680091399,0.0077117719434518
2023-12-27,0.0144661034777573,0.0064099166583739,0.00782905354617891,0.0079901920753728
2023-12-28,0.0072701592823365,0.0112309040707105,-0.000516558281892121,0.0068146427141428
2023-12-29,0.0033289405177041,0.011634018851113,-0.00015615642673971752,0.0082033430375729
2024-01-01,0.0004540896400619,0.0068183033569635,0.0034382349569022086,0.0035877362644369
2024-01-02,-0.005878227478499,0.0021898591906546,-0.0038663186801584093,-0.0053823253163095
2024-01-03,0.005430923124936,-0.004794006567221,-0.0071395679944145085,-0.0015071056267733
2024-01-04,0.0106206103047667,0.0100287718000204,0.013594122893286542,0.0132431935221699
2024-01-05,0.0239006379634145,0.0004483440737048,-5.251022058649912e-05,0.0006915575444637
2024-01-08,-0.0092304588513237,-0.0103352428223325,-0.008296792245623519,-0.0014844787704966
2024-01-09,0.0035538988571119,0.001198071658174,-0.005139784541387082,-0.0042203187868835
2024-01-10,0.0053298836762167,0.0036755941032609,-0.0009132337459029083,0.0019075774186196
2024-01-11,3.354152768197949e-05,0.0138421385358586,0.019634065037413606,0.0036829282251824
2024-01-12,0.0051844189375238,0.0020409263414564,0.006862036147606165,0.0009224249709351
2024-01-15,0.0022642972928681,0.010205310157646,-0.002474852272815742,0.0107599484770548
2024-01-16,-0.004454247314962,0.002392819132795,0.01814019020922797,0.0036182055915237
2024-01-17,-0.015170324981792,-0.0088132017545641,-0.003461426716165894,-0.0063627302454308
2024-01-18,-0.0020472441127589,-0.0017408334454862,-0.00746030470856629,-0.0026398850864967
2024-01-19,0.009157317391446,0.0058135149843721,0.014306292485640082,0.0144940970645173
2024-01-23,-0.0154668171076364,-0.0013435881773086,-0.021777055552546165,-0.0101471112935073
2024-01-24,0.0048813095114086,-0.002068337099643,0.003223129241825884,0.0299581172343905
2024-01-25,-0.0036329166939544,-0.0042625337062328,-0.0033769148489604106,0.0018100704542378
2024-01-29,-0.0022970129726088,0.0200093204536073,0.00928975536162513,0.0175584453421304
2024-01-30,-0.0006911551463478,-0.0086994823481848,-0.008116159721401228,-0.0056605984506165
2024-01-31,0.019758816234926,0.0123356411965636,0.024950352704680157,0.0178377266109277
2024-02-01,-0.0060538541263883,0.0099254746367436,0.0009713915875781964,-0.0124437642359304
2024-02-02,0.0019463634391332,0.0028186128350533,0.0011674141438904329,0.0140145732374692
2024-02-05,0.0083511936186009,0.000609742120921,-0.012806951680487622,0.0195737132798663
2024-02-06,0.0215194796646096,0.0093582283853914,0.009792534230934846,0.0195379956125245
2024-02-07,-0.0071214424772332,-0.0005637731396609,0.0010183829808831923,-0.0052020624071883
2024-02-08,-0.0025594901760767,-0.0133362396914139,-0.005137271284239353,-0.0192297676864873
2024-02-09,-0.0077486597315225,-0.0046618719820605,-0.0035265629344285454,-0.0033885450462532
2024-02-12,-0.029230469137557,-0.0117610630321007,-0.022801923562490223,-0.0285777173776731
2024-02-13,0.0180131398505984,-0.0038525825807146,-0.003969842834015358,-0.0031386129294767
2024-02-14,0.0069873582816037,0.0005834103224982,0.012889378611219637,0.0153761649738242
2024-02-15,0.000909899517302,-0.0003967230257853,0.017892379416595938,0.0100210786405847
2024-02-16,0.0048509643806935,0.0086690963828348,0.0051549486776560904,-0.0095918432439318
2024-02-19,0.0001420743265641,0.0078931734035032,0.0025472547408487145,0.0082350973981155
2024-02-20,-0.0008850079136885,0.0044825880491166,0.0007667926855077223,0.0022600262888876
2024-02-21,-0.0075435514246927,-0.0018792957202773,0.005642615281391317,-0.0106491625694671
2024-02-22,0.0047832200480966,0.0049831811624969,-0.005034283683637897,0.0056823059126147
2024-02-23,0.0037907332353666,-0.0018720197993786,0.0022340422184148334,0.0016971341938705
2024-02-26,6.879420174477069e-05,-0.0046099028005408,-0.006819263933153685,-0.0112587590512986
2024-02-27,0.0029979317094375,0.0056314200347602,0.004061853916562219,-0.0040907147985667
2024-02-28,-0.0018920542303826,-0.0130991396479414,-0.01047553362361131,-0.0157232017630126
2024-02-29,0.0046297804815791,0.0016934925763631,-0.009175845436126373,0.005040991830554
2024-03-01,0.0043475985356029,0.0006605137730264,0.006720385930303108,0.0054837130097475
2024-03-04,0.0183951237690116,-0.0056635458898894,-0.0034708013738276033,0.0106820276556385
2024-03-05,-0.0116397811060391,0.0098303673026238,0.03864407264083547,-0.0021007194152207
2024-03-06,-0.0074025493029452,0.0044426397572581,-0.05457323248357904,-0.0093328516527521
2024-03-07,0.0152020312564318,0.0006162406261212,0.004032340568924209,0.0025291759679977
2024-03-11,0.0028430663732572,-0.0044071793430831,-0.017957466856178383,-0.0061827891196398
2024-03-12,-0.0248158652365525,-0.0068036904850489,-0.021964510074390264,-0.0162412724037674
2024-03-13,-0.0409730080352986,-0.0187854546330065,-0.05204614228299298,-0.0355078420613994
2024-03-14,0.0318257129580006,0.0086207805078479,0.03608626967163486,0.0295782784629965
2024-03-15,-0.003762311312765,-0.0063967403844515,0.016756794687217136,-0.0115641141197796
2024-03-18,0.0008974088336335,0.0033958210183664,-0.009816487444172517,-0.0001339887671868
2024-03-19,-0.0022476749994574,-0.0048071765716475,-0.01610816980378249,-0.0245562047415547
2024-03-20,0.0118792832650413,0.0034491039169999,0.007090590763595639,-0.0012236411136203
2024-03-21,0.0213341770496473,0.0061707842050697,0.017957765088700617,0.0247545315469723
2024-03-22,-0.0041762817268292,0.0039915666017533,0.003809442162679977,0.0027468669026973
2024-03-26,0.011515979806433,-0.0038509235677173,0.00018970758445413516,0.0001644670641895
2024-03-27,0.0087927209037248,-0.0082957886054294,0.007546829255948184,-0.0050158309705484
2024-03-28,-0.006481148338843,0.0028001423263266,-0.006572839702149724,0.0053870461719069
2024-04-01,0.01118667602258,0.0128688489400328,0.01432961961682433,0.0279961883904051
2024-04-02,0.0154413083744946,0.0060410734516707,0.010400811033395962,0.0230045517064827
2024-04-03,0.0065647331826446,0.0062103220197788,0.027051252729597186,0.0126592456744893
2024-04-04,0.0040289762675946,-0.0091284119271779,-0.007990544355052864,-0.003680726430575
2024-04-05,-0.0008750478923319,0.0014673387669117,0.007697888086831028,0.0033912799300153
2024-04-08,0.0082919820525644,0.0023563777676594,-0.007114586035493642,-0.0001738673475478
2024-04-09,-0.0078924509323905,-0.0063466357170537,-0.012281870096431668,-0.0071381423323659
2024-04-10,0.0076679648347122,0.007974825037804,0.007739157700622057,0.0083879149898968
2024-04-12,-0.0132408747112344,-0.00292378983,0.010542264591733685,0.0073830124622138
2024-04-15,-0.0100706085491035,-0.0167550960144206,0.02390068880862639,-0.0218838378785286
2024-04-16,0.0106064850548861,-0.0007470113500511,0.002284539258629259,0.0073195986250473
2024-04-18,-0.0004469183286793,-0.0085069590586347,-0.003666070992003001,-0.0104981450315737
2024-04-19,0.0038525816472447,0.0006384124448692,0.006489478747307542,-0.0058811502121325
2024-04-22,0.009856904526045,0.0097730143221042,0.00775139781978007,0.0144137189009247
2024-04-23,0.0026593036884772,0.0027709857411923,-0.005065944030654745,0.0061522409095429
2024-04-24,0.021232191260001,0.0066578266253818,0.011492291178409886,0.0100386174566273
2024-04-25,-0.000934459781793,0.0002427016579231,0.0015854562586232746,0.0029337672244638
2024-04-26,-0.0005577915451115,-0.001799828717457,-0.003862185241932159,0.0135150875747107
2024-04-29,0.0037444651939133,0.0035718818137628,0.002295411906735989,-0.0028698569402156
2024-04-30,0.0031174679992724,0.0003073679350005,0.011492976061592053,-0.00433546239948
2024-05-02,0.0068246227259947,0.0060698888693031,-0.003646047355340465,0.009364285655866
2024-05-03,-0.0075314243903235,-0.0040661575139725,0.0006501084665557766,0.0085369275147524
2024-05-06,-0.0126650360950256,0.014898168694948,-0.008071994043999497,-0.0072887617644895
2024-05-07,-0.0194169727355684,0.0126185856508926,-0.019702452784842728,-0.0106678070902002
2024-05-08,0.005168064791003,-0.0006805317441858,0.02052609085343504,0.0102963523547208
2024-05-09,-0.02368759621331,-0.0174813450032509,-0.029996696841222525,-0.0250315336120032
2024-05-10,0.0146574839444568,0.004815472942198,0.020866287630747493,0.0250038983683555
2024-05-13,0.0007823784859362,0.0037652490191011,-0.029453814569377013,0.0197009126664735
2024-05-14,0.0054970910728677,0.0082596992174486,0.006471249949258295,0.0067958181445939
2024-05-15,-0.0025806142991742,-0.0075519147265167,0.005173206034388533,0.016800981470249
2024-05-16,0.0051604656816,0.0047094681651698,0.0012028375867580987,0.0042749203803014
2024-05-17,0.030957667763289,0.0057739290430687,0.021038717551533637,0.01419804073966
2024-05-21,0.0035723762436095,-0.0019754846039603,0.007284513495092515,0.059174283395885
2024-05-22,0.0024975617849911,0.0074186466775154,0.005396106549149682,0.0180210057864118
2024-05-23,0.0084131052945657,0.007429408667698,0.002398293524408457,-0.0718726099006579
2024-05-24,-0.0039364190586459,-0.0035809969125786,-0.013878892607944948,-0.0053222621597753
2024-05-27,-0.013823069639846,0.0020167899027991,-0.010255941438167215,-0.0113032734106667
2024-05-28,-0.0002063216135997,0.0017410454916859,-0.02073552562509884,-0.0068146367170081
2024-05-29,0.0051449111800923,-0.0108004726163977,0.0010527967619895495,-0.0069388136043538
2024-05-30,0.0017261760047759,-0.0057450163173117,-0.014846704560037671,-0.0189479164027088
2024-05-31,-0.0056807263810308,0.0010449102107639,0.008700470230271762,0.0094054300040453
2024-06-03,0.0091391086906997,0.010332697525236,0.013678028813600918,0.0283751710470316
2024-06-04,-0.0578493400155321,-0.0263435633336961,-0.042583522144231556,-0.0560921713222682
2024-06-05,0.0284901447372663,0.0325880926805308,0.02762515793350584,0.0317601203619046
2024-06-06,0.0288948853039738,0.011801130451561,0.018703654503770872,0.0119587165567631
2024-06-07,0.022577491178237,0.0090618886983293,0.02644968040641582,0.0173705045160936
2024-06-10,0.0226974249847204,0.0105243204136051,0.02391365351558883,0.0024926451406062
2024-06-11,0.0162724184953297,-0.0003521051791111,0.0008072654139079649,0.0161790840196653
2024-06-12,0.0056441659849693,-0.0036608133498047,0.007770497783078145,0.0073849949801116
2024-06-13,0.0024685618040591,-0.0007848480722324,0.005006794737961062,-0.0466308257557435
2024-06-14,-0.0001297502749141,-0.002247462937451,0.005247961333904927,0.0077920161388709
2024-06-18,0.015549477200704,0.0034096326079164,0.009639588666649379,0.012072646215137
2024-06-19,-0.0124991083947854,-0.0060623158422394,-0.0067228055025574385,-0.0091439525637566
2024-06-20,0.001956939421249,0.0034787042636172,0.016321394544666523,-0.0019905381260714
2024-06-21,0.0019933019576707,-0.0012690322561877,0.006318103668429442,-0.0050762350688452
2024-06-24,0.00232988432767,0.0260516092426288,-0.0037613833356678894,0.0031844137215906
2024-06-25,-0.0077465707984525,-0.0016264088533292,-0.01162215699862812,-0.003454584501081
2024-06-26,0.0107433836207597,0.0004558576392945,-6.384904958989246e-05,-0.0081931291997748
2024-06-27,-0.0126881160121563,0.0037370607799063,0.0005621464860110503,0.0009601142289517
2024-06-28,-0.0040402070106172,0.0065787208244767,0.0031403612867932917,-0.0013600413939887
2024-07-01,0.0171598763162628,0.0080216040924696,0.025897473723801134,0.0008244879137098
2024-07-02,0.0186452255038098,-0.0004838925835104,0.0062584178849438565,-0.0010800795248328
2024-07-03,-0.000562259639756,0.008414905042281,0.0016475865974459047,0.0189944310432639
2024-07-04,-0.0093394019809628,0.0146270731977919,0.0010789497799541525,0.003744203832104
2024-07-05,-0.0018734440031532,-0.0004473300044958,-0.0043286961985451455,0.0107780901179124
2024-07-08,0.0015062150137656,0.0035407247530387,-0.015142537085871544,-0.0057958594769769
2024-07-09,0.0130323740266382,0.0003251649303532,0.035836127223048075,0.0006872828961561
2024-07-10,-0.0100608789921455,0.003721754496087,-0.010049013151616992,-0.0070643174344399
2024-07-11,-0.0015972144308664,-0.0010378799373619,0.005029627156563743,0.0092734193732595
2024-07-12,0.0022931839599302,0.0150930922700203,-0.009738871361903212,0.0034268355385098
2024-07-15,0.0077799488788934,0.0008995333486041,-0.010790430978260934,0.0190471666693683
2024-07-16,0.011129060390894,0.0044570048335672,0.01370617513163186,0.0090332532026808
2024-07-18,0.0022605006695999,0.0108147918060335,-0.013640649473299016,-0.0133870073385892
2024-07-19,-0.0237882367140557,-0.00765614275971,-0.02941058616312564,-0.0091130855918564
2024-07-22,-0.0018761790783852,0.0123328016333967,0.004279600282572904,-0.0003566099097145
2024-07-23,-0.0094285316443317,-0.0002791839440291,0.0020840367294483464,-0.002814931461175
2024-07-24,0.0102618377509311,-0.006655731583164,0.011860516437194102,0.0099275097522451
2024-07-25,-0.0092704542862398,0.001510766269563,-0.005867739854121701,0.0002355604551802
2024-07-26,0.0062925704701679,0.0109755035187202,0.0196959698361745,0.0039014314453285
2024-07-29,0.0018210479823568,0.0071468214224028,0.004163088284252714,0.0166553586202857
2024-07-30,0.003241727757854,-0.003330010953454,0.0018793252503079838,0.0249030268741574
2024-07-31,0.0082759880842777,0.0069038344884566,-0.003734719566756084,-0.0022474227333246
2024-08-01,-0.0166616945526313,0.0082738608963341,-0.006644259021302834,-0.0066956433479287
2024-08-02,-0.0094852192856753,-0.0093604040282013,-0.01515255699285245,-0.0047383325064204
2024-08-05,-0.0389919117978995,-0.021013816236361,-0.043738593332853015,-0.0310965488006405
2024-08-06,-0.001764588122461,-0.0018188416341504,-0.017661580688472567,-0.0012066806030333
2024-08-07,0.0178156587946392,0.014648114041996,0.016156958450618708,0.0121299445670595
2024-08-08,-0.0061358785862494,-0.0057454630460409,0.008077002714190318,-0.0005596293046393
2024-08-09,0.0127580241406493,0.0055546664901438,0.0039337598820714526,0.0064684142833926
2024-08-12,-0.0060079093868122,-0.0072393466148342,0.003762957970135261,-0.0025618230269998
2024-08-13,-0.0126200239393368,-1.8242238119525744e-05,0.006254548423349604,-0.0145882193172095
2024-08-14,-0.0036688984211438,0.0047056610279245,-0.00703973068669661,0.0034128169252662
2024-08-16,0.0084499783445826,0.013683963055745,0.0022256894174428332,-0.0006714846655121
2024-08-19,0.030996255734403,-1.1132073914787988e-05,0.010912282731134537,0.0099147426506818
2024-08-20,-0.0073938577058777,0.0034201531048796,0.01568650371306135,0.0055364075764288
2024-08-21,0.0066213234123584,0.0061986497873014,0.016919699137988742,0.009246273177544
2024-08-22,-0.0045307491996317,0.0010963781001605,0.004301968985733984,0.0016519735963069
2024-08-23,-0.0006848102875045,0.0047780184412649,0.0009177207978410262,-0.0073415402374622
2024-08-26,-0.000268593464471,0.0162511196388253,0.008182039443071387,0.0023045086559589
2024-08-27,0.0029698532570294,0.0127083789871964,0.014629888773404431,-0.0001127835803175
2024-08-28,-0.0073705623866145,0.0026130762982046,-0.0020271305971624187,-0.0033522172669508
2024-08-29,-0.0080627773178219,0.0074211631664287,-0.019060966684689262,-0.00388811118157
2024-08-30,0.0159479420484864,0.0053498459724821,0.006293505084296491,0.003523747771079
2024-09-02,0.0179863731572307,0.0069249113377443,-0.005612604042667613,-0.0024781407658004
2024-09-03,-0.0029558826440601,0.0004115708585434,-0.003753688979585612,0.0071452322187939
2024-09-04,-0.0023703880848784,0.0009861464915057,0.005981598075514016,0.0050919047681352
2024-09-05,0.0048240599259588,-0.0075582479733015,0.018244595909282735,0.0002079368028902
2024-09-06,-0.0204226800068695,-0.0049247094850833,0.003940641198637573,-0.0117348890999181
2024-09-09,-0.0084007573630119,0.0073798659711079,-0.015244143871424365,-0.0010014613427437
2024-09-10,-0.0031317242344646,0.0068667786100156,0.017131813729756695,0.0052663264161434
2024-09-11,-0.0027665941977826,0.0065580050027567,-0.005710233265240339,-0.005932652313643
2024-09-12,0.0194433359426866,0.0126054470194829,0.011313924160701427,0.0155828925323502
2024-09-13,0.0098134666080051,-0.0015198755648792,0.021143118298843522,-0.0014726567330526
2024-09-16,0.016711478040833,-0.0037201426244536,-0.002184577673188026,0.0031684477830415
2024-09-17,0.0012181397364379,0.0019993855928432,-0.001874206075987206,0.0007545971140519
2024-09-18,-0.02037341329709,-0.0067585513498605,-0.007201018237284584,-0.0071133994766225
2024-09-19,-0.0104831799455487,0.0010218055979802,-0.020545037950770673,-0.0078221437987997
2024-09-20,0.0241072934904806,0.0113941602969294,0.03238287146199714,0.0120017749887717
2024-09-23,0.0039831159319358,0.0045108227726251,-0.0015647849046848128,0.0082472093493726
2024-09-24,-0.0018120308750241,-0.0063995021077857,-0.0034801106711949137,-0.0007415556814717
2024-09-25,-0.0014505543074726,0.0006803493200466,-0.0022551891766253718,-0.0052177296468408
2024-09-26,0.0014314492722591,0.0060373534576856,-0.006215951437998246,0.0013107940671071
2024-09-27,0.0033338897541368,0.0084536508483354,-0.0033713973110373052,-0.0022186022007342
2024-09-30,0.0030545552148468,-0.0045278670678606,-0.008712059290111318,0.0052850686961118
2024-10-01,0.0008409424199689,0.0076687176935945,-0.0016836964563400336,0.0034885209215786
2024-10-03,-0.0195730072818186,-0.012340541002492,-0.005036279094229212,-0.0145735818613745
2024-10-04,-0.0024138576178264,-0.0141293540484652,-0.00638979451745636,-0.012255158107413
2024-10-07,-0.0378075131843308,-0.0075452902463463,-0.04133744553358987,-0.0157110791521476
2024-10-08,0.0236905865554406,0.0053344537284925,0.016444448746498308,0.017890252476443
2024-10-09,0.0010344022011894,-0.0026260329516217,0.02208290966312254,0.0006105511554708
2024-10-10,-0.0103152981780149,-0.0125646656475748,0.0017522339204394388,-0.0014895186650745
2024-10-11,-0.0049944367951629,0.0017577648513387,-0.0009518108292968508,-0.0014542280024666
2024-10-14,-0.0026948500001755,-0.005629456456843,-0.008547420156848062,-0.0030788943756157
2024-10-15,0.0048927611267448,-0.0019692796277991,0.007603983001563286,-0.0050958774306327
2024-10-16,-0.0095397617201301,-0.0010851248153984,0.015858895359216474,0.0023123379218308
2024-10-17,-0.0223077661497653,-0.0162236346419246,-0.012726984411365438,-0.0139478495504197
2024-10-18,0.0037714765680412,-0.0009273929347872,-0.004308332495122857,-0.0061089737554388
2024-10-21,-0.0141644938625564,-0.0078791500742947,-0.016323516194935328,-0.0178050391830741
2024-10-22,-0.0190951238179643,-0.0062474785320202,-0.037271693752585655,-0.0091760808357078
2024-10-23,0.0211273714568585,-0.0045825968419708,0.009183898688048142,0.0031221391810007
2024-10-24,-0.0164733666448971,-0.0107699195364027,-0.016583350789756257,-0.0071829870633516
2024-10-25,-0.0094466731840965,-0.0013439769858454,-0.028474281571951865,-0.015046969488377
2024-10-28,-0.0021293572283787,0.0108866013963433,-0.0007163655027444538,0.0036867885247804
2024-10-29,0.0097611486960904,-0.0044829644157081,0.0030826315093956946,0.0068284131679607
2024-10-30,0.0144537729389158,-0.0010127037920915,0.01645023962680381,0.0080793122957234
2024-10-31,0.0024605536578372,-0.0101046178140583,0.023779667684473038,-0.0055938281666108
2024-11-01,0.007955762882069,0.0025184238482223,0.015990259035217003,0.0027157907528696
2024-11-04,-0.0137176889972985,-0.0104981943418602,-0.01945719182421335,-0.0143628721007956
2024-11-05,0.0035330763395677,-0.0014911928787861,-0.0029207128190866793,0.0039493564908958
2024-11-06,-0.0057173439852853,0.012938333454878,0.01624265375098899,0.0033084906215785
2024-11-07,-0.0016042933706065,-0.0070915674087446,-0.008816299373664571,-0.0078135354496178
2024-11-08,-0.0157327429793739,-0.0003655827228324,-0.0197619254370488,-0.0043695219757245
2024-11-11,-0.0183138318683907,-0.0016830059757064,-0.015367381803848335,-0.0044224858814598
2024-11-12,-0.0121564531619743,-0.004168861055407,-0.00958122451101262,-0.0221449101933298
2024-11-13,-0.0248883416242483,-0.0082334387786883,-0.030738767209256834,-0.0231845969307162
2024-11-14,-0.0027568175000367,-0.0048519256452214,0.010605658745884039,-0.0008094522130828
2024-11-18,-0.0049266121722988,-0.0039291048799536,-0.009643717422218145,-0.0084778520518928
2024-11-19,0.0127074447630533,0.002257078594579,0.011908050869014364,0.0032582363986835
2024-11-21,0.0056211565939541,-0.0062248973369293,-0.008098078895832916,-0.0111116214888832
2024-11-22,0.0003135516214705,0.0233851839020062,0.026172822562595455,0.010829704550376
2024-11-25,0.0071133891716892,0.008476384086874,0.019344030790724887,0.0169554883611546
2024-11-26,0.0017810394315571,-0.0049705716964367,-0.0028077575813616473,0.0162697473225161
2024-11-27,-0.0039683796633469,-0.0004384550427021,-0.003968716285762897,0.0130020105395003
2024-11-28,0.0095655734703681,-0.0083387622929456,-0.0007713141743785901,-0.0026140818790811
2024-11-29,-0.0009824236948756,0.0134819812599074,0.010262084692158613,0.0041667796221942
2024-12-02,-0.0008434945651067,0.0126558843728148,0.01777949403151391,0.0071742898406286
2024-12-03,0.0025226391963193,0.0050597517952546,0.01696677246435252,0.0030725405468643
2024-12-04,0.0188125662448392,-0.0011409637473885,0.00434245423676094,0.0052781180799084
2024-12-05,0.0046506496950211,0.0088389248808529,-0.0012419453790150081,0.0064750609182764
2024-12-06,0.0025086439542967,-0.0049268076505297,0.006927957866623702,-0.0030251958969957
2024-12-09,-0.0071411713591266,-0.0086345022194594,0.003107295238654828,0.0002569937490772
2024-12-10,0.0125141356030196,-0.0019991198944827,-0.00837200917469294,-0.0061359711993382
2024-12-11,-0.0004983174532944,0.0016551904039328,0.008636209751781587,0.0051621868583824
2024-12-12,-0.0137311710181158,-0.004973144206396,-0.013866830625969717,-0.0062826099069374
2024-12-13,-0.0060368590158578,0.0098876324936432,-0.0033799004233919794,-0.0017565656514553
2024-12-16,0.0026593074670824,-0.0067448999154363,0.004880310790612574,-0.0050311831288526
2024-12-17,-0.0090073433420196,-0.0138218493627454,-0.01194596206616838,-0.014508272299707
2024-12-18,-0.0069909997264346,0.0046158977807337,-0.018462751762863494,-0.0029178483002632
2024-12-19,0.0060421871178897,-0.0063603305287603,-0.00869651552173134,-0.0063568606363141
2024-12-20,-0.0207407214471485,-0.0127990557365328,-0.02337776317986151,-0.02360044843101
2024-12-23,-0.0103978133343537,0.0168456478439729,-0.014207394519734184,-0.0057136179092852
2024-12-24,0.0146157862205871,0.0054272691305137,0.009032740418235985,-0.0024260243999251
2024-12-26,-0.0133226954450502,0.0002930018305242,-0.007287484590544402,0.0022537475782464
2024-12-27,0.0047865396174517,0.0033915267296522,0.00863470488392104,0.0001510922105256
2024-12-30,0.0149995103766695,0.0030708659706741,-0.009890003804660208,-0.0050157949279063
2024-12-31,0.0019542316906207,0.0024145807938826,-0.0028206849453406013,-0.0065057483868546
2025-01-01,0.0090672307317749,0.0001389030182286,0.021072240553257293,0.0078733821401801
2025-01-02,0.0010712178485023,0.006619196653949,0.00024092405772679903,0.0128875202710605
2025-01-03,0.0012205161121048,-0.0026030103415192,-0.0016246476396294396,0.0041246060056028
2025-01-06,-0.0191491922717738,-0.0176083980805181,-0.039663492154677904,-0.0274471299621954
2025-01-07,0.0130204577718004,0.0054796679493869,0.008568362502102689,0.0018458827692464
2025-01-08,-0.0113854847889176,0.0029116077935873,-0.01570851053594058,-0.0017422445962828
2025-01-09,-0.0020191635339312,0.0007514475485066,-0.008735955276304441,-0.0070599606173878
2025-01-10,0.0003613024026931,-0.0084491459672754,-0.02659068611785731,-0.005880071439814
2025-01-13,-0.046933221514596,-0.0109550817667766,-0.047583646465613194,-0.0245654667241507
2025-01-14,0.009259887736936,-0.0006621787530587,0.019826200636507973,0.0072792479248859
2025-01-15,0.0095896752339283,0.0001442133015843,0.005279926121466438,0.0016961346186272
2025-01-16,0.009825867653844,-3.664502182099128e-05,0.0019150345085299225,0.0070325586535353
2025-01-17,0.0005385506606847,0.0119514784164398,-0.0051283669816679645,0.007235665044609
2025-01-20,-0.0188524542626323,0.0013569981019125,0.01068837705531056,0.0094744345669182
2025-01-21,-0.0201572842935179,-0.017408853952206,-0.023245030745124184,-0.0082616631994263
2025-01-22,-0.006333736098535,0.0047415381172806,-0.012821187819478275,0.0085581866536632
2025-01-23,0.0016988671605722,0.005609244035557,0.017873889609290705,0.0006861220904854
2025-01-24,-0.0276194544848725,-0.00464529265773,-0.0164935546227708,-0.0072203524068226
2025-01-27,-0.0261416686130389,-0.0150527131983039,-0.04651277728000913,-0.0231403065802282
2025-01-28,-0.0118184532973137,-0.0042800619609719,0.003337368143583763,-0.0167187459733344
2025-01-29,0.0337726992901836,0.0051950360918262,0.029823382820739264,0.0173931585120299
2025-01-30,0.0016059732753899,0.0097438891691623,-0.038680517904113976,0.0037679524474696
2025-01-31,0.0186651009802985,0.0138294266868166,0.023791618501964873,0.0186775934956484
2025-02-01,0.0234123105026502,0.0035635791610206,0.0069373829955958755,0.0100470658622855
2025-02-03,-0.0134507652028215,-0.0048931404230317,-0.022062295769630924,-0.0282230463642545
2025-02-04,0.0157728071096496,0.0094376500330086,0.025715084883756845,-0.0062324207702179
2025-02-05,0.0027918051792008,-0.0053744948071341,0.006249191505769636,0.0096966548140093
2025-02-06,-0.0024842799311549,-0.0005541575799787,-0.007022700166671281,-0.0144078461822967
2025-02-07,-0.0059543619700372,-9.49955340309172e-05,-0.006840176834359002,-0.0123506705466225
2025-02-10,-0.0249579758010203,-0.0089894523110518,-0.03193044495276798,-0.0112641718822884
2025-02-11,-0.0262119429103442,-0.0165808138839094,-0.04388386055940097,-0.022407982246463
2025-02-12,0.0093166907512189,0.0001552951590795,-0.0009128013678278979,-0.0044560737853632
2025-02-13,-0.0051566970533646,0.0043416532589235,0.00865271037696691,-0.0086020914860505
2025-02-14,-0.036603436993754,-0.0074421795612126,-0.028499961564916187,-0.0121473264422085
2025-02-17,0.0150153393339953,0.0090745363305115,-0.005981802188304797,0.0005035187018418
2025-02-18,-0.0048957539573412,-0.0051711691933626,0.0008953859345715021,-0.0130297475871522
2025-02-19,0.0035521419146122,-0.001899437407826,0.010917442085953022,0.0080655168493535
2025-02-20,-0.0103582224075646,-0.0037192398373135,-0.003115101143261856,0.0086861179290453
2025-02-21,-0.0126977383089845,-0.0018304293824175,0.0036038690210751234,-0.0010346415753199
2025-02-24,-0.0147793002685779,-0.0059677208876762,-0.005742313872027394,-0.0132150264807134
2025-02-25,0.0096087536991982,-0.0016856057693948,-0.020635613193819458,-0.0095266977219379
2025-02-27,-0.0261164057909267,-0.0029139713767911,-0.02556680693508573,-0.0083663102122997
2025-02-28,-0.0331816508491595,-0.0132915764494069,-0.026504213628829265,-0.0248683593053207
2025-03-03,-0.0282811859342824,-0.0060179490784686,-0.014879296638238615,-0.0104867402237103
2025-03-04,0.0109058453068595,0.0007740878841338,0.01701892792789983,0.0058927684006546
2025-03-05,0.0076537886668666,0.0128876025736233,0.02285580574118873,0.0234596204118608
2025-03-06,0.0226746388404506,0.010849319690432,0.027895585049528382,0.0182291647712904
2025-03-07,0.000434871548306,0.0057018810491276,0.02043268161508327,0.0064988824331002
2025-03-10,-0.0011409570782189,0.0025187693625361,-0.03203063692988062,-0.0164616758316913
2025-03-11,-0.0118713921000424,0.0024366206598449,-0.007889158870432511,0.0024870078621774
2025-03-12,0.0013752442124403,0.0062398021268192,-0.005661337015659074,-0.0083510863074378
2025-03-13,-0.0011929524316016,0.0026707734815716,-0.00023910382878400416,-0.0059154051689764
2025-03-17,0.0032795499523656,0.0015731356240775,0.009079995302484267,-0.0016125204041885
2025-03-18,0.0,4.2739284711323933e-07,3.0386294321615992e-05,0.0
2025-03-19,0.0401445352547213,0.0121644460550816,0.03918517236771679,0.0401385691598297
2025-03-20,0.019167259101096,0.0165789494673551,0.009679729843443452,0.003402389548831
2025-03-21,0.0061255488681295,0.0033696525470434,0.005208900684092521,-0.0010178722778643
2025-03-24,0.0058511303908979,0.0116545599031721,0.004736127835736292,0.0081304952938667
2025-03-25,-0.0063761269332179,-0.0045105948014675,-0.02229410594047776,-0.011307672235758
2025-03-26,-0.027366177477375,-0.0033493420452844,-0.013227396954796578,-0.0044216184197334
2025-03-27,0.0187269996711538,0.0103686845720234,0.0033928813871577646,0.0045597981463127
2025-03-28,0.0122464926151226,-0.0014196778312347,-0.006220275187369673,0.0028818004201032
2025-04-01,-0.0227353072217443,-0.0100208185633077,0.002656167795052955,-0.0065558105389266
2025-04-02,0.0232227936902453,0.0071747149411089,0.011258954057702386,0.0096294987225342
2025-04-03,-0.0033604325906601,0.0039295233252856,0.00863796740475653,-0.0008424052719276
2025-04-04,-0.0345937550370752,-0.016993143373189,-0.0349642623443851,-0.027748395029059
2025-04-07,-0.0596590507202576,-0.0186205191363284,-0.022619020374698207,-0.0143935520128983
2025-04-08,0.0490093758515419,0.0213641720058308,0.024668556102444228,0.0233795758993811
2025-04-09,-0.011979687856055,0.0018847354058526,-0.007502783669347091,-0.0061659664180584
2025-04-11,0.044225385040548,0.0137376789705865,0.0288571977653036,0.0197385997727317
2025-04-15,0.0266666650326796,0.0175990338670246,0.037776177984327086,0.0175316929440234
2025-04-16,0.0014940487983539,0.0068418716487952,0.019817620402357683,0.0083424562321556
2025-04-17,0.0075480537460443,0.014644955996252,0.0031642102063234034,0.0100517750420154
2025-04-21,0.0127369122193334,0.0008411303283928,0.035898527311030826,0.010844879916396
2025-04-22,0.0115542376824562,0.0066991786552039,0.010507729806375599,0.0060435867568042
2025-04-23,0.0022535253325708,0.0071770047018269,0.01081208773318787,0.0107736657656811
2025-04-24,-0.0044636558380323,-0.0021284334943887,-0.000736939664922942,0.001324116323919
2025-04-25,-0.0195705831462539,-0.0043582527650133,-0.036500922717281115,-0.0107468587917335
2025-04-28,-0.0062498841545212,0.0078015597488252,0.0010069817910478562,0.0001592896125128
2025-04-29,-0.0013086485790049,0.0031590268737713,-0.0060991351547629025,-0.0079094120432627
2025-04-30,-0.0157694564254511,0.0029373560818384,-0.026592448940598423,-0.0138270866461686
2025-05-02,-0.006431350500196,-0.009430415854402,-0.006563067515139798,-0.0142252444026514
2025-05-05,0.0189478926466752,0.004414729013465,0.017813699604973143,0.019454220930579
2025-05-06,-0.0078848026496626,0.0007265963436704,-0.025687728428000045,-0.0171307366283138
2025-05-07,-0.0041899936385616,-0.0026657708474665,0.013990778482540822,0.0058920395549173
2025-05-08,-0.0144097774015503,-0.0032249248954998,-0.0023172923000381873,-0.0123742391964207
2025-05-09,-0.0186402838399509,-0.0067251774452045,-0.0042871230149328365,-0.0008795818457502
2025-05-12,0.040349885381788,0.029984779214528,0.042801379579356924,0.0448661051559045
2025-05-13,0.0043445933591899,-0.0097155446790738,0.008497047262468138,-0.0102811524775087
2025-05-14,0.016408250584901,0.0048103605802611,0.029818787488313347,0.0072100395346637
2025-05-15,0.0031862555221526,0.010942274549901,0.030124177223773918,0.0085622005547627
2025-05-16,-0.0053333846807505,0.0030921464349744,0.020065716331622463,0.0121625927955277
2025-05-19,0.0115768025962132,-0.0005088818504521,0.0006977310880791343,0.000402956597252
2025-05-20,-0.0108794177896811,0.0055919198037579,-0.0059076871845342716,-0.0144753670829341
2025-05-21,0.0067224059004364,0.0066709089083611,0.007222489354213657,0.0062206843988008
2025-05-22,-0.0017906755211284,-0.0022028709145514,0.00146660021108036,-0.0151872026028392
2025-05-23,0.0027629070413099,0.0072325801196211,-0.008363705202073746,0.0069248498264762
2025-05-26,0.0072409808286015,0.008147706335881,0.01031687995088637,0.008811934086172
2025-05-27,0.0051727362658133,-0.0067106904302491,-0.002432314357328602,-0.0035720107938386
2025-05-28,-0.0005348960772244,-0.0090823474773735,-0.001528726665048552,0.0131181868555625
2025-05-29,-0.0020614171551762,0.0006767001273377,-0.006821314959319924,0.0059428127853227
2025-05-30,-0.0067521649597721,-0.0071375732104962,0.0030771627259438272,-0.0073760038013473
2025-06-02,-0.0042098746591129,0.0039716519640489,0.0033706624373912586,0.0078415290966831
2025-06-03,-0.0034088572672583,-0.0066377953319148,-0.004122126302888107,-0.0017319954021413
2025-06-04,-0.0018390946327369,0.000931030893001,0.0017531487517326028,0.0013735801148622
2025-06-05,0.0109461405584339,0.0100656250178423,0.0045989957696994654,0.0071525429748362
2025-06-06,0.004722924078925,0.0088628871419191,0.0018957144973332785,0.0045607848801496
2025-06-09,0.0025357228059117,0.0011199588755925,0.0026261518640819936,0.0226526603275376
2025-06-10,0.0077987673240695,0.0009329576897925,0.0025979282021340033,0.0390304234663494
2025-06-11,0.0024338509795382,-0.0012061941889454,0.014485616833769921,0.0125198386797573
2025-06-12,-0.0172839352381065,-0.0039691645921451,-0.0013887114716159,-0.0265892578116745
2025-06-13,-0.0035052266195108,-0.0025306322150837,-0.00745087020407198,-0.012105006148572
2025-06-16,0.0047766666707675,0.00426132847625,-0.0003187823629056119,0.0016365637802011
2025-06-17,-0.0096774085997621,-0.0061682231877029,-0.006389295689826824,-0.0104712225661715
2025-06-18,-0.0089863294000631,-0.0057321716834756,-0.0025313238486537326,-0.0167044354130807
2025-06-19,-0.0226520329240308,0.0019681307357697,-0.022199571432635068,-0.0172167885009927
2025-06-20,0.0096499035486437,0.0036808980849187,0.0028647037665074926,0.013754244064621
2025-06-23,0.0053583587524568,-0.0057262625725702,-0.0016147789860653239,-0.003540304717823
2025-06-24,0.0140031089894643,0.0032639955804174,0.012735328763457732,0.0098351983011883
2025-06-25,0.0037304782308751,0.0082900105200183,0.007123927214614634,0.0077995747857424
2025-06-26,0.0018292770430652,0.0077636112589476,-0.00230005197353933,0.0113159071531738
2025-06-27,0.0135042026924909,0.0094178650854259,0.016262499511144446,0.0087440567809469
2025-06-30,0.0083409553166209,-0.0059832163681267,0.030656703100424343,0.0092780946951336
2025-07-01,-0.0106834110185024,0.0028444664925453,-0.009213115358662094,-0.0068100495495247
2025-07-02,-0.004715388321606,0.0027543279552231,-0.004064268142158434,-0.0050364181219342
2025-07-03,-0.0040226945366889,0.0033393070505309,0.005907786074210719,-0.0086978759665659
2025-07-04,-0.0114919418033176,0.0027470239236511,0.005592413689299747,-0.0019936761842838
2025-07-07,0.0037253044407223,0.0059841125759094,-0.0028429065379249607,0.0012527575595964
2025-07-08,-0.0073055845862807,0.0003361813119693,-0.013243366844015836,-0.0018433864610322
2025-07-09,-0.003298975423527,0.0041899066993851,0.014014949530158471,-0.0050279148173679
2025-07-10,-0.0028098721900237,-0.0061323794184491,0.00786170281340115,-0.0034140244812944
2025-07-11,-0.0071143668029838,-0.0033970983582096,-0.00723162655681453,-0.0100331718627592
2025-07-14,0.0093626309601848,-0.0020746111309443,0.0025217443834342212,0.0020488866803143
2025-07-15,0.0056957195268647,0.0060438488103726,0.01010813363143237,0.0060530126260547
2025-07-16,0.0011296321910096,-0.0004141948804121,-0.0010374345363097781,-0.0004951679785463
2025-07-17,0.0060106437551252,-0.0026778965884989,0.0013256805996784138,-0.0021877266759998
2025-07-18,-0.0073947084331956,-0.0058682618378264,-0.0014459881339876635,-0.0013265302677367
2025-07-21,0.0082520023375343,-0.0014652255178418,-0.00483624348976841,0.0049069670042265
2025-07-22,-0.0001897344276733,0.0025458130081796,-0.006109133204058037,-0.0051035432628734
2025-07-23,-0.0072116636824324,0.0002896111203589,-0.01156296615096275,-0.0047787865190863
2025-07-24,-0.0012193378799428,-0.0047325165530826,-0.012543181035132633,-0.0058490378875127
2025-07-25,-0.0188055214462644,-0.006109350542004,-0.024589694401812245,-0.0171817718640381
2025-07-28,-0.0146596410558076,-0.0001123469216025,-0.014115417828203247,-0.0088972025566733
2025-07-29,0.0135795947026509,0.0070147585446302,0.007141433710323497,0.0027190242709798
2025-07-30,0.0028890449272764,0.0086242658269184,-0.0017744163717348105,0.0026346647343871
2025-07-31,-0.0048640990702646,-0.0095985602188024,-0.014920112520155904,-0.0042439918613046
2025-08-01,-0.0011671963665381,-0.0157425251974827,-0.028080674608303546,-0.0054929720369143
2025-08-04,0.0022361004762629,0.0057901801575535,0.0023534437156176313,0.0062836500828065
2025-08-05,-0.0003205506107344,-0.0007647360138934,0.000862125939638636,-0.0083373764789002
2025-08-06,-0.0094931496122973,-0.010941378987637,0.0011377584122069795,-0.0056469265637277
2025-08-07,0.004143972418952,0.0047273834367704,-0.005841713580488239,0.0027119568298568
2025-08-08,-0.0096780594661066,-0.0067637340251758,-0.010631269494785767,-0.012460841935263
2025-08-11,-0.0054662934051835,0.009483818383756,-0.006787506983938374,-0.0013946752207102
2025-08-12,-0.00407748332305,-0.0056135917884982,6.99528451948428e-05,-0.0005838715085386
2025-08-13,-0.0010671806854672,0.0055543312584553,-0.007969869848912015,0.0018673454896671
2025-08-14,-0.002889164864271,0.0010131416661711,-0.003884068617147629,-0.0051301727931953
2025-08-18,-0.0060918892710906,0.0055089722254706,0.010033397943849609,0.0107016536398323
2025-08-19,-0.0020658001353878,0.0018650700594744,0.02479253555034333,0.0161133451331147
2025-08-20,-0.0110288330871292,0.0030986044630059,0.0007978629606613108,0.0183826319807853
2025-08-21,0.0008422632622058,0.0008822183186554,-0.0017463930833243602,-0.0091536686754245
2025-08-22,-0.0094297617205086,-0.0058319035096993,-0.003606041954314909,-0.0137055761259958
2025-08-25,0.0086262062745063,0.0114469939213777,0.007536591497789624,0.0068740743633159
2025-08-26,-0.0103095873947238,-0.0074409775489752,-0.02021875024428843,0.0008570132377179
2025-08-28,-0.0093387995843644,-0.0083293429961033,-0.01498626669159886,-0.0151976929797273
2025-08-29,-0.0042462287843022,-0.001888173095338,-0.008745448268739908,0.0087844844223772
2025-09-01,0.0243400773527229,0.0054818327508932,0.012082072189914861,0.0138064108215136
2025-09-02,0.0045223003043062,0.0072176492273057,0.009984619736310485,0.0113160220377985
2025-09-03,9.518407719011356e-05,0.0012205824757409,0.010676221086318272,-0.0002700285131216
2025-09-04,-0.0068768507431999,5.314344576845542e-06,-0.0060395750791294445,0.0079328536710936
2025-09-05,-0.005553874861356,-0.0008437395476548,0.0009533784019715164,-0.0055600181112203
2025-09-08,0.0025010932165743,0.0012321682373395,0.006692399736216936,-0.0045712783162529
2025-09-09,0.0218724743486071,0.001951256185404,-0.0009183409247964791,0.0032334268643234
2025-09-10,0.0052867311840973,0.0041293396607851,0.008017132438139951,0.0093954682361256
2025-09-11,-0.006237023942158,0.0051599662460033,-0.005394516608285604,0.006229094823499
2025-09-12,0.0042874891619539,0.0034145660767255,-0.002108526882029227,0.0021544193690001
2025-09-15,0.0029349538974723,-0.0002412640740973,0.006059056952131492,-0.0025022193712366
2025-09-16,0.0028353359970232,0.0103341607375042,0.010364454766094156,0.0022836354882853
2025-09-17,0.0034221965746326,0.0060472571391001,0.007852794598509405,-0.0061166319995511
2025-09-18,-0.0001151089874239,0.0003562236881176,-0.003634922418630171,0.0008695292405798
2025-09-19,-0.0018891898597269,-0.0003524459024587,0.004774584537115434,-0.0053235645768456
2025-09-22,-0.0032900470135643,-0.0040718036791113,-0.009388345876703563,-0.0048019494077707
2025-09-23,-0.0061786148698684,0.0050614508356168,-0.013825802631449724,-0.0067345332815484
2025-09-24,-0.0079497948541997,-0.0028425425889239,-0.004801421818970697,-0.0047777660169029
2025-09-25,0.0157888577257463,-0.0082606402126507,-0.018110088876588826,-0.0047758455713452
2025-09-26,-0.0336166669500651,-0.0102219995883197,-0.02582450558088012,-0.0194473226548981
2025-09-29,-0.0114374425426629,0.0014482066832086,-0.002770288704765811,-0.0047055859236158
2025-09-30,0.0139041977703,0.0066911877239927,-0.007447661548732776,0.0049918842653247
2025-10-01,0.0073160189361778,0.0012537501495635,0.014789213162659909,0.0084142270156502
2025-10-03,0.0097729788889049,0.0065208812766017,-0.0017780874239153865,0.0066385665075201
2025-10-06,0.0059253193308523,0.0040002821113969,-0.005448637072840268,0.0078817185054103
2025-10-07,0.0016106847710186,-0.0042355763394161,-0.0006074912147577827,-0.0028197211032391
2025-10-08,-0.014842715441267,-0.0102847151399019,-0.006067928848872084,0.0004468203084964
2025-10-09,-0.0030542417922094,0.0040711325787732,-0.004768948252265814,0.0103594304901128
2025-10-10,0.0110017196701264,0.0124886637687715,0.008244079171280339,-0.0027733803818001
2025-10-13,-0.0072060616084066,-0.0024475071560344,2.9202426916619117e-06,-0.002055530101143
2025-10-14,-0.0127647495068057,-0.0099862922297381,-0.011499607181098548,-0.0069797832353198
2025-10-15,0.0143649338554632,0.0089783465838833,0.014571939476483609,0.014396261363458
2025-10-16,-0.0040758356513228,0.007722068210396,-0.0036634209123120876,0.0119402887861539
2025-10-17,-0.0001336469786711,-0.0008586866803209,-0.021291850150092828,0.0021301781687534
2025-10-20,-0.0009058132036948,0.0115138704212656,0.0003945187938136918,-0.0062531076247031
2025-10-23,-0.0057721850713099,0.0079856439041388,0.008681136639414389,0.0062734718794692
2025-10-24,0.0094703767698243,-0.0088761910919388,0.006846980247761536,-0.0022442671699028
2025-10-27,0.0183242031194568,0.009986964679395,-0.002817872183442316,-0.0024893168940268
2025-10-28,-0.0104007632626302,-0.0002580762407847,0.001580415551500236,-0.0078544358944689
2025-10-29,0.0062821521732228,0.007548197715264,0.005389744663549356,0.0063317826938036
2025-10-30,0.0072041454196336,-0.0109875403352277,0.0013291582992409623,-0.00214393281496
2025-10-31,0.029879294172562,-0.005520566164805,-0.0015258871484304937,-0.0024826164955912
2025-11-03,0.0182156329500289,0.0050527428541045,-0.001910509045854103,-0.0022595692007747
2025-11-04,-0.0114645755415989,-0.0077878427742422,-0.0032647035197672647,-0.0073108899255762
2025-11-06,-0.0235943769135527,-0.008550190467498,-0.01130817634916248,-0.0007524090449757
2025-11-07,0.0219671699951418,-0.0036605835034838,-0.017503127587861766,-0.0009415659128622
2025-11-10,-0.0064287552215179,0.0078219148928,-0.0001223081029142481,0.0048056731495074
2025-11-11,0.0044650898420797,0.0049128164002567,0.005897624301161253,0.0002164036023617
2025-11-12,0.0211307872992083,-8.9459669206704e-05,0.0027978348970634226,0.0051511541873032
2025-11-13,-0.0056108493680291,0.0024568423248625,-0.006479585712355296,0.0012990171839637
2025-11-14,-0.001562340102686,0.0046827707730177,-1.670621829485963e-05,-0.0020736455566722
2025-11-17,0.0039227187583008,0.0041865091510422,0.00022982722095221675,0.0046266901191247
2025-11-18,-0.0075746011854253,-0.0014687451980646,-0.013802333259355537,0.0035068204429113
2025-11-19,0.0098511116968884,-0.0023000229216699,-0.007512974373026116,-0.0001390726181642
2025-11-20,-0.0080540270576783,0.0030678521074554,0.0015786785126861158,-0.0073426265083018
2025-11-21,-0.0094613162333946,-0.0086817123733667,-0.01598792735696619,-0.0089907770380801
2025-11-24,-0.0094176764251345,0.001351513448234,0.0072779823812514355,-0.0071383258872959
2025-11-25,0.0080073573807679,-0.0029089425092494,-0.001930702361901071,-0.0028053741232902
2025-11-27,0.0010569109048998,0.0110990364894032,-8.872423186168099e-05,0.0061364095206901
2025-11-28,-0.0033158457388275,-0.0020878160011158,-0.0005667702458139745,0.0003770699591196
2025-12-01,-0.0056829177865953,-0.0010454085325648,0.0008898696358501379,0.0037474762553899
2025-12-02,-0.001292831866701,-0.0028743809383958,-0.008054323360314752,-0.0039871354691833
2025-12-03,-0.0119249100960552,-0.0086685096081112,-0.0011280975755755263,0.0009523603619046
2025-12-04,0.0071377691132665,0.0007863532163883,-0.001249313108545147,0.0005387577692266
2025-12-05,0.0036328173933102,-0.0025762359993248,-0.006359923179864002,0.0054953738773948
2025-12-08,-0.0166483758160235,-0.0108753002740328,-0.022214209003218577,-0.0137892549732815
2025-12-09,-0.0032282876355208,0.0002230420534763,0.014207670949920814,0.0061639409308975
2025-12-10,-0.0087238077565,-0.001363357135295,-0.012406895012082697,9.080655553161954e-05
2025-12-11,0.0131543764277115,0.0034812226695328,-0.0030200683410472884,0.0036218919089681
2025-12-12,0.0067521177480807,0.004516038698052,0.009805722276811979,0.0166327870498426
2025-12-15,0.0030192138616684,0.0023628829544644,0.004445102345854934,0.0060117171512399
2025-12-16,-0.0127959475883719,-0.004852653515144,-0.008668666375896583,-0.0045866958298211
2025-12-17,-0.0027743231108015,-0.0047914038681751,-0.004515740170425997,0.0009777065929466
2025-12-18,0.0043536500935774,-0.0035370350379662,0.0014893576302008604,0.0045788088269904
2025-12-19,0.0089491700920265,0.0064483564916408,0.013717283569172789,0.0027558382099794
2025-12-22,0.0245088825594204,0.0035616564738525,-0.0030093595370258575,0.0057729450375449
2025-12-23,0.0006339711012177,-0.0005187448629134,0.004150068075760016,-0.000172159734846
2025-12-24,-0.0122831246766704,-0.0010886673750157,0.0005006045618578536,0.0008520865491787
2025-12-26,-0.0024829462321946,-0.0019651683318481,-0.013012394625609436,0.0051958206732956
2025-12-29,-0.0028910263421275,-0.003106020996111,-0.01379566131865273,-0.0089167390173262
2025-12-30,0.0068628862523065,-0.0018106706405945,-0.018897746075685617,-0.0009475981898412
2025-12-31,0.0076876810775952,0.0106181114754944,0.014440011381001483,0.0027913699809165
2026-01-01,0.0025176160496969,-0.0104877645795977,0.006979228652041813,-0.0025112274590876
2026-01-02,0.0084412968382212,0.0086318942047978,0.000941807822346874,0.0070839416752552
2026-01-05,-0.0032982770652013,-0.0019368973967285,-0.01872705502908467,0.0014426146480279
2026-01-06,0.0054185985883341,0.0125898378878674,-0.012758023299421772,0.0071685586023715
2026-01-07,0.0101764968441913,0.0011961933491966,0.007535447337302159,-0.003041702156999
2026-01-08,-0.0120420404293812,-0.0225669830008609,-0.020459811370711956,-0.0243625357921798
2026-01-09,-0.0224847751378463,-0.0019881438190881,-0.011039680630364868,0.0004372982996738
2026-01-12,0.0043512557824452,0.003599951487512,-0.0040597150281072025,0.0051709172905867
2026-01-13,-0.0016602844387559,0.0016361699676337,-0.0016587009504041017,0.0023386182959377
2026-01-14,0.0034142386646287,-8.569200534291888e-05,0.0005303287139239998,0.0023260400214721
2026-01-16,0.0023781347793672,-0.0019755583828522,-0.020000593312489157,-0.0023523618523297
2026-01-19,-0.0055452215051738,-0.0049722721795556,-0.01459347048325732,0.0007104430634126
2026-01-20,-0.045088316699733,-0.0175782478694589,-0.030066159149751415,-0.0178240995450348
2026-01-21,-0.007219201082479,-0.0022886303675605,-0.0036169892578131746,0.0083457377718734
2026-01-22,0.0120601676123115,0.0139197989016137,0.02931488468499821,0.0038732947177215
2026-01-23,0.0004539316273231,-0.0095815800411281,-0.02435837588487777,-0.0058174442501361
2026-01-27,0.0117738244429022,0.0100044933456622,0.010373535600176842,0.0017685131809295
2026-01-28,0.008582234024677,0.019509017893003,0.016222459033931047,0.0098397666812273
2026-01-29,0.0178471915559195,-0.0007096304203709,-0.0013623831715935397,-0.0109157488470467
2026-01-30,-0.0024842378133709,0.0006168587773713,0.014072418146988008,-0.0141636452732721
2026-02-02,-0.0284187248099995,-0.0240620126606155,-0.010674893206424452,0.0129769194180342
2026-02-03,0.0166839238490172,0.0144981449905052,0.08375357622296642,0.0169400165514608
2026-02-04,0.0201957141367343,0.010004158634884,-0.004148586335146254,-0.0120854970551829
2026-02-05,0.0059525847647012,-0.0026061868216429,-0.0036300327218763417,-0.0062973504429847
2026-02-06,0.0021777093533432,-0.0052968300936748,-0.0018757795636022978,0.0066520828441027
2026-02-09,0.0241047041930473,0.0261111520585104,0.019455959024966107,0.0127982943367666
2026-02-10,-0.0049764048065713,0.0002050045665058,0.0036449964255074185,0.0108581073817117
2026-02-11,0.0140002918354189,0.0149799579577603,0.0035673445788435565,0.0115006952503178
2026-02-12,-0.0096546063731653,-0.0030266301192423,-0.007706872085667893,-0.0162666390416736
2026-02-13,-0.0175911708005139,-0.0114048198941407,-0.01682914096741006,-0.0130173619218428
2026-02-16,0.0106502015359002,0.0049390141464107,0.0020765811691261238,0.0081986060916854
2026-02-18,0.0041799814835952,0.0112874781800182,0.013146383969433462,0.0106986060935529
2026-02-19,-0.0114892428638688,-0.0175024171788478,-0.005183114367854236,-0.0102069035028075
2026-02-20,0.0012204142098586,0.0034161231453571,0.006195985080641231,-2.3888306605934773e-05
2026-02-23,0.0041616451267871,0.0112157712585752,0.01668355578413183,0.0012628594573462
2026-02-24,0.0128197676486632,-0.0028786655889146,-0.002155190761600978,-0.0079678848901687
2026-02-25,0.010985627602754,0.0021201454010657,-0.00998144376834531,0.0132455330687846
2026-02-26,0.0046892523941877,0.0022967892027387,-0.0009147851667898887,-0.0047793185438722
2026-02-27,0.0085896496940796,-0.0147406630360398,0.007864753446265249,-0.0110619537106503
2026-03-02,-0.0259245511793722,-0.0044216999428403,-0.013436333505593923,-0.0105629457791467
2026-03-04,-0.0047242426138771,-0.0163977247504495,-0.028327438653053094,-0.0089242142776188
2026-03-05,0.0124949667061176,0.0048658633430416,0.01039279037330365,0.0086536897418316
2026-03-06,0.0149627258426896,-0.0049368195065315,-0.0043473560555952195,0.0029573056363678
2026-03-09,-0.0381270663583502,-0.018214127160707,-0.017676005717731758,-0.0113936062392812
2026-03-10,0.0002160494912433,0.0123579738472607,0.005732295549772504,0.0194426055559551
2026-03-11,-0.0160089645820086,-0.0082807157346074,-0.013665350487740424,-0.0107178234304342
2026-03-12,0.0099791142637293,-0.0099736442692819,0.01474808897827562,-0.008529208922627
2026-03-13,-0.0412460919498551,-0.0183672131600045,-0.036373576595453594,-0.0249903758107831
2026-03-16,0.0111618231424199,0.006003943825499,-0.009604309888127216,-0.0100607115351574
2026-03-17,0.0157945895620412,0.0016278559330089,0.012298345359882168,0.0093874290741839
2026-03-18,0.0035117802864548,0.0040015078871444,0.021131464855733917,0.0027159361876849
2026-03-19,-0.0274587197674737,-0.0280028678450778,-0.02087151683888655,-0.0304911717713838
2026-03-23,-0.0600423480219426,-0.0260305945954536,-0.021397932222550375,-0.028425360227367
2026-03-24,0.021428445872808,0.0136647365719597,0.03358670112107731,0.0126264603082617
2026-03-25,0.035186187361311,0.0181312197691998,0.015343633654856914,0.0223542592671657
2026-03-27,-0.0221523345773029,-0.0079994278025529,-0.018668213587227367,-0.0091073875783705
2026-04-01,0.0254692669998031,-0.0085386614565965,0.0007262523051720926,0.009856562402905
2026-04-02,0.0008673773225429,0.0067261989226921,0.012018838633490292,-0.0056567207399503
2026-04-06,0.0074630808248024,0.0076791714487565,0.015231217856714885,0.0148471568456125
2026-04-07,-0.0028311080074704,0.0048023309209686,0.008285547882600497,0.0045888325098615
2026-04-08,0.0339906831212917,0.0102954618203681,0.05769479285175394,0.0249653437462062
2026-04-09,0.0019477025640199,0.0089999019684721,-0.002602605860923979,0.0023134882045521
2026-04-10,0.0172181389066239,0.0056252507530683,0.013635071740732085,0.0157494034019261
2026-04-13,0.0001153648762768,-0.0052251662452297,-0.011306072923063182,-0.010826197162865
2026-04-15,0.014175988588124,0.0101660231274629,0.01436444227586442,0.0244571324890794
2026-04-16,0.0252666787532584,-0.006550278536015,-0.0026080070978876657,0.0056037401499522
2026-04-17,0.0115514287360276,0.0190399221544963,0.004559983783728017,0.0221196549711171
2026-04-20,-0.0051924304073427,-0.0013072288246505,0.007008388062254456,-0.002754299980287
2026-04-21,0.0098480774969698,0.0155275614583909,0.0174850433793885,0.010769798920704
2026-04-22,0.005028706207413,0.0022776517576998,0.018530419562401867,0.0074616515675745
2026-04-23,-0.0076395381078938,0.0059870535194592,-0.0041611786705919585,0.0023206619054969
2026-04-24,-0.0038489801866526,-0.0056556055516565,-0.027012964655890315,0.0026901043214977
2026-04-27,0.0149583982453427,0.005579853888513,0.029532223865879725,0.0065602184432738
2026-04-28,0.0048622141009602,-0.0036234889790531,-0.006014332594899807,-0.0052625706364282
2026-04-29,0.0099699443650547,0.0045498824957024,0.00847822427478273,0.0018691918084787
2026-04-30,-0.0094595724478316,-0.0087959879106352,-0.0029250697622511534,-0.0096089492045762
2026-05-04,0.0271994482966688,0.0115636157996168,0.011445570499413638,0.0167777815810408
2026-05-05,0.0136275704200021,0.0015873601630143,0.0036811310330167046,0.0155961620222619
2026-05-06,0.0107666832016393,0.0055767777663511,0.015485515555883067,0.0069509838504229
2026-05-07,0.0213156102448672,0.007534881977498,0.0186704279340022,0.0059024545538617
2026-05-08,0.0094202774576459,0.0072292726754192,2.1955416628749447e-05,-0.0015545121574673
2026-05-11,-0.0178511076660277,0.0124771355329966,-0.014081305217772289,-0.0127752854071345
2026-05-12,-0.0384178549437284,-0.0176170941588983,-0.034952853113404236,-0.0115965397650464
2026-05-13,0.0321408698468124,-0.0060997424340939,0.007051241069774061,0.0092535921381406
2026-05-14,-0.0003658285252403,0.0044874720573546,0.009955274363743438,0.0026227516640844
2026-05-15,-0.0073868472942123,0.0017929233116094,0.0006842371215651788,-0.0079741470922174
2026-05-18,-0.005873678830249,-0.0056996426672786,-0.01721730864481852,-0.0011567909063188
2026-05-19,0.011543993901288,0.002322116065142,0.020739823798821666,0.0040401491354458
2026-05-20,0.00773873284078,0.0036560828473819,0.011429001658408877,0.0004357899242437
2026-05-21,0.0194176613863381,0.0093149316759844,0.003419917318083332,-0.0082131730303945
2026-05-22,0.0054926941330069,-0.0111129975421359,-0.0004393976402494726,-5.688910226497868e-05
2026-05-25,0.0011739995507222,-0.000523481076591,0.008033386403130782,-0.0033913521982518
2026-05-26,0.0040590741546535,-0.0047499893423001,-0.004753985603984323,0.0039757418248151
2026-05-27,0.0248384520320701,-0.0001508509543756,0.012810329681845367,0.0009235902586817
2026-05-29,0.0227706240545246,-0.0156295932237902,-0.0040978995892021475,-0.0126584126839245
2026-06-01,-0.0090510165848176,-0.0110785473303063,-0.008010534789804291,-0.0131331318406193
2026-06-02,0.0160324079013729,0.0010772448457447,0.017416114011105766,0.0076734123675694
2026-06-03,0.0123546300475125,0.0071749219632653,0.013884939648175498,-0.015381383401637
2026-06-04,0.0050656427909512,-0.0034521267566277,0.0038381464976866564,-0.0007140824669183
2026-06-05,-0.0139120490958721,0.0020910366243178,0.006093326309023928,-0.0070507572447444
2026-06-08,-0.0349801184119636,0.0026333294772633,-0.026445296198229773,-0.005299100467311
2026-06-09,0.0248924910862955,0.0016168014698352,0.024590978664255747,0.0124075520656479
2026-06-10,-0.0184344117687904,3.472996260134309e-06,-0.014717086127728263,0.0047561152488351
2026-06-11,-0.0123742054230255,-0.0036802520251328,-0.019888112026956506,-0.008024440267855
2026-06-12,0.0297793442325164,0.0080953516535822,0.036894219715167154,0.0124408758018244
2026-06-15,0.0248668611213678,0.0005138540743196,0.016937692829948947,-0.0019673230195975
2026-06-16,0.0090831582252488,0.0019933640460074,0.002408499620113025,0.0098816237340519
2026-06-17,0.0115898061038799,0.001271073563386,0.004821530304297328,0.0008635563784724
2026-06-18,0.0191910439633578,0.0139413377279609,0.017191276709614955,0.0088177325690146
2026-06-19,-0.0087124716740411,0.0110284694632332,0.0034927308509233868,-0.0031884375566484
2026-06-22,0.0206995905377087,-0.0010633647189142,-0.0013822830715546353,-0.0031035061155902
2026-06-23,-0.0104062534132475,-0.0002525718994733,-0.0028829708829792855,-0.0163736034769627
2026-06-24,-0.0032257913123859,-0.0018930916921289,0.007379706486849935,-0.0038988463177361
2026-06-25,0.0060700243178544,-0.0028321771124878,-0.008701220205190596,-0.0046728775770413
2026-06-29,0.0053598247896575,0.0108714357638122,-0.01840282358275891,-0.0036249039698715
